solid OpenSCAD_Model
  facet normal -0.995562 -0.0941082 0
    outer loop
      vertex 9.98027 0.627905 50
      vertex 9.92115 1.25333 51
      vertex 9.92115 1.25333 50
    endloop
  endfacet
  facet normal -0.995562 -0.0941082 0
    outer loop
      vertex 9.92115 1.25333 51
      vertex 9.98027 0.627905 50
      vertex 9.98027 0.627905 51
    endloop
  endfacet
  facet normal -0.999507 -0.0314065 0
    outer loop
      vertex 10 0 50
      vertex 9.98027 0.627905 51
      vertex 9.98027 0.627905 50
    endloop
  endfacet
  facet normal -0.999507 -0.0314065 0
    outer loop
      vertex 9.98027 0.627905 51
      vertex 10 0 50
      vertex 10 0 51
    endloop
  endfacet
  facet normal -0.987687 -0.156443 0
    outer loop
      vertex 9.92115 1.25333 50
      vertex 9.82287 1.87381 51
      vertex 9.82287 1.87381 50
    endloop
  endfacet
  facet normal -0.987687 -0.156443 0
    outer loop
      vertex 9.82287 1.87381 51
      vertex 9.92115 1.25333 50
      vertex 9.92115 1.25333 51
    endloop
  endfacet
  facet normal 0.94088 -0.33874 0
    outer loop
      vertex -9.51056 3.09017 51
      vertex -9.29776 3.68124 50
      vertex -9.29776 3.68124 51
    endloop
  endfacet
  facet normal 0.94088 -0.33874 0
    outer loop
      vertex -9.29776 3.68124 50
      vertex -9.51056 3.09017 51
      vertex -9.51056 3.09017 50
    endloop
  endfacet
  facet normal -0.975917 -0.21814 0
    outer loop
      vertex 9.82287 1.87381 50
      vertex 9.68583 2.4869 51
      vertex 9.68583 2.4869 50
    endloop
  endfacet
  facet normal -0.975917 -0.21814 0
    outer loop
      vertex 9.68583 2.4869 51
      vertex 9.82287 1.87381 50
      vertex 9.82287 1.87381 51
    endloop
  endfacet
  facet normal 0.0941082 0.995562 -0
    outer loop
      vertex -0.627905 -9.98027 50
      vertex -1.25333 -9.92115 51
      vertex -0.627905 -9.98027 51
    endloop
  endfacet
  facet normal 0.0941082 0.995562 0
    outer loop
      vertex -1.25333 -9.92115 51
      vertex -0.627905 -9.98027 50
      vertex -1.25333 -9.92115 50
    endloop
  endfacet
  facet normal -0.612907 -0.790155 0
    outer loop
      vertex 5.87785 8.09017 50
      vertex 6.37424 7.70513 51
      vertex 5.87785 8.09017 51
    endloop
  endfacet
  facet normal -0.612907 -0.790155 -0
    outer loop
      vertex 6.37424 7.70513 51
      vertex 5.87785 8.09017 50
      vertex 6.37424 7.70513 50
    endloop
  endfacet
  facet normal 0.827078 0.562088 0
    outer loop
      vertex -8.09017 -5.87785 51
      vertex -8.44328 -5.35827 50
      vertex -8.44328 -5.35827 51
    endloop
  endfacet
  facet normal 0.827078 0.562088 0
    outer loop
      vertex -8.44328 -5.35827 50
      vertex -8.09017 -5.87785 51
      vertex -8.09017 -5.87785 50
    endloop
  endfacet
  facet normal 0.790155 -0.612907 0
    outer loop
      vertex -8.09017 5.87785 51
      vertex -7.70513 6.37424 50
      vertex -7.70513 6.37424 51
    endloop
  endfacet
  facet normal 0.790155 -0.612907 0
    outer loop
      vertex -7.70513 6.37424 50
      vertex -8.09017 5.87785 51
      vertex -8.09017 5.87785 50
    endloop
  endfacet
  facet normal 0.999507 0.0314065 0
    outer loop
      vertex -9.98027 -0.627905 51
      vertex -10 0 50
      vertex -10 0 51
    endloop
  endfacet
  facet normal 0.999507 0.0314065 0
    outer loop
      vertex -10 0 50
      vertex -9.98027 -0.627905 51
      vertex -9.98027 -0.627905 50
    endloop
  endfacet
  facet normal 0.612907 -0.790155 0
    outer loop
      vertex -6.37424 7.70513 50
      vertex -5.87785 8.09017 51
      vertex -6.37424 7.70513 51
    endloop
  endfacet
  facet normal 0.612907 -0.790155 0
    outer loop
      vertex -5.87785 8.09017 51
      vertex -6.37424 7.70513 50
      vertex -5.87785 8.09017 50
    endloop
  endfacet
  facet normal -0.917758 0.397141 0
    outer loop
      vertex 9.04827 -4.25779 50
      vertex 9.29776 -3.68124 51
      vertex 9.29776 -3.68124 50
    endloop
  endfacet
  facet normal -0.917758 0.397141 0
    outer loop
      vertex 9.29776 -3.68124 51
      vertex 9.04827 -4.25779 50
      vertex 9.04827 -4.25779 51
    endloop
  endfacet
  facet normal -0.278997 0.960292 0
    outer loop
      vertex 3.09017 -9.51056 50
      vertex 2.4869 -9.68583 51
      vertex 3.09017 -9.51056 51
    endloop
  endfacet
  facet normal -0.278997 0.960292 0
    outer loop
      vertex 2.4869 -9.68583 51
      vertex 3.09017 -9.51056 50
      vertex 2.4869 -9.68583 50
    endloop
  endfacet
  facet normal -0.827078 -0.562088 0
    outer loop
      vertex 8.44328 5.35827 50
      vertex 8.09017 5.87785 51
      vertex 8.09017 5.87785 50
    endloop
  endfacet
  facet normal -0.827078 -0.562088 0
    outer loop
      vertex 8.09017 5.87785 51
      vertex 8.44328 5.35827 50
      vertex 8.44328 5.35827 51
    endloop
  endfacet
  facet normal -0.156443 -0.987687 0
    outer loop
      vertex 1.25333 9.92115 50
      vertex 1.87381 9.82287 51
      vertex 1.25333 9.92115 51
    endloop
  endfacet
  facet normal -0.156443 -0.987687 -0
    outer loop
      vertex 1.87381 9.82287 51
      vertex 1.25333 9.92115 50
      vertex 1.87381 9.82287 50
    endloop
  endfacet
  facet normal -0.891011 0.453982 0
    outer loop
      vertex 8.76307 -4.81754 50
      vertex 9.04827 -4.25779 51
      vertex 9.04827 -4.25779 50
    endloop
  endfacet
  facet normal -0.891011 0.453982 0
    outer loop
      vertex 9.04827 -4.25779 51
      vertex 8.76307 -4.81754 50
      vertex 8.76307 -4.81754 51
    endloop
  endfacet
  facet normal 0.94088 0.33874 0
    outer loop
      vertex -9.29776 -3.68124 51
      vertex -9.51056 -3.09017 50
      vertex -9.51056 -3.09017 51
    endloop
  endfacet
  facet normal 0.94088 0.33874 0
    outer loop
      vertex -9.51056 -3.09017 50
      vertex -9.29776 -3.68124 51
      vertex -9.29776 -3.68124 50
    endloop
  endfacet
  facet normal 0.562088 -0.827078 0
    outer loop
      vertex -5.87785 8.09017 50
      vertex -5.35827 8.44328 51
      vertex -5.87785 8.09017 51
    endloop
  endfacet
  facet normal 0.562088 -0.827078 0
    outer loop
      vertex -5.35827 8.44328 51
      vertex -5.87785 8.09017 50
      vertex -5.35827 8.44328 50
    endloop
  endfacet
  facet normal -0.891011 -0.453982 0
    outer loop
      vertex 9.04827 4.25779 50
      vertex 8.76307 4.81754 51
      vertex 8.76307 4.81754 50
    endloop
  endfacet
  facet normal -0.891011 -0.453982 0
    outer loop
      vertex 8.76307 4.81754 51
      vertex 9.04827 4.25779 50
      vertex 9.04827 4.25779 51
    endloop
  endfacet
  facet normal -0.453982 -0.891011 0
    outer loop
      vertex 4.25779 9.04827 50
      vertex 4.81754 8.76307 51
      vertex 4.25779 9.04827 51
    endloop
  endfacet
  facet normal -0.453982 -0.891011 -0
    outer loop
      vertex 4.81754 8.76307 51
      vertex 4.25779 9.04827 50
      vertex 4.81754 8.76307 50
    endloop
  endfacet
  facet normal -0.999507 0.0314065 0
    outer loop
      vertex 9.98027 -0.627905 50
      vertex 10 0 51
      vertex 10 0 50
    endloop
  endfacet
  facet normal -0.999507 0.0314065 0
    outer loop
      vertex 10 0 51
      vertex 9.98027 -0.627905 50
      vertex 9.98027 -0.627905 51
    endloop
  endfacet
  facet normal 0.995562 0.0941082 0
    outer loop
      vertex -9.92115 -1.25333 51
      vertex -9.98027 -0.627905 50
      vertex -9.98027 -0.627905 51
    endloop
  endfacet
  facet normal 0.995562 0.0941082 0
    outer loop
      vertex -9.98027 -0.627905 50
      vertex -9.92115 -1.25333 51
      vertex -9.92115 -1.25333 50
    endloop
  endfacet
  facet normal -0.960292 -0.278997 0
    outer loop
      vertex 9.68583 2.4869 50
      vertex 9.51056 3.09017 51
      vertex 9.51056 3.09017 50
    endloop
  endfacet
  facet normal -0.960292 -0.278997 0
    outer loop
      vertex 9.51056 3.09017 51
      vertex 9.68583 2.4869 50
      vertex 9.68583 2.4869 51
    endloop
  endfacet
  facet normal -0.509045 -0.86074 0
    outer loop
      vertex 4.81754 8.76307 50
      vertex 5.35827 8.44328 51
      vertex 4.81754 8.76307 51
    endloop
  endfacet
  facet normal -0.509045 -0.86074 -0
    outer loop
      vertex 5.35827 8.44328 51
      vertex 4.81754 8.76307 50
      vertex 5.35827 8.44328 50
    endloop
  endfacet
  facet normal -0.562088 -0.827078 0
    outer loop
      vertex 5.35827 8.44328 50
      vertex 5.87785 8.09017 51
      vertex 5.35827 8.44328 51
    endloop
  endfacet
  facet normal -0.562088 -0.827078 -0
    outer loop
      vertex 5.87785 8.09017 51
      vertex 5.35827 8.44328 50
      vertex 5.87785 8.09017 50
    endloop
  endfacet
  facet normal -0.33874 0.94088 0
    outer loop
      vertex 3.68124 -9.29776 50
      vertex 3.09017 -9.51056 51
      vertex 3.68124 -9.29776 51
    endloop
  endfacet
  facet normal -0.33874 0.94088 0
    outer loop
      vertex 3.09017 -9.51056 51
      vertex 3.68124 -9.29776 50
      vertex 3.09017 -9.51056 50
    endloop
  endfacet
  facet normal 0.917758 0.397141 0
    outer loop
      vertex -9.04827 -4.25779 51
      vertex -9.29776 -3.68124 50
      vertex -9.29776 -3.68124 51
    endloop
  endfacet
  facet normal 0.917758 0.397141 0
    outer loop
      vertex -9.29776 -3.68124 50
      vertex -9.04827 -4.25779 51
      vertex -9.04827 -4.25779 50
    endloop
  endfacet
  facet normal -0.0314065 0.999507 0
    outer loop
      vertex 0.627905 -9.98027 50
      vertex 0 -10 51
      vertex 0.627905 -9.98027 51
    endloop
  endfacet
  facet normal -0.0314065 0.999507 0
    outer loop
      vertex 0 -10 51
      vertex 0.627905 -9.98027 50
      vertex 0 -10 50
    endloop
  endfacet
  facet normal 0.33874 0.94088 -0
    outer loop
      vertex -3.09017 -9.51056 50
      vertex -3.68124 -9.29776 51
      vertex -3.09017 -9.51056 51
    endloop
  endfacet
  facet normal 0.33874 0.94088 0
    outer loop
      vertex -3.68124 -9.29776 51
      vertex -3.09017 -9.51056 50
      vertex -3.68124 -9.29776 50
    endloop
  endfacet
  facet normal 0.975917 -0.21814 0
    outer loop
      vertex -9.82287 1.87381 51
      vertex -9.68583 2.4869 50
      vertex -9.68583 2.4869 51
    endloop
  endfacet
  facet normal 0.975917 -0.21814 0
    outer loop
      vertex -9.68583 2.4869 50
      vertex -9.82287 1.87381 51
      vertex -9.82287 1.87381 50
    endloop
  endfacet
  facet normal -0.0314065 -0.999507 0
    outer loop
      vertex 0 10 50
      vertex 0.627905 9.98027 51
      vertex 0 10 51
    endloop
  endfacet
  facet normal -0.0314065 -0.999507 -0
    outer loop
      vertex 0.627905 9.98027 51
      vertex 0 10 50
      vertex 0.627905 9.98027 50
    endloop
  endfacet
  facet normal -0.960292 0.278997 0
    outer loop
      vertex 9.51056 -3.09017 50
      vertex 9.68583 -2.4869 51
      vertex 9.68583 -2.4869 50
    endloop
  endfacet
  facet normal -0.960292 0.278997 0
    outer loop
      vertex 9.68583 -2.4869 51
      vertex 9.51056 -3.09017 50
      vertex 9.51056 -3.09017 51
    endloop
  endfacet
  facet normal 0.21814 0.975917 -0
    outer loop
      vertex -1.87381 -9.82287 50
      vertex -2.4869 -9.68583 51
      vertex -1.87381 -9.82287 51
    endloop
  endfacet
  facet normal 0.21814 0.975917 0
    outer loop
      vertex -2.4869 -9.68583 51
      vertex -1.87381 -9.82287 50
      vertex -2.4869 -9.68583 50
    endloop
  endfacet
  facet normal -0.0941082 -0.995562 0
    outer loop
      vertex 0.627905 9.98027 50
      vertex 1.25333 9.92115 51
      vertex 0.627905 9.98027 51
    endloop
  endfacet
  facet normal -0.0941082 -0.995562 -0
    outer loop
      vertex 1.25333 9.92115 51
      vertex 0.627905 9.98027 50
      vertex 1.25333 9.92115 50
    endloop
  endfacet
  facet normal 0.33874 -0.94088 0
    outer loop
      vertex -3.68124 9.29776 50
      vertex -3.09017 9.51056 51
      vertex -3.68124 9.29776 51
    endloop
  endfacet
  facet normal 0.33874 -0.94088 0
    outer loop
      vertex -3.09017 9.51056 51
      vertex -3.68124 9.29776 50
      vertex -3.09017 9.51056 50
    endloop
  endfacet
  facet normal -0.790155 0.612907 0
    outer loop
      vertex 7.70513 -6.37424 50
      vertex 8.09017 -5.87785 51
      vertex 8.09017 -5.87785 50
    endloop
  endfacet
  facet normal -0.790155 0.612907 0
    outer loop
      vertex 8.09017 -5.87785 51
      vertex 7.70513 -6.37424 50
      vertex 7.70513 -6.37424 51
    endloop
  endfacet
  facet normal -0.156443 0.987687 0
    outer loop
      vertex 1.87381 -9.82287 50
      vertex 1.25333 -9.92115 51
      vertex 1.87381 -9.82287 51
    endloop
  endfacet
  facet normal -0.156443 0.987687 0
    outer loop
      vertex 1.25333 -9.92115 51
      vertex 1.87381 -9.82287 50
      vertex 1.25333 -9.92115 50
    endloop
  endfacet
  facet normal 0.278997 0.960292 -0
    outer loop
      vertex -2.4869 -9.68583 50
      vertex -3.09017 -9.51056 51
      vertex -2.4869 -9.68583 51
    endloop
  endfacet
  facet normal 0.278997 0.960292 0
    outer loop
      vertex -3.09017 -9.51056 51
      vertex -2.4869 -9.68583 50
      vertex -3.09017 -9.51056 50
    endloop
  endfacet
  facet normal -0.94088 0.33874 0
    outer loop
      vertex 9.29776 -3.68124 50
      vertex 9.51056 -3.09017 51
      vertex 9.51056 -3.09017 50
    endloop
  endfacet
  facet normal -0.94088 0.33874 0
    outer loop
      vertex 9.51056 -3.09017 51
      vertex 9.29776 -3.68124 50
      vertex 9.29776 -3.68124 51
    endloop
  endfacet
  facet normal -0.827078 0.562088 0
    outer loop
      vertex 8.09017 -5.87785 50
      vertex 8.44328 -5.35827 51
      vertex 8.44328 -5.35827 50
    endloop
  endfacet
  facet normal -0.827078 0.562088 0
    outer loop
      vertex 8.44328 -5.35827 51
      vertex 8.09017 -5.87785 50
      vertex 8.09017 -5.87785 51
    endloop
  endfacet
  facet normal -0.661307 -0.750115 0
    outer loop
      vertex 6.37424 7.70513 50
      vertex 6.84547 7.28969 51
      vertex 6.37424 7.70513 51
    endloop
  endfacet
  facet normal -0.661307 -0.750115 -0
    outer loop
      vertex 6.84547 7.28969 51
      vertex 6.37424 7.70513 50
      vertex 6.84547 7.28969 50
    endloop
  endfacet
  facet normal -0.453982 0.891011 0
    outer loop
      vertex 4.81754 -8.76307 50
      vertex 4.25779 -9.04827 51
      vertex 4.81754 -8.76307 51
    endloop
  endfacet
  facet normal -0.453982 0.891011 0
    outer loop
      vertex 4.25779 -9.04827 51
      vertex 4.81754 -8.76307 50
      vertex 4.25779 -9.04827 50
    endloop
  endfacet
  facet normal 0.0941082 -0.995562 0
    outer loop
      vertex -1.25333 9.92115 50
      vertex -0.627905 9.98027 51
      vertex -1.25333 9.92115 51
    endloop
  endfacet
  facet normal 0.0941082 -0.995562 0
    outer loop
      vertex -0.627905 9.98027 51
      vertex -1.25333 9.92115 50
      vertex -0.627905 9.98027 50
    endloop
  endfacet
  facet normal -0.707107 0.707107 0
    outer loop
      vertex 6.84547 -7.28969 50
      vertex 7.28969 -6.84547 51
      vertex 7.28969 -6.84547 50
    endloop
  endfacet
  facet normal -0.707107 0.707107 0
    outer loop
      vertex 7.28969 -6.84547 51
      vertex 6.84547 -7.28969 50
      vertex 6.84547 -7.28969 51
    endloop
  endfacet
  facet normal 0.156443 0.987687 -0
    outer loop
      vertex -1.25333 -9.92115 50
      vertex -1.87381 -9.82287 51
      vertex -1.25333 -9.92115 51
    endloop
  endfacet
  facet normal 0.156443 0.987687 0
    outer loop
      vertex -1.87381 -9.82287 51
      vertex -1.25333 -9.92115 50
      vertex -1.87381 -9.82287 50
    endloop
  endfacet
  facet normal -0.86074 -0.509045 0
    outer loop
      vertex 8.76307 4.81754 50
      vertex 8.44328 5.35827 51
      vertex 8.44328 5.35827 50
    endloop
  endfacet
  facet normal -0.86074 -0.509045 0
    outer loop
      vertex 8.44328 5.35827 51
      vertex 8.76307 4.81754 50
      vertex 8.76307 4.81754 51
    endloop
  endfacet
  facet normal -0.94088 -0.33874 0
    outer loop
      vertex 9.51056 3.09017 50
      vertex 9.29776 3.68124 51
      vertex 9.29776 3.68124 50
    endloop
  endfacet
  facet normal -0.94088 -0.33874 0
    outer loop
      vertex 9.29776 3.68124 51
      vertex 9.51056 3.09017 50
      vertex 9.51056 3.09017 51
    endloop
  endfacet
  facet normal 0.960292 0.278997 0
    outer loop
      vertex -9.51056 -3.09017 51
      vertex -9.68583 -2.4869 50
      vertex -9.68583 -2.4869 51
    endloop
  endfacet
  facet normal 0.960292 0.278997 0
    outer loop
      vertex -9.68583 -2.4869 50
      vertex -9.51056 -3.09017 51
      vertex -9.51056 -3.09017 50
    endloop
  endfacet
  facet normal -0.995562 0.0941082 0
    outer loop
      vertex 9.92115 -1.25333 50
      vertex 9.98027 -0.627905 51
      vertex 9.98027 -0.627905 50
    endloop
  endfacet
  facet normal -0.995562 0.0941082 0
    outer loop
      vertex 9.98027 -0.627905 51
      vertex 9.92115 -1.25333 50
      vertex 9.92115 -1.25333 51
    endloop
  endfacet
  facet normal -0.21814 -0.975917 0
    outer loop
      vertex 1.87381 9.82287 50
      vertex 2.4869 9.68583 51
      vertex 1.87381 9.82287 51
    endloop
  endfacet
  facet normal -0.21814 -0.975917 -0
    outer loop
      vertex 2.4869 9.68583 51
      vertex 1.87381 9.82287 50
      vertex 2.4869 9.68583 50
    endloop
  endfacet
  facet normal 0.509045 -0.86074 0
    outer loop
      vertex -5.35827 8.44328 50
      vertex -4.81754 8.76307 51
      vertex -5.35827 8.44328 51
    endloop
  endfacet
  facet normal 0.509045 -0.86074 0
    outer loop
      vertex -4.81754 8.76307 51
      vertex -5.35827 8.44328 50
      vertex -4.81754 8.76307 50
    endloop
  endfacet
  facet normal 0.995562 -0.0941082 0
    outer loop
      vertex -9.98027 0.627905 51
      vertex -9.92115 1.25333 50
      vertex -9.92115 1.25333 51
    endloop
  endfacet
  facet normal 0.995562 -0.0941082 0
    outer loop
      vertex -9.92115 1.25333 50
      vertex -9.98027 0.627905 51
      vertex -9.98027 0.627905 50
    endloop
  endfacet
  facet normal 0.156443 -0.987687 0
    outer loop
      vertex -1.87381 9.82287 50
      vertex -1.25333 9.92115 51
      vertex -1.87381 9.82287 51
    endloop
  endfacet
  facet normal 0.156443 -0.987687 0
    outer loop
      vertex -1.25333 9.92115 51
      vertex -1.87381 9.82287 50
      vertex -1.25333 9.92115 50
    endloop
  endfacet
  facet normal 0.987687 0.156443 0
    outer loop
      vertex -9.82287 -1.87381 51
      vertex -9.92115 -1.25333 50
      vertex -9.92115 -1.25333 51
    endloop
  endfacet
  facet normal 0.987687 0.156443 0
    outer loop
      vertex -9.92115 -1.25333 50
      vertex -9.82287 -1.87381 51
      vertex -9.82287 -1.87381 50
    endloop
  endfacet
  facet normal -0.790155 -0.612907 0
    outer loop
      vertex 8.09017 5.87785 50
      vertex 7.70513 6.37424 51
      vertex 7.70513 6.37424 50
    endloop
  endfacet
  facet normal -0.790155 -0.612907 0
    outer loop
      vertex 7.70513 6.37424 51
      vertex 8.09017 5.87785 50
      vertex 8.09017 5.87785 51
    endloop
  endfacet
  facet normal 0.790155 0.612907 0
    outer loop
      vertex -7.70513 -6.37424 51
      vertex -8.09017 -5.87785 50
      vertex -8.09017 -5.87785 51
    endloop
  endfacet
  facet normal 0.790155 0.612907 0
    outer loop
      vertex -8.09017 -5.87785 50
      vertex -7.70513 -6.37424 51
      vertex -7.70513 -6.37424 50
    endloop
  endfacet
  facet normal 0.917758 -0.397141 0
    outer loop
      vertex -9.29776 3.68124 51
      vertex -9.04827 4.25779 50
      vertex -9.04827 4.25779 51
    endloop
  endfacet
  facet normal 0.917758 -0.397141 0
    outer loop
      vertex -9.04827 4.25779 50
      vertex -9.29776 3.68124 51
      vertex -9.29776 3.68124 50
    endloop
  endfacet
  facet normal 0.86074 -0.509045 0
    outer loop
      vertex -8.76307 4.81754 51
      vertex -8.44328 5.35827 50
      vertex -8.44328 5.35827 51
    endloop
  endfacet
  facet normal 0.86074 -0.509045 0
    outer loop
      vertex -8.44328 5.35827 50
      vertex -8.76307 4.81754 51
      vertex -8.76307 4.81754 50
    endloop
  endfacet
  facet normal -0.509045 0.86074 0
    outer loop
      vertex 5.35827 -8.44328 50
      vertex 4.81754 -8.76307 51
      vertex 5.35827 -8.44328 51
    endloop
  endfacet
  facet normal -0.509045 0.86074 0
    outer loop
      vertex 4.81754 -8.76307 51
      vertex 5.35827 -8.44328 50
      vertex 4.81754 -8.76307 50
    endloop
  endfacet
  facet normal -0.0941082 0.995562 0
    outer loop
      vertex 1.25333 -9.92115 50
      vertex 0.627905 -9.98027 51
      vertex 1.25333 -9.92115 51
    endloop
  endfacet
  facet normal -0.0941082 0.995562 0
    outer loop
      vertex 0.627905 -9.98027 51
      vertex 1.25333 -9.92115 50
      vertex 0.627905 -9.98027 50
    endloop
  endfacet
  facet normal -0.397141 -0.917758 0
    outer loop
      vertex 3.68124 9.29776 50
      vertex 4.25779 9.04827 51
      vertex 3.68124 9.29776 51
    endloop
  endfacet
  facet normal -0.397141 -0.917758 -0
    outer loop
      vertex 4.25779 9.04827 51
      vertex 3.68124 9.29776 50
      vertex 4.25779 9.04827 50
    endloop
  endfacet
  facet normal -0.33874 -0.94088 0
    outer loop
      vertex 3.09017 9.51056 50
      vertex 3.68124 9.29776 51
      vertex 3.09017 9.51056 51
    endloop
  endfacet
  facet normal -0.33874 -0.94088 -0
    outer loop
      vertex 3.68124 9.29776 51
      vertex 3.09017 9.51056 50
      vertex 3.68124 9.29776 50
    endloop
  endfacet
  facet normal 0.707107 -0.707107 0
    outer loop
      vertex -7.28969 6.84547 51
      vertex -6.84547 7.28969 50
      vertex -6.84547 7.28969 51
    endloop
  endfacet
  facet normal 0.707107 -0.707107 0
    outer loop
      vertex -6.84547 7.28969 50
      vertex -7.28969 6.84547 51
      vertex -7.28969 6.84547 50
    endloop
  endfacet
  facet normal -0.86074 0.509045 0
    outer loop
      vertex 8.44328 -5.35827 50
      vertex 8.76307 -4.81754 51
      vertex 8.76307 -4.81754 50
    endloop
  endfacet
  facet normal -0.86074 0.509045 0
    outer loop
      vertex 8.76307 -4.81754 51
      vertex 8.44328 -5.35827 50
      vertex 8.44328 -5.35827 51
    endloop
  endfacet
  facet normal -0.21814 0.975917 0
    outer loop
      vertex 2.4869 -9.68583 50
      vertex 1.87381 -9.82287 51
      vertex 2.4869 -9.68583 51
    endloop
  endfacet
  facet normal -0.21814 0.975917 0
    outer loop
      vertex 1.87381 -9.82287 51
      vertex 2.4869 -9.68583 50
      vertex 1.87381 -9.82287 50
    endloop
  endfacet
  facet normal -0.750115 0.661307 0
    outer loop
      vertex 7.28969 -6.84547 50
      vertex 7.70513 -6.37424 51
      vertex 7.70513 -6.37424 50
    endloop
  endfacet
  facet normal -0.750115 0.661307 0
    outer loop
      vertex 7.70513 -6.37424 51
      vertex 7.28969 -6.84547 50
      vertex 7.28969 -6.84547 51
    endloop
  endfacet
  facet normal -0.661307 0.750115 0
    outer loop
      vertex 6.84547 -7.28969 50
      vertex 6.37424 -7.70513 51
      vertex 6.84547 -7.28969 51
    endloop
  endfacet
  facet normal -0.661307 0.750115 0
    outer loop
      vertex 6.37424 -7.70513 51
      vertex 6.84547 -7.28969 50
      vertex 6.37424 -7.70513 50
    endloop
  endfacet
  facet normal 0.891011 0.453982 0
    outer loop
      vertex -8.76307 -4.81754 51
      vertex -9.04827 -4.25779 50
      vertex -9.04827 -4.25779 51
    endloop
  endfacet
  facet normal 0.891011 0.453982 0
    outer loop
      vertex -9.04827 -4.25779 50
      vertex -8.76307 -4.81754 51
      vertex -8.76307 -4.81754 50
    endloop
  endfacet
  facet normal 0.86074 0.509045 0
    outer loop
      vertex -8.44328 -5.35827 51
      vertex -8.76307 -4.81754 50
      vertex -8.76307 -4.81754 51
    endloop
  endfacet
  facet normal 0.86074 0.509045 0
    outer loop
      vertex -8.76307 -4.81754 50
      vertex -8.44328 -5.35827 51
      vertex -8.44328 -5.35827 50
    endloop
  endfacet
  facet normal -0.707107 -0.707107 0
    outer loop
      vertex 7.28969 6.84547 50
      vertex 6.84547 7.28969 51
      vertex 6.84547 7.28969 50
    endloop
  endfacet
  facet normal -0.707107 -0.707107 0
    outer loop
      vertex 6.84547 7.28969 51
      vertex 7.28969 6.84547 50
      vertex 7.28969 6.84547 51
    endloop
  endfacet
  facet normal 0.509045 0.86074 -0
    outer loop
      vertex -4.81754 -8.76307 50
      vertex -5.35827 -8.44328 51
      vertex -4.81754 -8.76307 51
    endloop
  endfacet
  facet normal 0.509045 0.86074 0
    outer loop
      vertex -5.35827 -8.44328 51
      vertex -4.81754 -8.76307 50
      vertex -5.35827 -8.44328 50
    endloop
  endfacet
  facet normal 0.987687 -0.156443 0
    outer loop
      vertex -9.92115 1.25333 51
      vertex -9.82287 1.87381 50
      vertex -9.82287 1.87381 51
    endloop
  endfacet
  facet normal 0.987687 -0.156443 0
    outer loop
      vertex -9.82287 1.87381 50
      vertex -9.92115 1.25333 51
      vertex -9.92115 1.25333 50
    endloop
  endfacet
  facet normal -0.975917 0.21814 0
    outer loop
      vertex 9.68583 -2.4869 50
      vertex 9.82287 -1.87381 51
      vertex 9.82287 -1.87381 50
    endloop
  endfacet
  facet normal -0.975917 0.21814 0
    outer loop
      vertex 9.82287 -1.87381 51
      vertex 9.68583 -2.4869 50
      vertex 9.68583 -2.4869 51
    endloop
  endfacet
  facet normal 0.0314065 0.999507 -0
    outer loop
      vertex 0 -10 50
      vertex -0.627905 -9.98027 51
      vertex 0 -10 51
    endloop
  endfacet
  facet normal 0.0314065 0.999507 0
    outer loop
      vertex -0.627905 -9.98027 51
      vertex 0 -10 50
      vertex -0.627905 -9.98027 50
    endloop
  endfacet
  facet normal -0.917758 -0.397141 0
    outer loop
      vertex 9.29776 3.68124 50
      vertex 9.04827 4.25779 51
      vertex 9.04827 4.25779 50
    endloop
  endfacet
  facet normal -0.917758 -0.397141 0
    outer loop
      vertex 9.04827 4.25779 51
      vertex 9.29776 3.68124 50
      vertex 9.29776 3.68124 51
    endloop
  endfacet
  facet normal 0.661307 -0.750115 0
    outer loop
      vertex -6.84547 7.28969 50
      vertex -6.37424 7.70513 51
      vertex -6.84547 7.28969 51
    endloop
  endfacet
  facet normal 0.661307 -0.750115 0
    outer loop
      vertex -6.37424 7.70513 51
      vertex -6.84547 7.28969 50
      vertex -6.37424 7.70513 50
    endloop
  endfacet
  facet normal 0.0314065 -0.999507 0
    outer loop
      vertex -0.627905 9.98027 50
      vertex 0 10 51
      vertex -0.627905 9.98027 51
    endloop
  endfacet
  facet normal 0.0314065 -0.999507 0
    outer loop
      vertex 0 10 51
      vertex -0.627905 9.98027 50
      vertex 0 10 50
    endloop
  endfacet
  facet normal -0.987687 0.156443 0
    outer loop
      vertex 9.82287 -1.87381 50
      vertex 9.92115 -1.25333 51
      vertex 9.92115 -1.25333 50
    endloop
  endfacet
  facet normal -0.987687 0.156443 0
    outer loop
      vertex 9.92115 -1.25333 51
      vertex 9.82287 -1.87381 50
      vertex 9.82287 -1.87381 51
    endloop
  endfacet
  facet normal -0.397141 0.917758 0
    outer loop
      vertex 4.25779 -9.04827 50
      vertex 3.68124 -9.29776 51
      vertex 4.25779 -9.04827 51
    endloop
  endfacet
  facet normal -0.397141 0.917758 0
    outer loop
      vertex 3.68124 -9.29776 51
      vertex 4.25779 -9.04827 50
      vertex 3.68124 -9.29776 50
    endloop
  endfacet
  facet normal 0.827078 -0.562088 0
    outer loop
      vertex -8.44328 5.35827 51
      vertex -8.09017 5.87785 50
      vertex -8.09017 5.87785 51
    endloop
  endfacet
  facet normal 0.827078 -0.562088 0
    outer loop
      vertex -8.09017 5.87785 50
      vertex -8.44328 5.35827 51
      vertex -8.44328 5.35827 50
    endloop
  endfacet
  facet normal 0.278997 -0.960292 0
    outer loop
      vertex -3.09017 9.51056 50
      vertex -2.4869 9.68583 51
      vertex -3.09017 9.51056 51
    endloop
  endfacet
  facet normal 0.278997 -0.960292 0
    outer loop
      vertex -2.4869 9.68583 51
      vertex -3.09017 9.51056 50
      vertex -2.4869 9.68583 50
    endloop
  endfacet
  facet normal -0.750115 -0.661307 0
    outer loop
      vertex 7.70513 6.37424 50
      vertex 7.28969 6.84547 51
      vertex 7.28969 6.84547 50
    endloop
  endfacet
  facet normal -0.750115 -0.661307 0
    outer loop
      vertex 7.28969 6.84547 51
      vertex 7.70513 6.37424 50
      vertex 7.70513 6.37424 51
    endloop
  endfacet
  facet normal 0.975917 0.21814 0
    outer loop
      vertex -9.68583 -2.4869 51
      vertex -9.82287 -1.87381 50
      vertex -9.82287 -1.87381 51
    endloop
  endfacet
  facet normal 0.975917 0.21814 0
    outer loop
      vertex -9.82287 -1.87381 50
      vertex -9.68583 -2.4869 51
      vertex -9.68583 -2.4869 50
    endloop
  endfacet
  facet normal 0.750115 0.661307 0
    outer loop
      vertex -7.28969 -6.84547 51
      vertex -7.70513 -6.37424 50
      vertex -7.70513 -6.37424 51
    endloop
  endfacet
  facet normal 0.750115 0.661307 0
    outer loop
      vertex -7.70513 -6.37424 50
      vertex -7.28969 -6.84547 51
      vertex -7.28969 -6.84547 50
    endloop
  endfacet
  facet normal 0.707107 0.707107 0
    outer loop
      vertex -6.84547 -7.28969 51
      vertex -7.28969 -6.84547 50
      vertex -7.28969 -6.84547 51
    endloop
  endfacet
  facet normal 0.707107 0.707107 0
    outer loop
      vertex -7.28969 -6.84547 50
      vertex -6.84547 -7.28969 51
      vertex -6.84547 -7.28969 50
    endloop
  endfacet
  facet normal 0.21814 -0.975917 0
    outer loop
      vertex -2.4869 9.68583 50
      vertex -1.87381 9.82287 51
      vertex -2.4869 9.68583 51
    endloop
  endfacet
  facet normal 0.21814 -0.975917 0
    outer loop
      vertex -1.87381 9.82287 51
      vertex -2.4869 9.68583 50
      vertex -1.87381 9.82287 50
    endloop
  endfacet
  facet normal -0.562088 0.827078 0
    outer loop
      vertex 5.87785 -8.09017 50
      vertex 5.35827 -8.44328 51
      vertex 5.87785 -8.09017 51
    endloop
  endfacet
  facet normal -0.562088 0.827078 0
    outer loop
      vertex 5.35827 -8.44328 51
      vertex 5.87785 -8.09017 50
      vertex 5.35827 -8.44328 50
    endloop
  endfacet
  facet normal 0.397141 0.917758 -0
    outer loop
      vertex -3.68124 -9.29776 50
      vertex -4.25779 -9.04827 51
      vertex -3.68124 -9.29776 51
    endloop
  endfacet
  facet normal 0.397141 0.917758 0
    outer loop
      vertex -4.25779 -9.04827 51
      vertex -3.68124 -9.29776 50
      vertex -4.25779 -9.04827 50
    endloop
  endfacet
  facet normal 0.397141 -0.917758 0
    outer loop
      vertex -4.25779 9.04827 50
      vertex -3.68124 9.29776 51
      vertex -4.25779 9.04827 51
    endloop
  endfacet
  facet normal 0.397141 -0.917758 0
    outer loop
      vertex -3.68124 9.29776 51
      vertex -4.25779 9.04827 50
      vertex -3.68124 9.29776 50
    endloop
  endfacet
  facet normal 0.960292 -0.278997 0
    outer loop
      vertex -9.68583 2.4869 51
      vertex -9.51056 3.09017 50
      vertex -9.51056 3.09017 51
    endloop
  endfacet
  facet normal 0.960292 -0.278997 0
    outer loop
      vertex -9.51056 3.09017 50
      vertex -9.68583 2.4869 51
      vertex -9.68583 2.4869 50
    endloop
  endfacet
  facet normal 0.750115 -0.661307 0
    outer loop
      vertex -7.70513 6.37424 51
      vertex -7.28969 6.84547 50
      vertex -7.28969 6.84547 51
    endloop
  endfacet
  facet normal 0.750115 -0.661307 0
    outer loop
      vertex -7.28969 6.84547 50
      vertex -7.70513 6.37424 51
      vertex -7.70513 6.37424 50
    endloop
  endfacet
  facet normal 0.661307 0.750115 -0
    outer loop
      vertex -6.37424 -7.70513 50
      vertex -6.84547 -7.28969 51
      vertex -6.37424 -7.70513 51
    endloop
  endfacet
  facet normal 0.661307 0.750115 0
    outer loop
      vertex -6.84547 -7.28969 51
      vertex -6.37424 -7.70513 50
      vertex -6.84547 -7.28969 50
    endloop
  endfacet
  facet normal 0.453982 0.891011 -0
    outer loop
      vertex -4.25779 -9.04827 50
      vertex -4.81754 -8.76307 51
      vertex -4.25779 -9.04827 51
    endloop
  endfacet
  facet normal 0.453982 0.891011 0
    outer loop
      vertex -4.81754 -8.76307 51
      vertex -4.25779 -9.04827 50
      vertex -4.81754 -8.76307 50
    endloop
  endfacet
  facet normal 0.999507 -0.0314065 0
    outer loop
      vertex -10 0 51
      vertex -9.98027 0.627905 50
      vertex -9.98027 0.627905 51
    endloop
  endfacet
  facet normal 0.999507 -0.0314065 0
    outer loop
      vertex -9.98027 0.627905 50
      vertex -10 0 51
      vertex -10 0 50
    endloop
  endfacet
  facet normal 0.891011 -0.453982 0
    outer loop
      vertex -9.04827 4.25779 51
      vertex -8.76307 4.81754 50
      vertex -8.76307 4.81754 51
    endloop
  endfacet
  facet normal 0.891011 -0.453982 0
    outer loop
      vertex -8.76307 4.81754 50
      vertex -9.04827 4.25779 51
      vertex -9.04827 4.25779 50
    endloop
  endfacet
  facet normal 0.562088 0.827078 -0
    outer loop
      vertex -5.35827 -8.44328 50
      vertex -5.87785 -8.09017 51
      vertex -5.35827 -8.44328 51
    endloop
  endfacet
  facet normal 0.562088 0.827078 0
    outer loop
      vertex -5.87785 -8.09017 51
      vertex -5.35827 -8.44328 50
      vertex -5.87785 -8.09017 50
    endloop
  endfacet
  facet normal -0.278997 -0.960292 0
    outer loop
      vertex 2.4869 9.68583 50
      vertex 3.09017 9.51056 51
      vertex 2.4869 9.68583 51
    endloop
  endfacet
  facet normal -0.278997 -0.960292 -0
    outer loop
      vertex 3.09017 9.51056 51
      vertex 2.4869 9.68583 50
      vertex 3.09017 9.51056 50
    endloop
  endfacet
  facet normal 0.453982 -0.891011 0
    outer loop
      vertex -4.81754 8.76307 50
      vertex -4.25779 9.04827 51
      vertex -4.81754 8.76307 51
    endloop
  endfacet
  facet normal 0.453982 -0.891011 0
    outer loop
      vertex -4.25779 9.04827 51
      vertex -4.81754 8.76307 50
      vertex -4.25779 9.04827 50
    endloop
  endfacet
  facet normal -0.612907 0.790155 0
    outer loop
      vertex 6.37424 -7.70513 50
      vertex 5.87785 -8.09017 51
      vertex 6.37424 -7.70513 51
    endloop
  endfacet
  facet normal -0.612907 0.790155 0
    outer loop
      vertex 5.87785 -8.09017 51
      vertex 6.37424 -7.70513 50
      vertex 5.87785 -8.09017 50
    endloop
  endfacet
  facet normal 0.612907 0.790155 -0
    outer loop
      vertex -5.87785 -8.09017 50
      vertex -6.37424 -7.70513 51
      vertex -5.87785 -8.09017 51
    endloop
  endfacet
  facet normal 0.612907 0.790155 0
    outer loop
      vertex -6.37424 -7.70513 51
      vertex -5.87785 -8.09017 50
      vertex -6.37424 -7.70513 50
    endloop
  endfacet
  facet normal -0.841634 0.303011 -0.447031
    outer loop
      vertex -12.4826 4.05585 56.25
      vertex -14.2658 4.63525 60
      vertex -12.4028 4.2775 56.25
    endloop
  endfacet
  facet normal -0.797087 -0.405948 -0.447055
    outer loop
      vertex -13.5724 -6.38669 60
      vertex -11.7154 -5.90321 56.25
      vertex -11.6085 -6.11311 56.25
    endloop
  endfacet
  facet normal -0.796951 -0.406246 -0.447027
    outer loop
      vertex -11.7154 -5.90321 56.25
      vertex -13.5724 -6.38669 60
      vertex -11.8759 -5.58835 56.25
    endloop
  endfacet
  facet normal -0.797024 -0.406097 -0.447033
    outer loop
      vertex -13.5724 -6.38669 60
      vertex -11.6085 -6.11311 56.25
      vertex -13.1446 -7.22631 60
    endloop
  endfacet
  facet normal 0.632519 -0.632519 -0.447033
    outer loop
      vertex 10.9345 -10.2682 60
      vertex 8.98468 -9.56771 56.25
      vertex 9.56771 -8.98468 56.25
    endloop
  endfacet
  facet normal 0.632519 -0.632519 -0.447033
    outer loop
      vertex 8.98468 -9.56771 56.25
      vertex 10.9345 -10.2682 60
      vertex 10.2682 -10.9345 60
    endloop
  endfacet
  facet normal 0.894074 0.0280983 -0.447037
    outer loop
      vertex 14.9704 0.941857 60
      vertex 13.1139 0.353197 56.25
      vertex 13.1065 0.588661 56.25
    endloop
  endfacet
  facet normal 0.894074 0.0280983 -0.447037
    outer loop
      vertex 15 0 60
      vertex 13.1139 0.353197 56.25
      vertex 14.9704 0.941857 60
    endloop
  endfacet
  facet normal 0.894074 0.0280983 -0.447037
    outer loop
      vertex 13.1139 0.353197 56.25
      vertex 15 0 60
      vertex 13.125 0 56.25
    endloop
  endfacet
  facet normal 0.894074 0.0280983 -0.447037
    outer loop
      vertex 13.0991 0.824125 56.25
      vertex 14.9704 0.941857 60
      vertex 13.1065 0.588661 56.25
    endloop
  endfacet
  facet normal 0.0280983 0.894074 -0.447037
    outer loop
      vertex 0.588661 13.1065 56.25
      vertex 0 15 60
      vertex 0.941857 14.9704 60
    endloop
  endfacet
  facet normal 0.0280983 0.894074 -0.447037
    outer loop
      vertex 0.353197 13.1139 56.25
      vertex 0 15 60
      vertex 0.588661 13.1065 56.25
    endloop
  endfacet
  facet normal 0.0280983 0.894074 -0.447037
    outer loop
      vertex 0 15 60
      vertex 0.353197 13.1139 56.25
      vertex 0 13.125 56.25
    endloop
  endfacet
  facet normal 0.739861 -0.502759 -0.447035
    outer loop
      vertex 12.6649 -8.0374 60
      vertex 10.9494 -7.22757 56.25
      vertex 11.0818 -7.03273 56.25
    endloop
  endfacet
  facet normal 0.841634 -0.303011 -0.447031
    outer loop
      vertex 14.2658 -4.63525 60
      vertex 12.4028 -4.2775 56.25
      vertex 12.4826 -4.05585 56.25
    endloop
  endfacet
  facet normal -0.872963 -0.195173 -0.447038
    outer loop
      vertex -12.8154 -2.80424 56.25
      vertex -14.7343 -2.81072 60
      vertex -12.8411 -2.68929 56.25
    endloop
  endfacet
  facet normal -0.872996 -0.194986 -0.447055
    outer loop
      vertex -12.7127 -3.26405 56.25
      vertex -14.7343 -2.81072 60
      vertex -12.8154 -2.80424 56.25
    endloop
  endfacet
  facet normal -0.872973 -0.195169 -0.44702
    outer loop
      vertex -14.7343 -2.81072 60
      vertex -12.7127 -3.26405 56.25
      vertex -14.5287 -3.73035 60
    endloop
  endfacet
  facet normal 0.406237 0.796946 -0.447043
    outer loop
      vertex 6.32302 11.5015 56.25
      vertex 6.11311 11.6085 56.25
      vertex 7.22631 13.1446 60
    endloop
  endfacet
  facet normal 0.302999 -0.841638 -0.447032
    outer loop
      vertex 4.38833 -12.3629 56.25
      vertex 4.63525 -14.2658 60
      vertex 4.2775 -12.4028 56.25
    endloop
  endfacet
  facet normal 0.303011 -0.841634 -0.447031
    outer loop
      vertex 4.83163 -12.2033 56.25
      vertex 4.63525 -14.2658 60
      vertex 4.38833 -12.3629 56.25
    endloop
  endfacet
  facet normal 0.303005 -0.841636 -0.447032
    outer loop
      vertex 4.63525 -14.2658 60
      vertex 4.83163 -12.2033 56.25
      vertex 5.52187 -13.9466 60
    endloop
  endfacet
  facet normal -0.706793 0.548273 -0.447035
    outer loop
      vertex -10.2574 8.18004 56.25
      vertex -11.5577 9.56136 60
      vertex -10.113 8.36619 56.25
    endloop
  endfacet
  facet normal 0.195165 0.872964 -0.447039
    outer loop
      vertex 2.68929 12.8411 56.25
      vertex 2.45938 12.8925 56.25
      vertex 2.81072 14.7343 60
    endloop
  endfacet
  facet normal -0.796946 -0.406237 -0.447043
    outer loop
      vertex -11.5015 -6.32302 56.25
      vertex -13.1446 -7.22631 60
      vertex -11.6085 -6.11311 56.25
    endloop
  endfacet
  facet normal 0.841638 -0.302999 -0.447032
    outer loop
      vertex 14.2658 -4.63525 60
      vertex 12.3629 -4.38833 56.25
      vertex 12.4028 -4.2775 56.25
    endloop
  endfacet
  facet normal 0.841634 -0.303011 -0.447031
    outer loop
      vertex 14.2658 -4.63525 60
      vertex 12.2033 -4.83163 56.25
      vertex 12.3629 -4.38833 56.25
    endloop
  endfacet
  facet normal 0.841636 -0.303005 -0.447032
    outer loop
      vertex 12.2033 -4.83163 56.25
      vertex 14.2658 -4.63525 60
      vertex 13.9466 -5.52187 60
    endloop
  endfacet
  facet normal -0.303011 -0.841634 -0.447031
    outer loop
      vertex -4.05585 -12.4826 56.25
      vertex -4.63525 -14.2658 60
      vertex -4.2775 -12.4028 56.25
    endloop
  endfacet
  facet normal 0.872964 -0.195165 -0.447039
    outer loop
      vertex 14.7343 -2.81072 60
      vertex 12.8411 -2.68929 56.25
      vertex 12.8925 -2.45938 56.25
    endloop
  endfacet
  facet normal -0.706786 0.548281 -0.447036
    outer loop
      vertex -10.2574 8.18004 56.25
      vertex -12.1353 8.81678 60
      vertex -11.5577 9.56136 60
    endloop
  endfacet
  facet normal -0.706779 0.548291 -0.447035
    outer loop
      vertex -10.4018 7.9939 56.25
      vertex -12.1353 8.81678 60
      vertex -10.2574 8.18004 56.25
    endloop
  endfacet
  facet normal -0.706904 0.548115 -0.447054
    outer loop
      vertex -12.1353 8.81678 60
      vertex -10.4018 7.9939 56.25
      vertex -10.6183 7.71468 56.25
    endloop
  endfacet
  facet normal -0.0280983 0.894074 -0.447037
    outer loop
      vertex -0.353197 13.1139 56.25
      vertex 0 15 60
      vertex 0 13.125 56.25
    endloop
  endfacet
  facet normal -0.0280983 0.894074 -0.447037
    outer loop
      vertex 0 15 60
      vertex -0.353197 13.1139 56.25
      vertex -0.941857 14.9704 60
    endloop
  endfacet
  facet normal -0.0280983 0.894074 -0.447037
    outer loop
      vertex -0.941857 14.9704 60
      vertex -0.353197 13.1139 56.25
      vertex -0.588661 13.1065 56.25
    endloop
  endfacet
  facet normal -0.303005 -0.841636 -0.447032
    outer loop
      vertex -4.83163 -12.2033 56.25
      vertex -4.63525 -14.2658 60
      vertex -5.52187 -13.9466 60
    endloop
  endfacet
  facet normal -0.303011 -0.841634 -0.447031
    outer loop
      vertex -4.38833 -12.3629 56.25
      vertex -4.63525 -14.2658 60
      vertex -4.83163 -12.2033 56.25
    endloop
  endfacet
  facet normal -0.302999 -0.841638 -0.447032
    outer loop
      vertex -4.63525 -14.2658 60
      vertex -4.38833 -12.3629 56.25
      vertex -4.2775 -12.4028 56.25
    endloop
  endfacet
  facet normal -0.739861 -0.502759 -0.447035
    outer loop
      vertex -10.9494 -7.22757 56.25
      vertex -12.6649 -8.0374 60
      vertex -11.0818 -7.03273 56.25
    endloop
  endfacet
  facet normal 0.883473 -0.140107 -0.447041
    outer loop
      vertex 14.7343 -2.81072 60
      vertex 12.8925 -2.45938 56.25
      vertex 12.9294 -2.2267 56.25
    endloop
  endfacet
  facet normal 0.739861 -0.502759 -0.447035
    outer loop
      vertex 12.6649 -8.0374 60
      vertex 10.8832 -7.32499 56.25
      vertex 10.9494 -7.22757 56.25
    endloop
  endfacet
  facet normal 0.739784 -0.502883 -0.447022
    outer loop
      vertex 10.8832 -7.32499 56.25
      vertex 12.6649 -8.0374 60
      vertex 10.6183 -7.71468 56.25
    endloop
  endfacet
  facet normal 0.73986 -0.502745 -0.447051
    outer loop
      vertex 10.6183 -7.71468 56.25
      vertex 12.6649 -8.0374 60
      vertex 12.1353 -8.81678 60
    endloop
  endfacet
  facet normal 0.894074 -0.0280983 -0.447037
    outer loop
      vertex 14.9704 -0.941857 60
      vertex 13.0991 -0.824125 56.25
      vertex 13.1065 -0.588661 56.25
    endloop
  endfacet
  facet normal 0.455362 0.769939 -0.447034
    outer loop
      vertex 7.03273 11.0818 56.25
      vertex 7.22631 13.1446 60
      vertex 8.0374 12.6649 60
    endloop
  endfacet
  facet normal 0.455385 0.769928 -0.447029
    outer loop
      vertex 6.72857 11.2617 56.25
      vertex 7.22631 13.1446 60
      vertex 7.03273 11.0818 56.25
    endloop
  endfacet
  facet normal 0.455277 0.769984 -0.447043
    outer loop
      vertex 7.22631 13.1446 60
      vertex 6.72857 11.2617 56.25
      vertex 6.52579 11.3816 56.25
    endloop
  endfacet
  facet normal 0.195169 0.872973 -0.44702
    outer loop
      vertex 3.26405 12.7127 56.25
      vertex 2.81072 14.7343 60
      vertex 3.73035 14.5287 60
    endloop
  endfacet
  facet normal 0.194986 0.872996 -0.447055
    outer loop
      vertex 2.80424 12.8154 56.25
      vertex 2.81072 14.7343 60
      vertex 3.26405 12.7127 56.25
    endloop
  endfacet
  facet normal 0.195173 0.872963 -0.447038
    outer loop
      vertex 2.81072 14.7343 60
      vertex 2.80424 12.8154 56.25
      vertex 2.68929 12.8411 56.25
    endloop
  endfacet
  facet normal 0.769984 -0.455277 -0.447043
    outer loop
      vertex 13.1446 -7.22631 60
      vertex 11.2617 -6.72857 56.25
      vertex 11.3816 -6.52579 56.25
    endloop
  endfacet
  facet normal 0.769928 -0.455385 -0.447029
    outer loop
      vertex 11.2617 -6.72857 56.25
      vertex 13.1446 -7.22631 60
      vertex 11.0818 -7.03273 56.25
    endloop
  endfacet
  facet normal 0.769939 -0.455362 -0.447034
    outer loop
      vertex 11.0818 -7.03273 56.25
      vertex 13.1446 -7.22631 60
      vertex 12.6649 -8.0374 60
    endloop
  endfacet
  facet normal -0.140107 -0.883473 -0.447041
    outer loop
      vertex -2.81072 -14.7343 60
      vertex -2.45938 -12.8925 56.25
      vertex -2.2267 -12.9294 56.25
    endloop
  endfacet
  facet normal 0.894074 -0.0280983 -0.447037
    outer loop
      vertex 15 0 60
      vertex 13.1139 -0.353197 56.25
      vertex 13.125 0 56.25
    endloop
  endfacet
  facet normal 0.894074 -0.0280983 -0.447037
    outer loop
      vertex 15 0 60
      vertex 13.1065 -0.588661 56.25
      vertex 13.1139 -0.353197 56.25
    endloop
  endfacet
  facet normal 0.894074 -0.0280983 -0.447037
    outer loop
      vertex 13.1065 -0.588661 56.25
      vertex 15 0 60
      vertex 14.9704 -0.941857 60
    endloop
  endfacet
  facet normal -0.591595 -0.670951 -0.447035
    outer loop
      vertex -8.36619 -10.113 56.25
      vertex -9.56136 -11.5577 60
      vertex -8.5429 -9.95719 56.25
    endloop
  endfacet
  facet normal 0.355223 -0.820962 -0.447033
    outer loop
      vertex 5.26404 -12.0162 56.25
      vertex 5.52187 -13.9466 60
      vertex 4.83163 -12.2033 56.25
    endloop
  endfacet
  facet normal 0.355166 -0.820983 -0.447039
    outer loop
      vertex 5.58835 -11.8759 56.25
      vertex 5.52187 -13.9466 60
      vertex 5.26404 -12.0162 56.25
    endloop
  endfacet
  facet normal 0.355224 -0.820964 -0.447028
    outer loop
      vertex 5.52187 -13.9466 60
      vertex 5.58835 -11.8759 56.25
      vertex 6.38669 -13.5724 60
    endloop
  endfacet
  facet normal -0.739784 -0.502883 -0.447022
    outer loop
      vertex -12.6649 -8.0374 60
      vertex -10.8832 -7.32499 56.25
      vertex -10.6183 -7.71468 56.25
    endloop
  endfacet
  facet normal -0.739861 -0.502759 -0.447035
    outer loop
      vertex -10.8832 -7.32499 56.25
      vertex -12.6649 -8.0374 60
      vertex -10.9494 -7.22757 56.25
    endloop
  endfacet
  facet normal -0.73986 -0.502745 -0.447051
    outer loop
      vertex -12.6649 -8.0374 60
      vertex -10.6183 -7.71468 56.25
      vertex -12.1353 -8.81678 60
    endloop
  endfacet
  facet normal 0.0280983 -0.894074 -0.447037
    outer loop
      vertex 0.353197 -13.1139 56.25
      vertex 0 -15 60
      vertex 0 -13.125 56.25
    endloop
  endfacet
  facet normal 0.0280983 -0.894074 -0.447037
    outer loop
      vertex 0 -15 60
      vertex 0.353197 -13.1139 56.25
      vertex 0.941857 -14.9704 60
    endloop
  endfacet
  facet normal 0.0280983 -0.894074 -0.447037
    outer loop
      vertex 0.941857 -14.9704 60
      vertex 0.353197 -13.1139 56.25
      vertex 0.588661 -13.1065 56.25
    endloop
  endfacet
  facet normal -0.302999 0.841638 -0.447032
    outer loop
      vertex -4.38833 12.3629 56.25
      vertex -4.63525 14.2658 60
      vertex -4.2775 12.4028 56.25
    endloop
  endfacet
  facet normal -0.303011 0.841634 -0.447031
    outer loop
      vertex -4.83163 12.2033 56.25
      vertex -4.63525 14.2658 60
      vertex -4.38833 12.3629 56.25
    endloop
  endfacet
  facet normal -0.303005 0.841636 -0.447032
    outer loop
      vertex -4.63525 14.2658 60
      vertex -4.83163 12.2033 56.25
      vertex -5.52187 13.9466 60
    endloop
  endfacet
  facet normal -0.406246 0.796951 -0.447027
    outer loop
      vertex -5.90321 11.7154 56.25
      vertex -6.38669 13.5724 60
      vertex -5.58835 11.8759 56.25
    endloop
  endfacet
  facet normal -0.405948 0.797087 -0.447055
    outer loop
      vertex -6.11311 11.6085 56.25
      vertex -6.38669 13.5724 60
      vertex -5.90321 11.7154 56.25
    endloop
  endfacet
  facet normal -0.406097 0.797024 -0.447033
    outer loop
      vertex -6.38669 13.5724 60
      vertex -6.11311 11.6085 56.25
      vertex -7.22631 13.1446 60
    endloop
  endfacet
  facet normal -0.406097 -0.797024 -0.447033
    outer loop
      vertex -6.11311 -11.6085 56.25
      vertex -6.38669 -13.5724 60
      vertex -7.22631 -13.1446 60
    endloop
  endfacet
  facet normal -0.405948 -0.797087 -0.447055
    outer loop
      vertex -5.90321 -11.7154 56.25
      vertex -6.38669 -13.5724 60
      vertex -6.11311 -11.6085 56.25
    endloop
  endfacet
  facet normal -0.406246 -0.796951 -0.447027
    outer loop
      vertex -6.38669 -13.5724 60
      vertex -5.90321 -11.7154 56.25
      vertex -5.58835 -11.8759 56.25
    endloop
  endfacet
  facet normal -0.195169 -0.872973 -0.44702
    outer loop
      vertex -3.26405 -12.7127 56.25
      vertex -2.81072 -14.7343 60
      vertex -3.73035 -14.5287 60
    endloop
  endfacet
  facet normal -0.194986 -0.872996 -0.447055
    outer loop
      vertex -2.80424 -12.8154 56.25
      vertex -2.81072 -14.7343 60
      vertex -3.26405 -12.7127 56.25
    endloop
  endfacet
  facet normal -0.195173 -0.872963 -0.447038
    outer loop
      vertex -2.81072 -14.7343 60
      vertex -2.80424 -12.8154 56.25
      vertex -2.68929 -12.8411 56.25
    endloop
  endfacet
  facet normal -0.872964 -0.195165 -0.447039
    outer loop
      vertex -12.8411 -2.68929 56.25
      vertex -14.7343 -2.81072 60
      vertex -12.8925 -2.45938 56.25
    endloop
  endfacet
  facet normal 0.0280983 -0.894074 -0.447037
    outer loop
      vertex 0.824125 -13.0991 56.25
      vertex 0.941857 -14.9704 60
      vertex 0.588661 -13.1065 56.25
    endloop
  endfacet
  facet normal 0.140107 0.883473 -0.447041
    outer loop
      vertex 2.81072 14.7343 60
      vertex 2.45938 12.8925 56.25
      vertex 2.2267 12.9294 56.25
    endloop
  endfacet
  facet normal -0.67097 0.591575 -0.447033
    outer loop
      vertex -9.56771 8.98468 56.25
      vertex -11.5577 9.56136 60
      vertex -10.9345 10.2682 60
    endloop
  endfacet
  facet normal -0.670986 0.591552 -0.447038
    outer loop
      vertex -9.8014 8.71961 56.25
      vertex -11.5577 9.56136 60
      vertex -9.56771 8.98468 56.25
    endloop
  endfacet
  facet normal -0.670987 0.591552 -0.447038
    outer loop
      vertex -11.5577 9.56136 60
      vertex -9.8014 8.71961 56.25
      vertex -9.95719 8.5429 56.25
    endloop
  endfacet
  facet normal -0.894074 -0.0280983 -0.447037
    outer loop
      vertex -13.0991 -0.824125 56.25
      vertex -14.9704 -0.941857 60
      vertex -13.1065 -0.588661 56.25
    endloop
  endfacet
  facet normal -0.883506 -0.139923 -0.447034
    outer loop
      vertex -12.9478 -2.11036 56.25
      vertex -14.8817 -1.88 60
      vertex -13.0215 -1.645 56.25
    endloop
  endfacet
  facet normal -0.883524 -0.139736 -0.447056
    outer loop
      vertex -12.9294 -2.2267 56.25
      vertex -14.8817 -1.88 60
      vertex -12.9478 -2.11036 56.25
    endloop
  endfacet
  facet normal -0.883508 -0.139923 -0.44703
    outer loop
      vertex -14.8817 -1.88 60
      vertex -12.9294 -2.2267 56.25
      vertex -14.7343 -2.81072 60
    endloop
  endfacet
  facet normal -0.455294 0.769975 -0.447042
    outer loop
      vertex -7.22631 13.1446 60
      vertex -6.32302 11.5015 56.25
      vertex -6.52579 11.3816 56.25
    endloop
  endfacet
  facet normal 0.858997 -0.249594 -0.44702
    outer loop
      vertex 14.5287 -3.73035 60
      vertex 12.6141 -3.60339 56.25
      vertex 12.7127 -3.26405 56.25
    endloop
  endfacet
  facet normal 0.858984 -0.249649 -0.447015
    outer loop
      vertex 14.5287 -3.73035 60
      vertex 12.4826 -4.05585 56.25
      vertex 12.6141 -3.60339 56.25
    endloop
  endfacet
  facet normal 0.859 -0.249565 -0.447031
    outer loop
      vertex 12.4826 -4.05585 56.25
      vertex 14.5287 -3.73035 60
      vertex 14.2658 -4.63525 60
    endloop
  endfacet
  facet normal -0.0842946 -0.890536 -0.447036
    outer loop
      vertex -1.2932 -13.0548 56.25
      vertex -1.88 -14.8817 60
      vertex -1.645 -13.0215 56.25
    endloop
  endfacet
  facet normal -0.0842 -0.890549 -0.447027
    outer loop
      vertex -1.88 -14.8817 60
      vertex -1.2932 -13.0548 56.25
      vertex -0.941857 -14.9704 60
    endloop
  endfacet
  facet normal -0.0839147 -0.890559 -0.447059
    outer loop
      vertex -0.941857 -14.9704 60
      vertex -1.2932 -13.0548 56.25
      vertex -1.05866 -13.0769 56.25
    endloop
  endfacet
  facet normal -0.890536 -0.084294 -0.447036
    outer loop
      vertex -13.0769 -1.05866 56.25
      vertex -14.9704 -0.941857 60
      vertex -13.0991 -0.824125 56.25
    endloop
  endfacet
  facet normal 0.883506 -0.139923 -0.447034
    outer loop
      vertex 14.8817 -1.88 60
      vertex 12.9478 -2.11036 56.25
      vertex 13.0215 -1.645 56.25
    endloop
  endfacet
  facet normal 0.883524 -0.139736 -0.447056
    outer loop
      vertex 14.8817 -1.88 60
      vertex 12.9294 -2.2267 56.25
      vertex 12.9478 -2.11036 56.25
    endloop
  endfacet
  facet normal 0.883508 -0.139923 -0.44703
    outer loop
      vertex 12.9294 -2.2267 56.25
      vertex 14.8817 -1.88 60
      vertex 14.7343 -2.81072 60
    endloop
  endfacet
  facet normal -0.820962 -0.355223 -0.447033
    outer loop
      vertex -12.0162 -5.26404 56.25
      vertex -13.9466 -5.52187 60
      vertex -12.2033 -4.83163 56.25
    endloop
  endfacet
  facet normal -0.820983 -0.355166 -0.447039
    outer loop
      vertex -11.8759 -5.58835 56.25
      vertex -13.9466 -5.52187 60
      vertex -12.0162 -5.26404 56.25
    endloop
  endfacet
  facet normal -0.820964 -0.355224 -0.447028
    outer loop
      vertex -13.9466 -5.52187 60
      vertex -11.8759 -5.58835 56.25
      vertex -13.5724 -6.38669 60
    endloop
  endfacet
  facet normal -0.632519 0.632519 -0.447033
    outer loop
      vertex -8.98468 9.56771 56.25
      vertex -10.9345 10.2682 60
      vertex -10.2682 10.9345 60
    endloop
  endfacet
  facet normal -0.632519 0.632519 -0.447033
    outer loop
      vertex -10.9345 10.2682 60
      vertex -8.98468 9.56771 56.25
      vertex -9.56771 8.98468 56.25
    endloop
  endfacet
  facet normal 0.084294 -0.890536 -0.447036
    outer loop
      vertex 0.941857 -14.9704 60
      vertex 0.824125 -13.0991 56.25
      vertex 1.05866 -13.0769 56.25
    endloop
  endfacet
  facet normal -0.455362 -0.769939 -0.447034
    outer loop
      vertex -7.03273 -11.0818 56.25
      vertex -7.22631 -13.1446 60
      vertex -8.0374 -12.6649 60
    endloop
  endfacet
  facet normal -0.455385 -0.769928 -0.447029
    outer loop
      vertex -6.72857 -11.2617 56.25
      vertex -7.22631 -13.1446 60
      vertex -7.03273 -11.0818 56.25
    endloop
  endfacet
  facet normal -0.455277 -0.769984 -0.447043
    outer loop
      vertex -7.22631 -13.1446 60
      vertex -6.72857 -11.2617 56.25
      vertex -6.52579 -11.3816 56.25
    endloop
  endfacet
  facet normal -0.591552 0.670987 -0.447038
    outer loop
      vertex -8.71961 9.8014 56.25
      vertex -9.56136 11.5577 60
      vertex -8.5429 9.95719 56.25
    endloop
  endfacet
  facet normal -0.591552 0.670986 -0.447038
    outer loop
      vertex -8.98468 9.56771 56.25
      vertex -9.56136 11.5577 60
      vertex -8.71961 9.8014 56.25
    endloop
  endfacet
  facet normal -0.591575 0.67097 -0.447033
    outer loop
      vertex -9.56136 11.5577 60
      vertex -8.98468 9.56771 56.25
      vertex -10.2682 10.9345 60
    endloop
  endfacet
  facet normal 0.890536 -0.084294 -0.447036
    outer loop
      vertex 14.9704 -0.941857 60
      vertex 13.0769 -1.05866 56.25
      vertex 13.0991 -0.824125 56.25
    endloop
  endfacet
  facet normal -0.139923 0.883506 -0.447034
    outer loop
      vertex -2.11036 12.9478 56.25
      vertex -1.88 14.8817 60
      vertex -1.645 13.0215 56.25
    endloop
  endfacet
  facet normal -0.139736 0.883524 -0.447056
    outer loop
      vertex -2.2267 12.9294 56.25
      vertex -1.88 14.8817 60
      vertex -2.11036 12.9478 56.25
    endloop
  endfacet
  facet normal -0.139923 0.883508 -0.44703
    outer loop
      vertex -1.88 14.8817 60
      vertex -2.2267 12.9294 56.25
      vertex -2.81072 14.7343 60
    endloop
  endfacet
  facet normal -0.249594 0.858997 -0.44702
    outer loop
      vertex -3.60339 12.6141 56.25
      vertex -3.73035 14.5287 60
      vertex -3.26405 12.7127 56.25
    endloop
  endfacet
  facet normal -0.249649 0.858984 -0.447015
    outer loop
      vertex -4.05585 12.4826 56.25
      vertex -3.73035 14.5287 60
      vertex -3.60339 12.6141 56.25
    endloop
  endfacet
  facet normal -0.249565 0.859 -0.447031
    outer loop
      vertex -3.73035 14.5287 60
      vertex -4.05585 12.4826 56.25
      vertex -4.63525 14.2658 60
    endloop
  endfacet
  facet normal -0.706793 -0.548273 -0.447035
    outer loop
      vertex -10.113 -8.36619 56.25
      vertex -11.5577 -9.56136 60
      vertex -10.2574 -8.18004 56.25
    endloop
  endfacet
  facet normal -0.0280983 -0.894074 -0.447037
    outer loop
      vertex -0.941857 -14.9704 60
      vertex -0.824125 -13.0991 56.25
      vertex -0.588661 -13.1065 56.25
    endloop
  endfacet
  facet normal -0.195165 -0.872964 -0.447039
    outer loop
      vertex -2.45938 -12.8925 56.25
      vertex -2.81072 -14.7343 60
      vertex -2.68929 -12.8411 56.25
    endloop
  endfacet
  facet normal 0.303011 -0.841634 -0.447031
    outer loop
      vertex 4.63525 -14.2658 60
      vertex 4.05585 -12.4826 56.25
      vertex 4.2775 -12.4028 56.25
    endloop
  endfacet
  facet normal 0.139923 -0.883506 -0.447034
    outer loop
      vertex 2.11036 -12.9478 56.25
      vertex 1.88 -14.8817 60
      vertex 1.645 -13.0215 56.25
    endloop
  endfacet
  facet normal 0.139736 -0.883524 -0.447056
    outer loop
      vertex 2.2267 -12.9294 56.25
      vertex 1.88 -14.8817 60
      vertex 2.11036 -12.9478 56.25
    endloop
  endfacet
  facet normal 0.139923 -0.883508 -0.44703
    outer loop
      vertex 1.88 -14.8817 60
      vertex 2.2267 -12.9294 56.25
      vertex 2.81072 -14.7343 60
    endloop
  endfacet
  facet normal -0.890536 0.0842946 -0.447036
    outer loop
      vertex -13.0548 1.2932 56.25
      vertex -14.8817 1.88 60
      vertex -13.0215 1.645 56.25
    endloop
  endfacet
  facet normal -0.890559 0.0839147 -0.447059
    outer loop
      vertex -14.9704 0.941857 60
      vertex -13.0548 1.2932 56.25
      vertex -13.0769 1.05866 56.25
    endloop
  endfacet
  facet normal -0.890549 0.0842 -0.447027
    outer loop
      vertex -13.0548 1.2932 56.25
      vertex -14.9704 0.941857 60
      vertex -14.8817 1.88 60
    endloop
  endfacet
  facet normal -0.769939 0.455362 -0.447034
    outer loop
      vertex -11.0818 7.03273 56.25
      vertex -13.1446 7.22631 60
      vertex -12.6649 8.0374 60
    endloop
  endfacet
  facet normal -0.769928 0.455385 -0.447029
    outer loop
      vertex -11.2617 6.72857 56.25
      vertex -13.1446 7.22631 60
      vertex -11.0818 7.03273 56.25
    endloop
  endfacet
  facet normal -0.769984 0.455277 -0.447043
    outer loop
      vertex -13.1446 7.22631 60
      vertex -11.2617 6.72857 56.25
      vertex -11.3816 6.52579 56.25
    endloop
  endfacet
  facet normal 0.670987 -0.591552 -0.447038
    outer loop
      vertex 11.5577 -9.56136 60
      vertex 9.8014 -8.71961 56.25
      vertex 9.95719 -8.5429 56.25
    endloop
  endfacet
  facet normal 0.670986 -0.591552 -0.447038
    outer loop
      vertex 9.8014 -8.71961 56.25
      vertex 11.5577 -9.56136 60
      vertex 9.56771 -8.98468 56.25
    endloop
  endfacet
  facet normal 0.67097 -0.591575 -0.447033
    outer loop
      vertex 9.56771 -8.98468 56.25
      vertex 11.5577 -9.56136 60
      vertex 10.9345 -10.2682 60
    endloop
  endfacet
  facet normal 0.706904 -0.548115 -0.447054
    outer loop
      vertex 12.1353 -8.81678 60
      vertex 10.4018 -7.9939 56.25
      vertex 10.6183 -7.71468 56.25
    endloop
  endfacet
  facet normal 0.706779 -0.548291 -0.447035
    outer loop
      vertex 10.4018 -7.9939 56.25
      vertex 12.1353 -8.81678 60
      vertex 10.2574 -8.18004 56.25
    endloop
  endfacet
  facet normal 0.706786 -0.548281 -0.447036
    outer loop
      vertex 10.2574 -8.18004 56.25
      vertex 12.1353 -8.81678 60
      vertex 11.5577 -9.56136 60
    endloop
  endfacet
  facet normal 0.502759 -0.739861 -0.447035
    outer loop
      vertex 7.32499 -10.8832 56.25
      vertex 8.0374 -12.6649 60
      vertex 7.22757 -10.9494 56.25
    endloop
  endfacet
  facet normal 0.502883 -0.739784 -0.447022
    outer loop
      vertex 7.71468 -10.6183 56.25
      vertex 8.0374 -12.6649 60
      vertex 7.32499 -10.8832 56.25
    endloop
  endfacet
  facet normal 0.502745 -0.73986 -0.447051
    outer loop
      vertex 8.0374 -12.6649 60
      vertex 7.71468 -10.6183 56.25
      vertex 8.81678 -12.1353 60
    endloop
  endfacet
  facet normal -0.502759 0.739861 -0.447035
    outer loop
      vertex -7.22757 10.9494 56.25
      vertex -8.0374 12.6649 60
      vertex -7.03273 11.0818 56.25
    endloop
  endfacet
  facet normal 0.406237 -0.796946 -0.447043
    outer loop
      vertex 7.22631 -13.1446 60
      vertex 6.11311 -11.6085 56.25
      vertex 6.32302 -11.5015 56.25
    endloop
  endfacet
  facet normal -0.883524 0.139736 -0.447056
    outer loop
      vertex -14.8817 1.88 60
      vertex -12.9294 2.2267 56.25
      vertex -12.9478 2.11036 56.25
    endloop
  endfacet
  facet normal -0.883508 0.139923 -0.44703
    outer loop
      vertex -12.9294 2.2267 56.25
      vertex -14.8817 1.88 60
      vertex -14.7343 2.81072 60
    endloop
  endfacet
  facet normal -0.883506 0.139923 -0.447034
    outer loop
      vertex -13.0215 1.645 56.25
      vertex -14.8817 1.88 60
      vertex -12.9478 2.11036 56.25
    endloop
  endfacet
  facet normal 0.0839147 -0.890559 -0.447059
    outer loop
      vertex 1.2932 -13.0548 56.25
      vertex 0.941857 -14.9704 60
      vertex 1.05866 -13.0769 56.25
    endloop
  endfacet
  facet normal 0.0842 -0.890549 -0.447027
    outer loop
      vertex 0.941857 -14.9704 60
      vertex 1.2932 -13.0548 56.25
      vertex 1.88 -14.8817 60
    endloop
  endfacet
  facet normal 0.0842946 -0.890536 -0.447036
    outer loop
      vertex 1.88 -14.8817 60
      vertex 1.2932 -13.0548 56.25
      vertex 1.645 -13.0215 56.25
    endloop
  endfacet
  facet normal -0.406237 -0.796946 -0.447043
    outer loop
      vertex -6.11311 -11.6085 56.25
      vertex -7.22631 -13.1446 60
      vertex -6.32302 -11.5015 56.25
    endloop
  endfacet
  facet normal -0.883473 -0.140107 -0.447041
    outer loop
      vertex -12.8925 -2.45938 56.25
      vertex -14.7343 -2.81072 60
      vertex -12.9294 -2.2267 56.25
    endloop
  endfacet
  facet normal 0.890559 -0.0839147 -0.447059
    outer loop
      vertex 14.9704 -0.941857 60
      vertex 13.0548 -1.2932 56.25
      vertex 13.0769 -1.05866 56.25
    endloop
  endfacet
  facet normal 0.890549 -0.0842 -0.447027
    outer loop
      vertex 14.8817 -1.88 60
      vertex 13.0548 -1.2932 56.25
      vertex 14.9704 -0.941857 60
    endloop
  endfacet
  facet normal 0.890536 -0.0842946 -0.447036
    outer loop
      vertex 13.0548 -1.2932 56.25
      vertex 14.8817 -1.88 60
      vertex 13.0215 -1.645 56.25
    endloop
  endfacet
  facet normal -0.406237 0.796946 -0.447043
    outer loop
      vertex -6.32302 11.5015 56.25
      vertex -7.22631 13.1446 60
      vertex -6.11311 11.6085 56.25
    endloop
  endfacet
  facet normal 0.406246 -0.796951 -0.447027
    outer loop
      vertex 5.90321 -11.7154 56.25
      vertex 6.38669 -13.5724 60
      vertex 5.58835 -11.8759 56.25
    endloop
  endfacet
  facet normal 0.405948 -0.797087 -0.447055
    outer loop
      vertex 6.11311 -11.6085 56.25
      vertex 6.38669 -13.5724 60
      vertex 5.90321 -11.7154 56.25
    endloop
  endfacet
  facet normal 0.406097 -0.797024 -0.447033
    outer loop
      vertex 6.38669 -13.5724 60
      vertex 6.11311 -11.6085 56.25
      vertex 7.22631 -13.1446 60
    endloop
  endfacet
  facet normal -0.841638 -0.302999 -0.447032
    outer loop
      vertex -12.3629 -4.38833 56.25
      vertex -14.2658 -4.63525 60
      vertex -12.4028 -4.2775 56.25
    endloop
  endfacet
  facet normal -0.841634 -0.303011 -0.447031
    outer loop
      vertex -12.2033 -4.83163 56.25
      vertex -14.2658 -4.63525 60
      vertex -12.3629 -4.38833 56.25
    endloop
  endfacet
  facet normal -0.841636 -0.303005 -0.447032
    outer loop
      vertex -14.2658 -4.63525 60
      vertex -12.2033 -4.83163 56.25
      vertex -13.9466 -5.52187 60
    endloop
  endfacet
  facet normal 0.796951 -0.406246 -0.447027
    outer loop
      vertex 13.5724 -6.38669 60
      vertex 11.7154 -5.90321 56.25
      vertex 11.8759 -5.58835 56.25
    endloop
  endfacet
  facet normal 0.797087 -0.405948 -0.447055
    outer loop
      vertex 11.7154 -5.90321 56.25
      vertex 13.5724 -6.38669 60
      vertex 11.6085 -6.11311 56.25
    endloop
  endfacet
  facet normal 0.797024 -0.406097 -0.447033
    outer loop
      vertex 11.6085 -6.11311 56.25
      vertex 13.5724 -6.38669 60
      vertex 13.1446 -7.22631 60
    endloop
  endfacet
  facet normal -0.706779 -0.548291 -0.447035
    outer loop
      vertex -12.1353 -8.81678 60
      vertex -10.4018 -7.9939 56.25
      vertex -10.2574 -8.18004 56.25
    endloop
  endfacet
  facet normal -0.706904 -0.548115 -0.447054
    outer loop
      vertex -10.4018 -7.9939 56.25
      vertex -12.1353 -8.81678 60
      vertex -10.6183 -7.71468 56.25
    endloop
  endfacet
  facet normal -0.706786 -0.548281 -0.447036
    outer loop
      vertex -12.1353 -8.81678 60
      vertex -10.2574 -8.18004 56.25
      vertex -11.5577 -9.56136 60
    endloop
  endfacet
  facet normal 0.355224 0.820964 -0.447028
    outer loop
      vertex 5.58835 11.8759 56.25
      vertex 5.52187 13.9466 60
      vertex 6.38669 13.5724 60
    endloop
  endfacet
  facet normal 0.355166 0.820983 -0.447039
    outer loop
      vertex 5.26404 12.0162 56.25
      vertex 5.52187 13.9466 60
      vertex 5.58835 11.8759 56.25
    endloop
  endfacet
  facet normal 0.355223 0.820962 -0.447033
    outer loop
      vertex 5.52187 13.9466 60
      vertex 5.26404 12.0162 56.25
      vertex 4.83163 12.2033 56.25
    endloop
  endfacet
  facet normal 0.706793 0.548273 -0.447035
    outer loop
      vertex 10.113 8.36619 56.25
      vertex 11.5577 9.56136 60
      vertex 10.2574 8.18004 56.25
    endloop
  endfacet
  facet normal 0.502759 -0.739861 -0.447035
    outer loop
      vertex 8.0374 -12.6649 60
      vertex 7.03273 -11.0818 56.25
      vertex 7.22757 -10.9494 56.25
    endloop
  endfacet
  facet normal 0.872963 -0.195173 -0.447038
    outer loop
      vertex 14.7343 -2.81072 60
      vertex 12.8154 -2.80424 56.25
      vertex 12.8411 -2.68929 56.25
    endloop
  endfacet
  facet normal 0.872996 -0.194986 -0.447055
    outer loop
      vertex 14.7343 -2.81072 60
      vertex 12.7127 -3.26405 56.25
      vertex 12.8154 -2.80424 56.25
    endloop
  endfacet
  facet normal 0.872973 -0.195169 -0.44702
    outer loop
      vertex 12.7127 -3.26405 56.25
      vertex 14.7343 -2.81072 60
      vertex 14.5287 -3.73035 60
    endloop
  endfacet
  facet normal -0.769975 0.455294 -0.447042
    outer loop
      vertex -11.5015 6.32302 56.25
      vertex -13.1446 7.22631 60
      vertex -11.3816 6.52579 56.25
    endloop
  endfacet
  facet normal -0.502759 0.739861 -0.447035
    outer loop
      vertex -7.32499 10.8832 56.25
      vertex -8.0374 12.6649 60
      vertex -7.22757 10.9494 56.25
    endloop
  endfacet
  facet normal -0.502883 0.739784 -0.447022
    outer loop
      vertex -7.71468 10.6183 56.25
      vertex -8.0374 12.6649 60
      vertex -7.32499 10.8832 56.25
    endloop
  endfacet
  facet normal -0.502745 0.73986 -0.447051
    outer loop
      vertex -8.0374 12.6649 60
      vertex -7.71468 10.6183 56.25
      vertex -8.81678 12.1353 60
    endloop
  endfacet
  facet normal -0.303011 0.841634 -0.447031
    outer loop
      vertex -4.2775 12.4028 56.25
      vertex -4.63525 14.2658 60
      vertex -4.05585 12.4826 56.25
    endloop
  endfacet
  facet normal -0.670951 -0.591595 -0.447035
    outer loop
      vertex -9.95719 -8.5429 56.25
      vertex -11.5577 -9.56136 60
      vertex -10.113 -8.36619 56.25
    endloop
  endfacet
  facet normal 0.548115 -0.706904 -0.447054
    outer loop
      vertex 7.9939 -10.4018 56.25
      vertex 8.81678 -12.1353 60
      vertex 7.71468 -10.6183 56.25
    endloop
  endfacet
  facet normal 0.548291 -0.706779 -0.447035
    outer loop
      vertex 8.18004 -10.2574 56.25
      vertex 8.81678 -12.1353 60
      vertex 7.9939 -10.4018 56.25
    endloop
  endfacet
  facet normal 0.548281 -0.706786 -0.447036
    outer loop
      vertex 8.81678 -12.1353 60
      vertex 8.18004 -10.2574 56.25
      vertex 9.56136 -11.5577 60
    endloop
  endfacet
  facet normal -0.894074 0.0280983 -0.447037
    outer loop
      vertex -13.1139 0.353197 56.25
      vertex -14.9704 0.941857 60
      vertex -13.1065 0.588661 56.25
    endloop
  endfacet
  facet normal -0.894074 0.0280983 -0.447037
    outer loop
      vertex -15 0 60
      vertex -13.1139 0.353197 56.25
      vertex -13.125 0 56.25
    endloop
  endfacet
  facet normal -0.894074 0.0280983 -0.447037
    outer loop
      vertex -13.1139 0.353197 56.25
      vertex -15 0 60
      vertex -14.9704 0.941857 60
    endloop
  endfacet
  facet normal -0.858997 -0.249594 -0.44702
    outer loop
      vertex -12.6141 -3.60339 56.25
      vertex -14.5287 -3.73035 60
      vertex -12.7127 -3.26405 56.25
    endloop
  endfacet
  facet normal -0.858984 -0.249649 -0.447015
    outer loop
      vertex -12.4826 -4.05585 56.25
      vertex -14.5287 -3.73035 60
      vertex -12.6141 -3.60339 56.25
    endloop
  endfacet
  facet normal -0.859 -0.249565 -0.447031
    outer loop
      vertex -14.5287 -3.73035 60
      vertex -12.4826 -4.05585 56.25
      vertex -14.2658 -4.63525 60
    endloop
  endfacet
  facet normal -0.841636 0.303005 -0.447032
    outer loop
      vertex -12.2033 4.83163 56.25
      vertex -14.2658 4.63525 60
      vertex -13.9466 5.52187 60
    endloop
  endfacet
  facet normal -0.841634 0.303011 -0.447031
    outer loop
      vertex -12.3629 4.38833 56.25
      vertex -14.2658 4.63525 60
      vertex -12.2033 4.83163 56.25
    endloop
  endfacet
  facet normal -0.841638 0.302999 -0.447032
    outer loop
      vertex -14.2658 4.63525 60
      vertex -12.3629 4.38833 56.25
      vertex -12.4028 4.2775 56.25
    endloop
  endfacet
  facet normal -0.139923 -0.883508 -0.44703
    outer loop
      vertex -2.2267 -12.9294 56.25
      vertex -1.88 -14.8817 60
      vertex -2.81072 -14.7343 60
    endloop
  endfacet
  facet normal -0.139736 -0.883524 -0.447056
    outer loop
      vertex -2.11036 -12.9478 56.25
      vertex -1.88 -14.8817 60
      vertex -2.2267 -12.9294 56.25
    endloop
  endfacet
  facet normal -0.139923 -0.883506 -0.447034
    outer loop
      vertex -1.645 -13.0215 56.25
      vertex -1.88 -14.8817 60
      vertex -2.11036 -12.9478 56.25
    endloop
  endfacet
  facet normal -0.548281 -0.706786 -0.447036
    outer loop
      vertex -8.18004 -10.2574 56.25
      vertex -8.81678 -12.1353 60
      vertex -9.56136 -11.5577 60
    endloop
  endfacet
  facet normal -0.548291 -0.706779 -0.447035
    outer loop
      vertex -7.9939 -10.4018 56.25
      vertex -8.81678 -12.1353 60
      vertex -8.18004 -10.2574 56.25
    endloop
  endfacet
  facet normal -0.548115 -0.706904 -0.447054
    outer loop
      vertex -8.81678 -12.1353 60
      vertex -7.9939 -10.4018 56.25
      vertex -7.71468 -10.6183 56.25
    endloop
  endfacet
  facet normal 0.139923 0.883508 -0.44703
    outer loop
      vertex 2.2267 12.9294 56.25
      vertex 1.88 14.8817 60
      vertex 2.81072 14.7343 60
    endloop
  endfacet
  facet normal 0.139736 0.883524 -0.447056
    outer loop
      vertex 2.11036 12.9478 56.25
      vertex 1.88 14.8817 60
      vertex 2.2267 12.9294 56.25
    endloop
  endfacet
  facet normal 0.139923 0.883506 -0.447034
    outer loop
      vertex 1.645 13.0215 56.25
      vertex 1.88 14.8817 60
      vertex 2.11036 12.9478 56.25
    endloop
  endfacet
  facet normal 0.406097 0.797024 -0.447033
    outer loop
      vertex 6.11311 11.6085 56.25
      vertex 6.38669 13.5724 60
      vertex 7.22631 13.1446 60
    endloop
  endfacet
  facet normal 0.405948 0.797087 -0.447055
    outer loop
      vertex 5.90321 11.7154 56.25
      vertex 6.38669 13.5724 60
      vertex 6.11311 11.6085 56.25
    endloop
  endfacet
  facet normal 0.406246 0.796951 -0.447027
    outer loop
      vertex 6.38669 13.5724 60
      vertex 5.90321 11.7154 56.25
      vertex 5.58835 11.8759 56.25
    endloop
  endfacet
  facet normal -0.73986 0.502745 -0.447051
    outer loop
      vertex -10.6183 7.71468 56.25
      vertex -12.6649 8.0374 60
      vertex -12.1353 8.81678 60
    endloop
  endfacet
  facet normal -0.739784 0.502883 -0.447022
    outer loop
      vertex -10.8832 7.32499 56.25
      vertex -12.6649 8.0374 60
      vertex -10.6183 7.71468 56.25
    endloop
  endfacet
  facet normal -0.739861 0.502759 -0.447035
    outer loop
      vertex -12.6649 8.0374 60
      vertex -10.8832 7.32499 56.25
      vertex -10.9494 7.22757 56.25
    endloop
  endfacet
  facet normal 0.591552 -0.670987 -0.447038
    outer loop
      vertex 8.71961 -9.8014 56.25
      vertex 9.56136 -11.5577 60
      vertex 8.5429 -9.95719 56.25
    endloop
  endfacet
  facet normal 0.591552 -0.670986 -0.447038
    outer loop
      vertex 8.98468 -9.56771 56.25
      vertex 9.56136 -11.5577 60
      vertex 8.71961 -9.8014 56.25
    endloop
  endfacet
  facet normal 0.591575 -0.67097 -0.447033
    outer loop
      vertex 9.56136 -11.5577 60
      vertex 8.98468 -9.56771 56.25
      vertex 10.2682 -10.9345 60
    endloop
  endfacet
  facet normal -0.883473 0.140107 -0.447041
    outer loop
      vertex -14.7343 2.81072 60
      vertex -12.8925 2.45938 56.25
      vertex -12.9294 2.2267 56.25
    endloop
  endfacet
  facet normal -0.670986 -0.591552 -0.447038
    outer loop
      vertex -11.5577 -9.56136 60
      vertex -9.8014 -8.71961 56.25
      vertex -9.56771 -8.98468 56.25
    endloop
  endfacet
  facet normal -0.670987 -0.591552 -0.447038
    outer loop
      vertex -9.8014 -8.71961 56.25
      vertex -11.5577 -9.56136 60
      vertex -9.95719 -8.5429 56.25
    endloop
  endfacet
  facet normal -0.67097 -0.591575 -0.447033
    outer loop
      vertex -11.5577 -9.56136 60
      vertex -9.56771 -8.98468 56.25
      vertex -10.9345 -10.2682 60
    endloop
  endfacet
  facet normal -0.195173 0.872963 -0.447038
    outer loop
      vertex -2.80424 12.8154 56.25
      vertex -2.81072 14.7343 60
      vertex -2.68929 12.8411 56.25
    endloop
  endfacet
  facet normal -0.194986 0.872996 -0.447055
    outer loop
      vertex -3.26405 12.7127 56.25
      vertex -2.81072 14.7343 60
      vertex -2.80424 12.8154 56.25
    endloop
  endfacet
  facet normal -0.195169 0.872973 -0.44702
    outer loop
      vertex -2.81072 14.7343 60
      vertex -3.26405 12.7127 56.25
      vertex -3.73035 14.5287 60
    endloop
  endfacet
  facet normal -0.894074 -0.0280983 -0.447037
    outer loop
      vertex -13.1139 -0.353197 56.25
      vertex -15 0 60
      vertex -13.125 0 56.25
    endloop
  endfacet
  facet normal -0.894074 -0.0280983 -0.447037
    outer loop
      vertex -13.1065 -0.588661 56.25
      vertex -15 0 60
      vertex -13.1139 -0.353197 56.25
    endloop
  endfacet
  facet normal -0.894074 -0.0280983 -0.447037
    outer loop
      vertex -15 0 60
      vertex -13.1065 -0.588661 56.25
      vertex -14.9704 -0.941857 60
    endloop
  endfacet
  facet normal 0.67097 0.591575 -0.447033
    outer loop
      vertex 11.5577 9.56136 60
      vertex 9.56771 8.98468 56.25
      vertex 10.9345 10.2682 60
    endloop
  endfacet
  facet normal 0.670986 0.591552 -0.447038
    outer loop
      vertex 11.5577 9.56136 60
      vertex 9.8014 8.71961 56.25
      vertex 9.56771 8.98468 56.25
    endloop
  endfacet
  facet normal 0.670987 0.591552 -0.447038
    outer loop
      vertex 9.8014 8.71961 56.25
      vertex 11.5577 9.56136 60
      vertex 9.95719 8.5429 56.25
    endloop
  endfacet
  facet normal 0.769975 -0.455294 -0.447042
    outer loop
      vertex 11.5015 -6.32302 56.25
      vertex 13.1446 -7.22631 60
      vertex 11.3816 -6.52579 56.25
    endloop
  endfacet
  facet normal 0.841634 0.303011 -0.447031
    outer loop
      vertex 12.4826 4.05585 56.25
      vertex 12.4028 4.2775 56.25
      vertex 14.2658 4.63525 60
    endloop
  endfacet
  facet normal -0.890559 -0.0839147 -0.447059
    outer loop
      vertex -13.0548 -1.2932 56.25
      vertex -14.9704 -0.941857 60
      vertex -13.0769 -1.05866 56.25
    endloop
  endfacet
  facet normal -0.890536 -0.0842946 -0.447036
    outer loop
      vertex -14.8817 -1.88 60
      vertex -13.0548 -1.2932 56.25
      vertex -13.0215 -1.645 56.25
    endloop
  endfacet
  facet normal -0.890549 -0.0842 -0.447027
    outer loop
      vertex -13.0548 -1.2932 56.25
      vertex -14.8817 -1.88 60
      vertex -14.9704 -0.941857 60
    endloop
  endfacet
  facet normal 0.084294 0.890536 -0.447036
    outer loop
      vertex 1.05866 13.0769 56.25
      vertex 0.824125 13.0991 56.25
      vertex 0.941857 14.9704 60
    endloop
  endfacet
  facet normal -0.0280983 -0.894074 -0.447037
    outer loop
      vertex -0.588661 -13.1065 56.25
      vertex 0 -15 60
      vertex -0.941857 -14.9704 60
    endloop
  endfacet
  facet normal -0.0280983 -0.894074 -0.447037
    outer loop
      vertex -0.353197 -13.1139 56.25
      vertex 0 -15 60
      vertex -0.588661 -13.1065 56.25
    endloop
  endfacet
  facet normal -0.0280983 -0.894074 -0.447037
    outer loop
      vertex 0 -15 60
      vertex -0.353197 -13.1139 56.25
      vertex 0 -13.125 56.25
    endloop
  endfacet
  facet normal -0.632519 -0.632519 -0.447033
    outer loop
      vertex -8.98468 -9.56771 56.25
      vertex -10.9345 -10.2682 60
      vertex -9.56771 -8.98468 56.25
    endloop
  endfacet
  facet normal -0.632519 -0.632519 -0.447033
    outer loop
      vertex -10.9345 -10.2682 60
      vertex -8.98468 -9.56771 56.25
      vertex -10.2682 -10.9345 60
    endloop
  endfacet
  facet normal 0.140107 -0.883473 -0.447041
    outer loop
      vertex 2.45938 -12.8925 56.25
      vertex 2.81072 -14.7343 60
      vertex 2.2267 -12.9294 56.25
    endloop
  endfacet
  facet normal 0.455294 -0.769975 -0.447042
    outer loop
      vertex 7.22631 -13.1446 60
      vertex 6.32302 -11.5015 56.25
      vertex 6.52579 -11.3816 56.25
    endloop
  endfacet
  facet normal -0.841634 -0.303011 -0.447031
    outer loop
      vertex -12.4028 -4.2775 56.25
      vertex -14.2658 -4.63525 60
      vertex -12.4826 -4.05585 56.25
    endloop
  endfacet
  facet normal -0.0280983 0.894074 -0.447037
    outer loop
      vertex -0.824125 13.0991 56.25
      vertex -0.941857 14.9704 60
      vertex -0.588661 13.1065 56.25
    endloop
  endfacet
  facet normal -0.872973 0.195169 -0.44702
    outer loop
      vertex -12.7127 3.26405 56.25
      vertex -14.7343 2.81072 60
      vertex -14.5287 3.73035 60
    endloop
  endfacet
  facet normal -0.872996 0.194986 -0.447055
    outer loop
      vertex -12.8154 2.80424 56.25
      vertex -14.7343 2.81072 60
      vertex -12.7127 3.26405 56.25
    endloop
  endfacet
  facet normal -0.872963 0.195173 -0.447038
    outer loop
      vertex -14.7343 2.81072 60
      vertex -12.8154 2.80424 56.25
      vertex -12.8411 2.68929 56.25
    endloop
  endfacet
  facet normal -0.797024 0.406097 -0.447033
    outer loop
      vertex -11.6085 6.11311 56.25
      vertex -13.5724 6.38669 60
      vertex -13.1446 7.22631 60
    endloop
  endfacet
  facet normal -0.797087 0.405948 -0.447055
    outer loop
      vertex -11.7154 5.90321 56.25
      vertex -13.5724 6.38669 60
      vertex -11.6085 6.11311 56.25
    endloop
  endfacet
  facet normal -0.796951 0.406246 -0.447027
    outer loop
      vertex -13.5724 6.38669 60
      vertex -11.7154 5.90321 56.25
      vertex -11.8759 5.58835 56.25
    endloop
  endfacet
  facet normal -0.084294 0.890536 -0.447036
    outer loop
      vertex -0.824125 13.0991 56.25
      vertex -1.05866 13.0769 56.25
      vertex -0.941857 14.9704 60
    endloop
  endfacet
  facet normal 0.0842946 0.890536 -0.447036
    outer loop
      vertex 1.2932 13.0548 56.25
      vertex 1.88 14.8817 60
      vertex 1.645 13.0215 56.25
    endloop
  endfacet
  facet normal 0.0842 0.890549 -0.447027
    outer loop
      vertex 1.88 14.8817 60
      vertex 1.2932 13.0548 56.25
      vertex 0.941857 14.9704 60
    endloop
  endfacet
  facet normal 0.0839147 0.890559 -0.447059
    outer loop
      vertex 0.941857 14.9704 60
      vertex 1.2932 13.0548 56.25
      vertex 1.05866 13.0769 56.25
    endloop
  endfacet
  facet normal 0.548281 0.706786 -0.447036
    outer loop
      vertex 8.18004 10.2574 56.25
      vertex 8.81678 12.1353 60
      vertex 9.56136 11.5577 60
    endloop
  endfacet
  facet normal 0.548291 0.706779 -0.447035
    outer loop
      vertex 7.9939 10.4018 56.25
      vertex 8.81678 12.1353 60
      vertex 8.18004 10.2574 56.25
    endloop
  endfacet
  facet normal 0.548115 0.706904 -0.447054
    outer loop
      vertex 8.81678 12.1353 60
      vertex 7.9939 10.4018 56.25
      vertex 7.71468 10.6183 56.25
    endloop
  endfacet
  facet normal -0.739861 0.502759 -0.447035
    outer loop
      vertex -11.0818 7.03273 56.25
      vertex -12.6649 8.0374 60
      vertex -10.9494 7.22757 56.25
    endloop
  endfacet
  facet normal -0.591575 -0.67097 -0.447033
    outer loop
      vertex -8.98468 -9.56771 56.25
      vertex -9.56136 -11.5577 60
      vertex -10.2682 -10.9345 60
    endloop
  endfacet
  facet normal -0.591552 -0.670986 -0.447038
    outer loop
      vertex -8.71961 -9.8014 56.25
      vertex -9.56136 -11.5577 60
      vertex -8.98468 -9.56771 56.25
    endloop
  endfacet
  facet normal -0.591552 -0.670987 -0.447038
    outer loop
      vertex -9.56136 -11.5577 60
      vertex -8.71961 -9.8014 56.25
      vertex -8.5429 -9.95719 56.25
    endloop
  endfacet
  facet normal 0.670951 -0.591595 -0.447035
    outer loop
      vertex 11.5577 -9.56136 60
      vertex 9.95719 -8.5429 56.25
      vertex 10.113 -8.36619 56.25
    endloop
  endfacet
  facet normal 0.548273 0.706793 -0.447035
    outer loop
      vertex 8.36619 10.113 56.25
      vertex 8.18004 10.2574 56.25
      vertex 9.56136 11.5577 60
    endloop
  endfacet
  facet normal 0.303005 0.841636 -0.447032
    outer loop
      vertex 4.83163 12.2033 56.25
      vertex 4.63525 14.2658 60
      vertex 5.52187 13.9466 60
    endloop
  endfacet
  facet normal 0.303011 0.841634 -0.447031
    outer loop
      vertex 4.38833 12.3629 56.25
      vertex 4.63525 14.2658 60
      vertex 4.83163 12.2033 56.25
    endloop
  endfacet
  facet normal 0.302999 0.841638 -0.447032
    outer loop
      vertex 4.63525 14.2658 60
      vertex 4.38833 12.3629 56.25
      vertex 4.2775 12.4028 56.25
    endloop
  endfacet
  facet normal -0.140107 0.883473 -0.447041
    outer loop
      vertex -2.45938 12.8925 56.25
      vertex -2.81072 14.7343 60
      vertex -2.2267 12.9294 56.25
    endloop
  endfacet
  facet normal 0.73986 0.502745 -0.447051
    outer loop
      vertex 12.6649 8.0374 60
      vertex 10.6183 7.71468 56.25
      vertex 12.1353 8.81678 60
    endloop
  endfacet
  facet normal 0.739784 0.502883 -0.447022
    outer loop
      vertex 12.6649 8.0374 60
      vertex 10.8832 7.32499 56.25
      vertex 10.6183 7.71468 56.25
    endloop
  endfacet
  facet normal 0.739861 0.502759 -0.447035
    outer loop
      vertex 10.8832 7.32499 56.25
      vertex 12.6649 8.0374 60
      vertex 10.9494 7.22757 56.25
    endloop
  endfacet
  facet normal 0.591595 0.670951 -0.447035
    outer loop
      vertex 8.5429 9.95719 56.25
      vertex 8.36619 10.113 56.25
      vertex 9.56136 11.5577 60
    endloop
  endfacet
  facet normal -0.502745 -0.73986 -0.447051
    outer loop
      vertex -7.71468 -10.6183 56.25
      vertex -8.0374 -12.6649 60
      vertex -8.81678 -12.1353 60
    endloop
  endfacet
  facet normal -0.502883 -0.739784 -0.447022
    outer loop
      vertex -7.32499 -10.8832 56.25
      vertex -8.0374 -12.6649 60
      vertex -7.71468 -10.6183 56.25
    endloop
  endfacet
  facet normal -0.502759 -0.739861 -0.447035
    outer loop
      vertex -8.0374 -12.6649 60
      vertex -7.32499 -10.8832 56.25
      vertex -7.22757 -10.9494 56.25
    endloop
  endfacet
  facet normal -0.195165 0.872964 -0.447039
    outer loop
      vertex -2.68929 12.8411 56.25
      vertex -2.81072 14.7343 60
      vertex -2.45938 12.8925 56.25
    endloop
  endfacet
  facet normal 0.502745 0.73986 -0.447051
    outer loop
      vertex 7.71468 10.6183 56.25
      vertex 8.0374 12.6649 60
      vertex 8.81678 12.1353 60
    endloop
  endfacet
  facet normal 0.502883 0.739784 -0.447022
    outer loop
      vertex 7.32499 10.8832 56.25
      vertex 8.0374 12.6649 60
      vertex 7.71468 10.6183 56.25
    endloop
  endfacet
  facet normal 0.502759 0.739861 -0.447035
    outer loop
      vertex 8.0374 12.6649 60
      vertex 7.32499 10.8832 56.25
      vertex 7.22757 10.9494 56.25
    endloop
  endfacet
  facet normal 0.249565 0.859 -0.447031
    outer loop
      vertex 4.05585 12.4826 56.25
      vertex 3.73035 14.5287 60
      vertex 4.63525 14.2658 60
    endloop
  endfacet
  facet normal 0.249649 0.858984 -0.447015
    outer loop
      vertex 3.60339 12.6141 56.25
      vertex 3.73035 14.5287 60
      vertex 4.05585 12.4826 56.25
    endloop
  endfacet
  facet normal 0.249594 0.858997 -0.44702
    outer loop
      vertex 3.73035 14.5287 60
      vertex 3.60339 12.6141 56.25
      vertex 3.26405 12.7127 56.25
    endloop
  endfacet
  facet normal 0.591575 0.67097 -0.447033
    outer loop
      vertex 8.98468 9.56771 56.25
      vertex 9.56136 11.5577 60
      vertex 10.2682 10.9345 60
    endloop
  endfacet
  facet normal 0.591552 0.670986 -0.447038
    outer loop
      vertex 8.71961 9.8014 56.25
      vertex 9.56136 11.5577 60
      vertex 8.98468 9.56771 56.25
    endloop
  endfacet
  facet normal 0.591552 0.670987 -0.447038
    outer loop
      vertex 9.56136 11.5577 60
      vertex 8.71961 9.8014 56.25
      vertex 8.5429 9.95719 56.25
    endloop
  endfacet
  facet normal -0.0839147 0.890559 -0.447059
    outer loop
      vertex -1.2932 13.0548 56.25
      vertex -0.941857 14.9704 60
      vertex -1.05866 13.0769 56.25
    endloop
  endfacet
  facet normal -0.0842 0.890549 -0.447027
    outer loop
      vertex -0.941857 14.9704 60
      vertex -1.2932 13.0548 56.25
      vertex -1.88 14.8817 60
    endloop
  endfacet
  facet normal -0.0842946 0.890536 -0.447036
    outer loop
      vertex -1.88 14.8817 60
      vertex -1.2932 13.0548 56.25
      vertex -1.645 13.0215 56.25
    endloop
  endfacet
  facet normal -0.548273 -0.706793 -0.447035
    outer loop
      vertex -8.18004 -10.2574 56.25
      vertex -9.56136 -11.5577 60
      vertex -8.36619 -10.113 56.25
    endloop
  endfacet
  facet normal 0.632519 0.632519 -0.447033
    outer loop
      vertex 10.9345 10.2682 60
      vertex 8.98468 9.56771 56.25
      vertex 10.2682 10.9345 60
    endloop
  endfacet
  facet normal 0.632519 0.632519 -0.447033
    outer loop
      vertex 8.98468 9.56771 56.25
      vertex 10.9345 10.2682 60
      vertex 9.56771 8.98468 56.25
    endloop
  endfacet
  facet normal 0.548273 -0.706793 -0.447035
    outer loop
      vertex 9.56136 -11.5577 60
      vertex 8.18004 -10.2574 56.25
      vertex 8.36619 -10.113 56.25
    endloop
  endfacet
  facet normal -0.249565 -0.859 -0.447031
    outer loop
      vertex -4.05585 -12.4826 56.25
      vertex -3.73035 -14.5287 60
      vertex -4.63525 -14.2658 60
    endloop
  endfacet
  facet normal -0.249649 -0.858984 -0.447015
    outer loop
      vertex -3.60339 -12.6141 56.25
      vertex -3.73035 -14.5287 60
      vertex -4.05585 -12.4826 56.25
    endloop
  endfacet
  facet normal -0.249594 -0.858997 -0.44702
    outer loop
      vertex -3.73035 -14.5287 60
      vertex -3.60339 -12.6141 56.25
      vertex -3.26405 -12.7127 56.25
    endloop
  endfacet
  facet normal -0.859 0.249565 -0.447031
    outer loop
      vertex -12.4826 4.05585 56.25
      vertex -14.5287 3.73035 60
      vertex -14.2658 4.63525 60
    endloop
  endfacet
  facet normal -0.858984 0.249649 -0.447015
    outer loop
      vertex -12.6141 3.60339 56.25
      vertex -14.5287 3.73035 60
      vertex -12.4826 4.05585 56.25
    endloop
  endfacet
  facet normal -0.858997 0.249594 -0.44702
    outer loop
      vertex -14.5287 3.73035 60
      vertex -12.6141 3.60339 56.25
      vertex -12.7127 3.26405 56.25
    endloop
  endfacet
  facet normal 0.455277 -0.769984 -0.447043
    outer loop
      vertex 6.72857 -11.2617 56.25
      vertex 7.22631 -13.1446 60
      vertex 6.52579 -11.3816 56.25
    endloop
  endfacet
  facet normal 0.455385 -0.769928 -0.447029
    outer loop
      vertex 7.03273 -11.0818 56.25
      vertex 7.22631 -13.1446 60
      vertex 6.72857 -11.2617 56.25
    endloop
  endfacet
  facet normal 0.455362 -0.769939 -0.447034
    outer loop
      vertex 7.22631 -13.1446 60
      vertex 7.03273 -11.0818 56.25
      vertex 8.0374 -12.6649 60
    endloop
  endfacet
  facet normal -0.591595 0.670951 -0.447035
    outer loop
      vertex -8.5429 9.95719 56.25
      vertex -9.56136 11.5577 60
      vertex -8.36619 10.113 56.25
    endloop
  endfacet
  facet normal -0.820964 0.355224 -0.447028
    outer loop
      vertex -11.8759 5.58835 56.25
      vertex -13.9466 5.52187 60
      vertex -13.5724 6.38669 60
    endloop
  endfacet
  facet normal -0.820983 0.355166 -0.447039
    outer loop
      vertex -12.0162 5.26404 56.25
      vertex -13.9466 5.52187 60
      vertex -11.8759 5.58835 56.25
    endloop
  endfacet
  facet normal -0.820962 0.355223 -0.447033
    outer loop
      vertex -13.9466 5.52187 60
      vertex -12.0162 5.26404 56.25
      vertex -12.2033 4.83163 56.25
    endloop
  endfacet
  facet normal 0.796946 -0.406237 -0.447043
    outer loop
      vertex 13.1446 -7.22631 60
      vertex 11.5015 -6.32302 56.25
      vertex 11.6085 -6.11311 56.25
    endloop
  endfacet
  facet normal 0.249594 -0.858997 -0.44702
    outer loop
      vertex 3.60339 -12.6141 56.25
      vertex 3.73035 -14.5287 60
      vertex 3.26405 -12.7127 56.25
    endloop
  endfacet
  facet normal 0.249649 -0.858984 -0.447015
    outer loop
      vertex 4.05585 -12.4826 56.25
      vertex 3.73035 -14.5287 60
      vertex 3.60339 -12.6141 56.25
    endloop
  endfacet
  facet normal 0.249565 -0.859 -0.447031
    outer loop
      vertex 3.73035 -14.5287 60
      vertex 4.05585 -12.4826 56.25
      vertex 4.63525 -14.2658 60
    endloop
  endfacet
  facet normal -0.455277 0.769984 -0.447043
    outer loop
      vertex -6.72857 11.2617 56.25
      vertex -7.22631 13.1446 60
      vertex -6.52579 11.3816 56.25
    endloop
  endfacet
  facet normal -0.455385 0.769928 -0.447029
    outer loop
      vertex -7.03273 11.0818 56.25
      vertex -7.22631 13.1446 60
      vertex -6.72857 11.2617 56.25
    endloop
  endfacet
  facet normal -0.455362 0.769939 -0.447034
    outer loop
      vertex -7.22631 13.1446 60
      vertex -7.03273 11.0818 56.25
      vertex -8.0374 12.6649 60
    endloop
  endfacet
  facet normal 0.303011 0.841634 -0.447031
    outer loop
      vertex 4.2775 12.4028 56.25
      vertex 4.05585 12.4826 56.25
      vertex 4.63525 14.2658 60
    endloop
  endfacet
  facet normal -0.548115 0.706904 -0.447054
    outer loop
      vertex -7.9939 10.4018 56.25
      vertex -8.81678 12.1353 60
      vertex -7.71468 10.6183 56.25
    endloop
  endfacet
  facet normal -0.548291 0.706779 -0.447035
    outer loop
      vertex -8.18004 10.2574 56.25
      vertex -8.81678 12.1353 60
      vertex -7.9939 10.4018 56.25
    endloop
  endfacet
  facet normal -0.548281 0.706786 -0.447036
    outer loop
      vertex -8.81678 12.1353 60
      vertex -8.18004 10.2574 56.25
      vertex -9.56136 11.5577 60
    endloop
  endfacet
  facet normal 0.820962 -0.355223 -0.447033
    outer loop
      vertex 13.9466 -5.52187 60
      vertex 12.0162 -5.26404 56.25
      vertex 12.2033 -4.83163 56.25
    endloop
  endfacet
  facet normal 0.820983 -0.355166 -0.447039
    outer loop
      vertex 13.9466 -5.52187 60
      vertex 11.8759 -5.58835 56.25
      vertex 12.0162 -5.26404 56.25
    endloop
  endfacet
  facet normal 0.820964 -0.355224 -0.447028
    outer loop
      vertex 11.8759 -5.58835 56.25
      vertex 13.9466 -5.52187 60
      vertex 13.5724 -6.38669 60
    endloop
  endfacet
  facet normal -0.455294 -0.769975 -0.447042
    outer loop
      vertex -6.32302 -11.5015 56.25
      vertex -7.22631 -13.1446 60
      vertex -6.52579 -11.3816 56.25
    endloop
  endfacet
  facet normal 0.591595 -0.670951 -0.447035
    outer loop
      vertex 9.56136 -11.5577 60
      vertex 8.36619 -10.113 56.25
      vertex 8.5429 -9.95719 56.25
    endloop
  endfacet
  facet normal 0.706793 -0.548273 -0.447035
    outer loop
      vertex 11.5577 -9.56136 60
      vertex 10.113 -8.36619 56.25
      vertex 10.2574 -8.18004 56.25
    endloop
  endfacet
  facet normal 0.706786 0.548281 -0.447036
    outer loop
      vertex 12.1353 8.81678 60
      vertex 10.2574 8.18004 56.25
      vertex 11.5577 9.56136 60
    endloop
  endfacet
  facet normal 0.706779 0.548291 -0.447035
    outer loop
      vertex 12.1353 8.81678 60
      vertex 10.4018 7.9939 56.25
      vertex 10.2574 8.18004 56.25
    endloop
  endfacet
  facet normal 0.706904 0.548115 -0.447054
    outer loop
      vertex 10.4018 7.9939 56.25
      vertex 12.1353 8.81678 60
      vertex 10.6183 7.71468 56.25
    endloop
  endfacet
  facet normal 0.455294 0.769975 -0.447042
    outer loop
      vertex 6.32302 11.5015 56.25
      vertex 7.22631 13.1446 60
      vertex 6.52579 11.3816 56.25
    endloop
  endfacet
  facet normal 0.195173 -0.872963 -0.447038
    outer loop
      vertex 2.80424 -12.8154 56.25
      vertex 2.81072 -14.7343 60
      vertex 2.68929 -12.8411 56.25
    endloop
  endfacet
  facet normal 0.194986 -0.872996 -0.447055
    outer loop
      vertex 3.26405 -12.7127 56.25
      vertex 2.81072 -14.7343 60
      vertex 2.80424 -12.8154 56.25
    endloop
  endfacet
  facet normal 0.195169 -0.872973 -0.44702
    outer loop
      vertex 2.81072 -14.7343 60
      vertex 3.26405 -12.7127 56.25
      vertex 3.73035 -14.5287 60
    endloop
  endfacet
  facet normal 0.195165 -0.872964 -0.447039
    outer loop
      vertex 2.81072 -14.7343 60
      vertex 2.45938 -12.8925 56.25
      vertex 2.68929 -12.8411 56.25
    endloop
  endfacet
  facet normal -0.796946 0.406237 -0.447043
    outer loop
      vertex -11.6085 6.11311 56.25
      vertex -13.1446 7.22631 60
      vertex -11.5015 6.32302 56.25
    endloop
  endfacet
  facet normal -0.890536 0.084294 -0.447036
    outer loop
      vertex -13.0991 0.824125 56.25
      vertex -14.9704 0.941857 60
      vertex -13.0769 1.05866 56.25
    endloop
  endfacet
  facet normal 0.841636 0.303005 -0.447032
    outer loop
      vertex 14.2658 4.63525 60
      vertex 12.2033 4.83163 56.25
      vertex 13.9466 5.52187 60
    endloop
  endfacet
  facet normal 0.841634 0.303011 -0.447031
    outer loop
      vertex 14.2658 4.63525 60
      vertex 12.3629 4.38833 56.25
      vertex 12.2033 4.83163 56.25
    endloop
  endfacet
  facet normal 0.841638 0.302999 -0.447032
    outer loop
      vertex 12.3629 4.38833 56.25
      vertex 14.2658 4.63525 60
      vertex 12.4028 4.2775 56.25
    endloop
  endfacet
  facet normal 0.502759 0.739861 -0.447035
    outer loop
      vertex 7.22757 10.9494 56.25
      vertex 7.03273 11.0818 56.25
      vertex 8.0374 12.6649 60
    endloop
  endfacet
  facet normal -0.872964 0.195165 -0.447039
    outer loop
      vertex -12.8925 2.45938 56.25
      vertex -14.7343 2.81072 60
      vertex -12.8411 2.68929 56.25
    endloop
  endfacet
  facet normal -0.670951 0.591595 -0.447035
    outer loop
      vertex -10.113 8.36619 56.25
      vertex -11.5577 9.56136 60
      vertex -9.95719 8.5429 56.25
    endloop
  endfacet
  facet normal -0.769928 -0.455385 -0.447029
    outer loop
      vertex -13.1446 -7.22631 60
      vertex -11.2617 -6.72857 56.25
      vertex -11.0818 -7.03273 56.25
    endloop
  endfacet
  facet normal -0.769984 -0.455277 -0.447043
    outer loop
      vertex -11.2617 -6.72857 56.25
      vertex -13.1446 -7.22631 60
      vertex -11.3816 -6.52579 56.25
    endloop
  endfacet
  facet normal -0.769939 -0.455362 -0.447034
    outer loop
      vertex -13.1446 -7.22631 60
      vertex -11.0818 -7.03273 56.25
      vertex -12.6649 -8.0374 60
    endloop
  endfacet
  facet normal -0.769975 -0.455294 -0.447042
    outer loop
      vertex -13.1446 -7.22631 60
      vertex -11.5015 -6.32302 56.25
      vertex -11.3816 -6.52579 56.25
    endloop
  endfacet
  facet normal 0.0280983 0.894074 -0.447037
    outer loop
      vertex 0.941857 14.9704 60
      vertex 0.824125 13.0991 56.25
      vertex 0.588661 13.1065 56.25
    endloop
  endfacet
  facet normal 0.796946 0.406237 -0.447043
    outer loop
      vertex 11.6085 6.11311 56.25
      vertex 11.5015 6.32302 56.25
      vertex 13.1446 7.22631 60
    endloop
  endfacet
  facet normal -0.894074 0.0280983 -0.447037
    outer loop
      vertex -14.9704 0.941857 60
      vertex -13.0991 0.824125 56.25
      vertex -13.1065 0.588661 56.25
    endloop
  endfacet
  facet normal 0.769939 0.455362 -0.447034
    outer loop
      vertex 13.1446 7.22631 60
      vertex 11.0818 7.03273 56.25
      vertex 12.6649 8.0374 60
    endloop
  endfacet
  facet normal 0.769928 0.455385 -0.447029
    outer loop
      vertex 13.1446 7.22631 60
      vertex 11.2617 6.72857 56.25
      vertex 11.0818 7.03273 56.25
    endloop
  endfacet
  facet normal 0.769984 0.455277 -0.447043
    outer loop
      vertex 11.2617 6.72857 56.25
      vertex 13.1446 7.22631 60
      vertex 11.3816 6.52579 56.25
    endloop
  endfacet
  facet normal -0.502759 -0.739861 -0.447035
    outer loop
      vertex -7.03273 -11.0818 56.25
      vertex -8.0374 -12.6649 60
      vertex -7.22757 -10.9494 56.25
    endloop
  endfacet
  facet normal 0.883508 0.139923 -0.44703
    outer loop
      vertex 14.8817 1.88 60
      vertex 12.9294 2.2267 56.25
      vertex 14.7343 2.81072 60
    endloop
  endfacet
  facet normal 0.883524 0.139736 -0.447056
    outer loop
      vertex 12.9294 2.2267 56.25
      vertex 14.8817 1.88 60
      vertex 12.9478 2.11036 56.25
    endloop
  endfacet
  facet normal 0.883506 0.139923 -0.447034
    outer loop
      vertex 14.8817 1.88 60
      vertex 13.0215 1.645 56.25
      vertex 12.9478 2.11036 56.25
    endloop
  endfacet
  facet normal -0.084294 -0.890536 -0.447036
    outer loop
      vertex -0.941857 -14.9704 60
      vertex -1.05866 -13.0769 56.25
      vertex -0.824125 -13.0991 56.25
    endloop
  endfacet
  facet normal 0.872964 0.195165 -0.447039
    outer loop
      vertex 12.8925 2.45938 56.25
      vertex 12.8411 2.68929 56.25
      vertex 14.7343 2.81072 60
    endloop
  endfacet
  facet normal 0 0 1
    outer loop
      vertex 14.9704 0.941857 60
      vertex 14.9704 -0.941857 60
      vertex 15 0 60
    endloop
  endfacet
  facet normal 0 0 1
    outer loop
      vertex 14.8817 1.88 60
      vertex 14.9704 -0.941857 60
      vertex 14.9704 0.941857 60
    endloop
  endfacet
  facet normal 0 0 1
    outer loop
      vertex 14.8817 1.88 60
      vertex 14.8817 -1.88 60
      vertex 14.9704 -0.941857 60
    endloop
  endfacet
  facet normal 0 0 1
    outer loop
      vertex 14.7343 2.81072 60
      vertex 14.8817 -1.88 60
      vertex 14.8817 1.88 60
    endloop
  endfacet
  facet normal 0 0 1
    outer loop
      vertex 14.7343 2.81072 60
      vertex 14.7343 -2.81072 60
      vertex 14.8817 -1.88 60
    endloop
  endfacet
  facet normal 0 0 1
    outer loop
      vertex 14.5287 3.73035 60
      vertex 14.7343 -2.81072 60
      vertex 14.7343 2.81072 60
    endloop
  endfacet
  facet normal 0 0 1
    outer loop
      vertex 14.5287 3.73035 60
      vertex 14.5287 -3.73035 60
      vertex 14.7343 -2.81072 60
    endloop
  endfacet
  facet normal 0 0 1
    outer loop
      vertex 14.2658 4.63525 60
      vertex 14.5287 -3.73035 60
      vertex 14.5287 3.73035 60
    endloop
  endfacet
  facet normal 0 0 1
    outer loop
      vertex 14.2658 4.63525 60
      vertex 14.2658 -4.63525 60
      vertex 14.5287 -3.73035 60
    endloop
  endfacet
  facet normal 0 0 1
    outer loop
      vertex 13.9466 5.52187 60
      vertex 14.2658 -4.63525 60
      vertex 14.2658 4.63525 60
    endloop
  endfacet
  facet normal 0 0 1
    outer loop
      vertex 13.9466 5.52187 60
      vertex 13.9466 -5.52187 60
      vertex 14.2658 -4.63525 60
    endloop
  endfacet
  facet normal 0 0 1
    outer loop
      vertex 13.5724 6.38669 60
      vertex 13.9466 -5.52187 60
      vertex 13.9466 5.52187 60
    endloop
  endfacet
  facet normal 0 0 1
    outer loop
      vertex 13.5724 6.38669 60
      vertex 13.5724 -6.38669 60
      vertex 13.9466 -5.52187 60
    endloop
  endfacet
  facet normal 0 0 1
    outer loop
      vertex 13.1446 7.22631 60
      vertex 13.5724 -6.38669 60
      vertex 13.5724 6.38669 60
    endloop
  endfacet
  facet normal 0 0 1
    outer loop
      vertex 13.1446 7.22631 60
      vertex 13.1446 -7.22631 60
      vertex 13.5724 -6.38669 60
    endloop
  endfacet
  facet normal 0 0 1
    outer loop
      vertex 12.6649 8.0374 60
      vertex 13.1446 -7.22631 60
      vertex 13.1446 7.22631 60
    endloop
  endfacet
  facet normal 0 0 1
    outer loop
      vertex 12.6649 8.0374 60
      vertex 12.6649 -8.0374 60
      vertex 13.1446 -7.22631 60
    endloop
  endfacet
  facet normal 0 0 1
    outer loop
      vertex 12.1353 8.81678 60
      vertex 12.6649 -8.0374 60
      vertex 12.6649 8.0374 60
    endloop
  endfacet
  facet normal 0 0 1
    outer loop
      vertex 12.1353 8.81678 60
      vertex 12.1353 -8.81678 60
      vertex 12.6649 -8.0374 60
    endloop
  endfacet
  facet normal 0 0 1
    outer loop
      vertex 11.5577 9.56136 60
      vertex 12.1353 -8.81678 60
      vertex 12.1353 8.81678 60
    endloop
  endfacet
  facet normal 0 0 1
    outer loop
      vertex 11.5577 9.56136 60
      vertex 11.5577 -9.56136 60
      vertex 12.1353 -8.81678 60
    endloop
  endfacet
  facet normal 0 0 1
    outer loop
      vertex 10.9345 10.2682 60
      vertex 11.5577 -9.56136 60
      vertex 11.5577 9.56136 60
    endloop
  endfacet
  facet normal 0 0 1
    outer loop
      vertex 10.9345 10.2682 60
      vertex 10.9345 -10.2682 60
      vertex 11.5577 -9.56136 60
    endloop
  endfacet
  facet normal 0 0 1
    outer loop
      vertex 10.2682 10.9345 60
      vertex 10.9345 -10.2682 60
      vertex 10.9345 10.2682 60
    endloop
  endfacet
  facet normal 0 0 1
    outer loop
      vertex 10.2682 10.9345 60
      vertex 10.2682 -10.9345 60
      vertex 10.9345 -10.2682 60
    endloop
  endfacet
  facet normal 0 0 1
    outer loop
      vertex 9.56136 11.5577 60
      vertex 10.2682 -10.9345 60
      vertex 10.2682 10.9345 60
    endloop
  endfacet
  facet normal 0 0 1
    outer loop
      vertex 9.56136 11.5577 60
      vertex 9.56136 -11.5577 60
      vertex 10.2682 -10.9345 60
    endloop
  endfacet
  facet normal 0 0 1
    outer loop
      vertex 8.81678 12.1353 60
      vertex 9.56136 -11.5577 60
      vertex 9.56136 11.5577 60
    endloop
  endfacet
  facet normal 0 0 1
    outer loop
      vertex 8.81678 12.1353 60
      vertex 8.81678 -12.1353 60
      vertex 9.56136 -11.5577 60
    endloop
  endfacet
  facet normal 0 0 1
    outer loop
      vertex 8.0374 12.6649 60
      vertex 8.81678 -12.1353 60
      vertex 8.81678 12.1353 60
    endloop
  endfacet
  facet normal 0 0 1
    outer loop
      vertex 8.0374 12.6649 60
      vertex 8.0374 -12.6649 60
      vertex 8.81678 -12.1353 60
    endloop
  endfacet
  facet normal 0 0 1
    outer loop
      vertex 7.22631 13.1446 60
      vertex 8.0374 -12.6649 60
      vertex 8.0374 12.6649 60
    endloop
  endfacet
  facet normal 0 0 1
    outer loop
      vertex 7.22631 13.1446 60
      vertex 7.22631 -13.1446 60
      vertex 8.0374 -12.6649 60
    endloop
  endfacet
  facet normal 0 0 1
    outer loop
      vertex 6.38669 13.5724 60
      vertex 7.22631 -13.1446 60
      vertex 7.22631 13.1446 60
    endloop
  endfacet
  facet normal 0 0 1
    outer loop
      vertex 6.38669 13.5724 60
      vertex 6.38669 -13.5724 60
      vertex 7.22631 -13.1446 60
    endloop
  endfacet
  facet normal 0 0 1
    outer loop
      vertex 5.52187 13.9466 60
      vertex 6.38669 -13.5724 60
      vertex 6.38669 13.5724 60
    endloop
  endfacet
  facet normal 0 0 1
    outer loop
      vertex 5.52187 13.9466 60
      vertex 5.52187 -13.9466 60
      vertex 6.38669 -13.5724 60
    endloop
  endfacet
  facet normal 0 0 1
    outer loop
      vertex 4.63525 14.2658 60
      vertex 5.52187 -13.9466 60
      vertex 5.52187 13.9466 60
    endloop
  endfacet
  facet normal 0 0 1
    outer loop
      vertex 4.63525 14.2658 60
      vertex 4.63525 -14.2658 60
      vertex 5.52187 -13.9466 60
    endloop
  endfacet
  facet normal 0 0 1
    outer loop
      vertex 3.73035 14.5287 60
      vertex 4.63525 -14.2658 60
      vertex 4.63525 14.2658 60
    endloop
  endfacet
  facet normal 0 0 1
    outer loop
      vertex 3.73035 14.5287 60
      vertex 3.73035 -14.5287 60
      vertex 4.63525 -14.2658 60
    endloop
  endfacet
  facet normal 0 0 1
    outer loop
      vertex 2.81072 14.7343 60
      vertex 3.73035 -14.5287 60
      vertex 3.73035 14.5287 60
    endloop
  endfacet
  facet normal 0 0 1
    outer loop
      vertex 2.81072 14.7343 60
      vertex 2.81072 -14.7343 60
      vertex 3.73035 -14.5287 60
    endloop
  endfacet
  facet normal 0 0 1
    outer loop
      vertex 1.88 14.8817 60
      vertex 2.81072 -14.7343 60
      vertex 2.81072 14.7343 60
    endloop
  endfacet
  facet normal 0 0 1
    outer loop
      vertex 1.88 14.8817 60
      vertex 1.88 -14.8817 60
      vertex 2.81072 -14.7343 60
    endloop
  endfacet
  facet normal 0 0 1
    outer loop
      vertex 0.941857 14.9704 60
      vertex 1.88 -14.8817 60
      vertex 1.88 14.8817 60
    endloop
  endfacet
  facet normal 0 0 1
    outer loop
      vertex 0.941857 14.9704 60
      vertex 0.941857 -14.9704 60
      vertex 1.88 -14.8817 60
    endloop
  endfacet
  facet normal 0 0 1
    outer loop
      vertex 0 15 60
      vertex 0.941857 -14.9704 60
      vertex 0.941857 14.9704 60
    endloop
  endfacet
  facet normal 0 0 1
    outer loop
      vertex 0 15 60
      vertex 0 -15 60
      vertex 0.941857 -14.9704 60
    endloop
  endfacet
  facet normal -0 0 1
    outer loop
      vertex -0.941857 14.9704 60
      vertex 0 -15 60
      vertex 0 15 60
    endloop
  endfacet
  facet normal 0 0 1
    outer loop
      vertex -0.941857 14.9704 60
      vertex -0.941857 -14.9704 60
      vertex 0 -15 60
    endloop
  endfacet
  facet normal -0 0 1
    outer loop
      vertex -1.88 14.8817 60
      vertex -0.941857 -14.9704 60
      vertex -0.941857 14.9704 60
    endloop
  endfacet
  facet normal 0 0 1
    outer loop
      vertex -1.88 14.8817 60
      vertex -1.88 -14.8817 60
      vertex -0.941857 -14.9704 60
    endloop
  endfacet
  facet normal -0 0 1
    outer loop
      vertex -2.81072 14.7343 60
      vertex -1.88 -14.8817 60
      vertex -1.88 14.8817 60
    endloop
  endfacet
  facet normal 0 0 1
    outer loop
      vertex -2.81072 14.7343 60
      vertex -2.81072 -14.7343 60
      vertex -1.88 -14.8817 60
    endloop
  endfacet
  facet normal -0 0 1
    outer loop
      vertex -3.73035 14.5287 60
      vertex -2.81072 -14.7343 60
      vertex -2.81072 14.7343 60
    endloop
  endfacet
  facet normal 0 0 1
    outer loop
      vertex -3.73035 14.5287 60
      vertex -3.73035 -14.5287 60
      vertex -2.81072 -14.7343 60
    endloop
  endfacet
  facet normal -0 0 1
    outer loop
      vertex -4.63525 14.2658 60
      vertex -3.73035 -14.5287 60
      vertex -3.73035 14.5287 60
    endloop
  endfacet
  facet normal 0 0 1
    outer loop
      vertex -4.63525 14.2658 60
      vertex -4.63525 -14.2658 60
      vertex -3.73035 -14.5287 60
    endloop
  endfacet
  facet normal -0 0 1
    outer loop
      vertex -5.52187 13.9466 60
      vertex -4.63525 -14.2658 60
      vertex -4.63525 14.2658 60
    endloop
  endfacet
  facet normal 0 0 1
    outer loop
      vertex -5.52187 13.9466 60
      vertex -5.52187 -13.9466 60
      vertex -4.63525 -14.2658 60
    endloop
  endfacet
  facet normal -0 0 1
    outer loop
      vertex -6.38669 13.5724 60
      vertex -5.52187 -13.9466 60
      vertex -5.52187 13.9466 60
    endloop
  endfacet
  facet normal 0 0 1
    outer loop
      vertex -6.38669 13.5724 60
      vertex -6.38669 -13.5724 60
      vertex -5.52187 -13.9466 60
    endloop
  endfacet
  facet normal -0 0 1
    outer loop
      vertex -7.22631 13.1446 60
      vertex -6.38669 -13.5724 60
      vertex -6.38669 13.5724 60
    endloop
  endfacet
  facet normal 0 0 1
    outer loop
      vertex -7.22631 13.1446 60
      vertex -7.22631 -13.1446 60
      vertex -6.38669 -13.5724 60
    endloop
  endfacet
  facet normal -0 0 1
    outer loop
      vertex -8.0374 12.6649 60
      vertex -7.22631 -13.1446 60
      vertex -7.22631 13.1446 60
    endloop
  endfacet
  facet normal 0 0 1
    outer loop
      vertex -8.0374 12.6649 60
      vertex -8.0374 -12.6649 60
      vertex -7.22631 -13.1446 60
    endloop
  endfacet
  facet normal -0 0 1
    outer loop
      vertex -8.81678 12.1353 60
      vertex -8.0374 -12.6649 60
      vertex -8.0374 12.6649 60
    endloop
  endfacet
  facet normal 0 0 1
    outer loop
      vertex -8.81678 12.1353 60
      vertex -8.81678 -12.1353 60
      vertex -8.0374 -12.6649 60
    endloop
  endfacet
  facet normal -0 0 1
    outer loop
      vertex -9.56136 11.5577 60
      vertex -8.81678 -12.1353 60
      vertex -8.81678 12.1353 60
    endloop
  endfacet
  facet normal 0 0 1
    outer loop
      vertex -9.56136 11.5577 60
      vertex -9.56136 -11.5577 60
      vertex -8.81678 -12.1353 60
    endloop
  endfacet
  facet normal -0 0 1
    outer loop
      vertex -10.2682 10.9345 60
      vertex -9.56136 -11.5577 60
      vertex -9.56136 11.5577 60
    endloop
  endfacet
  facet normal 0 0 1
    outer loop
      vertex -10.2682 10.9345 60
      vertex -10.2682 -10.9345 60
      vertex -9.56136 -11.5577 60
    endloop
  endfacet
  facet normal -0 0 1
    outer loop
      vertex -10.9345 10.2682 60
      vertex -10.2682 -10.9345 60
      vertex -10.2682 10.9345 60
    endloop
  endfacet
  facet normal 0 0 1
    outer loop
      vertex -10.9345 10.2682 60
      vertex -10.9345 -10.2682 60
      vertex -10.2682 -10.9345 60
    endloop
  endfacet
  facet normal -0 0 1
    outer loop
      vertex -11.5577 9.56136 60
      vertex -10.9345 -10.2682 60
      vertex -10.9345 10.2682 60
    endloop
  endfacet
  facet normal 0 0 1
    outer loop
      vertex -11.5577 9.56136 60
      vertex -11.5577 -9.56136 60
      vertex -10.9345 -10.2682 60
    endloop
  endfacet
  facet normal -0 0 1
    outer loop
      vertex -12.1353 8.81678 60
      vertex -11.5577 -9.56136 60
      vertex -11.5577 9.56136 60
    endloop
  endfacet
  facet normal 0 0 1
    outer loop
      vertex -12.1353 8.81678 60
      vertex -12.1353 -8.81678 60
      vertex -11.5577 -9.56136 60
    endloop
  endfacet
  facet normal -0 0 1
    outer loop
      vertex -12.6649 8.0374 60
      vertex -12.1353 -8.81678 60
      vertex -12.1353 8.81678 60
    endloop
  endfacet
  facet normal 0 0 1
    outer loop
      vertex -12.6649 8.0374 60
      vertex -12.6649 -8.0374 60
      vertex -12.1353 -8.81678 60
    endloop
  endfacet
  facet normal -0 0 1
    outer loop
      vertex -13.1446 7.22631 60
      vertex -12.6649 -8.0374 60
      vertex -12.6649 8.0374 60
    endloop
  endfacet
  facet normal 0 0 1
    outer loop
      vertex -13.1446 7.22631 60
      vertex -13.1446 -7.22631 60
      vertex -12.6649 -8.0374 60
    endloop
  endfacet
  facet normal -0 0 1
    outer loop
      vertex -13.5724 6.38669 60
      vertex -13.1446 -7.22631 60
      vertex -13.1446 7.22631 60
    endloop
  endfacet
  facet normal 0 0 1
    outer loop
      vertex -13.5724 6.38669 60
      vertex -13.5724 -6.38669 60
      vertex -13.1446 -7.22631 60
    endloop
  endfacet
  facet normal -0 0 1
    outer loop
      vertex -13.9466 5.52187 60
      vertex -13.5724 -6.38669 60
      vertex -13.5724 6.38669 60
    endloop
  endfacet
  facet normal 0 0 1
    outer loop
      vertex -13.9466 5.52187 60
      vertex -13.9466 -5.52187 60
      vertex -13.5724 -6.38669 60
    endloop
  endfacet
  facet normal -0 0 1
    outer loop
      vertex -14.2658 4.63525 60
      vertex -13.9466 -5.52187 60
      vertex -13.9466 5.52187 60
    endloop
  endfacet
  facet normal 0 0 1
    outer loop
      vertex -14.2658 4.63525 60
      vertex -14.2658 -4.63525 60
      vertex -13.9466 -5.52187 60
    endloop
  endfacet
  facet normal -0 0 1
    outer loop
      vertex -14.5287 3.73035 60
      vertex -14.2658 -4.63525 60
      vertex -14.2658 4.63525 60
    endloop
  endfacet
  facet normal 0 0 1
    outer loop
      vertex -14.5287 3.73035 60
      vertex -14.5287 -3.73035 60
      vertex -14.2658 -4.63525 60
    endloop
  endfacet
  facet normal -0 0 1
    outer loop
      vertex -14.7343 2.81072 60
      vertex -14.5287 -3.73035 60
      vertex -14.5287 3.73035 60
    endloop
  endfacet
  facet normal 0 0 1
    outer loop
      vertex -14.7343 2.81072 60
      vertex -14.7343 -2.81072 60
      vertex -14.5287 -3.73035 60
    endloop
  endfacet
  facet normal -0 0 1
    outer loop
      vertex -14.8817 1.88 60
      vertex -14.7343 -2.81072 60
      vertex -14.7343 2.81072 60
    endloop
  endfacet
  facet normal 0 0 1
    outer loop
      vertex -14.8817 1.88 60
      vertex -14.8817 -1.88 60
      vertex -14.7343 -2.81072 60
    endloop
  endfacet
  facet normal -0 0 1
    outer loop
      vertex -14.9704 0.941857 60
      vertex -14.8817 -1.88 60
      vertex -14.8817 1.88 60
    endloop
  endfacet
  facet normal 0 0 1
    outer loop
      vertex -14.9704 0.941857 60
      vertex -14.9704 -0.941857 60
      vertex -14.8817 -1.88 60
    endloop
  endfacet
  facet normal 0 -0 1
    outer loop
      vertex -14.9704 -0.941857 60
      vertex -14.9704 0.941857 60
      vertex -15 0 60
    endloop
  endfacet
  facet normal 0.797024 0.406097 -0.447033
    outer loop
      vertex 13.5724 6.38669 60
      vertex 11.6085 6.11311 56.25
      vertex 13.1446 7.22631 60
    endloop
  endfacet
  facet normal 0.797087 0.405948 -0.447055
    outer loop
      vertex 13.5724 6.38669 60
      vertex 11.7154 5.90321 56.25
      vertex 11.6085 6.11311 56.25
    endloop
  endfacet
  facet normal 0.796951 0.406246 -0.447027
    outer loop
      vertex 11.7154 5.90321 56.25
      vertex 13.5724 6.38669 60
      vertex 11.8759 5.58835 56.25
    endloop
  endfacet
  facet normal -0.548273 0.706793 -0.447035
    outer loop
      vertex -8.36619 10.113 56.25
      vertex -9.56136 11.5577 60
      vertex -8.18004 10.2574 56.25
    endloop
  endfacet
  facet normal 0.820964 0.355224 -0.447028
    outer loop
      vertex 13.9466 5.52187 60
      vertex 11.8759 5.58835 56.25
      vertex 13.5724 6.38669 60
    endloop
  endfacet
  facet normal 0.820983 0.355166 -0.447039
    outer loop
      vertex 13.9466 5.52187 60
      vertex 12.0162 5.26404 56.25
      vertex 11.8759 5.58835 56.25
    endloop
  endfacet
  facet normal 0.820962 0.355223 -0.447033
    outer loop
      vertex 12.0162 5.26404 56.25
      vertex 13.9466 5.52187 60
      vertex 12.2033 4.83163 56.25
    endloop
  endfacet
  facet normal -0.355224 -0.820964 -0.447028
    outer loop
      vertex -5.58835 -11.8759 56.25
      vertex -5.52187 -13.9466 60
      vertex -6.38669 -13.5724 60
    endloop
  endfacet
  facet normal -0.355166 -0.820983 -0.447039
    outer loop
      vertex -5.26404 -12.0162 56.25
      vertex -5.52187 -13.9466 60
      vertex -5.58835 -11.8759 56.25
    endloop
  endfacet
  facet normal -0.355223 -0.820962 -0.447033
    outer loop
      vertex -5.52187 -13.9466 60
      vertex -5.26404 -12.0162 56.25
      vertex -4.83163 -12.2033 56.25
    endloop
  endfacet
  facet normal 0.739861 0.502759 -0.447035
    outer loop
      vertex 11.0818 7.03273 56.25
      vertex 10.9494 7.22757 56.25
      vertex 12.6649 8.0374 60
    endloop
  endfacet
  facet normal -0.355223 0.820962 -0.447033
    outer loop
      vertex -5.26404 12.0162 56.25
      vertex -5.52187 13.9466 60
      vertex -4.83163 12.2033 56.25
    endloop
  endfacet
  facet normal -0.355166 0.820983 -0.447039
    outer loop
      vertex -5.58835 11.8759 56.25
      vertex -5.52187 13.9466 60
      vertex -5.26404 12.0162 56.25
    endloop
  endfacet
  facet normal -0.355224 0.820964 -0.447028
    outer loop
      vertex -5.52187 13.9466 60
      vertex -5.58835 11.8759 56.25
      vertex -6.38669 13.5724 60
    endloop
  endfacet
  facet normal 0.670951 0.591595 -0.447035
    outer loop
      vertex 10.113 8.36619 56.25
      vertex 9.95719 8.5429 56.25
      vertex 11.5577 9.56136 60
    endloop
  endfacet
  facet normal 0.872973 0.195169 -0.44702
    outer loop
      vertex 14.7343 2.81072 60
      vertex 12.7127 3.26405 56.25
      vertex 14.5287 3.73035 60
    endloop
  endfacet
  facet normal 0.872996 0.194986 -0.447055
    outer loop
      vertex 14.7343 2.81072 60
      vertex 12.8154 2.80424 56.25
      vertex 12.7127 3.26405 56.25
    endloop
  endfacet
  facet normal 0.872963 0.195173 -0.447038
    outer loop
      vertex 12.8154 2.80424 56.25
      vertex 14.7343 2.81072 60
      vertex 12.8411 2.68929 56.25
    endloop
  endfacet
  facet normal 0.859 0.249565 -0.447031
    outer loop
      vertex 14.5287 3.73035 60
      vertex 12.4826 4.05585 56.25
      vertex 14.2658 4.63525 60
    endloop
  endfacet
  facet normal 0.858984 0.249649 -0.447015
    outer loop
      vertex 14.5287 3.73035 60
      vertex 12.6141 3.60339 56.25
      vertex 12.4826 4.05585 56.25
    endloop
  endfacet
  facet normal 0.858997 0.249594 -0.44702
    outer loop
      vertex 12.6141 3.60339 56.25
      vertex 14.5287 3.73035 60
      vertex 12.7127 3.26405 56.25
    endloop
  endfacet
  facet normal 0.883473 0.140107 -0.447041
    outer loop
      vertex 12.8925 2.45938 56.25
      vertex 14.7343 2.81072 60
      vertex 12.9294 2.2267 56.25
    endloop
  endfacet
  facet normal 0.769975 0.455294 -0.447042
    outer loop
      vertex 13.1446 7.22631 60
      vertex 11.5015 6.32302 56.25
      vertex 11.3816 6.52579 56.25
    endloop
  endfacet
  facet normal 0.890536 0.0842946 -0.447036
    outer loop
      vertex 14.8817 1.88 60
      vertex 13.0548 1.2932 56.25
      vertex 13.0215 1.645 56.25
    endloop
  endfacet
  facet normal 0.890549 0.0842 -0.447027
    outer loop
      vertex 14.9704 0.941857 60
      vertex 13.0548 1.2932 56.25
      vertex 14.8817 1.88 60
    endloop
  endfacet
  facet normal 0.890559 0.0839147 -0.447059
    outer loop
      vertex 13.0548 1.2932 56.25
      vertex 14.9704 0.941857 60
      vertex 13.0769 1.05866 56.25
    endloop
  endfacet
  facet normal 0.890536 0.084294 -0.447036
    outer loop
      vertex 13.0991 0.824125 56.25
      vertex 13.0769 1.05866 56.25
      vertex 14.9704 0.941857 60
    endloop
  endfacet
  facet normal 0.957393 0.0300882 0.287218
    outer loop
      vertex 15 0 50
      vertex 13.1139 0.353197 56.25
      vertex 13.125 0 56.25
    endloop
  endfacet
  facet normal 0.957393 0.0300882 0.287218
    outer loop
      vertex 13.1139 0.353197 56.25
      vertex 15 0 50
      vertex 14.9704 0.941857 50
    endloop
  endfacet
  facet normal -0.538491 -0.792166 0.28723
    outer loop
      vertex -7.71468 -10.6183 56.25
      vertex -8.81678 -12.1353 50
      vertex -7.32499 -10.8832 56.25
    endloop
  endfacet
  facet normal 0.32447 0.901237 0.287214
    outer loop
      vertex 5.52187 13.9466 50
      vertex 4.38833 12.3629 56.25
      vertex 4.83163 12.2033 56.25
    endloop
  endfacet
  facet normal 0.487539 -0.824506 0.287221
    outer loop
      vertex 7.22631 -13.1446 50
      vertex 6.52579 -11.3816 56.25
      vertex 6.32302 -11.5015 56.25
    endloop
  endfacet
  facet normal 0.487521 -0.824516 0.287222
    outer loop
      vertex 6.52579 -11.3816 56.25
      vertex 7.22631 -13.1446 50
      vertex 6.72857 -11.2617 56.25
    endloop
  endfacet
  facet normal 0.208995 0.934787 0.287219
    outer loop
      vertex 2.81072 14.7343 50
      vertex 2.68929 12.8411 56.25
      vertex 2.80424 12.8154 56.25
    endloop
  endfacet
  facet normal 0.208987 0.934789 0.287219
    outer loop
      vertex 2.68929 12.8411 56.25
      vertex 2.81072 14.7343 50
      vertex 2.45938 12.8925 56.25
    endloop
  endfacet
  facet normal 0.208989 0.934788 0.287219
    outer loop
      vertex 2.81072 14.7343 50
      vertex 2.80424 12.8154 56.25
      vertex 3.73035 14.5287 50
    endloop
  endfacet
  facet normal 0.267327 0.919807 0.287214
    outer loop
      vertex 4.63525 14.2658 50
      vertex 3.60339 12.6141 56.25
      vertex 4.05585 12.4826 56.25
    endloop
  endfacet
  facet normal -0.901237 -0.32447 0.287213
    outer loop
      vertex -12.4826 -4.05585 56.25
      vertex -14.2658 -4.63525 50
      vertex -12.4028 -4.2775 56.25
    endloop
  endfacet
  facet normal -0.901241 -0.324457 0.287214
    outer loop
      vertex -12.4028 -4.2775 56.25
      vertex -14.2658 -4.63525 50
      vertex -12.3629 -4.38833 56.25
    endloop
  endfacet
  facet normal -0.901239 -0.324463 0.287214
    outer loop
      vertex -12.3629 -4.38833 56.25
      vertex -14.2658 -4.63525 50
      vertex -13.9466 -5.52187 50
    endloop
  endfacet
  facet normal 0.879101 0.380379 0.287214
    outer loop
      vertex 13.9466 5.52187 50
      vertex 12.0162 5.26404 56.25
      vertex 12.2033 4.83163 56.25
    endloop
  endfacet
  facet normal -0.0898583 -0.953636 0.287234
    outer loop
      vertex -0.941857 -14.9704 50
      vertex -1.05866 -13.0769 56.25
      vertex -1.2932 -13.0548 56.25
    endloop
  endfacet
  facet normal -0.0902637 -0.953603 0.287217
    outer loop
      vertex -1.05866 -13.0769 56.25
      vertex -0.941857 -14.9704 50
      vertex -0.824125 -13.0991 56.25
    endloop
  endfacet
  facet normal 0.901237 -0.32447 0.287214
    outer loop
      vertex 12.3629 -4.38833 56.25
      vertex 12.2033 -4.83163 56.25
      vertex 13.9466 -5.52187 50
    endloop
  endfacet
  facet normal 0.953603 -0.0902643 0.287217
    outer loop
      vertex 14.8817 -1.88 50
      vertex 13.0548 -1.2932 56.25
      vertex 13.0215 -1.645 56.25
    endloop
  endfacet
  facet normal 0.953615 -0.0901628 0.287211
    outer loop
      vertex 13.0548 -1.2932 56.25
      vertex 14.8817 -1.88 50
      vertex 14.9704 -0.941857 50
    endloop
  endfacet
  facet normal 0.150031 0.94605 0.287193
    outer loop
      vertex 1.88 14.8817 50
      vertex 2.2267 12.9294 56.25
      vertex 2.45938 12.8925 56.25
    endloop
  endfacet
  facet normal 0.149832 0.946074 0.287219
    outer loop
      vertex 1.88 14.8817 50
      vertex 2.45938 12.8925 56.25
      vertex 2.81072 14.7343 50
    endloop
  endfacet
  facet normal 0.149633 0.946102 0.287231
    outer loop
      vertex 2.2267 12.9294 56.25
      vertex 1.88 14.8817 50
      vertex 2.11036 12.9478 56.25
    endloop
  endfacet
  facet normal -0.0902643 -0.953603 0.287217
    outer loop
      vertex -1.645 -13.0215 56.25
      vertex -1.88 -14.8817 50
      vertex -1.2932 -13.0548 56.25
    endloop
  endfacet
  facet normal -0.0901628 -0.953615 0.287211
    outer loop
      vertex -1.2932 -13.0548 56.25
      vertex -1.88 -14.8817 50
      vertex -0.941857 -14.9704 50
    endloop
  endfacet
  facet normal -0.677314 0.677314 0.287215
    outer loop
      vertex -10.9345 10.2682 50
      vertex -8.98468 9.56771 56.25
      vertex -10.2682 10.9345 50
    endloop
  endfacet
  facet normal -0.677314 0.677314 0.287215
    outer loop
      vertex -8.98468 9.56771 56.25
      vertex -10.9345 10.2682 50
      vertex -9.56771 8.98468 56.25
    endloop
  endfacet
  facet normal -0.901239 0.324463 0.287214
    outer loop
      vertex -14.2658 4.63525 50
      vertex -12.3629 4.38833 56.25
      vertex -13.9466 5.52187 50
    endloop
  endfacet
  facet normal -0.901241 0.324457 0.287214
    outer loop
      vertex -14.2658 4.63525 50
      vertex -12.4028 4.2775 56.25
      vertex -12.3629 4.38833 56.25
    endloop
  endfacet
  facet normal -0.901237 0.32447 0.287213
    outer loop
      vertex -14.2658 4.63525 50
      vertex -12.4826 4.05585 56.25
      vertex -12.4028 4.2775 56.25
    endloop
  endfacet
  facet normal -0.946042 0.15003 0.287221
    outer loop
      vertex -14.7343 2.81072 50
      vertex -12.9294 2.2267 56.25
      vertex -12.8925 2.45938 56.25
    endloop
  endfacet
  facet normal -0.946076 0.149832 0.287212
    outer loop
      vertex -14.8817 1.88 50
      vertex -12.9294 2.2267 56.25
      vertex -14.7343 2.81072 50
    endloop
  endfacet
  facet normal -0.946102 0.149633 0.287231
    outer loop
      vertex -12.9294 2.2267 56.25
      vertex -14.8817 1.88 50
      vertex -12.9478 2.11036 56.25
    endloop
  endfacet
  facet normal 0.487611 0.824465 0.287216
    outer loop
      vertex 7.22631 13.1446 50
      vertex 7.03273 11.0818 56.25
      vertex 8.0374 12.6649 50
    endloop
  endfacet
  facet normal 0.487635 0.824452 0.287212
    outer loop
      vertex 7.03273 11.0818 56.25
      vertex 7.22631 13.1446 50
      vertex 6.72857 11.2617 56.25
    endloop
  endfacet
  facet normal -0.208798 0.934835 0.287204
    outer loop
      vertex -2.80424 12.8154 56.25
      vertex -3.73035 14.5287 50
      vertex -3.26405 12.7127 56.25
    endloop
  endfacet
  facet normal -0.879102 0.38038 0.287211
    outer loop
      vertex -13.9466 5.52187 50
      vertex -11.8759 5.58835 56.25
      vertex -13.5724 6.38669 50
    endloop
  endfacet
  facet normal -0.879126 0.380319 0.28722
    outer loop
      vertex -11.8759 5.58835 56.25
      vertex -13.9466 5.52187 50
      vertex -12.0162 5.26404 56.25
    endloop
  endfacet
  facet normal 0.586936 -0.756971 0.28723
    outer loop
      vertex 8.81678 -12.1353 50
      vertex 7.9939 -10.4018 56.25
      vertex 7.71468 -10.6183 56.25
    endloop
  endfacet
  facet normal 0.587111 -0.75684 0.287217
    outer loop
      vertex 7.9939 -10.4018 56.25
      vertex 8.81678 -12.1353 50
      vertex 9.56136 -11.5577 50
    endloop
  endfacet
  facet normal 0.853467 0.434855 0.287221
    outer loop
      vertex 11.7154 5.90321 56.25
      vertex 13.5724 6.38669 50
      vertex 13.1446 7.22631 50
    endloop
  endfacet
  facet normal 0.853389 0.435015 0.28721
    outer loop
      vertex 11.8759 5.58835 56.25
      vertex 13.5724 6.38669 50
      vertex 11.7154 5.90321 56.25
    endloop
  endfacet
  facet normal -0.487539 0.824506 0.287221
    outer loop
      vertex -7.22631 13.1446 50
      vertex -6.52579 11.3816 56.25
      vertex -6.32302 11.5015 56.25
    endloop
  endfacet
  facet normal -0.487521 0.824516 0.287222
    outer loop
      vertex -6.52579 11.3816 56.25
      vertex -7.22631 13.1446 50
      vertex -6.72857 11.2617 56.25
    endloop
  endfacet
  facet normal 0.792166 0.538491 0.28723
    outer loop
      vertex 12.1353 8.81678 50
      vertex 10.6183 7.71468 56.25
      vertex 10.8832 7.32499 56.25
    endloop
  endfacet
  facet normal -0.718488 0.633469 0.287215
    outer loop
      vertex -11.5577 9.56136 50
      vertex -9.56771 8.98468 56.25
      vertex -10.9345 10.2682 50
    endloop
  endfacet
  facet normal -0.718506 0.633447 0.287219
    outer loop
      vertex -9.56771 8.98468 56.25
      vertex -11.5577 9.56136 50
      vertex -9.8014 8.71961 56.25
    endloop
  endfacet
  facet normal -0.538364 0.792257 0.287216
    outer loop
      vertex -8.0374 12.6649 50
      vertex -7.22757 10.9494 56.25
      vertex -7.03273 11.0818 56.25
    endloop
  endfacet
  facet normal -0.538364 0.792257 0.287216
    outer loop
      vertex -7.22757 10.9494 56.25
      vertex -8.0374 12.6649 50
      vertex -7.32499 10.8832 56.25
    endloop
  endfacet
  facet normal -0.538354 0.792263 0.287217
    outer loop
      vertex -7.32499 10.8832 56.25
      vertex -8.0374 12.6649 50
      vertex -8.81678 12.1353 50
    endloop
  endfacet
  facet normal -0.756971 -0.586936 0.28723
    outer loop
      vertex -12.1353 -8.81678 50
      vertex -10.4018 -7.9939 56.25
      vertex -10.6183 -7.71468 56.25
    endloop
  endfacet
  facet normal -0.75684 -0.587111 0.287217
    outer loop
      vertex -10.4018 -7.9939 56.25
      vertex -12.1353 -8.81678 50
      vertex -11.5577 -9.56136 50
    endloop
  endfacet
  facet normal -0.718507 0.633446 0.287219
    outer loop
      vertex -11.5577 9.56136 50
      vertex -9.95719 8.5429 56.25
      vertex -9.8014 8.71961 56.25
    endloop
  endfacet
  facet normal -0.718467 0.633492 0.287216
    outer loop
      vertex -9.95719 8.5429 56.25
      vertex -11.5577 9.56136 50
      vertex -10.113 8.36619 56.25
    endloop
  endfacet
  facet normal -0.953615 -0.0901628 0.287211
    outer loop
      vertex -14.8817 -1.88 50
      vertex -13.0548 -1.2932 56.25
      vertex -14.9704 -0.941857 50
    endloop
  endfacet
  facet normal -0.953603 -0.0902643 0.287217
    outer loop
      vertex -13.0548 -1.2932 56.25
      vertex -14.8817 -1.88 50
      vertex -13.0215 -1.645 56.25
    endloop
  endfacet
  facet normal -0.0300883 -0.957393 0.287218
    outer loop
      vertex -0.941857 -14.9704 50
      vertex -0.588661 -13.1065 56.25
      vertex -0.824125 -13.0991 56.25
    endloop
  endfacet
  facet normal -0.0300883 -0.957393 0.287218
    outer loop
      vertex -0.588661 -13.1065 56.25
      vertex -0.941857 -14.9704 50
      vertex -0.353197 -13.1139 56.25
    endloop
  endfacet
  facet normal -0.957393 0.0300882 0.287218
    outer loop
      vertex -15 0 50
      vertex -13.1139 0.353197 56.25
      vertex -14.9704 0.941857 50
    endloop
  endfacet
  facet normal -0.957393 0.0300882 0.287218
    outer loop
      vertex -13.1139 0.353197 56.25
      vertex -15 0 50
      vertex -13.125 0 56.25
    endloop
  endfacet
  facet normal 0.756848 -0.587101 0.287217
    outer loop
      vertex 11.5577 -9.56136 50
      vertex 10.2574 -8.18004 56.25
      vertex 10.113 -8.36619 56.25
    endloop
  endfacet
  facet normal 0.756833 -0.587121 0.287218
    outer loop
      vertex 10.2574 -8.18004 56.25
      vertex 11.5577 -9.56136 50
      vertex 10.4018 -7.9939 56.25
    endloop
  endfacet
  facet normal -0.957393 -0.0300883 0.287218
    outer loop
      vertex -14.9704 -0.941857 50
      vertex -13.1065 -0.588661 56.25
      vertex -13.1139 -0.353197 56.25
    endloop
  endfacet
  facet normal -0.957393 -0.0300883 0.287218
    outer loop
      vertex -13.1065 -0.588661 56.25
      vertex -14.9704 -0.941857 50
      vertex -13.0991 -0.824125 56.25
    endloop
  endfacet
  facet normal 0.957393 -0.0300882 0.287218
    outer loop
      vertex 13.1139 -0.353197 56.25
      vertex 15 0 50
      vertex 13.125 0 56.25
    endloop
  endfacet
  facet normal 0.957393 -0.0300882 0.287218
    outer loop
      vertex 15 0 50
      vertex 13.1139 -0.353197 56.25
      vertex 14.9704 -0.941857 50
    endloop
  endfacet
  facet normal 0.633446 0.718507 0.287219
    outer loop
      vertex 9.56136 11.5577 50
      vertex 8.5429 9.95719 56.25
      vertex 8.71961 9.8014 56.25
    endloop
  endfacet
  facet normal 0.633492 0.718467 0.287216
    outer loop
      vertex 8.5429 9.95719 56.25
      vertex 9.56136 11.5577 50
      vertex 8.36619 10.113 56.25
    endloop
  endfacet
  facet normal -0.487611 -0.824465 0.287216
    outer loop
      vertex -7.22631 -13.1446 50
      vertex -7.03273 -11.0818 56.25
      vertex -8.0374 -12.6649 50
    endloop
  endfacet
  facet normal -0.487635 -0.824452 0.287212
    outer loop
      vertex -7.03273 -11.0818 56.25
      vertex -7.22631 -13.1446 50
      vertex -6.72857 -11.2617 56.25
    endloop
  endfacet
  facet normal 0.208798 -0.934835 0.287204
    outer loop
      vertex 3.26405 -12.7127 56.25
      vertex 2.80424 -12.8154 56.25
      vertex 3.73035 -14.5287 50
    endloop
  endfacet
  facet normal -0.946102 -0.149633 0.287231
    outer loop
      vertex -14.8817 -1.88 50
      vertex -12.9294 -2.2267 56.25
      vertex -12.9478 -2.11036 56.25
    endloop
  endfacet
  facet normal -0.94605 -0.150031 0.287193
    outer loop
      vertex -14.8817 -1.88 50
      vertex -12.8925 -2.45938 56.25
      vertex -12.9294 -2.2267 56.25
    endloop
  endfacet
  facet normal -0.946074 -0.149832 0.287219
    outer loop
      vertex -12.8925 -2.45938 56.25
      vertex -14.8817 -1.88 50
      vertex -14.7343 -2.81072 50
    endloop
  endfacet
  facet normal -0.0902637 0.953603 0.287217
    outer loop
      vertex -0.824125 13.0991 56.25
      vertex -0.941857 14.9704 50
      vertex -1.05866 13.0769 56.25
    endloop
  endfacet
  facet normal -0.0898583 0.953636 0.287234
    outer loop
      vertex -1.05866 13.0769 56.25
      vertex -0.941857 14.9704 50
      vertex -1.2932 13.0548 56.25
    endloop
  endfacet
  facet normal -0.0902643 0.953603 0.287217
    outer loop
      vertex -1.88 14.8817 50
      vertex -1.645 13.0215 56.25
      vertex -1.2932 13.0548 56.25
    endloop
  endfacet
  facet normal -0.0901628 0.953615 0.287211
    outer loop
      vertex -1.88 14.8817 50
      vertex -1.2932 13.0548 56.25
      vertex -0.941857 14.9704 50
    endloop
  endfacet
  facet normal 0.435015 0.853389 0.28721
    outer loop
      vertex 6.38669 13.5724 50
      vertex 5.58835 11.8759 56.25
      vertex 5.90321 11.7154 56.25
    endloop
  endfacet
  facet normal 0.434855 0.853467 0.287221
    outer loop
      vertex 6.38669 13.5724 50
      vertex 5.90321 11.7154 56.25
      vertex 7.22631 13.1446 50
    endloop
  endfacet
  facet normal 0.824516 -0.487521 0.287222
    outer loop
      vertex 13.1446 -7.22631 50
      vertex 11.3816 -6.52579 56.25
      vertex 11.2617 -6.72857 56.25
    endloop
  endfacet
  facet normal 0.824506 -0.487539 0.287221
    outer loop
      vertex 11.3816 -6.52579 56.25
      vertex 13.1446 -7.22631 50
      vertex 11.5015 -6.32302 56.25
    endloop
  endfacet
  facet normal -0.75684 0.587111 0.287217
    outer loop
      vertex -12.1353 8.81678 50
      vertex -10.4018 7.9939 56.25
      vertex -11.5577 9.56136 50
    endloop
  endfacet
  facet normal -0.756971 0.586936 0.28723
    outer loop
      vertex -10.4018 7.9939 56.25
      vertex -12.1353 8.81678 50
      vertex -10.6183 7.71468 56.25
    endloop
  endfacet
  facet normal 0.934789 -0.208987 0.287219
    outer loop
      vertex 14.7343 -2.81072 50
      vertex 12.8925 -2.45938 56.25
      vertex 12.8411 -2.68929 56.25
    endloop
  endfacet
  facet normal 0.934787 -0.208995 0.287219
    outer loop
      vertex 14.7343 -2.81072 50
      vertex 12.8411 -2.68929 56.25
      vertex 12.8154 -2.80424 56.25
    endloop
  endfacet
  facet normal 0.934788 -0.208989 0.287219
    outer loop
      vertex 14.7343 -2.81072 50
      vertex 12.8154 -2.80424 56.25
      vertex 14.5287 -3.73035 50
    endloop
  endfacet
  facet normal -0.946075 0.149832 0.287216
    outer loop
      vertex -12.9478 2.11036 56.25
      vertex -14.8817 1.88 50
      vertex -13.0215 1.645 56.25
    endloop
  endfacet
  facet normal 0.879101 -0.380379 0.287214
    outer loop
      vertex 12.2033 -4.83163 56.25
      vertex 12.0162 -5.26404 56.25
      vertex 13.9466 -5.52187 50
    endloop
  endfacet
  facet normal -0.953603 -0.0902637 0.287217
    outer loop
      vertex -14.9704 -0.941857 50
      vertex -13.0769 -1.05866 56.25
      vertex -13.0991 -0.824125 56.25
    endloop
  endfacet
  facet normal -0.953636 -0.0898583 0.287234
    outer loop
      vertex -13.0769 -1.05866 56.25
      vertex -14.9704 -0.941857 50
      vertex -13.0548 -1.2932 56.25
    endloop
  endfacet
  facet normal -0.32447 0.901237 0.287213
    outer loop
      vertex -4.05585 12.4826 56.25
      vertex -4.63525 14.2658 50
      vertex -4.2775 12.4028 56.25
    endloop
  endfacet
  facet normal -0.324457 0.901241 0.287214
    outer loop
      vertex -4.2775 12.4028 56.25
      vertex -4.63525 14.2658 50
      vertex -4.38833 12.3629 56.25
    endloop
  endfacet
  facet normal -0.324463 0.901239 0.287214
    outer loop
      vertex -4.38833 12.3629 56.25
      vertex -4.63525 14.2658 50
      vertex -5.52187 13.9466 50
    endloop
  endfacet
  facet normal 0.853388 -0.435008 0.287222
    outer loop
      vertex 13.1446 -7.22631 50
      vertex 11.6085 -6.11311 56.25
      vertex 11.5015 -6.32302 56.25
    endloop
  endfacet
  facet normal 0.853548 -0.434704 0.287208
    outer loop
      vertex 11.6085 -6.11311 56.25
      vertex 13.1446 -7.22631 50
      vertex 11.7154 -5.90321 56.25
    endloop
  endfacet
  facet normal 0.0300883 0.957393 0.287218
    outer loop
      vertex 0.941857 14.9704 50
      vertex 0.588661 13.1065 56.25
      vertex 0.824125 13.0991 56.25
    endloop
  endfacet
  facet normal 0.0300883 0.957393 0.287218
    outer loop
      vertex 0.588661 13.1065 56.25
      vertex 0.941857 14.9704 50
      vertex 0.353197 13.1139 56.25
    endloop
  endfacet
  facet normal 0.435008 0.853388 0.287222
    outer loop
      vertex 6.32302 11.5015 56.25
      vertex 7.22631 13.1446 50
      vertex 6.11311 11.6085 56.25
    endloop
  endfacet
  facet normal 0.434704 0.853548 0.287208
    outer loop
      vertex 6.11311 11.6085 56.25
      vertex 7.22631 13.1446 50
      vertex 5.90321 11.7154 56.25
    endloop
  endfacet
  facet normal 0.75684 0.587111 0.287217
    outer loop
      vertex 10.4018 7.9939 56.25
      vertex 12.1353 8.81678 50
      vertex 11.5577 9.56136 50
    endloop
  endfacet
  facet normal 0.756971 0.586936 0.28723
    outer loop
      vertex 12.1353 8.81678 50
      vertex 10.4018 7.9939 56.25
      vertex 10.6183 7.71468 56.25
    endloop
  endfacet
  facet normal 0.487635 -0.824452 0.287212
    outer loop
      vertex 7.22631 -13.1446 50
      vertex 7.03273 -11.0818 56.25
      vertex 6.72857 -11.2617 56.25
    endloop
  endfacet
  facet normal 0.487611 -0.824465 0.287216
    outer loop
      vertex 7.03273 -11.0818 56.25
      vertex 7.22631 -13.1446 50
      vertex 8.0374 -12.6649 50
    endloop
  endfacet
  facet normal -0.824452 -0.487635 0.287212
    outer loop
      vertex -13.1446 -7.22631 50
      vertex -11.0818 -7.03273 56.25
      vertex -11.2617 -6.72857 56.25
    endloop
  endfacet
  facet normal -0.824465 -0.487611 0.287216
    outer loop
      vertex -11.0818 -7.03273 56.25
      vertex -13.1446 -7.22631 50
      vertex -12.6649 -8.0374 50
    endloop
  endfacet
  facet normal 0.149832 0.946075 0.287216
    outer loop
      vertex 1.88 14.8817 50
      vertex 1.645 13.0215 56.25
      vertex 2.11036 12.9478 56.25
    endloop
  endfacet
  facet normal -0.901237 -0.32447 0.287214
    outer loop
      vertex -12.3629 -4.38833 56.25
      vertex -13.9466 -5.52187 50
      vertex -12.2033 -4.83163 56.25
    endloop
  endfacet
  facet normal -0.0300882 0.957393 0.287218
    outer loop
      vertex 0 15 50
      vertex -0.353197 13.1139 56.25
      vertex 0 13.125 56.25
    endloop
  endfacet
  facet normal -0.0300882 0.957393 0.287218
    outer loop
      vertex -0.353197 13.1139 56.25
      vertex 0 15 50
      vertex -0.941857 14.9704 50
    endloop
  endfacet
  facet normal -0.919826 -0.267268 0.287205
    outer loop
      vertex -14.5287 -3.73035 50
      vertex -12.6141 -3.60339 56.25
      vertex -12.7127 -3.26405 56.25
    endloop
  endfacet
  facet normal -0.919834 -0.267239 0.287207
    outer loop
      vertex -12.6141 -3.60339 56.25
      vertex -14.5287 -3.73035 50
      vertex -14.2658 -4.63525 50
    endloop
  endfacet
  facet normal -0.919834 0.267239 0.287207
    outer loop
      vertex -14.5287 3.73035 50
      vertex -12.6141 3.60339 56.25
      vertex -14.2658 4.63525 50
    endloop
  endfacet
  facet normal -0.919826 0.267268 0.287205
    outer loop
      vertex -12.6141 3.60339 56.25
      vertex -14.5287 3.73035 50
      vertex -12.7127 3.26405 56.25
    endloop
  endfacet
  facet normal -0.435015 0.853389 0.28721
    outer loop
      vertex -5.58835 11.8759 56.25
      vertex -6.38669 13.5724 50
      vertex -5.90321 11.7154 56.25
    endloop
  endfacet
  facet normal -0.434855 0.853467 0.287221
    outer loop
      vertex -5.90321 11.7154 56.25
      vertex -6.38669 13.5724 50
      vertex -7.22631 13.1446 50
    endloop
  endfacet
  facet normal 0.0898583 0.953636 0.287234
    outer loop
      vertex 0.941857 14.9704 50
      vertex 1.05866 13.0769 56.25
      vertex 1.2932 13.0548 56.25
    endloop
  endfacet
  facet normal 0.0902637 0.953603 0.287217
    outer loop
      vertex 1.05866 13.0769 56.25
      vertex 0.941857 14.9704 50
      vertex 0.824125 13.0991 56.25
    endloop
  endfacet
  facet normal -0.953636 0.0898583 0.287234
    outer loop
      vertex -14.9704 0.941857 50
      vertex -13.0769 1.05866 56.25
      vertex -13.0548 1.2932 56.25
    endloop
  endfacet
  facet normal -0.953603 0.0902637 0.287217
    outer loop
      vertex -14.9704 0.941857 50
      vertex -13.0991 0.824125 56.25
      vertex -13.0769 1.05866 56.25
    endloop
  endfacet
  facet normal -0.208987 0.934789 0.287219
    outer loop
      vertex -2.45938 12.8925 56.25
      vertex -2.81072 14.7343 50
      vertex -2.68929 12.8411 56.25
    endloop
  endfacet
  facet normal -0.208995 0.934787 0.287219
    outer loop
      vertex -2.68929 12.8411 56.25
      vertex -2.81072 14.7343 50
      vertex -2.80424 12.8154 56.25
    endloop
  endfacet
  facet normal -0.208989 0.934788 0.287219
    outer loop
      vertex -2.80424 12.8154 56.25
      vertex -2.81072 14.7343 50
      vertex -3.73035 14.5287 50
    endloop
  endfacet
  facet normal -0.718506 -0.633447 0.287219
    outer loop
      vertex -11.5577 -9.56136 50
      vertex -9.56771 -8.98468 56.25
      vertex -9.8014 -8.71961 56.25
    endloop
  endfacet
  facet normal -0.718488 -0.633469 0.287215
    outer loop
      vertex -9.56771 -8.98468 56.25
      vertex -11.5577 -9.56136 50
      vertex -10.9345 -10.2682 50
    endloop
  endfacet
  facet normal -0.824465 0.487611 0.287216
    outer loop
      vertex -13.1446 7.22631 50
      vertex -11.0818 7.03273 56.25
      vertex -12.6649 8.0374 50
    endloop
  endfacet
  facet normal -0.824452 0.487635 0.287212
    outer loop
      vertex -11.0818 7.03273 56.25
      vertex -13.1446 7.22631 50
      vertex -11.2617 6.72857 56.25
    endloop
  endfacet
  facet normal -0.953603 0.0902643 0.287217
    outer loop
      vertex -14.8817 1.88 50
      vertex -13.0548 1.2932 56.25
      vertex -13.0215 1.645 56.25
    endloop
  endfacet
  facet normal -0.953615 0.0901628 0.287211
    outer loop
      vertex -13.0548 1.2932 56.25
      vertex -14.8817 1.88 50
      vertex -14.9704 0.941857 50
    endloop
  endfacet
  facet normal -0.32447 -0.901237 0.287214
    outer loop
      vertex -4.83163 -12.2033 56.25
      vertex -5.52187 -13.9466 50
      vertex -4.38833 -12.3629 56.25
    endloop
  endfacet
  facet normal 0.946042 0.15003 0.287221
    outer loop
      vertex 12.9294 2.2267 56.25
      vertex 14.7343 2.81072 50
      vertex 12.8925 2.45938 56.25
    endloop
  endfacet
  facet normal 0.946102 0.149633 0.287231
    outer loop
      vertex 14.8817 1.88 50
      vertex 12.9294 2.2267 56.25
      vertex 12.9478 2.11036 56.25
    endloop
  endfacet
  facet normal 0.946076 0.149832 0.287212
    outer loop
      vertex 12.9294 2.2267 56.25
      vertex 14.8817 1.88 50
      vertex 14.7343 2.81072 50
    endloop
  endfacet
  facet normal -0.435008 -0.853388 0.287222
    outer loop
      vertex -6.32302 -11.5015 56.25
      vertex -7.22631 -13.1446 50
      vertex -6.11311 -11.6085 56.25
    endloop
  endfacet
  facet normal -0.434704 -0.853548 0.287208
    outer loop
      vertex -6.11311 -11.6085 56.25
      vertex -7.22631 -13.1446 50
      vertex -5.90321 -11.7154 56.25
    endloop
  endfacet
  facet normal 0.587111 0.75684 0.287217
    outer loop
      vertex 8.81678 12.1353 50
      vertex 7.9939 10.4018 56.25
      vertex 9.56136 11.5577 50
    endloop
  endfacet
  facet normal 0.586936 0.756971 0.28723
    outer loop
      vertex 7.9939 10.4018 56.25
      vertex 8.81678 12.1353 50
      vertex 7.71468 10.6183 56.25
    endloop
  endfacet
  facet normal 0.587121 -0.756833 0.287218
    outer loop
      vertex 9.56136 -11.5577 50
      vertex 8.18004 -10.2574 56.25
      vertex 7.9939 -10.4018 56.25
    endloop
  endfacet
  facet normal 0.587101 -0.756848 0.287217
    outer loop
      vertex 8.18004 -10.2574 56.25
      vertex 9.56136 -11.5577 50
      vertex 8.36619 -10.113 56.25
    endloop
  endfacet
  facet normal 0.901237 -0.32447 0.287213
    outer loop
      vertex 14.2658 -4.63525 50
      vertex 12.4826 -4.05585 56.25
      vertex 12.4028 -4.2775 56.25
    endloop
  endfacet
  facet normal 0.901241 -0.324457 0.287214
    outer loop
      vertex 14.2658 -4.63525 50
      vertex 12.4028 -4.2775 56.25
      vertex 12.3629 -4.38833 56.25
    endloop
  endfacet
  facet normal 0.901239 -0.324463 0.287214
    outer loop
      vertex 14.2658 -4.63525 50
      vertex 12.3629 -4.38833 56.25
      vertex 13.9466 -5.52187 50
    endloop
  endfacet
  facet normal -0.380379 0.879101 0.287214
    outer loop
      vertex -4.83163 12.2033 56.25
      vertex -5.52187 13.9466 50
      vertex -5.26404 12.0162 56.25
    endloop
  endfacet
  facet normal -0.879101 0.380379 0.287214
    outer loop
      vertex -12.0162 5.26404 56.25
      vertex -13.9466 5.52187 50
      vertex -12.2033 4.83163 56.25
    endloop
  endfacet
  facet normal -0.633447 0.718506 0.287219
    outer loop
      vertex -9.56136 11.5577 50
      vertex -8.98468 9.56771 56.25
      vertex -8.71961 9.8014 56.25
    endloop
  endfacet
  facet normal -0.633469 0.718488 0.287215
    outer loop
      vertex -8.98468 9.56771 56.25
      vertex -9.56136 11.5577 50
      vertex -10.2682 10.9345 50
    endloop
  endfacet
  facet normal 0.380379 -0.879101 0.287214
    outer loop
      vertex 4.83163 -12.2033 56.25
      vertex 5.52187 -13.9466 50
      vertex 5.26404 -12.0162 56.25
    endloop
  endfacet
  facet normal 0.919834 0.267239 0.287207
    outer loop
      vertex 12.6141 3.60339 56.25
      vertex 14.5287 3.73035 50
      vertex 14.2658 4.63525 50
    endloop
  endfacet
  facet normal 0.919826 0.267268 0.287205
    outer loop
      vertex 14.5287 3.73035 50
      vertex 12.6141 3.60339 56.25
      vertex 12.7127 3.26405 56.25
    endloop
  endfacet
  facet normal 0.0300883 -0.957393 0.287218
    outer loop
      vertex 0.941857 -14.9704 50
      vertex 0.588661 -13.1065 56.25
      vertex 0.353197 -13.1139 56.25
    endloop
  endfacet
  facet normal 0.0300883 -0.957393 0.287218
    outer loop
      vertex 0.588661 -13.1065 56.25
      vertex 0.941857 -14.9704 50
      vertex 0.824125 -13.0991 56.25
    endloop
  endfacet
  facet normal -0.324457 -0.901241 0.287214
    outer loop
      vertex -4.63525 -14.2658 50
      vertex -4.2775 -12.4028 56.25
      vertex -4.38833 -12.3629 56.25
    endloop
  endfacet
  facet normal -0.32447 -0.901237 0.287213
    outer loop
      vertex -4.2775 -12.4028 56.25
      vertex -4.63525 -14.2658 50
      vertex -4.05585 -12.4826 56.25
    endloop
  endfacet
  facet normal -0.324463 -0.901239 0.287214
    outer loop
      vertex -4.63525 -14.2658 50
      vertex -4.38833 -12.3629 56.25
      vertex -5.52187 -13.9466 50
    endloop
  endfacet
  facet normal -0.586936 0.756971 0.28723
    outer loop
      vertex -8.81678 12.1353 50
      vertex -7.9939 10.4018 56.25
      vertex -7.71468 10.6183 56.25
    endloop
  endfacet
  facet normal -0.587111 0.75684 0.287217
    outer loop
      vertex -7.9939 10.4018 56.25
      vertex -8.81678 12.1353 50
      vertex -9.56136 11.5577 50
    endloop
  endfacet
  facet normal 0.792263 0.538354 0.287217
    outer loop
      vertex 10.8832 7.32499 56.25
      vertex 12.6649 8.0374 50
      vertex 12.1353 8.81678 50
    endloop
  endfacet
  facet normal 0.792257 0.538364 0.287216
    outer loop
      vertex 10.9494 7.22757 56.25
      vertex 12.6649 8.0374 50
      vertex 10.8832 7.32499 56.25
    endloop
  endfacet
  facet normal 0.792257 0.538364 0.287216
    outer loop
      vertex 12.6649 8.0374 50
      vertex 10.9494 7.22757 56.25
      vertex 11.0818 7.03273 56.25
    endloop
  endfacet
  facet normal -0.853467 0.434855 0.287221
    outer loop
      vertex -13.5724 6.38669 50
      vertex -11.7154 5.90321 56.25
      vertex -13.1446 7.22631 50
    endloop
  endfacet
  facet normal -0.853389 0.435015 0.28721
    outer loop
      vertex -13.5724 6.38669 50
      vertex -11.8759 5.58835 56.25
      vertex -11.7154 5.90321 56.25
    endloop
  endfacet
  facet normal -0.380319 0.879126 0.28722
    outer loop
      vertex -5.52187 13.9466 50
      vertex -5.58835 11.8759 56.25
      vertex -5.26404 12.0162 56.25
    endloop
  endfacet
  facet normal -0.38038 0.879102 0.287211
    outer loop
      vertex -5.58835 11.8759 56.25
      vertex -5.52187 13.9466 50
      vertex -6.38669 13.5724 50
    endloop
  endfacet
  facet normal 0.718506 -0.633447 0.287219
    outer loop
      vertex 9.56771 -8.98468 56.25
      vertex 11.5577 -9.56136 50
      vertex 9.8014 -8.71961 56.25
    endloop
  endfacet
  facet normal 0.718488 -0.633469 0.287215
    outer loop
      vertex 11.5577 -9.56136 50
      vertex 9.56771 -8.98468 56.25
      vertex 10.9345 -10.2682 50
    endloop
  endfacet
  facet normal -0.267327 0.919807 0.287214
    outer loop
      vertex -3.60339 12.6141 56.25
      vertex -4.63525 14.2658 50
      vertex -4.05585 12.4826 56.25
    endloop
  endfacet
  facet normal 0.853389 -0.435015 0.28721
    outer loop
      vertex 13.5724 -6.38669 50
      vertex 11.8759 -5.58835 56.25
      vertex 11.7154 -5.90321 56.25
    endloop
  endfacet
  facet normal 0.853467 -0.434855 0.287221
    outer loop
      vertex 13.5724 -6.38669 50
      vertex 11.7154 -5.90321 56.25
      vertex 13.1446 -7.22631 50
    endloop
  endfacet
  facet normal -0.957393 -0.0300882 0.287218
    outer loop
      vertex -15 0 50
      vertex -13.1139 -0.353197 56.25
      vertex -13.125 0 56.25
    endloop
  endfacet
  facet normal -0.957393 -0.0300882 0.287218
    outer loop
      vertex -13.1139 -0.353197 56.25
      vertex -15 0 50
      vertex -14.9704 -0.941857 50
    endloop
  endfacet
  facet normal 0.267327 -0.919807 0.287214
    outer loop
      vertex 4.05585 -12.4826 56.25
      vertex 3.60339 -12.6141 56.25
      vertex 4.63525 -14.2658 50
    endloop
  endfacet
  facet normal -0.934788 0.208989 0.287219
    outer loop
      vertex -14.7343 2.81072 50
      vertex -12.8154 2.80424 56.25
      vertex -14.5287 3.73035 50
    endloop
  endfacet
  facet normal -0.934787 0.208995 0.287219
    outer loop
      vertex -14.7343 2.81072 50
      vertex -12.8411 2.68929 56.25
      vertex -12.8154 2.80424 56.25
    endloop
  endfacet
  facet normal -0.934789 0.208987 0.287219
    outer loop
      vertex -14.7343 2.81072 50
      vertex -12.8925 2.45938 56.25
      vertex -12.8411 2.68929 56.25
    endloop
  endfacet
  facet normal 0.538491 0.792166 0.28723
    outer loop
      vertex 8.81678 12.1353 50
      vertex 7.32499 10.8832 56.25
      vertex 7.71468 10.6183 56.25
    endloop
  endfacet
  facet normal 0.756971 -0.586936 0.28723
    outer loop
      vertex 10.4018 -7.9939 56.25
      vertex 12.1353 -8.81678 50
      vertex 10.6183 -7.71468 56.25
    endloop
  endfacet
  facet normal 0.75684 -0.587111 0.287217
    outer loop
      vertex 12.1353 -8.81678 50
      vertex 10.4018 -7.9939 56.25
      vertex 11.5577 -9.56136 50
    endloop
  endfacet
  facet normal 0.677314 0.677314 0.287215
    outer loop
      vertex 8.98468 9.56771 56.25
      vertex 10.9345 10.2682 50
      vertex 10.2682 10.9345 50
    endloop
  endfacet
  facet normal 0.677314 0.677314 0.287215
    outer loop
      vertex 10.9345 10.2682 50
      vertex 8.98468 9.56771 56.25
      vertex 9.56771 8.98468 56.25
    endloop
  endfacet
  facet normal 0.487521 0.824516 0.287222
    outer loop
      vertex 7.22631 13.1446 50
      vertex 6.52579 11.3816 56.25
      vertex 6.72857 11.2617 56.25
    endloop
  endfacet
  facet normal 0.487539 0.824506 0.287221
    outer loop
      vertex 6.52579 11.3816 56.25
      vertex 7.22631 13.1446 50
      vertex 6.32302 11.5015 56.25
    endloop
  endfacet
  facet normal -0.487521 -0.824516 0.287222
    outer loop
      vertex -7.22631 -13.1446 50
      vertex -6.52579 -11.3816 56.25
      vertex -6.72857 -11.2617 56.25
    endloop
  endfacet
  facet normal -0.487539 -0.824506 0.287221
    outer loop
      vertex -6.52579 -11.3816 56.25
      vertex -7.22631 -13.1446 50
      vertex -6.32302 -11.5015 56.25
    endloop
  endfacet
  facet normal 0.901239 0.324463 0.287214
    outer loop
      vertex 12.3629 4.38833 56.25
      vertex 14.2658 4.63525 50
      vertex 13.9466 5.52187 50
    endloop
  endfacet
  facet normal 0.901241 0.324457 0.287214
    outer loop
      vertex 12.4028 4.2775 56.25
      vertex 14.2658 4.63525 50
      vertex 12.3629 4.38833 56.25
    endloop
  endfacet
  facet normal 0.901237 0.32447 0.287213
    outer loop
      vertex 12.4826 4.05585 56.25
      vertex 14.2658 4.63525 50
      vertex 12.4028 4.2775 56.25
    endloop
  endfacet
  facet normal -0.150031 -0.94605 0.287193
    outer loop
      vertex -1.88 -14.8817 50
      vertex -2.2267 -12.9294 56.25
      vertex -2.45938 -12.8925 56.25
    endloop
  endfacet
  facet normal -0.149832 -0.946074 0.287219
    outer loop
      vertex -1.88 -14.8817 50
      vertex -2.45938 -12.8925 56.25
      vertex -2.81072 -14.7343 50
    endloop
  endfacet
  facet normal -0.149633 -0.946102 0.287231
    outer loop
      vertex -2.2267 -12.9294 56.25
      vertex -1.88 -14.8817 50
      vertex -2.11036 -12.9478 56.25
    endloop
  endfacet
  facet normal 0.824452 -0.487635 0.287212
    outer loop
      vertex 11.0818 -7.03273 56.25
      vertex 13.1446 -7.22631 50
      vertex 11.2617 -6.72857 56.25
    endloop
  endfacet
  facet normal 0.824465 -0.487611 0.287216
    outer loop
      vertex 13.1446 -7.22631 50
      vertex 11.0818 -7.03273 56.25
      vertex 12.6649 -8.0374 50
    endloop
  endfacet
  facet normal -0.853388 0.435008 0.287222
    outer loop
      vertex -13.1446 7.22631 50
      vertex -11.6085 6.11311 56.25
      vertex -11.5015 6.32302 56.25
    endloop
  endfacet
  facet normal -0.853548 0.434704 0.287208
    outer loop
      vertex -11.6085 6.11311 56.25
      vertex -13.1446 7.22631 50
      vertex -11.7154 5.90321 56.25
    endloop
  endfacet
  facet normal 0.435015 -0.853389 0.28721
    outer loop
      vertex 5.58835 -11.8759 56.25
      vertex 6.38669 -13.5724 50
      vertex 5.90321 -11.7154 56.25
    endloop
  endfacet
  facet normal 0.434855 -0.853467 0.287221
    outer loop
      vertex 5.90321 -11.7154 56.25
      vertex 6.38669 -13.5724 50
      vertex 7.22631 -13.1446 50
    endloop
  endfacet
  facet normal -0.380379 -0.879101 0.287214
    outer loop
      vertex -5.26404 -12.0162 56.25
      vertex -5.52187 -13.9466 50
      vertex -4.83163 -12.2033 56.25
    endloop
  endfacet
  facet normal 0.718507 0.633446 0.287219
    outer loop
      vertex 9.95719 8.5429 56.25
      vertex 11.5577 9.56136 50
      vertex 9.8014 8.71961 56.25
    endloop
  endfacet
  facet normal 0.718467 0.633492 0.287216
    outer loop
      vertex 11.5577 9.56136 50
      vertex 9.95719 8.5429 56.25
      vertex 10.113 8.36619 56.25
    endloop
  endfacet
  facet normal -0.0300883 0.957393 0.287218
    outer loop
      vertex -0.941857 14.9704 50
      vertex -0.588661 13.1065 56.25
      vertex -0.353197 13.1139 56.25
    endloop
  endfacet
  facet normal -0.0300883 0.957393 0.287218
    outer loop
      vertex -0.588661 13.1065 56.25
      vertex -0.941857 14.9704 50
      vertex -0.824125 13.0991 56.25
    endloop
  endfacet
  facet normal -0.677314 -0.677314 0.287215
    outer loop
      vertex -10.9345 -10.2682 50
      vertex -8.98468 -9.56771 56.25
      vertex -9.56771 -8.98468 56.25
    endloop
  endfacet
  facet normal -0.677314 -0.677314 0.287215
    outer loop
      vertex -8.98468 -9.56771 56.25
      vertex -10.9345 -10.2682 50
      vertex -10.2682 -10.9345 50
    endloop
  endfacet
  facet normal 0.0300882 0.957393 0.287218
    outer loop
      vertex 0 15 50
      vertex 0.353197 13.1139 56.25
      vertex 0.941857 14.9704 50
    endloop
  endfacet
  facet normal 0.0300882 0.957393 0.287218
    outer loop
      vertex 0.353197 13.1139 56.25
      vertex 0 15 50
      vertex 0 13.125 56.25
    endloop
  endfacet
  facet normal 0.879102 0.38038 0.287211
    outer loop
      vertex 11.8759 5.58835 56.25
      vertex 13.9466 5.52187 50
      vertex 13.5724 6.38669 50
    endloop
  endfacet
  facet normal 0.879126 0.380319 0.28722
    outer loop
      vertex 13.9466 5.52187 50
      vertex 11.8759 5.58835 56.25
      vertex 12.0162 5.26404 56.25
    endloop
  endfacet
  facet normal 0.434704 -0.853548 0.287208
    outer loop
      vertex 7.22631 -13.1446 50
      vertex 6.11311 -11.6085 56.25
      vertex 5.90321 -11.7154 56.25
    endloop
  endfacet
  facet normal 0.435008 -0.853388 0.287222
    outer loop
      vertex 6.11311 -11.6085 56.25
      vertex 7.22631 -13.1446 50
      vertex 6.32302 -11.5015 56.25
    endloop
  endfacet
  facet normal 0.324457 0.901241 0.287214
    outer loop
      vertex 4.63525 14.2658 50
      vertex 4.2775 12.4028 56.25
      vertex 4.38833 12.3629 56.25
    endloop
  endfacet
  facet normal 0.32447 0.901237 0.287213
    outer loop
      vertex 4.2775 12.4028 56.25
      vertex 4.63525 14.2658 50
      vertex 4.05585 12.4826 56.25
    endloop
  endfacet
  facet normal 0.324463 0.901239 0.287214
    outer loop
      vertex 4.63525 14.2658 50
      vertex 4.38833 12.3629 56.25
      vertex 5.52187 13.9466 50
    endloop
  endfacet
  facet normal -0.934789 -0.208987 0.287219
    outer loop
      vertex -12.8925 -2.45938 56.25
      vertex -14.7343 -2.81072 50
      vertex -12.8411 -2.68929 56.25
    endloop
  endfacet
  facet normal -0.934787 -0.208995 0.287219
    outer loop
      vertex -12.8411 -2.68929 56.25
      vertex -14.7343 -2.81072 50
      vertex -12.8154 -2.80424 56.25
    endloop
  endfacet
  facet normal -0.934788 -0.208989 0.287219
    outer loop
      vertex -12.8154 -2.80424 56.25
      vertex -14.7343 -2.81072 50
      vertex -14.5287 -3.73035 50
    endloop
  endfacet
  facet normal 0.633447 -0.718506 0.287219
    outer loop
      vertex 9.56136 -11.5577 50
      vertex 8.98468 -9.56771 56.25
      vertex 8.71961 -9.8014 56.25
    endloop
  endfacet
  facet normal 0.633469 -0.718488 0.287215
    outer loop
      vertex 8.98468 -9.56771 56.25
      vertex 9.56136 -11.5577 50
      vertex 10.2682 -10.9345 50
    endloop
  endfacet
  facet normal -0.267268 0.919826 0.287205
    outer loop
      vertex -3.73035 14.5287 50
      vertex -3.60339 12.6141 56.25
      vertex -3.26405 12.7127 56.25
    endloop
  endfacet
  facet normal -0.267239 0.919834 0.287207
    outer loop
      vertex -3.60339 12.6141 56.25
      vertex -3.73035 14.5287 50
      vertex -4.63525 14.2658 50
    endloop
  endfacet
  facet normal 0.208798 0.934835 0.287204
    outer loop
      vertex 3.73035 14.5287 50
      vertex 2.80424 12.8154 56.25
      vertex 3.26405 12.7127 56.25
    endloop
  endfacet
  facet normal 0.718488 0.633469 0.287215
    outer loop
      vertex 9.56771 8.98468 56.25
      vertex 11.5577 9.56136 50
      vertex 10.9345 10.2682 50
    endloop
  endfacet
  facet normal 0.718506 0.633447 0.287219
    outer loop
      vertex 11.5577 9.56136 50
      vertex 9.56771 8.98468 56.25
      vertex 9.8014 8.71961 56.25
    endloop
  endfacet
  facet normal 0.677314 -0.677314 0.287215
    outer loop
      vertex 8.98468 -9.56771 56.25
      vertex 10.9345 -10.2682 50
      vertex 9.56771 -8.98468 56.25
    endloop
  endfacet
  facet normal 0.677314 -0.677314 0.287215
    outer loop
      vertex 10.9345 -10.2682 50
      vertex 8.98468 -9.56771 56.25
      vertex 10.2682 -10.9345 50
    endloop
  endfacet
  facet normal 0.919807 0.267327 0.287214
    outer loop
      vertex 14.2658 4.63525 50
      vertex 12.4826 4.05585 56.25
      vertex 12.6141 3.60339 56.25
    endloop
  endfacet
  facet normal 0 0 -1
    outer loop
      vertex 10 0 50
      vertex 15 0 50
      vertex 14.9704 -0.941857 50
    endloop
  endfacet
  facet normal 0 0 -1
    outer loop
      vertex 9.98027 -0.627905 50
      vertex 14.9704 -0.941857 50
      vertex 14.8817 -1.88 50
    endloop
  endfacet
  facet normal 0 0 -1
    outer loop
      vertex 15 0 50
      vertex 10 0 50
      vertex 14.9704 0.941857 50
    endloop
  endfacet
  facet normal 0 0 -1
    outer loop
      vertex 9.92115 -1.25333 50
      vertex 14.8817 -1.88 50
      vertex 14.7343 -2.81072 50
    endloop
  endfacet
  facet normal 0 0 -1
    outer loop
      vertex 9.98027 0.627905 50
      vertex 14.9704 0.941857 50
      vertex 10 0 50
    endloop
  endfacet
  facet normal 0 0 -1
    outer loop
      vertex 9.82287 -1.87381 50
      vertex 14.7343 -2.81072 50
      vertex 14.5287 -3.73035 50
    endloop
  endfacet
  facet normal -0 0 -1
    outer loop
      vertex 14.9704 0.941857 50
      vertex 9.98027 0.627905 50
      vertex 14.8817 1.88 50
    endloop
  endfacet
  facet normal 0 0 -1
    outer loop
      vertex 9.68583 -2.4869 50
      vertex 14.5287 -3.73035 50
      vertex 14.2658 -4.63525 50
    endloop
  endfacet
  facet normal 0 0 -1
    outer loop
      vertex 9.92115 1.25333 50
      vertex 14.8817 1.88 50
      vertex 9.98027 0.627905 50
    endloop
  endfacet
  facet normal 0 0 -1
    outer loop
      vertex 9.51056 -3.09017 50
      vertex 14.2658 -4.63525 50
      vertex 13.9466 -5.52187 50
    endloop
  endfacet
  facet normal -0 0 -1
    outer loop
      vertex 14.8817 1.88 50
      vertex 9.92115 1.25333 50
      vertex 14.7343 2.81072 50
    endloop
  endfacet
  facet normal 0 0 -1
    outer loop
      vertex 9.29776 -3.68124 50
      vertex 13.9466 -5.52187 50
      vertex 13.5724 -6.38669 50
    endloop
  endfacet
  facet normal 0 0 -1
    outer loop
      vertex 9.82287 1.87381 50
      vertex 14.7343 2.81072 50
      vertex 9.92115 1.25333 50
    endloop
  endfacet
  facet normal 0 0 -1
    outer loop
      vertex 9.04827 -4.25779 50
      vertex 13.5724 -6.38669 50
      vertex 13.1446 -7.22631 50
    endloop
  endfacet
  facet normal -0 0 -1
    outer loop
      vertex 14.7343 2.81072 50
      vertex 9.82287 1.87381 50
      vertex 14.5287 3.73035 50
    endloop
  endfacet
  facet normal 0 0 -1
    outer loop
      vertex 8.76307 -4.81754 50
      vertex 13.1446 -7.22631 50
      vertex 12.6649 -8.0374 50
    endloop
  endfacet
  facet normal 0 0 -1
    outer loop
      vertex 9.68583 2.4869 50
      vertex 14.5287 3.73035 50
      vertex 9.82287 1.87381 50
    endloop
  endfacet
  facet normal 0 0 -1
    outer loop
      vertex 8.44328 -5.35827 50
      vertex 12.6649 -8.0374 50
      vertex 12.1353 -8.81678 50
    endloop
  endfacet
  facet normal -0 0 -1
    outer loop
      vertex 14.5287 3.73035 50
      vertex 9.68583 2.4869 50
      vertex 14.2658 4.63525 50
    endloop
  endfacet
  facet normal 0 0 -1
    outer loop
      vertex 8.09017 -5.87785 50
      vertex 12.1353 -8.81678 50
      vertex 11.5577 -9.56136 50
    endloop
  endfacet
  facet normal 0 0 -1
    outer loop
      vertex 9.51056 3.09017 50
      vertex 14.2658 4.63525 50
      vertex 9.68583 2.4869 50
    endloop
  endfacet
  facet normal 0 0 -1
    outer loop
      vertex 7.70513 -6.37424 50
      vertex 11.5577 -9.56136 50
      vertex 10.9345 -10.2682 50
    endloop
  endfacet
  facet normal -0 0 -1
    outer loop
      vertex 14.2658 4.63525 50
      vertex 9.51056 3.09017 50
      vertex 13.9466 5.52187 50
    endloop
  endfacet
  facet normal 0 0 -1
    outer loop
      vertex 7.28969 -6.84547 50
      vertex 10.9345 -10.2682 50
      vertex 10.2682 -10.9345 50
    endloop
  endfacet
  facet normal 0 0 -1
    outer loop
      vertex 9.29776 3.68124 50
      vertex 13.9466 5.52187 50
      vertex 9.51056 3.09017 50
    endloop
  endfacet
  facet normal -0 0 -1
    outer loop
      vertex 13.9466 5.52187 50
      vertex 9.29776 3.68124 50
      vertex 13.5724 6.38669 50
    endloop
  endfacet
  facet normal 0 0 -1
    outer loop
      vertex 14.9704 -0.941857 50
      vertex 9.98027 -0.627905 50
      vertex 10 0 50
    endloop
  endfacet
  facet normal 0 0 -1
    outer loop
      vertex 14.8817 -1.88 50
      vertex 9.92115 -1.25333 50
      vertex 9.98027 -0.627905 50
    endloop
  endfacet
  facet normal 0 0 -1
    outer loop
      vertex 14.7343 -2.81072 50
      vertex 9.82287 -1.87381 50
      vertex 9.92115 -1.25333 50
    endloop
  endfacet
  facet normal 0 0 -1
    outer loop
      vertex 14.5287 -3.73035 50
      vertex 9.68583 -2.4869 50
      vertex 9.82287 -1.87381 50
    endloop
  endfacet
  facet normal 0 0 -1
    outer loop
      vertex 6.84547 -7.28969 50
      vertex 10.2682 -10.9345 50
      vertex 9.56136 -11.5577 50
    endloop
  endfacet
  facet normal 0 0 -1
    outer loop
      vertex 14.2658 -4.63525 50
      vertex 9.51056 -3.09017 50
      vertex 9.68583 -2.4869 50
    endloop
  endfacet
  facet normal 0 0 -1
    outer loop
      vertex 13.9466 -5.52187 50
      vertex 9.29776 -3.68124 50
      vertex 9.51056 -3.09017 50
    endloop
  endfacet
  facet normal 0 0 -1
    outer loop
      vertex 13.5724 -6.38669 50
      vertex 9.04827 -4.25779 50
      vertex 9.29776 -3.68124 50
    endloop
  endfacet
  facet normal 0 0 -1
    outer loop
      vertex 6.37424 -7.70513 50
      vertex 9.56136 -11.5577 50
      vertex 8.81678 -12.1353 50
    endloop
  endfacet
  facet normal 0 0 -1
    outer loop
      vertex 13.1446 -7.22631 50
      vertex 8.76307 -4.81754 50
      vertex 9.04827 -4.25779 50
    endloop
  endfacet
  facet normal 0 0 -1
    outer loop
      vertex 12.6649 -8.0374 50
      vertex 8.44328 -5.35827 50
      vertex 8.76307 -4.81754 50
    endloop
  endfacet
  facet normal 0 0 -1
    outer loop
      vertex 12.1353 -8.81678 50
      vertex 8.09017 -5.87785 50
      vertex 8.44328 -5.35827 50
    endloop
  endfacet
  facet normal 0 0 -1
    outer loop
      vertex 5.87785 -8.09017 50
      vertex 8.81678 -12.1353 50
      vertex 8.0374 -12.6649 50
    endloop
  endfacet
  facet normal 0 0 -1
    outer loop
      vertex 11.5577 -9.56136 50
      vertex 7.70513 -6.37424 50
      vertex 8.09017 -5.87785 50
    endloop
  endfacet
  facet normal 0 0 -1
    outer loop
      vertex 10.9345 -10.2682 50
      vertex 7.28969 -6.84547 50
      vertex 7.70513 -6.37424 50
    endloop
  endfacet
  facet normal 0 0 -1
    outer loop
      vertex 5.35827 -8.44328 50
      vertex 8.0374 -12.6649 50
      vertex 7.22631 -13.1446 50
    endloop
  endfacet
  facet normal 0 0 -1
    outer loop
      vertex 10.2682 -10.9345 50
      vertex 6.84547 -7.28969 50
      vertex 7.28969 -6.84547 50
    endloop
  endfacet
  facet normal 0 0 -1
    outer loop
      vertex 4.81754 -8.76307 50
      vertex 7.22631 -13.1446 50
      vertex 6.38669 -13.5724 50
    endloop
  endfacet
  facet normal 0 0 -1
    outer loop
      vertex 9.56136 -11.5577 50
      vertex 6.37424 -7.70513 50
      vertex 6.84547 -7.28969 50
    endloop
  endfacet
  facet normal 0 0 -1
    outer loop
      vertex 8.81678 -12.1353 50
      vertex 5.87785 -8.09017 50
      vertex 6.37424 -7.70513 50
    endloop
  endfacet
  facet normal 0 0 -1
    outer loop
      vertex 4.25779 -9.04827 50
      vertex 6.38669 -13.5724 50
      vertex 5.52187 -13.9466 50
    endloop
  endfacet
  facet normal 0 0 -1
    outer loop
      vertex 8.0374 -12.6649 50
      vertex 5.35827 -8.44328 50
      vertex 5.87785 -8.09017 50
    endloop
  endfacet
  facet normal 0 0 -1
    outer loop
      vertex 7.22631 -13.1446 50
      vertex 4.81754 -8.76307 50
      vertex 5.35827 -8.44328 50
    endloop
  endfacet
  facet normal 0 0 -1
    outer loop
      vertex 3.68124 -9.29776 50
      vertex 5.52187 -13.9466 50
      vertex 4.63525 -14.2658 50
    endloop
  endfacet
  facet normal 0 0 -1
    outer loop
      vertex 6.38669 -13.5724 50
      vertex 4.25779 -9.04827 50
      vertex 4.81754 -8.76307 50
    endloop
  endfacet
  facet normal 0 0 -1
    outer loop
      vertex 3.09017 -9.51056 50
      vertex 4.63525 -14.2658 50
      vertex 3.73035 -14.5287 50
    endloop
  endfacet
  facet normal 0 0 -1
    outer loop
      vertex 5.52187 -13.9466 50
      vertex 3.68124 -9.29776 50
      vertex 4.25779 -9.04827 50
    endloop
  endfacet
  facet normal 0 0 -1
    outer loop
      vertex 4.63525 -14.2658 50
      vertex 3.09017 -9.51056 50
      vertex 3.68124 -9.29776 50
    endloop
  endfacet
  facet normal 0 0 -1
    outer loop
      vertex 2.4869 -9.68583 50
      vertex 3.73035 -14.5287 50
      vertex 2.81072 -14.7343 50
    endloop
  endfacet
  facet normal 0 0 -1
    outer loop
      vertex 3.73035 -14.5287 50
      vertex 2.4869 -9.68583 50
      vertex 3.09017 -9.51056 50
    endloop
  endfacet
  facet normal 0 0 -1
    outer loop
      vertex 1.87381 -9.82287 50
      vertex 2.81072 -14.7343 50
      vertex 1.88 -14.8817 50
    endloop
  endfacet
  facet normal 0 0 -1
    outer loop
      vertex 2.81072 -14.7343 50
      vertex 1.87381 -9.82287 50
      vertex 2.4869 -9.68583 50
    endloop
  endfacet
  facet normal 0 0 -1
    outer loop
      vertex 1.88 -14.8817 50
      vertex 1.25333 -9.92115 50
      vertex 1.87381 -9.82287 50
    endloop
  endfacet
  facet normal 0 0 -1
    outer loop
      vertex 0.941857 -14.9704 50
      vertex 1.25333 -9.92115 50
      vertex 1.88 -14.8817 50
    endloop
  endfacet
  facet normal 0 0 -1
    outer loop
      vertex 0.941857 -14.9704 50
      vertex 0.627905 -9.98027 50
      vertex 1.25333 -9.92115 50
    endloop
  endfacet
  facet normal 0 0 -1
    outer loop
      vertex 0 -15 50
      vertex 0.627905 -9.98027 50
      vertex 0.941857 -14.9704 50
    endloop
  endfacet
  facet normal 0 0 -1
    outer loop
      vertex 0 -15 50
      vertex 0 -10 50
      vertex 0.627905 -9.98027 50
    endloop
  endfacet
  facet normal 0 0 -1
    outer loop
      vertex 0 -15 50
      vertex -0.627905 -9.98027 50
      vertex 0 -10 50
    endloop
  endfacet
  facet normal 0 0 -1
    outer loop
      vertex -0.941857 -14.9704 50
      vertex -0.627905 -9.98027 50
      vertex 0 -15 50
    endloop
  endfacet
  facet normal 0 0 -1
    outer loop
      vertex -0.941857 -14.9704 50
      vertex -1.25333 -9.92115 50
      vertex -0.627905 -9.98027 50
    endloop
  endfacet
  facet normal 0 0 -1
    outer loop
      vertex -1.88 -14.8817 50
      vertex -1.25333 -9.92115 50
      vertex -0.941857 -14.9704 50
    endloop
  endfacet
  facet normal -0 0 -1
    outer loop
      vertex -1.25333 -9.92115 50
      vertex -1.88 -14.8817 50
      vertex -1.87381 -9.82287 50
    endloop
  endfacet
  facet normal 0 0 -1
    outer loop
      vertex -2.81072 -14.7343 50
      vertex -1.87381 -9.82287 50
      vertex -1.88 -14.8817 50
    endloop
  endfacet
  facet normal -0 0 -1
    outer loop
      vertex -1.87381 -9.82287 50
      vertex -2.81072 -14.7343 50
      vertex -2.4869 -9.68583 50
    endloop
  endfacet
  facet normal 0 0 -1
    outer loop
      vertex -3.73035 -14.5287 50
      vertex -2.4869 -9.68583 50
      vertex -2.81072 -14.7343 50
    endloop
  endfacet
  facet normal -0 0 -1
    outer loop
      vertex -2.4869 -9.68583 50
      vertex -3.73035 -14.5287 50
      vertex -3.09017 -9.51056 50
    endloop
  endfacet
  facet normal 0 0 -1
    outer loop
      vertex -4.63525 -14.2658 50
      vertex -3.09017 -9.51056 50
      vertex -3.73035 -14.5287 50
    endloop
  endfacet
  facet normal -0 0 -1
    outer loop
      vertex -3.09017 -9.51056 50
      vertex -4.63525 -14.2658 50
      vertex -3.68124 -9.29776 50
    endloop
  endfacet
  facet normal 0 0 -1
    outer loop
      vertex -5.52187 -13.9466 50
      vertex -3.68124 -9.29776 50
      vertex -4.63525 -14.2658 50
    endloop
  endfacet
  facet normal -0 0 -1
    outer loop
      vertex -3.68124 -9.29776 50
      vertex -5.52187 -13.9466 50
      vertex -4.25779 -9.04827 50
    endloop
  endfacet
  facet normal 0 0 -1
    outer loop
      vertex -6.38669 -13.5724 50
      vertex -4.25779 -9.04827 50
      vertex -5.52187 -13.9466 50
    endloop
  endfacet
  facet normal -0 0 -1
    outer loop
      vertex -4.25779 -9.04827 50
      vertex -6.38669 -13.5724 50
      vertex -4.81754 -8.76307 50
    endloop
  endfacet
  facet normal 0 0 -1
    outer loop
      vertex -7.22631 -13.1446 50
      vertex -4.81754 -8.76307 50
      vertex -6.38669 -13.5724 50
    endloop
  endfacet
  facet normal -0 0 -1
    outer loop
      vertex -4.81754 -8.76307 50
      vertex -7.22631 -13.1446 50
      vertex -5.35827 -8.44328 50
    endloop
  endfacet
  facet normal 0 0 -1
    outer loop
      vertex -8.0374 -12.6649 50
      vertex -5.35827 -8.44328 50
      vertex -7.22631 -13.1446 50
    endloop
  endfacet
  facet normal -0 0 -1
    outer loop
      vertex -5.35827 -8.44328 50
      vertex -8.0374 -12.6649 50
      vertex -5.87785 -8.09017 50
    endloop
  endfacet
  facet normal 0 0 -1
    outer loop
      vertex -8.81678 -12.1353 50
      vertex -5.87785 -8.09017 50
      vertex -8.0374 -12.6649 50
    endloop
  endfacet
  facet normal -0 0 -1
    outer loop
      vertex -5.87785 -8.09017 50
      vertex -8.81678 -12.1353 50
      vertex -6.37424 -7.70513 50
    endloop
  endfacet
  facet normal 0 0 -1
    outer loop
      vertex -9.56136 -11.5577 50
      vertex -6.37424 -7.70513 50
      vertex -8.81678 -12.1353 50
    endloop
  endfacet
  facet normal -0 0 -1
    outer loop
      vertex -6.37424 -7.70513 50
      vertex -9.56136 -11.5577 50
      vertex -6.84547 -7.28969 50
    endloop
  endfacet
  facet normal 0 0 -1
    outer loop
      vertex -10.2682 -10.9345 50
      vertex -6.84547 -7.28969 50
      vertex -9.56136 -11.5577 50
    endloop
  endfacet
  facet normal -0 0 -1
    outer loop
      vertex -6.84547 -7.28969 50
      vertex -10.2682 -10.9345 50
      vertex -7.28969 -6.84547 50
    endloop
  endfacet
  facet normal 0 0 -1
    outer loop
      vertex -10.9345 -10.2682 50
      vertex -7.28969 -6.84547 50
      vertex -10.2682 -10.9345 50
    endloop
  endfacet
  facet normal -0 0 -1
    outer loop
      vertex -7.28969 -6.84547 50
      vertex -10.9345 -10.2682 50
      vertex -7.70513 -6.37424 50
    endloop
  endfacet
  facet normal 0 0 -1
    outer loop
      vertex -11.5577 -9.56136 50
      vertex -7.70513 -6.37424 50
      vertex -10.9345 -10.2682 50
    endloop
  endfacet
  facet normal -0 0 -1
    outer loop
      vertex -7.70513 -6.37424 50
      vertex -11.5577 -9.56136 50
      vertex -8.09017 -5.87785 50
    endloop
  endfacet
  facet normal 0 0 -1
    outer loop
      vertex -12.1353 -8.81678 50
      vertex -8.09017 -5.87785 50
      vertex -11.5577 -9.56136 50
    endloop
  endfacet
  facet normal -0 0 -1
    outer loop
      vertex -8.09017 -5.87785 50
      vertex -12.1353 -8.81678 50
      vertex -8.44328 -5.35827 50
    endloop
  endfacet
  facet normal 0 0 -1
    outer loop
      vertex -12.6649 -8.0374 50
      vertex -8.44328 -5.35827 50
      vertex -12.1353 -8.81678 50
    endloop
  endfacet
  facet normal -0 0 -1
    outer loop
      vertex -8.44328 -5.35827 50
      vertex -12.6649 -8.0374 50
      vertex -8.76307 -4.81754 50
    endloop
  endfacet
  facet normal 0 0 -1
    outer loop
      vertex -13.1446 -7.22631 50
      vertex -8.76307 -4.81754 50
      vertex -12.6649 -8.0374 50
    endloop
  endfacet
  facet normal -0 0 -1
    outer loop
      vertex -8.76307 -4.81754 50
      vertex -13.1446 -7.22631 50
      vertex -9.04827 -4.25779 50
    endloop
  endfacet
  facet normal -0 0 -1
    outer loop
      vertex -9.04827 -4.25779 50
      vertex -13.5724 -6.38669 50
      vertex -9.29776 -3.68124 50
    endloop
  endfacet
  facet normal 0 0 -1
    outer loop
      vertex -13.5724 -6.38669 50
      vertex -9.04827 -4.25779 50
      vertex -13.1446 -7.22631 50
    endloop
  endfacet
  facet normal 0 0 -1
    outer loop
      vertex 9.04827 4.25779 50
      vertex 13.5724 6.38669 50
      vertex 9.29776 3.68124 50
    endloop
  endfacet
  facet normal -0 0 -1
    outer loop
      vertex 13.5724 6.38669 50
      vertex 9.04827 4.25779 50
      vertex 13.1446 7.22631 50
    endloop
  endfacet
  facet normal 0 0 -1
    outer loop
      vertex 8.76307 4.81754 50
      vertex 13.1446 7.22631 50
      vertex 9.04827 4.25779 50
    endloop
  endfacet
  facet normal -0 0 -1
    outer loop
      vertex 13.1446 7.22631 50
      vertex 8.76307 4.81754 50
      vertex 12.6649 8.0374 50
    endloop
  endfacet
  facet normal 0 0 -1
    outer loop
      vertex 8.44328 5.35827 50
      vertex 12.6649 8.0374 50
      vertex 8.76307 4.81754 50
    endloop
  endfacet
  facet normal -0 0 -1
    outer loop
      vertex 12.6649 8.0374 50
      vertex 8.44328 5.35827 50
      vertex 12.1353 8.81678 50
    endloop
  endfacet
  facet normal 0 0 -1
    outer loop
      vertex 8.09017 5.87785 50
      vertex 12.1353 8.81678 50
      vertex 8.44328 5.35827 50
    endloop
  endfacet
  facet normal -0 0 -1
    outer loop
      vertex 12.1353 8.81678 50
      vertex 8.09017 5.87785 50
      vertex 11.5577 9.56136 50
    endloop
  endfacet
  facet normal 0 0 -1
    outer loop
      vertex 7.70513 6.37424 50
      vertex 11.5577 9.56136 50
      vertex 8.09017 5.87785 50
    endloop
  endfacet
  facet normal -0 0 -1
    outer loop
      vertex 11.5577 9.56136 50
      vertex 7.70513 6.37424 50
      vertex 10.9345 10.2682 50
    endloop
  endfacet
  facet normal 0 0 -1
    outer loop
      vertex 7.28969 6.84547 50
      vertex 10.9345 10.2682 50
      vertex 7.70513 6.37424 50
    endloop
  endfacet
  facet normal -0 0 -1
    outer loop
      vertex 10.9345 10.2682 50
      vertex 7.28969 6.84547 50
      vertex 10.2682 10.9345 50
    endloop
  endfacet
  facet normal 0 0 -1
    outer loop
      vertex 6.84547 7.28969 50
      vertex 10.2682 10.9345 50
      vertex 7.28969 6.84547 50
    endloop
  endfacet
  facet normal -0 0 -1
    outer loop
      vertex 10.2682 10.9345 50
      vertex 6.84547 7.28969 50
      vertex 9.56136 11.5577 50
    endloop
  endfacet
  facet normal 0 0 -1
    outer loop
      vertex 6.37424 7.70513 50
      vertex 9.56136 11.5577 50
      vertex 6.84547 7.28969 50
    endloop
  endfacet
  facet normal -0 0 -1
    outer loop
      vertex 9.56136 11.5577 50
      vertex 6.37424 7.70513 50
      vertex 8.81678 12.1353 50
    endloop
  endfacet
  facet normal 0 0 -1
    outer loop
      vertex 5.87785 8.09017 50
      vertex 8.81678 12.1353 50
      vertex 6.37424 7.70513 50
    endloop
  endfacet
  facet normal -0 0 -1
    outer loop
      vertex 8.81678 12.1353 50
      vertex 5.87785 8.09017 50
      vertex 8.0374 12.6649 50
    endloop
  endfacet
  facet normal 0 0 -1
    outer loop
      vertex 5.35827 8.44328 50
      vertex 8.0374 12.6649 50
      vertex 5.87785 8.09017 50
    endloop
  endfacet
  facet normal -0 0 -1
    outer loop
      vertex 8.0374 12.6649 50
      vertex 5.35827 8.44328 50
      vertex 7.22631 13.1446 50
    endloop
  endfacet
  facet normal 0 0 -1
    outer loop
      vertex 4.81754 8.76307 50
      vertex 7.22631 13.1446 50
      vertex 5.35827 8.44328 50
    endloop
  endfacet
  facet normal -0 0 -1
    outer loop
      vertex 7.22631 13.1446 50
      vertex 4.81754 8.76307 50
      vertex 6.38669 13.5724 50
    endloop
  endfacet
  facet normal 0 0 -1
    outer loop
      vertex 4.25779 9.04827 50
      vertex 6.38669 13.5724 50
      vertex 4.81754 8.76307 50
    endloop
  endfacet
  facet normal -0 0 -1
    outer loop
      vertex 6.38669 13.5724 50
      vertex 4.25779 9.04827 50
      vertex 5.52187 13.9466 50
    endloop
  endfacet
  facet normal 0 0 -1
    outer loop
      vertex 3.68124 9.29776 50
      vertex 5.52187 13.9466 50
      vertex 4.25779 9.04827 50
    endloop
  endfacet
  facet normal -0 0 -1
    outer loop
      vertex 5.52187 13.9466 50
      vertex 3.68124 9.29776 50
      vertex 4.63525 14.2658 50
    endloop
  endfacet
  facet normal 0 0 -1
    outer loop
      vertex 3.09017 9.51056 50
      vertex 4.63525 14.2658 50
      vertex 3.68124 9.29776 50
    endloop
  endfacet
  facet normal -0 0 -1
    outer loop
      vertex 4.63525 14.2658 50
      vertex 3.09017 9.51056 50
      vertex 3.73035 14.5287 50
    endloop
  endfacet
  facet normal 0 0 -1
    outer loop
      vertex 2.4869 9.68583 50
      vertex 3.73035 14.5287 50
      vertex 3.09017 9.51056 50
    endloop
  endfacet
  facet normal -0 0 -1
    outer loop
      vertex 3.73035 14.5287 50
      vertex 2.4869 9.68583 50
      vertex 2.81072 14.7343 50
    endloop
  endfacet
  facet normal 0 0 -1
    outer loop
      vertex 1.87381 9.82287 50
      vertex 2.81072 14.7343 50
      vertex 2.4869 9.68583 50
    endloop
  endfacet
  facet normal -0 0 -1
    outer loop
      vertex 2.81072 14.7343 50
      vertex 1.87381 9.82287 50
      vertex 1.88 14.8817 50
    endloop
  endfacet
  facet normal 0 0 -1
    outer loop
      vertex 1.25333 9.92115 50
      vertex 1.88 14.8817 50
      vertex 1.87381 9.82287 50
    endloop
  endfacet
  facet normal 0 0 -1
    outer loop
      vertex 1.25333 9.92115 50
      vertex 0.941857 14.9704 50
      vertex 1.88 14.8817 50
    endloop
  endfacet
  facet normal 0 0 -1
    outer loop
      vertex 0.627905 9.98027 50
      vertex 0.941857 14.9704 50
      vertex 1.25333 9.92115 50
    endloop
  endfacet
  facet normal 0 0 -1
    outer loop
      vertex 0 10 50
      vertex 0.941857 14.9704 50
      vertex 0.627905 9.98027 50
    endloop
  endfacet
  facet normal 0 0 -1
    outer loop
      vertex 0 10 50
      vertex 0 15 50
      vertex 0.941857 14.9704 50
    endloop
  endfacet
  facet normal 0 0 -1
    outer loop
      vertex -0.627905 9.98027 50
      vertex 0 15 50
      vertex 0 10 50
    endloop
  endfacet
  facet normal 0 0 -1
    outer loop
      vertex -0.627905 9.98027 50
      vertex -0.941857 14.9704 50
      vertex 0 15 50
    endloop
  endfacet
  facet normal 0 0 -1
    outer loop
      vertex -1.25333 9.92115 50
      vertex -0.941857 14.9704 50
      vertex -0.627905 9.98027 50
    endloop
  endfacet
  facet normal 0 0 -1
    outer loop
      vertex -1.88 14.8817 50
      vertex -1.25333 9.92115 50
      vertex -1.87381 9.82287 50
    endloop
  endfacet
  facet normal 0 0 -1
    outer loop
      vertex -1.25333 9.92115 50
      vertex -1.88 14.8817 50
      vertex -0.941857 14.9704 50
    endloop
  endfacet
  facet normal 0 0 -1
    outer loop
      vertex -2.81072 14.7343 50
      vertex -1.87381 9.82287 50
      vertex -2.4869 9.68583 50
    endloop
  endfacet
  facet normal 0 0 -1
    outer loop
      vertex -1.87381 9.82287 50
      vertex -2.81072 14.7343 50
      vertex -1.88 14.8817 50
    endloop
  endfacet
  facet normal 0 0 -1
    outer loop
      vertex -3.73035 14.5287 50
      vertex -2.4869 9.68583 50
      vertex -3.09017 9.51056 50
    endloop
  endfacet
  facet normal 0 0 -1
    outer loop
      vertex -4.63525 14.2658 50
      vertex -3.09017 9.51056 50
      vertex -3.68124 9.29776 50
    endloop
  endfacet
  facet normal 0 0 -1
    outer loop
      vertex -2.4869 9.68583 50
      vertex -3.73035 14.5287 50
      vertex -2.81072 14.7343 50
    endloop
  endfacet
  facet normal 0 0 -1
    outer loop
      vertex -5.52187 13.9466 50
      vertex -3.68124 9.29776 50
      vertex -4.25779 9.04827 50
    endloop
  endfacet
  facet normal 0 0 -1
    outer loop
      vertex -3.09017 9.51056 50
      vertex -4.63525 14.2658 50
      vertex -3.73035 14.5287 50
    endloop
  endfacet
  facet normal 0 0 -1
    outer loop
      vertex -6.38669 13.5724 50
      vertex -4.25779 9.04827 50
      vertex -4.81754 8.76307 50
    endloop
  endfacet
  facet normal 0 0 -1
    outer loop
      vertex -7.22631 13.1446 50
      vertex -4.81754 8.76307 50
      vertex -5.35827 8.44328 50
    endloop
  endfacet
  facet normal 0 0 -1
    outer loop
      vertex -3.68124 9.29776 50
      vertex -5.52187 13.9466 50
      vertex -4.63525 14.2658 50
    endloop
  endfacet
  facet normal 0 0 -1
    outer loop
      vertex -8.0374 12.6649 50
      vertex -5.35827 8.44328 50
      vertex -5.87785 8.09017 50
    endloop
  endfacet
  facet normal 0 0 -1
    outer loop
      vertex -8.81678 12.1353 50
      vertex -5.87785 8.09017 50
      vertex -6.37424 7.70513 50
    endloop
  endfacet
  facet normal 0 0 -1
    outer loop
      vertex -4.25779 9.04827 50
      vertex -6.38669 13.5724 50
      vertex -5.52187 13.9466 50
    endloop
  endfacet
  facet normal 0 0 -1
    outer loop
      vertex -9.56136 11.5577 50
      vertex -6.37424 7.70513 50
      vertex -6.84547 7.28969 50
    endloop
  endfacet
  facet normal 0 0 -1
    outer loop
      vertex -4.81754 8.76307 50
      vertex -7.22631 13.1446 50
      vertex -6.38669 13.5724 50
    endloop
  endfacet
  facet normal 0 0 -1
    outer loop
      vertex -10.2682 10.9345 50
      vertex -6.84547 7.28969 50
      vertex -7.28969 6.84547 50
    endloop
  endfacet
  facet normal 0 0 -1
    outer loop
      vertex -10.9345 10.2682 50
      vertex -7.28969 6.84547 50
      vertex -7.70513 6.37424 50
    endloop
  endfacet
  facet normal 0 0 -1
    outer loop
      vertex -5.35827 8.44328 50
      vertex -8.0374 12.6649 50
      vertex -7.22631 13.1446 50
    endloop
  endfacet
  facet normal 0 0 -1
    outer loop
      vertex -11.5577 9.56136 50
      vertex -7.70513 6.37424 50
      vertex -8.09017 5.87785 50
    endloop
  endfacet
  facet normal 0 0 -1
    outer loop
      vertex -12.1353 8.81678 50
      vertex -8.09017 5.87785 50
      vertex -8.44328 5.35827 50
    endloop
  endfacet
  facet normal 0 0 -1
    outer loop
      vertex -12.6649 8.0374 50
      vertex -8.44328 5.35827 50
      vertex -8.76307 4.81754 50
    endloop
  endfacet
  facet normal 0 0 -1
    outer loop
      vertex -5.87785 8.09017 50
      vertex -8.81678 12.1353 50
      vertex -8.0374 12.6649 50
    endloop
  endfacet
  facet normal 0 0 -1
    outer loop
      vertex -13.1446 7.22631 50
      vertex -8.76307 4.81754 50
      vertex -9.04827 4.25779 50
    endloop
  endfacet
  facet normal 0 0 -1
    outer loop
      vertex -13.5724 6.38669 50
      vertex -9.04827 4.25779 50
      vertex -9.29776 3.68124 50
    endloop
  endfacet
  facet normal 0 0 -1
    outer loop
      vertex -13.9466 5.52187 50
      vertex -9.29776 3.68124 50
      vertex -9.51056 3.09017 50
    endloop
  endfacet
  facet normal 0 0 -1
    outer loop
      vertex -6.37424 7.70513 50
      vertex -9.56136 11.5577 50
      vertex -8.81678 12.1353 50
    endloop
  endfacet
  facet normal 0 0 -1
    outer loop
      vertex -14.2658 4.63525 50
      vertex -9.51056 3.09017 50
      vertex -9.68583 2.4869 50
    endloop
  endfacet
  facet normal 0 0 -1
    outer loop
      vertex -14.5287 3.73035 50
      vertex -9.68583 2.4869 50
      vertex -9.82287 1.87381 50
    endloop
  endfacet
  facet normal 0 0 -1
    outer loop
      vertex -14.7343 2.81072 50
      vertex -9.82287 1.87381 50
      vertex -9.92115 1.25333 50
    endloop
  endfacet
  facet normal 0 0 -1
    outer loop
      vertex -14.8817 1.88 50
      vertex -9.92115 1.25333 50
      vertex -9.98027 0.627905 50
    endloop
  endfacet
  facet normal 0 0 -1
    outer loop
      vertex -6.84547 7.28969 50
      vertex -10.2682 10.9345 50
      vertex -9.56136 11.5577 50
    endloop
  endfacet
  facet normal 0 0 -1
    outer loop
      vertex -14.9704 0.941857 50
      vertex -9.98027 0.627905 50
      vertex -10 0 50
    endloop
  endfacet
  facet normal 0 0 -1
    outer loop
      vertex -13.9466 -5.52187 50
      vertex -9.29776 -3.68124 50
      vertex -13.5724 -6.38669 50
    endloop
  endfacet
  facet normal -0 0 -1
    outer loop
      vertex -9.29776 -3.68124 50
      vertex -13.9466 -5.52187 50
      vertex -9.51056 -3.09017 50
    endloop
  endfacet
  facet normal 0 0 -1
    outer loop
      vertex -7.28969 6.84547 50
      vertex -10.9345 10.2682 50
      vertex -10.2682 10.9345 50
    endloop
  endfacet
  facet normal 0 0 -1
    outer loop
      vertex -14.2658 -4.63525 50
      vertex -9.51056 -3.09017 50
      vertex -13.9466 -5.52187 50
    endloop
  endfacet
  facet normal 0 0 -1
    outer loop
      vertex -7.70513 6.37424 50
      vertex -11.5577 9.56136 50
      vertex -10.9345 10.2682 50
    endloop
  endfacet
  facet normal -0 0 -1
    outer loop
      vertex -9.51056 -3.09017 50
      vertex -14.2658 -4.63525 50
      vertex -9.68583 -2.4869 50
    endloop
  endfacet
  facet normal 0 0 -1
    outer loop
      vertex -8.09017 5.87785 50
      vertex -12.1353 8.81678 50
      vertex -11.5577 9.56136 50
    endloop
  endfacet
  facet normal 0 0 -1
    outer loop
      vertex -14.5287 -3.73035 50
      vertex -9.68583 -2.4869 50
      vertex -14.2658 -4.63525 50
    endloop
  endfacet
  facet normal 0 0 -1
    outer loop
      vertex -8.44328 5.35827 50
      vertex -12.6649 8.0374 50
      vertex -12.1353 8.81678 50
    endloop
  endfacet
  facet normal -0 0 -1
    outer loop
      vertex -9.68583 -2.4869 50
      vertex -14.5287 -3.73035 50
      vertex -9.82287 -1.87381 50
    endloop
  endfacet
  facet normal 0 0 -1
    outer loop
      vertex -8.76307 4.81754 50
      vertex -13.1446 7.22631 50
      vertex -12.6649 8.0374 50
    endloop
  endfacet
  facet normal 0 0 -1
    outer loop
      vertex -14.7343 -2.81072 50
      vertex -9.82287 -1.87381 50
      vertex -14.5287 -3.73035 50
    endloop
  endfacet
  facet normal 0 0 -1
    outer loop
      vertex -9.04827 4.25779 50
      vertex -13.5724 6.38669 50
      vertex -13.1446 7.22631 50
    endloop
  endfacet
  facet normal -0 0 -1
    outer loop
      vertex -9.82287 -1.87381 50
      vertex -14.7343 -2.81072 50
      vertex -9.92115 -1.25333 50
    endloop
  endfacet
  facet normal 0 0 -1
    outer loop
      vertex -9.29776 3.68124 50
      vertex -13.9466 5.52187 50
      vertex -13.5724 6.38669 50
    endloop
  endfacet
  facet normal 0 0 -1
    outer loop
      vertex -14.8817 -1.88 50
      vertex -9.92115 -1.25333 50
      vertex -14.7343 -2.81072 50
    endloop
  endfacet
  facet normal 0 0 -1
    outer loop
      vertex -9.51056 3.09017 50
      vertex -14.2658 4.63525 50
      vertex -13.9466 5.52187 50
    endloop
  endfacet
  facet normal -0 0 -1
    outer loop
      vertex -9.92115 -1.25333 50
      vertex -14.8817 -1.88 50
      vertex -9.98027 -0.627905 50
    endloop
  endfacet
  facet normal 0 0 -1
    outer loop
      vertex -9.68583 2.4869 50
      vertex -14.5287 3.73035 50
      vertex -14.2658 4.63525 50
    endloop
  endfacet
  facet normal 0 0 -1
    outer loop
      vertex -14.9704 -0.941857 50
      vertex -9.98027 -0.627905 50
      vertex -14.8817 -1.88 50
    endloop
  endfacet
  facet normal 0 0 -1
    outer loop
      vertex -9.82287 1.87381 50
      vertex -14.7343 2.81072 50
      vertex -14.5287 3.73035 50
    endloop
  endfacet
  facet normal -0 0 -1
    outer loop
      vertex -9.98027 -0.627905 50
      vertex -14.9704 -0.941857 50
      vertex -10 0 50
    endloop
  endfacet
  facet normal 0 0 -1
    outer loop
      vertex -9.92115 1.25333 50
      vertex -14.8817 1.88 50
      vertex -14.7343 2.81072 50
    endloop
  endfacet
  facet normal 0 0 -1
    outer loop
      vertex -15 0 50
      vertex -10 0 50
      vertex -14.9704 -0.941857 50
    endloop
  endfacet
  facet normal 0 0 -1
    outer loop
      vertex -9.98027 0.627905 50
      vertex -14.9704 0.941857 50
      vertex -14.8817 1.88 50
    endloop
  endfacet
  facet normal 0 0 -1
    outer loop
      vertex -10 0 50
      vertex -15 0 50
      vertex -14.9704 0.941857 50
    endloop
  endfacet
  facet normal 0.934835 0.208798 0.287204
    outer loop
      vertex 14.5287 3.73035 50
      vertex 12.7127 3.26405 56.25
      vertex 12.8154 2.80424 56.25
    endloop
  endfacet
  facet normal 0.756848 0.587101 0.287217
    outer loop
      vertex 10.2574 8.18004 56.25
      vertex 11.5577 9.56136 50
      vertex 10.113 8.36619 56.25
    endloop
  endfacet
  facet normal 0.756833 0.587121 0.287218
    outer loop
      vertex 11.5577 9.56136 50
      vertex 10.2574 8.18004 56.25
      vertex 10.4018 7.9939 56.25
    endloop
  endfacet
  facet normal 0.824516 0.487521 0.287222
    outer loop
      vertex 11.3816 6.52579 56.25
      vertex 13.1446 7.22631 50
      vertex 11.2617 6.72857 56.25
    endloop
  endfacet
  facet normal 0.824506 0.487539 0.287221
    outer loop
      vertex 13.1446 7.22631 50
      vertex 11.3816 6.52579 56.25
      vertex 11.5015 6.32302 56.25
    endloop
  endfacet
  facet normal -0.633446 -0.718507 0.287219
    outer loop
      vertex -9.56136 -11.5577 50
      vertex -8.5429 -9.95719 56.25
      vertex -8.71961 -9.8014 56.25
    endloop
  endfacet
  facet normal -0.633492 -0.718467 0.287216
    outer loop
      vertex -8.5429 -9.95719 56.25
      vertex -9.56136 -11.5577 50
      vertex -8.36619 -10.113 56.25
    endloop
  endfacet
  facet normal -0.919807 0.267327 0.287214
    outer loop
      vertex -12.4826 4.05585 56.25
      vertex -14.2658 4.63525 50
      vertex -12.6141 3.60339 56.25
    endloop
  endfacet
  facet normal -0.32447 0.901237 0.287214
    outer loop
      vertex -4.38833 12.3629 56.25
      vertex -5.52187 13.9466 50
      vertex -4.83163 12.2033 56.25
    endloop
  endfacet
  facet normal -0.633492 0.718467 0.287216
    outer loop
      vertex -9.56136 11.5577 50
      vertex -8.5429 9.95719 56.25
      vertex -8.36619 10.113 56.25
    endloop
  endfacet
  facet normal -0.633446 0.718507 0.287219
    outer loop
      vertex -8.5429 9.95719 56.25
      vertex -9.56136 11.5577 50
      vertex -8.71961 9.8014 56.25
    endloop
  endfacet
  facet normal -0.587121 0.756833 0.287218
    outer loop
      vertex -9.56136 11.5577 50
      vertex -8.18004 10.2574 56.25
      vertex -7.9939 10.4018 56.25
    endloop
  endfacet
  facet normal -0.587101 0.756848 0.287217
    outer loop
      vertex -8.18004 10.2574 56.25
      vertex -9.56136 11.5577 50
      vertex -8.36619 10.113 56.25
    endloop
  endfacet
  facet normal 0.946075 -0.149832 0.287216
    outer loop
      vertex 13.0215 -1.645 56.25
      vertex 12.9478 -2.11036 56.25
      vertex 14.8817 -1.88 50
    endloop
  endfacet
  facet normal 0.946102 -0.149633 0.287231
    outer loop
      vertex 12.9294 -2.2267 56.25
      vertex 14.8817 -1.88 50
      vertex 12.9478 -2.11036 56.25
    endloop
  endfacet
  facet normal 0.94605 -0.150031 0.287193
    outer loop
      vertex 12.8925 -2.45938 56.25
      vertex 14.8817 -1.88 50
      vertex 12.9294 -2.2267 56.25
    endloop
  endfacet
  facet normal 0.946074 -0.149832 0.287219
    outer loop
      vertex 14.8817 -1.88 50
      vertex 12.8925 -2.45938 56.25
      vertex 14.7343 -2.81072 50
    endloop
  endfacet
  facet normal 0.718507 -0.633446 0.287219
    outer loop
      vertex 11.5577 -9.56136 50
      vertex 9.95719 -8.5429 56.25
      vertex 9.8014 -8.71961 56.25
    endloop
  endfacet
  facet normal 0.718467 -0.633492 0.287216
    outer loop
      vertex 9.95719 -8.5429 56.25
      vertex 11.5577 -9.56136 50
      vertex 10.113 -8.36619 56.25
    endloop
  endfacet
  facet normal 0.538364 -0.792257 0.287216
    outer loop
      vertex 8.0374 -12.6649 50
      vertex 7.22757 -10.9494 56.25
      vertex 7.03273 -11.0818 56.25
    endloop
  endfacet
  facet normal 0.538364 -0.792257 0.287216
    outer loop
      vertex 7.22757 -10.9494 56.25
      vertex 8.0374 -12.6649 50
      vertex 7.32499 -10.8832 56.25
    endloop
  endfacet
  facet normal 0.538354 -0.792263 0.287217
    outer loop
      vertex 7.32499 -10.8832 56.25
      vertex 8.0374 -12.6649 50
      vertex 8.81678 -12.1353 50
    endloop
  endfacet
  facet normal 0.934788 0.208989 0.287219
    outer loop
      vertex 12.8154 2.80424 56.25
      vertex 14.7343 2.81072 50
      vertex 14.5287 3.73035 50
    endloop
  endfacet
  facet normal 0.934787 0.208995 0.287219
    outer loop
      vertex 12.8411 2.68929 56.25
      vertex 14.7343 2.81072 50
      vertex 12.8154 2.80424 56.25
    endloop
  endfacet
  facet normal 0.934789 0.208987 0.287219
    outer loop
      vertex 12.8925 2.45938 56.25
      vertex 14.7343 2.81072 50
      vertex 12.8411 2.68929 56.25
    endloop
  endfacet
  facet normal -0.756833 -0.587121 0.287218
    outer loop
      vertex -11.5577 -9.56136 50
      vertex -10.2574 -8.18004 56.25
      vertex -10.4018 -7.9939 56.25
    endloop
  endfacet
  facet normal -0.756848 -0.587101 0.287217
    outer loop
      vertex -10.2574 -8.18004 56.25
      vertex -11.5577 -9.56136 50
      vertex -10.113 -8.36619 56.25
    endloop
  endfacet
  facet normal 0.957393 0.0300883 0.287218
    outer loop
      vertex 13.1065 0.588661 56.25
      vertex 14.9704 0.941857 50
      vertex 13.0991 0.824125 56.25
    endloop
  endfacet
  facet normal 0.957393 0.0300883 0.287218
    outer loop
      vertex 14.9704 0.941857 50
      vertex 13.1065 0.588661 56.25
      vertex 13.1139 0.353197 56.25
    endloop
  endfacet
  facet normal 0.0300882 -0.957393 0.287218
    outer loop
      vertex 0 -15 50
      vertex 0.353197 -13.1139 56.25
      vertex 0 -13.125 56.25
    endloop
  endfacet
  facet normal 0.0300882 -0.957393 0.287218
    outer loop
      vertex 0.353197 -13.1139 56.25
      vertex 0 -15 50
      vertex 0.941857 -14.9704 50
    endloop
  endfacet
  facet normal 0.0902637 -0.953603 0.287217
    outer loop
      vertex 0.824125 -13.0991 56.25
      vertex 0.941857 -14.9704 50
      vertex 1.05866 -13.0769 56.25
    endloop
  endfacet
  facet normal 0.0898583 -0.953636 0.287234
    outer loop
      vertex 1.05866 -13.0769 56.25
      vertex 0.941857 -14.9704 50
      vertex 1.2932 -13.0548 56.25
    endloop
  endfacet
  facet normal 0.953603 -0.0902637 0.287217
    outer loop
      vertex 13.0769 -1.05866 56.25
      vertex 14.9704 -0.941857 50
      vertex 13.0991 -0.824125 56.25
    endloop
  endfacet
  facet normal 0.953636 -0.0898583 0.287234
    outer loop
      vertex 14.9704 -0.941857 50
      vertex 13.0769 -1.05866 56.25
      vertex 13.0548 -1.2932 56.25
    endloop
  endfacet
  facet normal 0.957393 -0.0300883 0.287218
    outer loop
      vertex 14.9704 -0.941857 50
      vertex 13.1065 -0.588661 56.25
      vertex 13.0991 -0.824125 56.25
    endloop
  endfacet
  facet normal 0.957393 -0.0300883 0.287218
    outer loop
      vertex 13.1065 -0.588661 56.25
      vertex 14.9704 -0.941857 50
      vertex 13.1139 -0.353197 56.25
    endloop
  endfacet
  facet normal -0.718467 -0.633492 0.287216
    outer loop
      vertex -11.5577 -9.56136 50
      vertex -9.95719 -8.5429 56.25
      vertex -10.113 -8.36619 56.25
    endloop
  endfacet
  facet normal -0.718507 -0.633446 0.287219
    outer loop
      vertex -9.95719 -8.5429 56.25
      vertex -11.5577 -9.56136 50
      vertex -9.8014 -8.71961 56.25
    endloop
  endfacet
  facet normal -0.434704 0.853548 0.287208
    outer loop
      vertex -7.22631 13.1446 50
      vertex -6.11311 11.6085 56.25
      vertex -5.90321 11.7154 56.25
    endloop
  endfacet
  facet normal -0.435008 0.853388 0.287222
    outer loop
      vertex -6.11311 11.6085 56.25
      vertex -7.22631 13.1446 50
      vertex -6.32302 11.5015 56.25
    endloop
  endfacet
  facet normal -0.853548 -0.434704 0.287208
    outer loop
      vertex -13.1446 -7.22631 50
      vertex -11.6085 -6.11311 56.25
      vertex -11.7154 -5.90321 56.25
    endloop
  endfacet
  facet normal -0.853388 -0.435008 0.287222
    outer loop
      vertex -11.6085 -6.11311 56.25
      vertex -13.1446 -7.22631 50
      vertex -11.5015 -6.32302 56.25
    endloop
  endfacet
  facet normal -0.149633 0.946102 0.287231
    outer loop
      vertex -1.88 14.8817 50
      vertex -2.2267 12.9294 56.25
      vertex -2.11036 12.9478 56.25
    endloop
  endfacet
  facet normal -0.150031 0.94605 0.287193
    outer loop
      vertex -2.2267 12.9294 56.25
      vertex -1.88 14.8817 50
      vertex -2.45938 12.8925 56.25
    endloop
  endfacet
  facet normal -0.149832 0.946074 0.287219
    outer loop
      vertex -2.45938 12.8925 56.25
      vertex -1.88 14.8817 50
      vertex -2.81072 14.7343 50
    endloop
  endfacet
  facet normal -0.946075 -0.149832 0.287216
    outer loop
      vertex -13.0215 -1.645 56.25
      vertex -14.8817 -1.88 50
      vertex -12.9478 -2.11036 56.25
    endloop
  endfacet
  facet normal 0.380379 0.879101 0.287214
    outer loop
      vertex 5.52187 13.9466 50
      vertex 4.83163 12.2033 56.25
      vertex 5.26404 12.0162 56.25
    endloop
  endfacet
  facet normal -0.587111 -0.75684 0.287217
    outer loop
      vertex -8.81678 -12.1353 50
      vertex -7.9939 -10.4018 56.25
      vertex -9.56136 -11.5577 50
    endloop
  endfacet
  facet normal -0.586936 -0.756971 0.28723
    outer loop
      vertex -7.9939 -10.4018 56.25
      vertex -8.81678 -12.1353 50
      vertex -7.71468 -10.6183 56.25
    endloop
  endfacet
  facet normal 0.879126 -0.380319 0.28722
    outer loop
      vertex 11.8759 -5.58835 56.25
      vertex 13.9466 -5.52187 50
      vertex 12.0162 -5.26404 56.25
    endloop
  endfacet
  facet normal 0.879102 -0.38038 0.287211
    outer loop
      vertex 13.9466 -5.52187 50
      vertex 11.8759 -5.58835 56.25
      vertex 13.5724 -6.38669 50
    endloop
  endfacet
  facet normal 0.0902643 0.953603 0.287217
    outer loop
      vertex 1.645 13.0215 56.25
      vertex 1.88 14.8817 50
      vertex 1.2932 13.0548 56.25
    endloop
  endfacet
  facet normal 0.0901628 0.953615 0.287211
    outer loop
      vertex 1.2932 13.0548 56.25
      vertex 1.88 14.8817 50
      vertex 0.941857 14.9704 50
    endloop
  endfacet
  facet normal -0.824506 -0.487539 0.287221
    outer loop
      vertex -13.1446 -7.22631 50
      vertex -11.3816 -6.52579 56.25
      vertex -11.5015 -6.32302 56.25
    endloop
  endfacet
  facet normal -0.824516 -0.487521 0.287222
    outer loop
      vertex -11.3816 -6.52579 56.25
      vertex -13.1446 -7.22631 50
      vertex -11.2617 -6.72857 56.25
    endloop
  endfacet
  facet normal -0.756848 0.587101 0.287217
    outer loop
      vertex -11.5577 9.56136 50
      vertex -10.2574 8.18004 56.25
      vertex -10.113 8.36619 56.25
    endloop
  endfacet
  facet normal -0.756833 0.587121 0.287218
    outer loop
      vertex -10.2574 8.18004 56.25
      vertex -11.5577 9.56136 50
      vertex -10.4018 7.9939 56.25
    endloop
  endfacet
  facet normal -0.792263 0.538354 0.287217
    outer loop
      vertex -12.6649 8.0374 50
      vertex -10.8832 7.32499 56.25
      vertex -12.1353 8.81678 50
    endloop
  endfacet
  facet normal -0.792257 0.538364 0.287216
    outer loop
      vertex -12.6649 8.0374 50
      vertex -10.9494 7.22757 56.25
      vertex -10.8832 7.32499 56.25
    endloop
  endfacet
  facet normal -0.792257 0.538364 0.287216
    outer loop
      vertex -10.9494 7.22757 56.25
      vertex -12.6649 8.0374 50
      vertex -11.0818 7.03273 56.25
    endloop
  endfacet
  facet normal -0.792166 0.538491 0.28723
    outer loop
      vertex -10.6183 7.71468 56.25
      vertex -12.1353 8.81678 50
      vertex -10.8832 7.32499 56.25
    endloop
  endfacet
  facet normal 0.633469 0.718488 0.287215
    outer loop
      vertex 9.56136 11.5577 50
      vertex 8.98468 9.56771 56.25
      vertex 10.2682 10.9345 50
    endloop
  endfacet
  facet normal 0.633447 0.718506 0.287219
    outer loop
      vertex 8.98468 9.56771 56.25
      vertex 9.56136 11.5577 50
      vertex 8.71961 9.8014 56.25
    endloop
  endfacet
  facet normal -0.957393 0.0300883 0.287218
    outer loop
      vertex -14.9704 0.941857 50
      vertex -13.1065 0.588661 56.25
      vertex -13.0991 0.824125 56.25
    endloop
  endfacet
  facet normal -0.957393 0.0300883 0.287218
    outer loop
      vertex -13.1065 0.588661 56.25
      vertex -14.9704 0.941857 50
      vertex -13.1139 0.353197 56.25
    endloop
  endfacet
  facet normal 0.919807 -0.267327 0.287214
    outer loop
      vertex 12.6141 -3.60339 56.25
      vertex 12.4826 -4.05585 56.25
      vertex 14.2658 -4.63525 50
    endloop
  endfacet
  facet normal -0.901237 0.32447 0.287214
    outer loop
      vertex -12.2033 4.83163 56.25
      vertex -13.9466 5.52187 50
      vertex -12.3629 4.38833 56.25
    endloop
  endfacet
  facet normal -0.824516 0.487521 0.287222
    outer loop
      vertex -13.1446 7.22631 50
      vertex -11.3816 6.52579 56.25
      vertex -11.2617 6.72857 56.25
    endloop
  endfacet
  facet normal -0.824506 0.487539 0.287221
    outer loop
      vertex -11.3816 6.52579 56.25
      vertex -13.1446 7.22631 50
      vertex -11.5015 6.32302 56.25
    endloop
  endfacet
  facet normal 0.38038 0.879102 0.287211
    outer loop
      vertex 5.52187 13.9466 50
      vertex 5.58835 11.8759 56.25
      vertex 6.38669 13.5724 50
    endloop
  endfacet
  facet normal 0.380319 0.879126 0.28722
    outer loop
      vertex 5.58835 11.8759 56.25
      vertex 5.52187 13.9466 50
      vertex 5.26404 12.0162 56.25
    endloop
  endfacet
  facet normal 0.267239 0.919834 0.287207
    outer loop
      vertex 3.73035 14.5287 50
      vertex 3.60339 12.6141 56.25
      vertex 4.63525 14.2658 50
    endloop
  endfacet
  facet normal 0.267268 0.919826 0.287205
    outer loop
      vertex 3.60339 12.6141 56.25
      vertex 3.73035 14.5287 50
      vertex 3.26405 12.7127 56.25
    endloop
  endfacet
  facet normal -0.919807 -0.267327 0.287214
    outer loop
      vertex -12.6141 -3.60339 56.25
      vertex -14.2658 -4.63525 50
      vertex -12.4826 -4.05585 56.25
    endloop
  endfacet
  facet normal -0.853389 -0.435015 0.28721
    outer loop
      vertex -11.8759 -5.58835 56.25
      vertex -13.5724 -6.38669 50
      vertex -11.7154 -5.90321 56.25
    endloop
  endfacet
  facet normal -0.853467 -0.434855 0.287221
    outer loop
      vertex -11.7154 -5.90321 56.25
      vertex -13.5724 -6.38669 50
      vertex -13.1446 -7.22631 50
    endloop
  endfacet
  facet normal -0.792257 -0.538364 0.287216
    outer loop
      vertex -12.6649 -8.0374 50
      vertex -10.9494 -7.22757 56.25
      vertex -11.0818 -7.03273 56.25
    endloop
  endfacet
  facet normal -0.792257 -0.538364 0.287216
    outer loop
      vertex -10.9494 -7.22757 56.25
      vertex -12.6649 -8.0374 50
      vertex -10.8832 -7.32499 56.25
    endloop
  endfacet
  facet normal -0.792263 -0.538354 0.287217
    outer loop
      vertex -10.8832 -7.32499 56.25
      vertex -12.6649 -8.0374 50
      vertex -12.1353 -8.81678 50
    endloop
  endfacet
  facet normal 0.208987 -0.934789 0.287219
    outer loop
      vertex 2.45938 -12.8925 56.25
      vertex 2.81072 -14.7343 50
      vertex 2.68929 -12.8411 56.25
    endloop
  endfacet
  facet normal 0.208995 -0.934787 0.287219
    outer loop
      vertex 2.68929 -12.8411 56.25
      vertex 2.81072 -14.7343 50
      vertex 2.80424 -12.8154 56.25
    endloop
  endfacet
  facet normal 0.208989 -0.934788 0.287219
    outer loop
      vertex 2.80424 -12.8154 56.25
      vertex 2.81072 -14.7343 50
      vertex 3.73035 -14.5287 50
    endloop
  endfacet
  facet normal -0.0300882 -0.957393 0.287218
    outer loop
      vertex 0 -15 50
      vertex -0.353197 -13.1139 56.25
      vertex -0.941857 -14.9704 50
    endloop
  endfacet
  facet normal -0.0300882 -0.957393 0.287218
    outer loop
      vertex -0.353197 -13.1139 56.25
      vertex 0 -15 50
      vertex 0 -13.125 56.25
    endloop
  endfacet
  facet normal 0.934835 -0.208798 0.287204
    outer loop
      vertex 12.8154 -2.80424 56.25
      vertex 12.7127 -3.26405 56.25
      vertex 14.5287 -3.73035 50
    endloop
  endfacet
  facet normal 0.149633 -0.946102 0.287231
    outer loop
      vertex 1.88 -14.8817 50
      vertex 2.2267 -12.9294 56.25
      vertex 2.11036 -12.9478 56.25
    endloop
  endfacet
  facet normal 0.150031 -0.94605 0.287193
    outer loop
      vertex 2.2267 -12.9294 56.25
      vertex 1.88 -14.8817 50
      vertex 2.45938 -12.8925 56.25
    endloop
  endfacet
  facet normal 0.149832 -0.946074 0.287219
    outer loop
      vertex 2.45938 -12.8925 56.25
      vertex 1.88 -14.8817 50
      vertex 2.81072 -14.7343 50
    endloop
  endfacet
  facet normal 0.538364 0.792257 0.287216
    outer loop
      vertex 8.0374 12.6649 50
      vertex 7.22757 10.9494 56.25
      vertex 7.32499 10.8832 56.25
    endloop
  endfacet
  facet normal 0.538354 0.792263 0.287217
    outer loop
      vertex 8.0374 12.6649 50
      vertex 7.32499 10.8832 56.25
      vertex 8.81678 12.1353 50
    endloop
  endfacet
  facet normal 0.538364 0.792257 0.287216
    outer loop
      vertex 7.22757 10.9494 56.25
      vertex 8.0374 12.6649 50
      vertex 7.03273 11.0818 56.25
    endloop
  endfacet
  facet normal -0.879101 -0.380379 0.287214
    outer loop
      vertex -12.2033 -4.83163 56.25
      vertex -13.9466 -5.52187 50
      vertex -12.0162 -5.26404 56.25
    endloop
  endfacet
  facet normal 0.792257 -0.538364 0.287216
    outer loop
      vertex 12.6649 -8.0374 50
      vertex 10.9494 -7.22757 56.25
      vertex 10.8832 -7.32499 56.25
    endloop
  endfacet
  facet normal 0.792257 -0.538364 0.287216
    outer loop
      vertex 10.9494 -7.22757 56.25
      vertex 12.6649 -8.0374 50
      vertex 11.0818 -7.03273 56.25
    endloop
  endfacet
  facet normal 0.792263 -0.538354 0.287217
    outer loop
      vertex 12.6649 -8.0374 50
      vertex 10.8832 -7.32499 56.25
      vertex 12.1353 -8.81678 50
    endloop
  endfacet
  facet normal 0.0902643 -0.953603 0.287217
    outer loop
      vertex 1.88 -14.8817 50
      vertex 1.645 -13.0215 56.25
      vertex 1.2932 -13.0548 56.25
    endloop
  endfacet
  facet normal 0.0901628 -0.953615 0.287211
    outer loop
      vertex 1.88 -14.8817 50
      vertex 1.2932 -13.0548 56.25
      vertex 0.941857 -14.9704 50
    endloop
  endfacet
  facet normal 0.32447 -0.901237 0.287214
    outer loop
      vertex 4.83163 -12.2033 56.25
      vertex 4.38833 -12.3629 56.25
      vertex 5.52187 -13.9466 50
    endloop
  endfacet
  facet normal 0.901237 0.32447 0.287214
    outer loop
      vertex 13.9466 5.52187 50
      vertex 12.2033 4.83163 56.25
      vertex 12.3629 4.38833 56.25
    endloop
  endfacet
  facet normal 0.824465 0.487611 0.287216
    outer loop
      vertex 11.0818 7.03273 56.25
      vertex 13.1446 7.22631 50
      vertex 12.6649 8.0374 50
    endloop
  endfacet
  facet normal 0.824452 0.487635 0.287212
    outer loop
      vertex 13.1446 7.22631 50
      vertex 11.0818 7.03273 56.25
      vertex 11.2617 6.72857 56.25
    endloop
  endfacet
  facet normal 0.32447 -0.901237 0.287213
    outer loop
      vertex 4.05585 -12.4826 56.25
      vertex 4.63525 -14.2658 50
      vertex 4.2775 -12.4028 56.25
    endloop
  endfacet
  facet normal 0.324457 -0.901241 0.287214
    outer loop
      vertex 4.2775 -12.4028 56.25
      vertex 4.63525 -14.2658 50
      vertex 4.38833 -12.3629 56.25
    endloop
  endfacet
  facet normal 0.324463 -0.901239 0.287214
    outer loop
      vertex 4.38833 -12.3629 56.25
      vertex 4.63525 -14.2658 50
      vertex 5.52187 -13.9466 50
    endloop
  endfacet
  facet normal -0.267239 -0.919834 0.287207
    outer loop
      vertex -3.73035 -14.5287 50
      vertex -3.60339 -12.6141 56.25
      vertex -4.63525 -14.2658 50
    endloop
  endfacet
  facet normal -0.267268 -0.919826 0.287205
    outer loop
      vertex -3.60339 -12.6141 56.25
      vertex -3.73035 -14.5287 50
      vertex -3.26405 -12.7127 56.25
    endloop
  endfacet
  facet normal 0.919826 -0.267268 0.287205
    outer loop
      vertex 12.6141 -3.60339 56.25
      vertex 14.5287 -3.73035 50
      vertex 12.7127 -3.26405 56.25
    endloop
  endfacet
  facet normal 0.919834 -0.267239 0.287207
    outer loop
      vertex 14.5287 -3.73035 50
      vertex 12.6141 -3.60339 56.25
      vertex 14.2658 -4.63525 50
    endloop
  endfacet
  facet normal 0.380319 -0.879126 0.28722
    outer loop
      vertex 5.52187 -13.9466 50
      vertex 5.58835 -11.8759 56.25
      vertex 5.26404 -12.0162 56.25
    endloop
  endfacet
  facet normal 0.38038 -0.879102 0.287211
    outer loop
      vertex 5.58835 -11.8759 56.25
      vertex 5.52187 -13.9466 50
      vertex 6.38669 -13.5724 50
    endloop
  endfacet
  facet normal -0.538491 0.792166 0.28723
    outer loop
      vertex -7.32499 10.8832 56.25
      vertex -8.81678 12.1353 50
      vertex -7.71468 10.6183 56.25
    endloop
  endfacet
  facet normal -0.149832 0.946075 0.287216
    outer loop
      vertex -1.88 14.8817 50
      vertex -2.11036 12.9478 56.25
      vertex -1.645 13.0215 56.25
    endloop
  endfacet
  facet normal -0.633469 -0.718488 0.287215
    outer loop
      vertex -9.56136 -11.5577 50
      vertex -8.98468 -9.56771 56.25
      vertex -10.2682 -10.9345 50
    endloop
  endfacet
  facet normal -0.633447 -0.718506 0.287219
    outer loop
      vertex -8.98468 -9.56771 56.25
      vertex -9.56136 -11.5577 50
      vertex -8.71961 -9.8014 56.25
    endloop
  endfacet
  facet normal 0.953603 0.0902643 0.287217
    outer loop
      vertex 13.0548 1.2932 56.25
      vertex 14.8817 1.88 50
      vertex 13.0215 1.645 56.25
    endloop
  endfacet
  facet normal 0.953615 0.0901628 0.287211
    outer loop
      vertex 14.8817 1.88 50
      vertex 13.0548 1.2932 56.25
      vertex 14.9704 0.941857 50
    endloop
  endfacet
  facet normal 0.946075 0.149832 0.287216
    outer loop
      vertex 14.8817 1.88 50
      vertex 12.9478 2.11036 56.25
      vertex 13.0215 1.645 56.25
    endloop
  endfacet
  facet normal -0.208995 -0.934787 0.287219
    outer loop
      vertex -2.81072 -14.7343 50
      vertex -2.68929 -12.8411 56.25
      vertex -2.80424 -12.8154 56.25
    endloop
  endfacet
  facet normal -0.208987 -0.934789 0.287219
    outer loop
      vertex -2.68929 -12.8411 56.25
      vertex -2.81072 -14.7343 50
      vertex -2.45938 -12.8925 56.25
    endloop
  endfacet
  facet normal -0.208989 -0.934788 0.287219
    outer loop
      vertex -2.81072 -14.7343 50
      vertex -2.80424 -12.8154 56.25
      vertex -3.73035 -14.5287 50
    endloop
  endfacet
  facet normal 0.792166 -0.538491 0.28723
    outer loop
      vertex 10.6183 -7.71468 56.25
      vertex 12.1353 -8.81678 50
      vertex 10.8832 -7.32499 56.25
    endloop
  endfacet
  facet normal -0.879126 -0.380319 0.28722
    outer loop
      vertex -13.9466 -5.52187 50
      vertex -11.8759 -5.58835 56.25
      vertex -12.0162 -5.26404 56.25
    endloop
  endfacet
  facet normal -0.879102 -0.38038 0.287211
    outer loop
      vertex -11.8759 -5.58835 56.25
      vertex -13.9466 -5.52187 50
      vertex -13.5724 -6.38669 50
    endloop
  endfacet
  facet normal -0.149832 -0.946075 0.287216
    outer loop
      vertex -1.645 -13.0215 56.25
      vertex -2.11036 -12.9478 56.25
      vertex -1.88 -14.8817 50
    endloop
  endfacet
  facet normal -0.538364 -0.792257 0.287216
    outer loop
      vertex -8.0374 -12.6649 50
      vertex -7.22757 -10.9494 56.25
      vertex -7.32499 -10.8832 56.25
    endloop
  endfacet
  facet normal -0.538354 -0.792263 0.287217
    outer loop
      vertex -8.0374 -12.6649 50
      vertex -7.32499 -10.8832 56.25
      vertex -8.81678 -12.1353 50
    endloop
  endfacet
  facet normal -0.538364 -0.792257 0.287216
    outer loop
      vertex -7.22757 -10.9494 56.25
      vertex -8.0374 -12.6649 50
      vertex -7.03273 -11.0818 56.25
    endloop
  endfacet
  facet normal 0.633492 -0.718467 0.287216
    outer loop
      vertex 9.56136 -11.5577 50
      vertex 8.5429 -9.95719 56.25
      vertex 8.36619 -10.113 56.25
    endloop
  endfacet
  facet normal 0.633446 -0.718507 0.287219
    outer loop
      vertex 8.5429 -9.95719 56.25
      vertex 9.56136 -11.5577 50
      vertex 8.71961 -9.8014 56.25
    endloop
  endfacet
  facet normal -0.934835 0.208798 0.287204
    outer loop
      vertex -12.7127 3.26405 56.25
      vertex -14.5287 3.73035 50
      vertex -12.8154 2.80424 56.25
    endloop
  endfacet
  facet normal -0.267327 -0.919807 0.287214
    outer loop
      vertex -4.05585 -12.4826 56.25
      vertex -4.63525 -14.2658 50
      vertex -3.60339 -12.6141 56.25
    endloop
  endfacet
  facet normal -0.208798 -0.934835 0.287204
    outer loop
      vertex -3.26405 -12.7127 56.25
      vertex -3.73035 -14.5287 50
      vertex -2.80424 -12.8154 56.25
    endloop
  endfacet
  facet normal -0.487635 0.824452 0.287212
    outer loop
      vertex -7.22631 13.1446 50
      vertex -7.03273 11.0818 56.25
      vertex -6.72857 11.2617 56.25
    endloop
  endfacet
  facet normal -0.487611 0.824465 0.287216
    outer loop
      vertex -7.03273 11.0818 56.25
      vertex -7.22631 13.1446 50
      vertex -8.0374 12.6649 50
    endloop
  endfacet
  facet normal -0.792166 -0.538491 0.28723
    outer loop
      vertex -10.8832 -7.32499 56.25
      vertex -12.1353 -8.81678 50
      vertex -10.6183 -7.71468 56.25
    endloop
  endfacet
  facet normal 0.853388 0.435008 0.287222
    outer loop
      vertex 11.6085 6.11311 56.25
      vertex 13.1446 7.22631 50
      vertex 11.5015 6.32302 56.25
    endloop
  endfacet
  facet normal 0.853548 0.434704 0.287208
    outer loop
      vertex 13.1446 7.22631 50
      vertex 11.6085 6.11311 56.25
      vertex 11.7154 5.90321 56.25
    endloop
  endfacet
  facet normal -0.587101 -0.756848 0.287217
    outer loop
      vertex -9.56136 -11.5577 50
      vertex -8.18004 -10.2574 56.25
      vertex -8.36619 -10.113 56.25
    endloop
  endfacet
  facet normal -0.587121 -0.756833 0.287218
    outer loop
      vertex -8.18004 -10.2574 56.25
      vertex -9.56136 -11.5577 50
      vertex -7.9939 -10.4018 56.25
    endloop
  endfacet
  facet normal 0.149832 -0.946075 0.287216
    outer loop
      vertex 2.11036 -12.9478 56.25
      vertex 1.645 -13.0215 56.25
      vertex 1.88 -14.8817 50
    endloop
  endfacet
  facet normal 0.267268 -0.919826 0.287205
    outer loop
      vertex 3.73035 -14.5287 50
      vertex 3.60339 -12.6141 56.25
      vertex 3.26405 -12.7127 56.25
    endloop
  endfacet
  facet normal 0.267239 -0.919834 0.287207
    outer loop
      vertex 3.60339 -12.6141 56.25
      vertex 3.73035 -14.5287 50
      vertex 4.63525 -14.2658 50
    endloop
  endfacet
  facet normal -0.934835 -0.208798 0.287204
    outer loop
      vertex -12.8154 -2.80424 56.25
      vertex -14.5287 -3.73035 50
      vertex -12.7127 -3.26405 56.25
    endloop
  endfacet
  facet normal 0.587101 0.756848 0.287217
    outer loop
      vertex 9.56136 11.5577 50
      vertex 8.18004 10.2574 56.25
      vertex 8.36619 10.113 56.25
    endloop
  endfacet
  facet normal 0.587121 0.756833 0.287218
    outer loop
      vertex 8.18004 10.2574 56.25
      vertex 9.56136 11.5577 50
      vertex 7.9939 10.4018 56.25
    endloop
  endfacet
  facet normal 0.538491 -0.792166 0.28723
    outer loop
      vertex 7.71468 -10.6183 56.25
      vertex 7.32499 -10.8832 56.25
      vertex 8.81678 -12.1353 50
    endloop
  endfacet
  facet normal 0.953636 0.0898583 0.287234
    outer loop
      vertex 13.0769 1.05866 56.25
      vertex 14.9704 0.941857 50
      vertex 13.0548 1.2932 56.25
    endloop
  endfacet
  facet normal 0.953603 0.0902637 0.287217
    outer loop
      vertex 13.0991 0.824125 56.25
      vertex 14.9704 0.941857 50
      vertex 13.0769 1.05866 56.25
    endloop
  endfacet
  facet normal -0.38038 -0.879102 0.287211
    outer loop
      vertex -5.52187 -13.9466 50
      vertex -5.58835 -11.8759 56.25
      vertex -6.38669 -13.5724 50
    endloop
  endfacet
  facet normal -0.380319 -0.879126 0.28722
    outer loop
      vertex -5.58835 -11.8759 56.25
      vertex -5.52187 -13.9466 50
      vertex -5.26404 -12.0162 56.25
    endloop
  endfacet
  facet normal -0.435015 -0.853389 0.28721
    outer loop
      vertex -6.38669 -13.5724 50
      vertex -5.58835 -11.8759 56.25
      vertex -5.90321 -11.7154 56.25
    endloop
  endfacet
  facet normal -0.434855 -0.853467 0.287221
    outer loop
      vertex -6.38669 -13.5724 50
      vertex -5.90321 -11.7154 56.25
      vertex -7.22631 -13.1446 50
    endloop
  endfacet
  facet normal 0 0 -1
    outer loop
      vertex 9.98027 -0.627905 51
      vertex 9.98027 0.627905 51
      vertex 10 0 51
    endloop
  endfacet
  facet normal 0 0 -1
    outer loop
      vertex 9.92115 -1.25333 51
      vertex 9.98027 0.627905 51
      vertex 9.98027 -0.627905 51
    endloop
  endfacet
  facet normal 0 0 -1
    outer loop
      vertex 9.92115 -1.25333 51
      vertex 9.92115 1.25333 51
      vertex 9.98027 0.627905 51
    endloop
  endfacet
  facet normal 0 0 -1
    outer loop
      vertex 9.82287 -1.87381 51
      vertex 9.92115 1.25333 51
      vertex 9.92115 -1.25333 51
    endloop
  endfacet
  facet normal 0 0 -1
    outer loop
      vertex 9.82287 -1.87381 51
      vertex 9.82287 1.87381 51
      vertex 9.92115 1.25333 51
    endloop
  endfacet
  facet normal 0 0 -1
    outer loop
      vertex 9.68583 -2.4869 51
      vertex 9.82287 1.87381 51
      vertex 9.82287 -1.87381 51
    endloop
  endfacet
  facet normal 0 0 -1
    outer loop
      vertex 9.68583 -2.4869 51
      vertex 9.68583 2.4869 51
      vertex 9.82287 1.87381 51
    endloop
  endfacet
  facet normal 0 0 -1
    outer loop
      vertex 9.51056 -3.09017 51
      vertex 9.68583 2.4869 51
      vertex 9.68583 -2.4869 51
    endloop
  endfacet
  facet normal 0 0 -1
    outer loop
      vertex 9.51056 -3.09017 51
      vertex 9.51056 3.09017 51
      vertex 9.68583 2.4869 51
    endloop
  endfacet
  facet normal 0 0 -1
    outer loop
      vertex 9.29776 -3.68124 51
      vertex 9.51056 3.09017 51
      vertex 9.51056 -3.09017 51
    endloop
  endfacet
  facet normal 0 0 -1
    outer loop
      vertex 9.29776 -3.68124 51
      vertex 9.29776 3.68124 51
      vertex 9.51056 3.09017 51
    endloop
  endfacet
  facet normal 0 0 -1
    outer loop
      vertex 9.04827 -4.25779 51
      vertex 9.29776 3.68124 51
      vertex 9.29776 -3.68124 51
    endloop
  endfacet
  facet normal 0 0 -1
    outer loop
      vertex 9.04827 -4.25779 51
      vertex 9.04827 4.25779 51
      vertex 9.29776 3.68124 51
    endloop
  endfacet
  facet normal 0 0 -1
    outer loop
      vertex 8.76307 -4.81754 51
      vertex 9.04827 4.25779 51
      vertex 9.04827 -4.25779 51
    endloop
  endfacet
  facet normal 0 0 -1
    outer loop
      vertex 8.76307 -4.81754 51
      vertex 8.76307 4.81754 51
      vertex 9.04827 4.25779 51
    endloop
  endfacet
  facet normal 0 0 -1
    outer loop
      vertex 8.44328 -5.35827 51
      vertex 8.76307 4.81754 51
      vertex 8.76307 -4.81754 51
    endloop
  endfacet
  facet normal 0 0 -1
    outer loop
      vertex 8.44328 -5.35827 51
      vertex 8.44328 5.35827 51
      vertex 8.76307 4.81754 51
    endloop
  endfacet
  facet normal 0 0 -1
    outer loop
      vertex 8.09017 -5.87785 51
      vertex 8.44328 5.35827 51
      vertex 8.44328 -5.35827 51
    endloop
  endfacet
  facet normal 0 0 -1
    outer loop
      vertex 8.09017 -5.87785 51
      vertex 8.09017 5.87785 51
      vertex 8.44328 5.35827 51
    endloop
  endfacet
  facet normal 0 0 -1
    outer loop
      vertex 7.70513 -6.37424 51
      vertex 8.09017 5.87785 51
      vertex 8.09017 -5.87785 51
    endloop
  endfacet
  facet normal 0 0 -1
    outer loop
      vertex 7.70513 -6.37424 51
      vertex 7.70513 6.37424 51
      vertex 8.09017 5.87785 51
    endloop
  endfacet
  facet normal 0 0 -1
    outer loop
      vertex 7.28969 -6.84547 51
      vertex 7.70513 6.37424 51
      vertex 7.70513 -6.37424 51
    endloop
  endfacet
  facet normal 0 0 -1
    outer loop
      vertex 7.28969 -6.84547 51
      vertex 7.28969 6.84547 51
      vertex 7.70513 6.37424 51
    endloop
  endfacet
  facet normal 0 0 -1
    outer loop
      vertex 6.84547 -7.28969 51
      vertex 7.28969 6.84547 51
      vertex 7.28969 -6.84547 51
    endloop
  endfacet
  facet normal 0 0 -1
    outer loop
      vertex 6.84547 -7.28969 51
      vertex 6.84547 7.28969 51
      vertex 7.28969 6.84547 51
    endloop
  endfacet
  facet normal 0 0 -1
    outer loop
      vertex 6.37424 -7.70513 51
      vertex 6.84547 7.28969 51
      vertex 6.84547 -7.28969 51
    endloop
  endfacet
  facet normal 0 0 -1
    outer loop
      vertex 6.37424 -7.70513 51
      vertex 6.37424 7.70513 51
      vertex 6.84547 7.28969 51
    endloop
  endfacet
  facet normal 0 0 -1
    outer loop
      vertex 5.87785 -8.09017 51
      vertex 6.37424 7.70513 51
      vertex 6.37424 -7.70513 51
    endloop
  endfacet
  facet normal 0 0 -1
    outer loop
      vertex 5.87785 -8.09017 51
      vertex 5.87785 8.09017 51
      vertex 6.37424 7.70513 51
    endloop
  endfacet
  facet normal 0 0 -1
    outer loop
      vertex 5.35827 -8.44328 51
      vertex 5.87785 8.09017 51
      vertex 5.87785 -8.09017 51
    endloop
  endfacet
  facet normal 0 0 -1
    outer loop
      vertex 5.35827 -8.44328 51
      vertex 5.35827 8.44328 51
      vertex 5.87785 8.09017 51
    endloop
  endfacet
  facet normal 0 0 -1
    outer loop
      vertex 4.81754 -8.76307 51
      vertex 5.35827 8.44328 51
      vertex 5.35827 -8.44328 51
    endloop
  endfacet
  facet normal 0 0 -1
    outer loop
      vertex 4.81754 -8.76307 51
      vertex 4.81754 8.76307 51
      vertex 5.35827 8.44328 51
    endloop
  endfacet
  facet normal 0 0 -1
    outer loop
      vertex 4.25779 -9.04827 51
      vertex 4.81754 8.76307 51
      vertex 4.81754 -8.76307 51
    endloop
  endfacet
  facet normal 0 0 -1
    outer loop
      vertex 4.25779 -9.04827 51
      vertex 4.25779 9.04827 51
      vertex 4.81754 8.76307 51
    endloop
  endfacet
  facet normal 0 0 -1
    outer loop
      vertex 3.68124 -9.29776 51
      vertex 4.25779 9.04827 51
      vertex 4.25779 -9.04827 51
    endloop
  endfacet
  facet normal 0 0 -1
    outer loop
      vertex 3.68124 -9.29776 51
      vertex 3.68124 9.29776 51
      vertex 4.25779 9.04827 51
    endloop
  endfacet
  facet normal 0 0 -1
    outer loop
      vertex 3.09017 -9.51056 51
      vertex 3.68124 9.29776 51
      vertex 3.68124 -9.29776 51
    endloop
  endfacet
  facet normal 0 0 -1
    outer loop
      vertex 3.09017 -9.51056 51
      vertex 3.09017 9.51056 51
      vertex 3.68124 9.29776 51
    endloop
  endfacet
  facet normal 0 0 -1
    outer loop
      vertex 2.4869 -9.68583 51
      vertex 3.09017 9.51056 51
      vertex 3.09017 -9.51056 51
    endloop
  endfacet
  facet normal 0 0 -1
    outer loop
      vertex 2.4869 -9.68583 51
      vertex 2.4869 9.68583 51
      vertex 3.09017 9.51056 51
    endloop
  endfacet
  facet normal 0 0 -1
    outer loop
      vertex 1.87381 -9.82287 51
      vertex 2.4869 9.68583 51
      vertex 2.4869 -9.68583 51
    endloop
  endfacet
  facet normal 0 0 -1
    outer loop
      vertex 1.87381 -9.82287 51
      vertex 1.87381 9.82287 51
      vertex 2.4869 9.68583 51
    endloop
  endfacet
  facet normal 0 0 -1
    outer loop
      vertex 1.25333 -9.92115 51
      vertex 1.87381 9.82287 51
      vertex 1.87381 -9.82287 51
    endloop
  endfacet
  facet normal 0 0 -1
    outer loop
      vertex 1.25333 -9.92115 51
      vertex 1.25333 9.92115 51
      vertex 1.87381 9.82287 51
    endloop
  endfacet
  facet normal 0 0 -1
    outer loop
      vertex 0.627905 -9.98027 51
      vertex 1.25333 9.92115 51
      vertex 1.25333 -9.92115 51
    endloop
  endfacet
  facet normal 0 0 -1
    outer loop
      vertex 0.627905 -9.98027 51
      vertex 0.627905 9.98027 51
      vertex 1.25333 9.92115 51
    endloop
  endfacet
  facet normal 0 0 -1
    outer loop
      vertex 0 -10 51
      vertex 0.627905 9.98027 51
      vertex 0.627905 -9.98027 51
    endloop
  endfacet
  facet normal 0 0 -1
    outer loop
      vertex 0 -10 51
      vertex 0 10 51
      vertex 0.627905 9.98027 51
    endloop
  endfacet
  facet normal 0 0 -1
    outer loop
      vertex -0.627905 -9.98027 51
      vertex 0 10 51
      vertex 0 -10 51
    endloop
  endfacet
  facet normal 0 0 -1
    outer loop
      vertex -0.627905 -9.98027 51
      vertex -0.627905 9.98027 51
      vertex 0 10 51
    endloop
  endfacet
  facet normal 0 0 -1
    outer loop
      vertex -1.25333 -9.92115 51
      vertex -0.627905 9.98027 51
      vertex -0.627905 -9.98027 51
    endloop
  endfacet
  facet normal 0 0 -1
    outer loop
      vertex -1.25333 -9.92115 51
      vertex -1.25333 9.92115 51
      vertex -0.627905 9.98027 51
    endloop
  endfacet
  facet normal 0 0 -1
    outer loop
      vertex -1.87381 -9.82287 51
      vertex -1.25333 9.92115 51
      vertex -1.25333 -9.92115 51
    endloop
  endfacet
  facet normal 0 0 -1
    outer loop
      vertex -1.87381 -9.82287 51
      vertex -1.87381 9.82287 51
      vertex -1.25333 9.92115 51
    endloop
  endfacet
  facet normal 0 0 -1
    outer loop
      vertex -2.4869 -9.68583 51
      vertex -1.87381 9.82287 51
      vertex -1.87381 -9.82287 51
    endloop
  endfacet
  facet normal 0 0 -1
    outer loop
      vertex -2.4869 -9.68583 51
      vertex -2.4869 9.68583 51
      vertex -1.87381 9.82287 51
    endloop
  endfacet
  facet normal 0 0 -1
    outer loop
      vertex -3.09017 -9.51056 51
      vertex -2.4869 9.68583 51
      vertex -2.4869 -9.68583 51
    endloop
  endfacet
  facet normal 0 0 -1
    outer loop
      vertex -3.09017 -9.51056 51
      vertex -3.09017 9.51056 51
      vertex -2.4869 9.68583 51
    endloop
  endfacet
  facet normal 0 0 -1
    outer loop
      vertex -3.68124 -9.29776 51
      vertex -3.09017 9.51056 51
      vertex -3.09017 -9.51056 51
    endloop
  endfacet
  facet normal 0 0 -1
    outer loop
      vertex -3.68124 -9.29776 51
      vertex -3.68124 9.29776 51
      vertex -3.09017 9.51056 51
    endloop
  endfacet
  facet normal 0 0 -1
    outer loop
      vertex -4.25779 -9.04827 51
      vertex -3.68124 9.29776 51
      vertex -3.68124 -9.29776 51
    endloop
  endfacet
  facet normal 0 0 -1
    outer loop
      vertex -4.25779 -9.04827 51
      vertex -4.25779 9.04827 51
      vertex -3.68124 9.29776 51
    endloop
  endfacet
  facet normal 0 0 -1
    outer loop
      vertex -4.81754 -8.76307 51
      vertex -4.25779 9.04827 51
      vertex -4.25779 -9.04827 51
    endloop
  endfacet
  facet normal 0 0 -1
    outer loop
      vertex -4.81754 -8.76307 51
      vertex -4.81754 8.76307 51
      vertex -4.25779 9.04827 51
    endloop
  endfacet
  facet normal 0 0 -1
    outer loop
      vertex -5.35827 -8.44328 51
      vertex -4.81754 8.76307 51
      vertex -4.81754 -8.76307 51
    endloop
  endfacet
  facet normal 0 0 -1
    outer loop
      vertex -5.35827 -8.44328 51
      vertex -5.35827 8.44328 51
      vertex -4.81754 8.76307 51
    endloop
  endfacet
  facet normal 0 0 -1
    outer loop
      vertex -5.87785 -8.09017 51
      vertex -5.35827 8.44328 51
      vertex -5.35827 -8.44328 51
    endloop
  endfacet
  facet normal 0 0 -1
    outer loop
      vertex -5.87785 -8.09017 51
      vertex -5.87785 8.09017 51
      vertex -5.35827 8.44328 51
    endloop
  endfacet
  facet normal 0 0 -1
    outer loop
      vertex -6.37424 -7.70513 51
      vertex -5.87785 8.09017 51
      vertex -5.87785 -8.09017 51
    endloop
  endfacet
  facet normal 0 0 -1
    outer loop
      vertex -6.37424 -7.70513 51
      vertex -6.37424 7.70513 51
      vertex -5.87785 8.09017 51
    endloop
  endfacet
  facet normal 0 0 -1
    outer loop
      vertex -6.84547 -7.28969 51
      vertex -6.37424 7.70513 51
      vertex -6.37424 -7.70513 51
    endloop
  endfacet
  facet normal 0 0 -1
    outer loop
      vertex -6.84547 -7.28969 51
      vertex -6.84547 7.28969 51
      vertex -6.37424 7.70513 51
    endloop
  endfacet
  facet normal 0 0 -1
    outer loop
      vertex -7.28969 -6.84547 51
      vertex -6.84547 7.28969 51
      vertex -6.84547 -7.28969 51
    endloop
  endfacet
  facet normal 0 0 -1
    outer loop
      vertex -7.28969 -6.84547 51
      vertex -7.28969 6.84547 51
      vertex -6.84547 7.28969 51
    endloop
  endfacet
  facet normal 0 0 -1
    outer loop
      vertex -7.70513 -6.37424 51
      vertex -7.28969 6.84547 51
      vertex -7.28969 -6.84547 51
    endloop
  endfacet
  facet normal 0 0 -1
    outer loop
      vertex -7.70513 -6.37424 51
      vertex -7.70513 6.37424 51
      vertex -7.28969 6.84547 51
    endloop
  endfacet
  facet normal 0 0 -1
    outer loop
      vertex -8.09017 -5.87785 51
      vertex -7.70513 6.37424 51
      vertex -7.70513 -6.37424 51
    endloop
  endfacet
  facet normal 0 0 -1
    outer loop
      vertex -8.09017 -5.87785 51
      vertex -8.09017 5.87785 51
      vertex -7.70513 6.37424 51
    endloop
  endfacet
  facet normal 0 0 -1
    outer loop
      vertex -8.44328 -5.35827 51
      vertex -8.09017 5.87785 51
      vertex -8.09017 -5.87785 51
    endloop
  endfacet
  facet normal 0 0 -1
    outer loop
      vertex -8.44328 -5.35827 51
      vertex -8.44328 5.35827 51
      vertex -8.09017 5.87785 51
    endloop
  endfacet
  facet normal 0 0 -1
    outer loop
      vertex -8.76307 -4.81754 51
      vertex -8.44328 5.35827 51
      vertex -8.44328 -5.35827 51
    endloop
  endfacet
  facet normal 0 0 -1
    outer loop
      vertex -8.76307 -4.81754 51
      vertex -8.76307 4.81754 51
      vertex -8.44328 5.35827 51
    endloop
  endfacet
  facet normal 0 0 -1
    outer loop
      vertex -9.04827 -4.25779 51
      vertex -8.76307 4.81754 51
      vertex -8.76307 -4.81754 51
    endloop
  endfacet
  facet normal 0 0 -1
    outer loop
      vertex -9.04827 -4.25779 51
      vertex -9.04827 4.25779 51
      vertex -8.76307 4.81754 51
    endloop
  endfacet
  facet normal 0 0 -1
    outer loop
      vertex -9.29776 -3.68124 51
      vertex -9.04827 4.25779 51
      vertex -9.04827 -4.25779 51
    endloop
  endfacet
  facet normal 0 0 -1
    outer loop
      vertex -9.29776 -3.68124 51
      vertex -9.29776 3.68124 51
      vertex -9.04827 4.25779 51
    endloop
  endfacet
  facet normal 0 0 -1
    outer loop
      vertex -9.51056 -3.09017 51
      vertex -9.29776 3.68124 51
      vertex -9.29776 -3.68124 51
    endloop
  endfacet
  facet normal 0 0 -1
    outer loop
      vertex -9.51056 -3.09017 51
      vertex -9.51056 3.09017 51
      vertex -9.29776 3.68124 51
    endloop
  endfacet
  facet normal 0 0 -1
    outer loop
      vertex -9.68583 -2.4869 51
      vertex -9.51056 3.09017 51
      vertex -9.51056 -3.09017 51
    endloop
  endfacet
  facet normal 0 0 -1
    outer loop
      vertex -9.68583 -2.4869 51
      vertex -9.68583 2.4869 51
      vertex -9.51056 3.09017 51
    endloop
  endfacet
  facet normal 0 0 -1
    outer loop
      vertex -9.82287 -1.87381 51
      vertex -9.68583 2.4869 51
      vertex -9.68583 -2.4869 51
    endloop
  endfacet
  facet normal 0 0 -1
    outer loop
      vertex -9.82287 -1.87381 51
      vertex -9.82287 1.87381 51
      vertex -9.68583 2.4869 51
    endloop
  endfacet
  facet normal 0 0 -1
    outer loop
      vertex -9.92115 -1.25333 51
      vertex -9.82287 1.87381 51
      vertex -9.82287 -1.87381 51
    endloop
  endfacet
  facet normal 0 0 -1
    outer loop
      vertex -9.92115 -1.25333 51
      vertex -9.92115 1.25333 51
      vertex -9.82287 1.87381 51
    endloop
  endfacet
  facet normal 0 0 -1
    outer loop
      vertex -9.98027 -0.627905 51
      vertex -9.92115 1.25333 51
      vertex -9.92115 -1.25333 51
    endloop
  endfacet
  facet normal 0 0 -1
    outer loop
      vertex -9.98027 -0.627905 51
      vertex -9.98027 0.627905 51
      vertex -9.92115 1.25333 51
    endloop
  endfacet
  facet normal 0 -0 -1
    outer loop
      vertex -9.98027 0.627905 51
      vertex -9.98027 -0.627905 51
      vertex -10 0 51
    endloop
  endfacet
endsolid OpenSCAD_Model
