solid OpenSCAD_Model
  facet normal 0.957392 0.0300983 0.287218
    outer loop
      vertex 49.9013 3.13953 0
      vertex 35 0 50
      vertex 50 0 0
    endloop
  endfacet
  facet normal -0.824476 0.487592 0.287217
    outer loop
      vertex -42.2164 26.7913 0
      vertex -43.8153 24.0877 0
      vertex -29.5515 18.7539 50
    endloop
  endfacet
  facet normal -0.587086 -0.756859 0.287219
    outer loop
      vertex -22.3098 -26.968 50
      vertex -29.3893 -40.4509 0
      vertex -20.5725 -28.3156 50
    endloop
  endfacet
  facet normal -0.677313 0.677313 0.287219
    outer loop
      vertex -34.2274 36.4484 0
      vertex -25.5139 23.9591 50
      vertex -23.9591 25.5139 50
    endloop
  endfacet
  facet normal -0.677313 0.677313 0.287219
    outer loop
      vertex -25.5139 23.9591 50
      vertex -34.2274 36.4484 0
      vertex -36.4484 34.2274 0
    endloop
  endfacet
  facet normal -0.792246 -0.53838 0.287218
    outer loop
      vertex -29.5515 -18.7539 50
      vertex -42.2164 -26.7913 0
      vertex -40.4509 -29.3893 0
    endloop
  endfacet
  facet normal -0.149817 -0.946077 0.287218
    outer loop
      vertex -4.38666 -34.724 50
      vertex -6.55835 -34.3801 50
      vertex -6.26666 -49.6057 0
    endloop
  endfacet
  facet normal -0.149821 0.946076 0.287217
    outer loop
      vertex -6.26666 49.6057 0
      vertex -9.36907 49.1144 0
      vertex -6.55835 34.3801 50
    endloop
  endfacet
  facet normal -0.149817 0.946077 0.287218
    outer loop
      vertex -6.26666 49.6057 0
      vertex -6.55835 34.3801 50
      vertex -4.38666 34.724 50
    endloop
  endfacet
  facet normal -0.946077 0.149817 0.287218
    outer loop
      vertex -34.3801 6.55835 50
      vertex -49.6057 6.26666 0
      vertex -34.724 4.38666 50
    endloop
  endfacet
  facet normal -0.20895 0.934797 0.287218
    outer loop
      vertex -9.36907 49.1144 0
      vertex -12.4345 48.4292 0
      vertex -6.55835 34.3801 50
    endloop
  endfacet
  facet normal -0.946077 -0.149817 0.287218
    outer loop
      vertex -34.724 -4.38666 50
      vertex -49.6057 -6.26666 0
      vertex -34.3801 -6.55835 50
    endloop
  endfacet
  facet normal 0.919825 -0.26726 0.287217
    outer loop
      vertex 48.4292 -12.4345 0
      vertex 33.287 -10.8156 50
      vertex 47.5528 -15.4508 0
    endloop
  endfacet
  facet normal 0.756856 0.58709 0.287218
    outer loop
      vertex 38.5257 31.8712 0
      vertex 26.968 22.3098 50
      vertex 40.4509 29.3893 0
    endloop
  endfacet
  facet normal 0.792246 0.53838 0.287218
    outer loop
      vertex 40.4509 29.3893 0
      vertex 29.5515 18.7539 50
      vertex 42.2164 26.7913 0
    endloop
  endfacet
  facet normal -0.934797 0.20895 0.287218
    outer loop
      vertex -48.4292 12.4345 0
      vertex -49.1144 9.36907 0
      vertex -34.3801 6.55835 50
    endloop
  endfacet
  facet normal -0.953615 -0.0901343 0.287217
    outer loop
      vertex -34.9309 -2.19767 50
      vertex -49.6057 -6.26666 0
      vertex -34.724 -4.38666 50
    endloop
  endfacet
  facet normal 0.208975 -0.934791 0.287219
    outer loop
      vertex 8.70415 -33.9004 50
      vertex 6.55835 -34.3801 50
      vertex 12.4345 -48.4292 0
    endloop
  endfacet
  facet normal 0.718495 -0.633459 0.287219
    outer loop
      vertex 26.968 -22.3098 50
      vertex 25.5139 -23.9591 50
      vertex 36.4484 -34.2274 0
    endloop
  endfacet
  facet normal 0.0901428 -0.953614 0.287218
    outer loop
      vertex 6.26666 -49.6057 0
      vertex 2.19767 -34.9309 50
      vertex 3.13953 -49.9013 0
    endloop
  endfacet
  facet normal 0.0300983 -0.957392 0.287218
    outer loop
      vertex 0 -35 50
      vertex 0 -50 0
      vertex 3.13953 -49.9013 0
    endloop
  endfacet
  facet normal -0.824476 -0.487592 0.287217
    outer loop
      vertex -29.5515 -18.7539 50
      vertex -43.8153 -24.0877 0
      vertex -42.2164 -26.7913 0
    endloop
  endfacet
  facet normal -0.538394 0.792235 0.287219
    outer loop
      vertex -18.7539 29.5515 50
      vertex -29.3893 40.4509 0
      vertex -20.5725 28.3156 50
    endloop
  endfacet
  facet normal -0.946076 -0.149821 0.287217
    outer loop
      vertex -34.3801 -6.55835 50
      vertex -49.6057 -6.26666 0
      vertex -49.1144 -9.36907 0
    endloop
  endfacet
  facet normal 0.901239 0.32446 0.287217
    outer loop
      vertex 46.4888 18.4062 0
      vertex 32.5422 12.8844 50
      vertex 33.287 10.8156 50
    endloop
  endfacet
  facet normal 0.380443 0.879074 0.287216
    outer loop
      vertex 18.4062 46.4888 0
      vertex 12.8844 32.5422 50
      vertex 14.9023 31.6689 50
    endloop
  endfacet
  facet normal -0.953614 0.0901428 0.287218
    outer loop
      vertex -49.6057 6.26666 0
      vertex -49.9013 3.13953 0
      vertex -34.9309 2.19767 50
    endloop
  endfacet
  facet normal -0.487592 0.824476 0.287217
    outer loop
      vertex -24.0877 43.8153 0
      vertex -26.7913 42.2164 0
      vertex -18.7539 29.5515 50
    endloop
  endfacet
  facet normal 0.149821 -0.946076 0.287217
    outer loop
      vertex 6.55835 -34.3801 50
      vertex 6.26666 -49.6057 0
      vertex 9.36907 -49.1144 0
    endloop
  endfacet
  facet normal -0.957392 -0.0300983 0.287218
    outer loop
      vertex -35 0 50
      vertex -50 0 0
      vertex -49.9013 -3.13953 0
    endloop
  endfacet
  facet normal 0.32446 0.901239 0.287217
    outer loop
      vertex 18.4062 46.4888 0
      vertex 10.8156 33.287 50
      vertex 12.8844 32.5422 50
    endloop
  endfacet
  facet normal 0.587086 0.756859 0.287219
    outer loop
      vertex 29.3893 40.4509 0
      vertex 20.5725 28.3156 50
      vertex 22.3098 26.968 50
    endloop
  endfacet
  facet normal 0.0901343 -0.953615 0.287217
    outer loop
      vertex 4.38666 -34.724 50
      vertex 2.19767 -34.9309 50
      vertex 6.26666 -49.6057 0
    endloop
  endfacet
  facet normal -0.853453 0.434884 0.287219
    outer loop
      vertex -43.8153 24.0877 0
      vertex -45.2414 21.289 0
      vertex -31.6689 14.9023 50
    endloop
  endfacet
  facet normal 0.953614 0.0901428 0.287218
    outer loop
      vertex 49.6057 6.26666 0
      vertex 34.9309 2.19767 50
      vertex 49.9013 3.13953 0
    endloop
  endfacet
  facet normal 0.934791 -0.208975 0.287219
    outer loop
      vertex 34.3801 -6.55835 50
      vertex 33.9004 -8.70415 50
      vertex 48.4292 -12.4345 0
    endloop
  endfacet
  facet normal 0.149821 0.946076 0.287217
    outer loop
      vertex 9.36907 49.1144 0
      vertex 6.26666 49.6057 0
      vertex 6.55835 34.3801 50
    endloop
  endfacet
  facet normal 0.946077 0.149817 0.287218
    outer loop
      vertex 49.6057 6.26666 0
      vertex 34.3801 6.55835 50
      vertex 34.724 4.38666 50
    endloop
  endfacet
  facet normal 0.633459 -0.718495 0.287219
    outer loop
      vertex 23.9591 -25.5139 50
      vertex 22.3098 -26.968 50
      vertex 34.2274 -36.4484 0
    endloop
  endfacet
  facet normal -0.756859 -0.587086 0.287219
    outer loop
      vertex -28.3156 -20.5725 50
      vertex -40.4509 -29.3893 0
      vertex -26.968 -22.3098 50
    endloop
  endfacet
  facet normal -0.53838 -0.792246 0.287218
    outer loop
      vertex -18.7539 -29.5515 50
      vertex -29.3893 -40.4509 0
      vertex -26.7913 -42.2164 0
    endloop
  endfacet
  facet normal -0.434884 0.853453 0.287219
    outer loop
      vertex -21.289 45.2414 0
      vertex -24.0877 43.8153 0
      vertex -14.9023 31.6689 50
    endloop
  endfacet
  facet normal -0.26726 0.919825 0.287217
    outer loop
      vertex -12.4345 48.4292 0
      vertex -15.4508 47.5528 0
      vertex -10.8156 33.287 50
    endloop
  endfacet
  facet normal -0.0300983 0.957392 0.287218
    outer loop
      vertex 0 50 0
      vertex -3.13953 49.9013 0
      vertex 0 35 50
    endloop
  endfacet
  facet normal -0.0301027 0.957392 0.287218
    outer loop
      vertex 0 35 50
      vertex -3.13953 49.9013 0
      vertex -2.19767 34.9309 50
    endloop
  endfacet
  facet normal -0.267223 0.919836 0.287219
    outer loop
      vertex -8.70415 33.9004 50
      vertex -12.4345 48.4292 0
      vertex -10.8156 33.287 50
    endloop
  endfacet
  facet normal 0.919825 0.26726 0.287217
    outer loop
      vertex 47.5528 15.4508 0
      vertex 33.287 10.8156 50
      vertex 48.4292 12.4345 0
    endloop
  endfacet
  facet normal -0.853453 -0.434884 0.287219
    outer loop
      vertex -31.6689 -14.9023 50
      vertex -45.2414 -21.289 0
      vertex -43.8153 -24.0877 0
    endloop
  endfacet
  facet normal -0.32446 0.901239 0.287217
    outer loop
      vertex -10.8156 33.287 50
      vertex -18.4062 46.4888 0
      vertex -12.8844 32.5422 50
    endloop
  endfacet
  facet normal -0.149821 -0.946076 0.287217
    outer loop
      vertex -6.55835 -34.3801 50
      vertex -9.36907 -49.1144 0
      vertex -6.26666 -49.6057 0
    endloop
  endfacet
  facet normal 0.487586 -0.824479 0.287218
    outer loop
      vertex 18.7539 -29.5515 50
      vertex 16.8614 -30.6707 50
      vertex 24.0877 -43.8153 0
    endloop
  endfacet
  facet normal -0.824479 0.487586 0.287218
    outer loop
      vertex -29.5515 18.7539 50
      vertex -43.8153 24.0877 0
      vertex -30.6707 16.8614 50
    endloop
  endfacet
  facet normal -0.957392 -0.0301027 0.287218
    outer loop
      vertex -35 0 50
      vertex -49.9013 -3.13953 0
      vertex -34.9309 -2.19767 50
    endloop
  endfacet
  facet normal -0.434858 0.853466 0.287218
    outer loop
      vertex -14.9023 31.6689 50
      vertex -24.0877 43.8153 0
      vertex -16.8614 30.6707 50
    endloop
  endfacet
  facet normal 0.946077 -0.149817 0.287218
    outer loop
      vertex 34.724 -4.38666 50
      vertex 34.3801 -6.55835 50
      vertex 49.6057 -6.26666 0
    endloop
  endfacet
  facet normal 0.434858 -0.853466 0.287218
    outer loop
      vertex 16.8614 -30.6707 50
      vertex 14.9023 -31.6689 50
      vertex 24.0877 -43.8153 0
    endloop
  endfacet
  facet normal -0.718501 0.633453 0.287218
    outer loop
      vertex -36.4484 34.2274 0
      vertex -38.5257 31.8712 0
      vertex -26.968 22.3098 50
    endloop
  endfacet
  facet normal 0.434858 0.853466 0.287218
    outer loop
      vertex 24.0877 43.8153 0
      vertex 14.9023 31.6689 50
      vertex 16.8614 30.6707 50
    endloop
  endfacet
  facet normal 0.53838 0.792246 0.287218
    outer loop
      vertex 26.7913 42.2164 0
      vertex 18.7539 29.5515 50
      vertex 29.3893 40.4509 0
    endloop
  endfacet
  facet normal -0.487586 -0.824479 0.287218
    outer loop
      vertex -18.7539 -29.5515 50
      vertex -24.0877 -43.8153 0
      vertex -16.8614 -30.6707 50
    endloop
  endfacet
  facet normal 0.487592 0.824476 0.287217
    outer loop
      vertex 24.0877 43.8153 0
      vertex 18.7539 29.5515 50
      vertex 26.7913 42.2164 0
    endloop
  endfacet
  facet normal 0.853466 0.434858 0.287218
    outer loop
      vertex 43.8153 24.0877 0
      vertex 30.6707 16.8614 50
      vertex 31.6689 14.9023 50
    endloop
  endfacet
  facet normal -0.792246 0.53838 0.287218
    outer loop
      vertex -40.4509 29.3893 0
      vertex -42.2164 26.7913 0
      vertex -29.5515 18.7539 50
    endloop
  endfacet
  facet normal 0.934797 -0.20895 0.287218
    outer loop
      vertex 49.1144 -9.36907 0
      vertex 34.3801 -6.55835 50
      vertex 48.4292 -12.4345 0
    endloop
  endfacet
  facet normal 0.853453 0.434884 0.287219
    outer loop
      vertex 43.8153 24.0877 0
      vertex 31.6689 14.9023 50
      vertex 45.2414 21.289 0
    endloop
  endfacet
  facet normal 0.756856 -0.58709 0.287218
    outer loop
      vertex 40.4509 -29.3893 0
      vertex 26.968 -22.3098 50
      vertex 38.5257 -31.8712 0
    endloop
  endfacet
  facet normal -0.919825 -0.26726 0.287217
    outer loop
      vertex -33.287 -10.8156 50
      vertex -48.4292 -12.4345 0
      vertex -47.5528 -15.4508 0
    endloop
  endfacet
  facet normal 0.538394 0.792235 0.287219
    outer loop
      vertex 29.3893 40.4509 0
      vertex 18.7539 29.5515 50
      vertex 20.5725 28.3156 50
    endloop
  endfacet
  facet normal -0.380389 0.879096 0.287219
    outer loop
      vertex -18.4062 46.4888 0
      vertex -21.289 45.2414 0
      vertex -14.9023 31.6689 50
    endloop
  endfacet
  facet normal 0.380389 0.879096 0.287219
    outer loop
      vertex 18.4062 46.4888 0
      vertex 14.9023 31.6689 50
      vertex 21.289 45.2414 0
    endloop
  endfacet
  facet normal 0.901238 0.324463 0.287217
    outer loop
      vertex 46.4888 18.4062 0
      vertex 33.287 10.8156 50
      vertex 47.5528 15.4508 0
    endloop
  endfacet
  facet normal 0.957392 -0.0300983 0.287218
    outer loop
      vertex 50 0 0
      vertex 35 0 50
      vertex 49.9013 -3.13953 0
    endloop
  endfacet
  facet normal 0.934791 0.208975 0.287219
    outer loop
      vertex 48.4292 12.4345 0
      vertex 33.9004 8.70415 50
      vertex 34.3801 6.55835 50
    endloop
  endfacet
  facet normal -0.879096 -0.380389 0.287219
    outer loop
      vertex -31.6689 -14.9023 50
      vertex -46.4888 -18.4062 0
      vertex -45.2414 -21.289 0
    endloop
  endfacet
  facet normal -0.756856 -0.58709 0.287218
    outer loop
      vertex -26.968 -22.3098 50
      vertex -40.4509 -29.3893 0
      vertex -38.5257 -31.8712 0
    endloop
  endfacet
  facet normal 0.58709 -0.756856 0.287218
    outer loop
      vertex 31.8712 -38.5257 0
      vertex 22.3098 -26.968 50
      vertex 29.3893 -40.4509 0
    endloop
  endfacet
  facet normal -0.957392 0.0301027 0.287218
    outer loop
      vertex -34.9309 2.19767 50
      vertex -49.9013 3.13953 0
      vertex -35 0 50
    endloop
  endfacet
  facet normal -0.879096 0.380389 0.287219
    outer loop
      vertex -45.2414 21.289 0
      vertex -46.4888 18.4062 0
      vertex -31.6689 14.9023 50
    endloop
  endfacet
  facet normal 0.901238 -0.324463 0.287217
    outer loop
      vertex 47.5528 -15.4508 0
      vertex 33.287 -10.8156 50
      vertex 46.4888 -18.4062 0
    endloop
  endfacet
  facet normal 0.879096 0.380389 0.287219
    outer loop
      vertex 45.2414 21.289 0
      vertex 31.6689 14.9023 50
      vertex 46.4888 18.4062 0
    endloop
  endfacet
  facet normal -0.633453 0.718501 0.287218
    outer loop
      vertex -31.8712 38.5257 0
      vertex -34.2274 36.4484 0
      vertex -22.3098 26.968 50
    endloop
  endfacet
  facet normal 0.434884 0.853453 0.287219
    outer loop
      vertex 21.289 45.2414 0
      vertex 14.9023 31.6689 50
      vertex 24.0877 43.8153 0
    endloop
  endfacet
  facet normal -0.718495 0.633459 0.287219
    outer loop
      vertex -25.5139 23.9591 50
      vertex -36.4484 34.2274 0
      vertex -26.968 22.3098 50
    endloop
  endfacet
  facet normal 0.149817 0.946077 0.287218
    outer loop
      vertex 6.26666 49.6057 0
      vertex 4.38666 34.724 50
      vertex 6.55835 34.3801 50
    endloop
  endfacet
  facet normal -0.853466 0.434858 0.287218
    outer loop
      vertex -30.6707 16.8614 50
      vertex -43.8153 24.0877 0
      vertex -31.6689 14.9023 50
    endloop
  endfacet
  facet normal 0.677313 0.677313 0.287219
    outer loop
      vertex 23.9591 25.5139 50
      vertex 36.4484 34.2274 0
      vertex 34.2274 36.4484 0
    endloop
  endfacet
  facet normal 0.677313 0.677313 0.287219
    outer loop
      vertex 36.4484 34.2274 0
      vertex 23.9591 25.5139 50
      vertex 25.5139 23.9591 50
    endloop
  endfacet
  facet normal -0.538394 -0.792235 0.287219
    outer loop
      vertex -20.5725 -28.3156 50
      vertex -29.3893 -40.4509 0
      vertex -18.7539 -29.5515 50
    endloop
  endfacet
  facet normal -0.919836 0.267223 0.287219
    outer loop
      vertex -33.287 10.8156 50
      vertex -48.4292 12.4345 0
      vertex -33.9004 8.70415 50
    endloop
  endfacet
  facet normal 0.946076 -0.149821 0.287217
    outer loop
      vertex 49.6057 -6.26666 0
      vertex 34.3801 -6.55835 50
      vertex 49.1144 -9.36907 0
    endloop
  endfacet
  facet normal 0.901239 -0.32446 0.287217
    outer loop
      vertex 33.287 -10.8156 50
      vertex 32.5422 -12.8844 50
      vertex 46.4888 -18.4062 0
    endloop
  endfacet
  facet normal -0.487592 -0.824476 0.287217
    outer loop
      vertex -18.7539 -29.5515 50
      vertex -26.7913 -42.2164 0
      vertex -24.0877 -43.8153 0
    endloop
  endfacet
  facet normal 0.20895 0.934797 0.287218
    outer loop
      vertex 9.36907 49.1144 0
      vertex 6.55835 34.3801 50
      vertex 12.4345 48.4292 0
    endloop
  endfacet
  facet normal 0.0300983 0.957392 0.287218
    outer loop
      vertex 0 50 0
      vertex 0 35 50
      vertex 3.13953 49.9013 0
    endloop
  endfacet
  facet normal -0.324463 0.901238 0.287217
    outer loop
      vertex -15.4508 47.5528 0
      vertex -18.4062 46.4888 0
      vertex -10.8156 33.287 50
    endloop
  endfacet
  facet normal 0.934797 0.20895 0.287218
    outer loop
      vertex 48.4292 12.4345 0
      vertex 34.3801 6.55835 50
      vertex 49.1144 9.36907 0
    endloop
  endfacet
  facet normal -0.792235 0.538394 0.287219
    outer loop
      vertex -28.3156 20.5725 50
      vertex -40.4509 29.3893 0
      vertex -29.5515 18.7539 50
    endloop
  endfacet
  facet normal 0.267223 0.919836 0.287219
    outer loop
      vertex 12.4345 48.4292 0
      vertex 8.70415 33.9004 50
      vertex 10.8156 33.287 50
    endloop
  endfacet
  facet normal -0.58709 0.756856 0.287218
    outer loop
      vertex -29.3893 40.4509 0
      vertex -31.8712 38.5257 0
      vertex -22.3098 26.968 50
    endloop
  endfacet
  facet normal 0.879074 0.380443 0.287216
    outer loop
      vertex 46.4888 18.4062 0
      vertex 31.6689 14.9023 50
      vertex 32.5422 12.8844 50
    endloop
  endfacet
  facet normal -0.957392 0.0300983 0.287218
    outer loop
      vertex -49.9013 3.13953 0
      vertex -50 0 0
      vertex -35 0 50
    endloop
  endfacet
  facet normal -0.946076 0.149821 0.287217
    outer loop
      vertex -49.1144 9.36907 0
      vertex -49.6057 6.26666 0
      vertex -34.3801 6.55835 50
    endloop
  endfacet
  facet normal 0.824479 0.487586 0.287218
    outer loop
      vertex 43.8153 24.0877 0
      vertex 29.5515 18.7539 50
      vertex 30.6707 16.8614 50
    endloop
  endfacet
  facet normal 0.149817 -0.946077 0.287218
    outer loop
      vertex 6.55835 -34.3801 50
      vertex 4.38666 -34.724 50
      vertex 6.26666 -49.6057 0
    endloop
  endfacet
  facet normal 0.0301027 -0.957392 0.287218
    outer loop
      vertex 2.19767 -34.9309 50
      vertex 0 -35 50
      vertex 3.13953 -49.9013 0
    endloop
  endfacet
  facet normal 0.58709 0.756856 0.287218
    outer loop
      vertex 29.3893 40.4509 0
      vertex 22.3098 26.968 50
      vertex 31.8712 38.5257 0
    endloop
  endfacet
  facet normal 0.718501 0.633453 0.287218
    outer loop
      vertex 36.4484 34.2274 0
      vertex 26.968 22.3098 50
      vertex 38.5257 31.8712 0
    endloop
  endfacet
  facet normal 0.633459 0.718495 0.287219
    outer loop
      vertex 34.2274 36.4484 0
      vertex 22.3098 26.968 50
      vertex 23.9591 25.5139 50
    endloop
  endfacet
  facet normal -0.0901343 0.953615 0.287217
    outer loop
      vertex -2.19767 34.9309 50
      vertex -6.26666 49.6057 0
      vertex -4.38666 34.724 50
    endloop
  endfacet
  facet normal 0.756859 -0.587086 0.287219
    outer loop
      vertex 28.3156 -20.5725 50
      vertex 26.968 -22.3098 50
      vertex 40.4509 -29.3893 0
    endloop
  endfacet
  facet normal 0.633453 -0.718501 0.287218
    outer loop
      vertex 34.2274 -36.4484 0
      vertex 22.3098 -26.968 50
      vertex 31.8712 -38.5257 0
    endloop
  endfacet
  facet normal -0.380389 -0.879096 0.287219
    outer loop
      vertex -14.9023 -31.6689 50
      vertex -21.289 -45.2414 0
      vertex -18.4062 -46.4888 0
    endloop
  endfacet
  facet normal -0.208975 0.934791 0.287219
    outer loop
      vertex -6.55835 34.3801 50
      vertex -12.4345 48.4292 0
      vertex -8.70415 33.9004 50
    endloop
  endfacet
  facet normal -0.953615 0.0901343 0.287217
    outer loop
      vertex -34.724 4.38666 50
      vertex -49.6057 6.26666 0
      vertex -34.9309 2.19767 50
    endloop
  endfacet
  facet normal 0.208975 0.934791 0.287219
    outer loop
      vertex 12.4345 48.4292 0
      vertex 6.55835 34.3801 50
      vertex 8.70415 33.9004 50
    endloop
  endfacet
  facet normal -0.718501 -0.633453 0.287218
    outer loop
      vertex -26.968 -22.3098 50
      vertex -38.5257 -31.8712 0
      vertex -36.4484 -34.2274 0
    endloop
  endfacet
  facet normal -0.0300983 -0.957392 0.287218
    outer loop
      vertex 0 -35 50
      vertex -3.13953 -49.9013 0
      vertex 0 -50 0
    endloop
  endfacet
  facet normal -0.934797 -0.20895 0.287218
    outer loop
      vertex -34.3801 -6.55835 50
      vertex -49.1144 -9.36907 0
      vertex -48.4292 -12.4345 0
    endloop
  endfacet
  facet normal -0.633459 -0.718495 0.287219
    outer loop
      vertex -23.9591 -25.5139 50
      vertex -34.2274 -36.4484 0
      vertex -22.3098 -26.968 50
    endloop
  endfacet
  facet normal 0.53838 -0.792246 0.287218
    outer loop
      vertex 29.3893 -40.4509 0
      vertex 18.7539 -29.5515 50
      vertex 26.7913 -42.2164 0
    endloop
  endfacet
  facet normal -0.380443 0.879074 0.287216
    outer loop
      vertex -12.8844 32.5422 50
      vertex -18.4062 46.4888 0
      vertex -14.9023 31.6689 50
    endloop
  endfacet
  facet normal -0.633453 -0.718501 0.287218
    outer loop
      vertex -22.3098 -26.968 50
      vertex -34.2274 -36.4484 0
      vertex -31.8712 -38.5257 0
    endloop
  endfacet
  facet normal 0.633453 0.718501 0.287218
    outer loop
      vertex 31.8712 38.5257 0
      vertex 22.3098 26.968 50
      vertex 34.2274 36.4484 0
    endloop
  endfacet
  facet normal -0.587086 0.756859 0.287219
    outer loop
      vertex -20.5725 28.3156 50
      vertex -29.3893 40.4509 0
      vertex -22.3098 26.968 50
    endloop
  endfacet
  facet normal -0.901239 0.32446 0.287217
    outer loop
      vertex -32.5422 12.8844 50
      vertex -46.4888 18.4062 0
      vertex -33.287 10.8156 50
    endloop
  endfacet
  facet normal -0.208975 -0.934791 0.287219
    outer loop
      vertex -8.70415 -33.9004 50
      vertex -12.4345 -48.4292 0
      vertex -6.55835 -34.3801 50
    endloop
  endfacet
  facet normal -0.0901428 0.953614 0.287218
    outer loop
      vertex -3.13953 49.9013 0
      vertex -6.26666 49.6057 0
      vertex -2.19767 34.9309 50
    endloop
  endfacet
  facet normal 0.677313 -0.677313 0.287219
    outer loop
      vertex 23.9591 -25.5139 50
      vertex 36.4484 -34.2274 0
      vertex 25.5139 -23.9591 50
    endloop
  endfacet
  facet normal 0.677313 -0.677313 0.287219
    outer loop
      vertex 36.4484 -34.2274 0
      vertex 23.9591 -25.5139 50
      vertex 34.2274 -36.4484 0
    endloop
  endfacet
  facet normal 0.853453 -0.434884 0.287219
    outer loop
      vertex 45.2414 -21.289 0
      vertex 31.6689 -14.9023 50
      vertex 43.8153 -24.0877 0
    endloop
  endfacet
  facet normal -0.756856 0.58709 0.287218
    outer loop
      vertex -38.5257 31.8712 0
      vertex -40.4509 29.3893 0
      vertex -26.968 22.3098 50
    endloop
  endfacet
  facet normal -0.0901428 -0.953614 0.287218
    outer loop
      vertex -2.19767 -34.9309 50
      vertex -6.26666 -49.6057 0
      vertex -3.13953 -49.9013 0
    endloop
  endfacet
  facet normal 0.919836 0.267223 0.287219
    outer loop
      vertex 48.4292 12.4345 0
      vertex 33.287 10.8156 50
      vertex 33.9004 8.70415 50
    endloop
  endfacet
  facet normal 0.953615 0.0901343 0.287217
    outer loop
      vertex 49.6057 6.26666 0
      vertex 34.724 4.38666 50
      vertex 34.9309 2.19767 50
    endloop
  endfacet
  facet normal 0.946076 0.149821 0.287217
    outer loop
      vertex 49.1144 9.36907 0
      vertex 34.3801 6.55835 50
      vertex 49.6057 6.26666 0
    endloop
  endfacet
  facet normal -0.324463 -0.901238 0.287217
    outer loop
      vertex -10.8156 -33.287 50
      vertex -18.4062 -46.4888 0
      vertex -15.4508 -47.5528 0
    endloop
  endfacet
  facet normal 0.919836 -0.267223 0.287219
    outer loop
      vertex 33.9004 -8.70415 50
      vertex 33.287 -10.8156 50
      vertex 48.4292 -12.4345 0
    endloop
  endfacet
  facet normal 0.879074 -0.380443 0.287216
    outer loop
      vertex 32.5422 -12.8844 50
      vertex 31.6689 -14.9023 50
      vertex 46.4888 -18.4062 0
    endloop
  endfacet
  facet normal 0.953614 -0.0901428 0.287218
    outer loop
      vertex 49.9013 -3.13953 0
      vertex 34.9309 -2.19767 50
      vertex 49.6057 -6.26666 0
    endloop
  endfacet
  facet normal 0.957392 -0.0301027 0.287218
    outer loop
      vertex 35 0 50
      vertex 34.9309 -2.19767 50
      vertex 49.9013 -3.13953 0
    endloop
  endfacet
  facet normal -0.267223 -0.919836 0.287219
    outer loop
      vertex -10.8156 -33.287 50
      vertex -12.4345 -48.4292 0
      vertex -8.70415 -33.9004 50
    endloop
  endfacet
  facet normal 0.0901428 0.953614 0.287218
    outer loop
      vertex 3.13953 49.9013 0
      vertex 2.19767 34.9309 50
      vertex 6.26666 49.6057 0
    endloop
  endfacet
  facet normal -0.934791 0.208975 0.287219
    outer loop
      vertex -33.9004 8.70415 50
      vertex -48.4292 12.4345 0
      vertex -34.3801 6.55835 50
    endloop
  endfacet
  facet normal 0.26726 0.919825 0.287217
    outer loop
      vertex 12.4345 48.4292 0
      vertex 10.8156 33.287 50
      vertex 15.4508 47.5528 0
    endloop
  endfacet
  facet normal 0.824476 -0.487592 0.287217
    outer loop
      vertex 43.8153 -24.0877 0
      vertex 29.5515 -18.7539 50
      vertex 42.2164 -26.7913 0
    endloop
  endfacet
  facet normal 0.718495 0.633459 0.287219
    outer loop
      vertex 36.4484 34.2274 0
      vertex 25.5139 23.9591 50
      vertex 26.968 22.3098 50
    endloop
  endfacet
  facet normal -0.633459 0.718495 0.287219
    outer loop
      vertex -22.3098 26.968 50
      vertex -34.2274 36.4484 0
      vertex -23.9591 25.5139 50
    endloop
  endfacet
  facet normal -0.824479 -0.487586 0.287218
    outer loop
      vertex -30.6707 -16.8614 50
      vertex -43.8153 -24.0877 0
      vertex -29.5515 -18.7539 50
    endloop
  endfacet
  facet normal 0.718501 -0.633453 0.287218
    outer loop
      vertex 38.5257 -31.8712 0
      vertex 26.968 -22.3098 50
      vertex 36.4484 -34.2274 0
    endloop
  endfacet
  facet normal 0.792235 0.538394 0.287219
    outer loop
      vertex 40.4509 29.3893 0
      vertex 28.3156 20.5725 50
      vertex 29.5515 18.7539 50
    endloop
  endfacet
  facet normal 0.853466 -0.434858 0.287218
    outer loop
      vertex 31.6689 -14.9023 50
      vertex 30.6707 -16.8614 50
      vertex 43.8153 -24.0877 0
    endloop
  endfacet
  facet normal 0.824476 0.487592 0.287217
    outer loop
      vertex 42.2164 26.7913 0
      vertex 29.5515 18.7539 50
      vertex 43.8153 24.0877 0
    endloop
  endfacet
  facet normal -0.20895 -0.934797 0.287218
    outer loop
      vertex -6.55835 -34.3801 50
      vertex -12.4345 -48.4292 0
      vertex -9.36907 -49.1144 0
    endloop
  endfacet
  facet normal -0.380443 -0.879074 0.287216
    outer loop
      vertex -14.9023 -31.6689 50
      vertex -18.4062 -46.4888 0
      vertex -12.8844 -32.5422 50
    endloop
  endfacet
  facet normal -0.901239 -0.32446 0.287217
    outer loop
      vertex -33.287 -10.8156 50
      vertex -46.4888 -18.4062 0
      vertex -32.5422 -12.8844 50
    endloop
  endfacet
  facet normal -0.901238 -0.324463 0.287217
    outer loop
      vertex -33.287 -10.8156 50
      vertex -47.5528 -15.4508 0
      vertex -46.4888 -18.4062 0
    endloop
  endfacet
  facet normal 0.324463 -0.901238 0.287217
    outer loop
      vertex 18.4062 -46.4888 0
      vertex 10.8156 -33.287 50
      vertex 15.4508 -47.5528 0
    endloop
  endfacet
  facet normal -0.953614 -0.0901428 0.287218
    outer loop
      vertex -34.9309 -2.19767 50
      vertex -49.9013 -3.13953 0
      vertex -49.6057 -6.26666 0
    endloop
  endfacet
  facet normal -0.879074 0.380443 0.287216
    outer loop
      vertex -31.6689 14.9023 50
      vertex -46.4888 18.4062 0
      vertex -32.5422 12.8844 50
    endloop
  endfacet
  facet normal -0.756859 0.587086 0.287219
    outer loop
      vertex -26.968 22.3098 50
      vertex -40.4509 29.3893 0
      vertex -28.3156 20.5725 50
    endloop
  endfacet
  facet normal 0.267223 -0.919836 0.287219
    outer loop
      vertex 10.8156 -33.287 50
      vertex 8.70415 -33.9004 50
      vertex 12.4345 -48.4292 0
    endloop
  endfacet
  facet normal 0.324463 0.901238 0.287217
    outer loop
      vertex 15.4508 47.5528 0
      vertex 10.8156 33.287 50
      vertex 18.4062 46.4888 0
    endloop
  endfacet
  facet normal 0.380443 -0.879074 0.287216
    outer loop
      vertex 14.9023 -31.6689 50
      vertex 12.8844 -32.5422 50
      vertex 18.4062 -46.4888 0
    endloop
  endfacet
  facet normal 0.20895 -0.934797 0.287218
    outer loop
      vertex 12.4345 -48.4292 0
      vertex 6.55835 -34.3801 50
      vertex 9.36907 -49.1144 0
    endloop
  endfacet
  facet normal -0.901238 0.324463 0.287217
    outer loop
      vertex -46.4888 18.4062 0
      vertex -47.5528 15.4508 0
      vertex -33.287 10.8156 50
    endloop
  endfacet
  facet normal 0.879096 -0.380389 0.287219
    outer loop
      vertex 46.4888 -18.4062 0
      vertex 31.6689 -14.9023 50
      vertex 45.2414 -21.289 0
    endloop
  endfacet
  facet normal 0.487592 -0.824476 0.287217
    outer loop
      vertex 26.7913 -42.2164 0
      vertex 18.7539 -29.5515 50
      vertex 24.0877 -43.8153 0
    endloop
  endfacet
  facet normal -0.934791 -0.208975 0.287219
    outer loop
      vertex -34.3801 -6.55835 50
      vertex -48.4292 -12.4345 0
      vertex -33.9004 -8.70415 50
    endloop
  endfacet
  facet normal -0.58709 -0.756856 0.287218
    outer loop
      vertex -22.3098 -26.968 50
      vertex -31.8712 -38.5257 0
      vertex -29.3893 -40.4509 0
    endloop
  endfacet
  facet normal -0.919825 0.26726 0.287217
    outer loop
      vertex -47.5528 15.4508 0
      vertex -48.4292 12.4345 0
      vertex -33.287 10.8156 50
    endloop
  endfacet
  facet normal 0.0301027 0.957392 0.287218
    outer loop
      vertex 3.13953 49.9013 0
      vertex 0 35 50
      vertex 2.19767 34.9309 50
    endloop
  endfacet
  facet normal 0.0901343 0.953615 0.287217
    outer loop
      vertex 6.26666 49.6057 0
      vertex 2.19767 34.9309 50
      vertex 4.38666 34.724 50
    endloop
  endfacet
  facet normal -0.919836 -0.267223 0.287219
    outer loop
      vertex -33.9004 -8.70415 50
      vertex -48.4292 -12.4345 0
      vertex -33.287 -10.8156 50
    endloop
  endfacet
  facet normal -0.718495 -0.633459 0.287219
    outer loop
      vertex -26.968 -22.3098 50
      vertex -36.4484 -34.2274 0
      vertex -25.5139 -23.9591 50
    endloop
  endfacet
  facet normal 0.756859 0.587086 0.287219
    outer loop
      vertex 40.4509 29.3893 0
      vertex 26.968 22.3098 50
      vertex 28.3156 20.5725 50
    endloop
  endfacet
  facet normal 0.380389 -0.879096 0.287219
    outer loop
      vertex 21.289 -45.2414 0
      vertex 14.9023 -31.6689 50
      vertex 18.4062 -46.4888 0
    endloop
  endfacet
  facet normal -0.853466 -0.434858 0.287218
    outer loop
      vertex -31.6689 -14.9023 50
      vertex -43.8153 -24.0877 0
      vertex -30.6707 -16.8614 50
    endloop
  endfacet
  facet normal -0.0301027 -0.957392 0.287218
    outer loop
      vertex -2.19767 -34.9309 50
      vertex -3.13953 -49.9013 0
      vertex 0 -35 50
    endloop
  endfacet
  facet normal 0.26726 -0.919825 0.287217
    outer loop
      vertex 15.4508 -47.5528 0
      vertex 10.8156 -33.287 50
      vertex 12.4345 -48.4292 0
    endloop
  endfacet
  facet normal 0.957392 0.0301027 0.287218
    outer loop
      vertex 49.9013 3.13953 0
      vertex 34.9309 2.19767 50
      vertex 35 0 50
    endloop
  endfacet
  facet normal 0.953615 -0.0901343 0.287217
    outer loop
      vertex 34.9309 -2.19767 50
      vertex 34.724 -4.38666 50
      vertex 49.6057 -6.26666 0
    endloop
  endfacet
  facet normal -0.26726 -0.919825 0.287217
    outer loop
      vertex -10.8156 -33.287 50
      vertex -15.4508 -47.5528 0
      vertex -12.4345 -48.4292 0
    endloop
  endfacet
  facet normal -0.53838 0.792246 0.287218
    outer loop
      vertex -26.7913 42.2164 0
      vertex -29.3893 40.4509 0
      vertex -18.7539 29.5515 50
    endloop
  endfacet
  facet normal -0.879074 -0.380443 0.287216
    outer loop
      vertex -32.5422 -12.8844 50
      vertex -46.4888 -18.4062 0
      vertex -31.6689 -14.9023 50
    endloop
  endfacet
  facet normal -0.487586 0.824479 0.287218
    outer loop
      vertex -16.8614 30.6707 50
      vertex -24.0877 43.8153 0
      vertex -18.7539 29.5515 50
    endloop
  endfacet
  facet normal 0 0 -1
    outer loop
      vertex 47.6186 -2.95598 0
      vertex 50 0 0
      vertex 49.9013 -3.13953 0
    endloop
  endfacet
  facet normal 0 0 -1
    outer loop
      vertex 47.3391 -5.94015 0
      vertex 49.9013 -3.13953 0
      vertex 49.6057 -6.26666 0
    endloop
  endfacet
  facet normal 0 0 -1
    outer loop
      vertex 47.6186 2.95598 0
      vertex 50 0 0
      vertex 47.7115 0 0
    endloop
  endfacet
  facet normal 0 0 -1
    outer loop
      vertex 46.8727 -8.90087 0
      vertex 49.6057 -6.26666 0
      vertex 49.1144 -9.36907 0
    endloop
  endfacet
  facet normal 0 0 -1
    outer loop
      vertex 50 0 0
      vertex 47.6186 2.95598 0
      vertex 49.9013 3.13953 0
    endloop
  endfacet
  facet normal 0 0 -1
    outer loop
      vertex 46.8577 -8.97916 0
      vertex 49.1144 -9.36907 0
      vertex 48.4292 -12.4345 0
    endloop
  endfacet
  facet normal 0 0 -1
    outer loop
      vertex 47.6174 2.99583 0
      vertex 49.9013 3.13953 0
      vertex 47.6186 2.95598 0
    endloop
  endfacet
  facet normal 0 0 -1
    outer loop
      vertex 47.3391 5.94015 0
      vertex 49.9013 3.13953 0
      vertex 47.6174 2.99583 0
    endloop
  endfacet
  facet normal -0 0 -1
    outer loop
      vertex 50 0 0
      vertex 47.6186 -2.95598 0
      vertex 47.7115 0 0
    endloop
  endfacet
  facet normal 0 0 -1
    outer loop
      vertex 49.9013 -3.13953 0
      vertex 47.6174 -2.99583 0
      vertex 47.6186 -2.95598 0
    endloop
  endfacet
  facet normal 0 0 -1
    outer loop
      vertex 46.2015 -11.9037 0
      vertex 48.4292 -12.4345 0
      vertex 47.5528 -15.4508 0
    endloop
  endfacet
  facet normal -0 0 -1
    outer loop
      vertex 49.9013 -3.13953 0
      vertex 47.3391 -5.94015 0
      vertex 47.6174 -2.99583 0
    endloop
  endfacet
  facet normal 0 0 -1
    outer loop
      vertex 49.6057 -6.26666 0
      vertex 47.3353 -5.97984 0
      vertex 47.3391 -5.94015 0
    endloop
  endfacet
  facet normal -0 0 -1
    outer loop
      vertex 49.6057 -6.26666 0
      vertex 46.8727 -8.90087 0
      vertex 47.3353 -5.97984 0
    endloop
  endfacet
  facet normal 0 0 -1
    outer loop
      vertex 49.1144 -9.36907 0
      vertex 46.8664 -8.94025 0
      vertex 46.8727 -8.90087 0
    endloop
  endfacet
  facet normal 0 0 -1
    outer loop
      vertex 49.1144 -9.36907 0
      vertex 46.8577 -8.97916 0
      vertex 46.8664 -8.94025 0
    endloop
  endfacet
  facet normal 0 0 -1
    outer loop
      vertex 44.3746 -17.5263 0
      vertex 47.5528 -15.4508 0
      vertex 46.4888 -18.4062 0
    endloop
  endfacet
  facet normal 0 0 -1
    outer loop
      vertex 48.4292 -12.4345 0
      vertex 46.2126 -11.8654 0
      vertex 46.8577 -8.97916 0
    endloop
  endfacet
  facet normal 0 0 -1
    outer loop
      vertex 48.4292 -12.4345 0
      vertex 46.2015 -11.9037 0
      vertex 46.2126 -11.8654 0
    endloop
  endfacet
  facet normal 0 0 -1
    outer loop
      vertex 47.5528 -15.4508 0
      vertex 45.3764 -14.7437 0
      vertex 46.2015 -11.9037 0
    endloop
  endfacet
  facet normal 0 0 -1
    outer loop
      vertex 43.1865 -20.278 0
      vertex 46.4888 -18.4062 0
      vertex 45.2414 -21.289 0
    endloop
  endfacet
  facet normal -0 0 -1
    outer loop
      vertex 47.5528 -15.4508 0
      vertex 44.3746 -17.5263 0
      vertex 45.3764 -14.7437 0
    endloop
  endfacet
  facet normal 0 0 -1
    outer loop
      vertex 46.4888 -18.4062 0
      vertex 44.3611 -17.5638 0
      vertex 44.3746 -17.5263 0
    endloop
  endfacet
  facet normal 0 0 -1
    outer loop
      vertex 43.1526 -20.3501 0
      vertex 45.2414 -21.289 0
      vertex 43.8153 -24.0877 0
    endloop
  endfacet
  facet normal -0 0 -1
    outer loop
      vertex 46.4888 -18.4062 0
      vertex 43.1865 -20.278 0
      vertex 44.3611 -17.5638 0
    endloop
  endfacet
  facet normal 0 0 -1
    outer loop
      vertex 45.2414 -21.289 0
      vertex 43.1707 -20.3146 0
      vertex 43.1865 -20.278 0
    endloop
  endfacet
  facet normal 0 0 -1
    outer loop
      vertex 45.2414 -21.289 0
      vertex 43.1526 -20.3501 0
      vertex 43.1707 -20.3146 0
    endloop
  endfacet
  facet normal 0 0 -1
    outer loop
      vertex 40.3045 -25.5308 0
      vertex 43.8153 -24.0877 0
      vertex 42.2164 -26.7913 0
    endloop
  endfacet
  facet normal 0 0 -1
    outer loop
      vertex 43.8153 -24.0877 0
      vertex 41.8099 -22.9852 0
      vertex 43.1526 -20.3501 0
    endloop
  endfacet
  facet normal 0 0 -1
    outer loop
      vertex 40.2618 -25.5981 0
      vertex 42.2164 -26.7913 0
      vertex 40.4509 -29.3893 0
    endloop
  endfacet
  facet normal -0 0 -1
    outer loop
      vertex 43.8153 -24.0877 0
      vertex 40.3045 -25.5308 0
      vertex 41.8099 -22.9852 0
    endloop
  endfacet
  facet normal 0 0 -1
    outer loop
      vertex 42.2164 -26.7913 0
      vertex 40.2842 -25.5651 0
      vertex 40.3045 -25.5308 0
    endloop
  endfacet
  facet normal 0 0 -1
    outer loop
      vertex 42.2164 -26.7913 0
      vertex 40.2618 -25.5981 0
      vertex 40.2842 -25.5651 0
    endloop
  endfacet
  facet normal 0 0 -1
    outer loop
      vertex 40.4509 -29.3893 0
      vertex 38.5994 -28.0441 0
      vertex 40.2618 -25.5981 0
    endloop
  endfacet
  facet normal 0 0 -1
    outer loop
      vertex 36.7868 -30.381 0
      vertex 40.4509 -29.3893 0
      vertex 38.5257 -31.8712 0
    endloop
  endfacet
  facet normal -0 0 -1
    outer loop
      vertex 40.4509 -29.3893 0
      vertex 36.7868 -30.381 0
      vertex 38.5994 -28.0441 0
    endloop
  endfacet
  facet normal 0 0 -1
    outer loop
      vertex 38.5257 -31.8712 0
      vertex 36.7624 -30.4125 0
      vertex 36.7868 -30.381 0
    endloop
  endfacet
  facet normal 0 0 -1
    outer loop
      vertex 38.5257 -31.8712 0
      vertex 36.736 -30.4424 0
      vertex 36.7624 -30.4125 0
    endloop
  endfacet
  facet normal 0 0 -1
    outer loop
      vertex 36.4484 -34.2274 0
      vertex 36.736 -30.4424 0
      vertex 38.5257 -31.8712 0
    endloop
  endfacet
  facet normal 0 0 -1
    outer loop
      vertex 36.4484 -34.2274 0
      vertex 34.7802 -32.6608 0
      vertex 36.736 -30.4424 0
    endloop
  endfacet
  facet normal 0 0 -1
    outer loop
      vertex 34.2274 -36.4484 0
      vertex 34.7802 -32.6608 0
      vertex 36.4484 -34.2274 0
    endloop
  endfacet
  facet normal 0 0 -1
    outer loop
      vertex 34.2274 -36.4484 0
      vertex 32.6608 -34.7802 0
      vertex 34.7802 -32.6608 0
    endloop
  endfacet
  facet normal 0 0 -1
    outer loop
      vertex 30.4424 -36.736 0
      vertex 34.2274 -36.4484 0
      vertex 31.8712 -38.5257 0
    endloop
  endfacet
  facet normal -0 0 -1
    outer loop
      vertex 34.2274 -36.4484 0
      vertex 30.4424 -36.736 0
      vertex 32.6608 -34.7802 0
    endloop
  endfacet
  facet normal 0 0 -1
    outer loop
      vertex 31.8712 -38.5257 0
      vertex 30.4125 -36.7624 0
      vertex 30.4424 -36.736 0
    endloop
  endfacet
  facet normal 0 0 -1
    outer loop
      vertex 31.8712 -38.5257 0
      vertex 30.381 -36.7868 0
      vertex 30.4125 -36.7624 0
    endloop
  endfacet
  facet normal 0 0 -1
    outer loop
      vertex 29.3893 -40.4509 0
      vertex 30.381 -36.7868 0
      vertex 31.8712 -38.5257 0
    endloop
  endfacet
  facet normal 0 0 -1
    outer loop
      vertex 29.3893 -40.4509 0
      vertex 28.0441 -38.5994 0
      vertex 30.381 -36.7868 0
    endloop
  endfacet
  facet normal 0 0 -1
    outer loop
      vertex 25.5981 -40.2618 0
      vertex 29.3893 -40.4509 0
      vertex 26.7913 -42.2164 0
    endloop
  endfacet
  facet normal 0 0 -1
    outer loop
      vertex 29.3893 -40.4509 0
      vertex 25.5981 -40.2618 0
      vertex 28.0441 -38.5994 0
    endloop
  endfacet
  facet normal 0 0 -1
    outer loop
      vertex 26.7913 -42.2164 0
      vertex 25.5651 -40.2842 0
      vertex 25.5981 -40.2618 0
    endloop
  endfacet
  facet normal 0 0 -1
    outer loop
      vertex 26.7913 -42.2164 0
      vertex 25.5308 -40.3045 0
      vertex 25.5651 -40.2842 0
    endloop
  endfacet
  facet normal 0 0 -1
    outer loop
      vertex 24.0877 -43.8153 0
      vertex 25.5308 -40.3045 0
      vertex 26.7913 -42.2164 0
    endloop
  endfacet
  facet normal 0 0 -1
    outer loop
      vertex 24.0877 -43.8153 0
      vertex 22.9852 -41.8099 0
      vertex 25.5308 -40.3045 0
    endloop
  endfacet
  facet normal 0 0 -1
    outer loop
      vertex 20.3501 -43.1526 0
      vertex 24.0877 -43.8153 0
      vertex 21.289 -45.2414 0
    endloop
  endfacet
  facet normal 0 0 -1
    outer loop
      vertex 24.0877 -43.8153 0
      vertex 20.3501 -43.1526 0
      vertex 22.9852 -41.8099 0
    endloop
  endfacet
  facet normal 0 0 -1
    outer loop
      vertex 21.289 -45.2414 0
      vertex 20.3146 -43.1707 0
      vertex 20.3501 -43.1526 0
    endloop
  endfacet
  facet normal 0 0 -1
    outer loop
      vertex 21.289 -45.2414 0
      vertex 20.278 -43.1865 0
      vertex 20.3146 -43.1707 0
    endloop
  endfacet
  facet normal 0 0 -1
    outer loop
      vertex 18.4062 -46.4888 0
      vertex 20.278 -43.1865 0
      vertex 21.289 -45.2414 0
    endloop
  endfacet
  facet normal 0 0 -1
    outer loop
      vertex 18.4062 -46.4888 0
      vertex 17.5638 -44.3611 0
      vertex 20.278 -43.1865 0
    endloop
  endfacet
  facet normal 0 0 -1
    outer loop
      vertex 18.4062 -46.4888 0
      vertex 17.5263 -44.3746 0
      vertex 17.5638 -44.3611 0
    endloop
  endfacet
  facet normal 0 0 -1
    outer loop
      vertex 15.4508 -47.5528 0
      vertex 17.5263 -44.3746 0
      vertex 18.4062 -46.4888 0
    endloop
  endfacet
  facet normal 0 0 -1
    outer loop
      vertex 15.4508 -47.5528 0
      vertex 14.7437 -45.3764 0
      vertex 17.5263 -44.3746 0
    endloop
  endfacet
  facet normal 0 0 -1
    outer loop
      vertex 11.9037 -46.2015 0
      vertex 15.4508 -47.5528 0
      vertex 12.4345 -48.4292 0
    endloop
  endfacet
  facet normal 0 0 -1
    outer loop
      vertex 15.4508 -47.5528 0
      vertex 11.9037 -46.2015 0
      vertex 14.7437 -45.3764 0
    endloop
  endfacet
  facet normal 0 0 -1
    outer loop
      vertex 12.4345 -48.4292 0
      vertex 11.8654 -46.2126 0
      vertex 11.9037 -46.2015 0
    endloop
  endfacet
  facet normal 0 0 -1
    outer loop
      vertex 8.97916 -46.8577 0
      vertex 12.4345 -48.4292 0
      vertex 9.36907 -49.1144 0
    endloop
  endfacet
  facet normal 0 0 -1
    outer loop
      vertex 12.4345 -48.4292 0
      vertex 8.97916 -46.8577 0
      vertex 11.8654 -46.2126 0
    endloop
  endfacet
  facet normal 0 0 -1
    outer loop
      vertex 9.36907 -49.1144 0
      vertex 8.94025 -46.8664 0
      vertex 8.97916 -46.8577 0
    endloop
  endfacet
  facet normal 0 0 -1
    outer loop
      vertex 9.36907 -49.1144 0
      vertex 8.90087 -46.8727 0
      vertex 8.94025 -46.8664 0
    endloop
  endfacet
  facet normal 0 0 -1
    outer loop
      vertex 6.26666 -49.6057 0
      vertex 8.90087 -46.8727 0
      vertex 9.36907 -49.1144 0
    endloop
  endfacet
  facet normal 0 0 -1
    outer loop
      vertex 6.26666 -49.6057 0
      vertex 5.97984 -47.3353 0
      vertex 8.90087 -46.8727 0
    endloop
  endfacet
  facet normal 0 0 -1
    outer loop
      vertex 6.26666 -49.6057 0
      vertex 5.94015 -47.3391 0
      vertex 5.97984 -47.3353 0
    endloop
  endfacet
  facet normal 0 0 -1
    outer loop
      vertex 3.13953 -49.9013 0
      vertex 5.94015 -47.3391 0
      vertex 6.26666 -49.6057 0
    endloop
  endfacet
  facet normal 0 0 -1
    outer loop
      vertex 3.13953 -49.9013 0
      vertex 2.99583 -47.6174 0
      vertex 5.94015 -47.3391 0
    endloop
  endfacet
  facet normal 0 0 -1
    outer loop
      vertex 3.13953 -49.9013 0
      vertex 2.95598 -47.6186 0
      vertex 2.99583 -47.6174 0
    endloop
  endfacet
  facet normal 0 0 -1
    outer loop
      vertex 0 -50 0
      vertex 2.95598 -47.6186 0
      vertex 3.13953 -49.9013 0
    endloop
  endfacet
  facet normal 0 0 -1
    outer loop
      vertex 0 -50 0
      vertex 0 -47.7115 0
      vertex 2.95598 -47.6186 0
    endloop
  endfacet
  facet normal 0 0 -1
    outer loop
      vertex 0 -50 0
      vertex -2.95598 -47.6186 0
      vertex 0 -47.7115 0
    endloop
  endfacet
  facet normal 0 0 -1
    outer loop
      vertex -3.13953 -49.9013 0
      vertex -2.95598 -47.6186 0
      vertex 0 -50 0
    endloop
  endfacet
  facet normal -0 0 -1
    outer loop
      vertex -2.95598 -47.6186 0
      vertex -3.13953 -49.9013 0
      vertex -2.99583 -47.6174 0
    endloop
  endfacet
  facet normal 0 0 -1
    outer loop
      vertex -3.13953 -49.9013 0
      vertex -5.94015 -47.3391 0
      vertex -2.99583 -47.6174 0
    endloop
  endfacet
  facet normal 0 0 -1
    outer loop
      vertex -6.26666 -49.6057 0
      vertex -5.94015 -47.3391 0
      vertex -3.13953 -49.9013 0
    endloop
  endfacet
  facet normal -0 0 -1
    outer loop
      vertex -5.94015 -47.3391 0
      vertex -6.26666 -49.6057 0
      vertex -5.97984 -47.3353 0
    endloop
  endfacet
  facet normal 0 0 -1
    outer loop
      vertex -6.26666 -49.6057 0
      vertex -8.90087 -46.8727 0
      vertex -5.97984 -47.3353 0
    endloop
  endfacet
  facet normal 0 0 -1
    outer loop
      vertex -9.36907 -49.1144 0
      vertex -8.90087 -46.8727 0
      vertex -6.26666 -49.6057 0
    endloop
  endfacet
  facet normal -0 0 -1
    outer loop
      vertex -8.90087 -46.8727 0
      vertex -9.36907 -49.1144 0
      vertex -8.94025 -46.8664 0
    endloop
  endfacet
  facet normal -0 0 -1
    outer loop
      vertex -8.94025 -46.8664 0
      vertex -9.36907 -49.1144 0
      vertex -8.97916 -46.8577 0
    endloop
  endfacet
  facet normal 0 0 -1
    outer loop
      vertex -12.4345 -48.4292 0
      vertex -8.97916 -46.8577 0
      vertex -9.36907 -49.1144 0
    endloop
  endfacet
  facet normal -0 0 -1
    outer loop
      vertex -8.97916 -46.8577 0
      vertex -12.4345 -48.4292 0
      vertex -11.8654 -46.2126 0
    endloop
  endfacet
  facet normal -0 0 -1
    outer loop
      vertex -11.8654 -46.2126 0
      vertex -12.4345 -48.4292 0
      vertex -11.9037 -46.2015 0
    endloop
  endfacet
  facet normal 0 0 -1
    outer loop
      vertex -15.4508 -47.5528 0
      vertex -11.9037 -46.2015 0
      vertex -12.4345 -48.4292 0
    endloop
  endfacet
  facet normal -0 0 -1
    outer loop
      vertex -11.9037 -46.2015 0
      vertex -15.4508 -47.5528 0
      vertex -14.7437 -45.3764 0
    endloop
  endfacet
  facet normal 0 0 -1
    outer loop
      vertex -15.4508 -47.5528 0
      vertex -17.5263 -44.3746 0
      vertex -14.7437 -45.3764 0
    endloop
  endfacet
  facet normal 0 0 -1
    outer loop
      vertex -18.4062 -46.4888 0
      vertex -17.5263 -44.3746 0
      vertex -15.4508 -47.5528 0
    endloop
  endfacet
  facet normal -0 0 -1
    outer loop
      vertex -17.5263 -44.3746 0
      vertex -18.4062 -46.4888 0
      vertex -17.5638 -44.3611 0
    endloop
  endfacet
  facet normal 0 0 -1
    outer loop
      vertex -18.4062 -46.4888 0
      vertex -20.278 -43.1865 0
      vertex -17.5638 -44.3611 0
    endloop
  endfacet
  facet normal 0 0 -1
    outer loop
      vertex -21.289 -45.2414 0
      vertex -20.278 -43.1865 0
      vertex -18.4062 -46.4888 0
    endloop
  endfacet
  facet normal -0 0 -1
    outer loop
      vertex -20.278 -43.1865 0
      vertex -21.289 -45.2414 0
      vertex -20.3146 -43.1707 0
    endloop
  endfacet
  facet normal -0 0 -1
    outer loop
      vertex -20.3146 -43.1707 0
      vertex -21.289 -45.2414 0
      vertex -20.3501 -43.1526 0
    endloop
  endfacet
  facet normal 0 0 -1
    outer loop
      vertex -24.0877 -43.8153 0
      vertex -20.3501 -43.1526 0
      vertex -21.289 -45.2414 0
    endloop
  endfacet
  facet normal -0 0 -1
    outer loop
      vertex -20.3501 -43.1526 0
      vertex -24.0877 -43.8153 0
      vertex -22.9852 -41.8099 0
    endloop
  endfacet
  facet normal 0 0 -1
    outer loop
      vertex -24.0877 -43.8153 0
      vertex -25.5308 -40.3045 0
      vertex -22.9852 -41.8099 0
    endloop
  endfacet
  facet normal 0 0 -1
    outer loop
      vertex -26.7913 -42.2164 0
      vertex -25.5308 -40.3045 0
      vertex -24.0877 -43.8153 0
    endloop
  endfacet
  facet normal -0 0 -1
    outer loop
      vertex -25.5308 -40.3045 0
      vertex -26.7913 -42.2164 0
      vertex -25.5651 -40.2842 0
    endloop
  endfacet
  facet normal -0 0 -1
    outer loop
      vertex -25.5651 -40.2842 0
      vertex -26.7913 -42.2164 0
      vertex -25.5981 -40.2618 0
    endloop
  endfacet
  facet normal 0 0 -1
    outer loop
      vertex -29.3893 -40.4509 0
      vertex -25.5981 -40.2618 0
      vertex -26.7913 -42.2164 0
    endloop
  endfacet
  facet normal -0 0 -1
    outer loop
      vertex -25.5981 -40.2618 0
      vertex -29.3893 -40.4509 0
      vertex -28.0441 -38.5994 0
    endloop
  endfacet
  facet normal 0 0 -1
    outer loop
      vertex -29.3893 -40.4509 0
      vertex -30.381 -36.7868 0
      vertex -28.0441 -38.5994 0
    endloop
  endfacet
  facet normal 0 0 -1
    outer loop
      vertex -31.8712 -38.5257 0
      vertex -30.381 -36.7868 0
      vertex -29.3893 -40.4509 0
    endloop
  endfacet
  facet normal -0 0 -1
    outer loop
      vertex -30.381 -36.7868 0
      vertex -31.8712 -38.5257 0
      vertex -30.4125 -36.7624 0
    endloop
  endfacet
  facet normal -0 0 -1
    outer loop
      vertex -30.4125 -36.7624 0
      vertex -31.8712 -38.5257 0
      vertex -30.4424 -36.736 0
    endloop
  endfacet
  facet normal 0 0 -1
    outer loop
      vertex -34.2274 -36.4484 0
      vertex -30.4424 -36.736 0
      vertex -31.8712 -38.5257 0
    endloop
  endfacet
  facet normal 0 0 -1
    outer loop
      vertex -30.4424 -36.736 0
      vertex -34.2274 -36.4484 0
      vertex -32.6608 -34.7802 0
    endloop
  endfacet
  facet normal 0 0 -1
    outer loop
      vertex -34.2274 -36.4484 0
      vertex -34.7802 -32.6608 0
      vertex -32.6608 -34.7802 0
    endloop
  endfacet
  facet normal 0 0 -1
    outer loop
      vertex -36.4484 -34.2274 0
      vertex -34.7802 -32.6608 0
      vertex -34.2274 -36.4484 0
    endloop
  endfacet
  facet normal 0 0 -1
    outer loop
      vertex -36.4484 -34.2274 0
      vertex -36.736 -30.4424 0
      vertex -34.7802 -32.6608 0
    endloop
  endfacet
  facet normal 0 0 -1
    outer loop
      vertex -38.5257 -31.8712 0
      vertex -36.736 -30.4424 0
      vertex -36.4484 -34.2274 0
    endloop
  endfacet
  facet normal -0 0 -1
    outer loop
      vertex -36.736 -30.4424 0
      vertex -38.5257 -31.8712 0
      vertex -36.7624 -30.4125 0
    endloop
  endfacet
  facet normal -0 0 -1
    outer loop
      vertex -36.7624 -30.4125 0
      vertex -38.5257 -31.8712 0
      vertex -36.7868 -30.381 0
    endloop
  endfacet
  facet normal 0 0 -1
    outer loop
      vertex -40.4509 -29.3893 0
      vertex -36.7868 -30.381 0
      vertex -38.5257 -31.8712 0
    endloop
  endfacet
  facet normal 0 0 -1
    outer loop
      vertex -36.7868 -30.381 0
      vertex -40.4509 -29.3893 0
      vertex -38.5994 -28.0441 0
    endloop
  endfacet
  facet normal -0 0 -1
    outer loop
      vertex -38.5994 -28.0441 0
      vertex -40.4509 -29.3893 0
      vertex -40.2618 -25.5981 0
    endloop
  endfacet
  facet normal 0 0 -1
    outer loop
      vertex -42.2164 -26.7913 0
      vertex -40.2618 -25.5981 0
      vertex -40.4509 -29.3893 0
    endloop
  endfacet
  facet normal -0 0 -1
    outer loop
      vertex -40.2618 -25.5981 0
      vertex -42.2164 -26.7913 0
      vertex -40.2842 -25.5651 0
    endloop
  endfacet
  facet normal -0 0 -1
    outer loop
      vertex -40.2842 -25.5651 0
      vertex -42.2164 -26.7913 0
      vertex -40.3045 -25.5308 0
    endloop
  endfacet
  facet normal 0 0 -1
    outer loop
      vertex -43.8153 -24.0877 0
      vertex -40.3045 -25.5308 0
      vertex -42.2164 -26.7913 0
    endloop
  endfacet
  facet normal 0 0 -1
    outer loop
      vertex -40.3045 -25.5308 0
      vertex -43.8153 -24.0877 0
      vertex -41.8099 -22.9852 0
    endloop
  endfacet
  facet normal -0 0 -1
    outer loop
      vertex -41.8099 -22.9852 0
      vertex -43.8153 -24.0877 0
      vertex -43.1526 -20.3501 0
    endloop
  endfacet
  facet normal 0 0 -1
    outer loop
      vertex -45.2414 -21.289 0
      vertex -43.1526 -20.3501 0
      vertex -43.8153 -24.0877 0
    endloop
  endfacet
  facet normal -0 0 -1
    outer loop
      vertex -43.1526 -20.3501 0
      vertex -45.2414 -21.289 0
      vertex -43.1707 -20.3146 0
    endloop
  endfacet
  facet normal -0 0 -1
    outer loop
      vertex -43.1707 -20.3146 0
      vertex -45.2414 -21.289 0
      vertex -43.1865 -20.278 0
    endloop
  endfacet
  facet normal 0 0 -1
    outer loop
      vertex -46.4888 -18.4062 0
      vertex -43.1865 -20.278 0
      vertex -45.2414 -21.289 0
    endloop
  endfacet
  facet normal 0 0 -1
    outer loop
      vertex -43.1865 -20.278 0
      vertex -46.4888 -18.4062 0
      vertex -44.3611 -17.5638 0
    endloop
  endfacet
  facet normal -0 0 -1
    outer loop
      vertex -44.3611 -17.5638 0
      vertex -46.4888 -18.4062 0
      vertex -44.3746 -17.5263 0
    endloop
  endfacet
  facet normal 0 0 -1
    outer loop
      vertex -47.5528 -15.4508 0
      vertex -44.3746 -17.5263 0
      vertex -46.4888 -18.4062 0
    endloop
  endfacet
  facet normal 0 0 -1
    outer loop
      vertex -44.3746 -17.5263 0
      vertex -47.5528 -15.4508 0
      vertex -45.3764 -14.7437 0
    endloop
  endfacet
  facet normal -0 0 -1
    outer loop
      vertex -45.3764 -14.7437 0
      vertex -47.5528 -15.4508 0
      vertex -46.2015 -11.9037 0
    endloop
  endfacet
  facet normal 0 0 -1
    outer loop
      vertex -48.4292 -12.4345 0
      vertex -46.2015 -11.9037 0
      vertex -47.5528 -15.4508 0
    endloop
  endfacet
  facet normal -0 0 -1
    outer loop
      vertex -46.2015 -11.9037 0
      vertex -48.4292 -12.4345 0
      vertex -46.2126 -11.8654 0
    endloop
  endfacet
  facet normal -0 0 -1
    outer loop
      vertex -46.2126 -11.8654 0
      vertex -48.4292 -12.4345 0
      vertex -46.8577 -8.97916 0
    endloop
  endfacet
  facet normal 0 0 -1
    outer loop
      vertex -49.1144 -9.36907 0
      vertex -46.8577 -8.97916 0
      vertex -48.4292 -12.4345 0
    endloop
  endfacet
  facet normal -0 0 -1
    outer loop
      vertex -46.8577 -8.97916 0
      vertex -49.1144 -9.36907 0
      vertex -46.8664 -8.94025 0
    endloop
  endfacet
  facet normal -0 0 -1
    outer loop
      vertex -46.8664 -8.94025 0
      vertex -49.1144 -9.36907 0
      vertex -46.8727 -8.90087 0
    endloop
  endfacet
  facet normal 0 0 -1
    outer loop
      vertex -49.6057 -6.26666 0
      vertex -46.8727 -8.90087 0
      vertex -49.1144 -9.36907 0
    endloop
  endfacet
  facet normal 0 0 -1
    outer loop
      vertex -46.8727 -8.90087 0
      vertex -49.6057 -6.26666 0
      vertex -47.3353 -5.97984 0
    endloop
  endfacet
  facet normal -0 0 -1
    outer loop
      vertex -47.3353 -5.97984 0
      vertex -49.6057 -6.26666 0
      vertex -47.3391 -5.94015 0
    endloop
  endfacet
  facet normal 0 0 -1
    outer loop
      vertex -49.9013 -3.13953 0
      vertex -47.3391 -5.94015 0
      vertex -49.6057 -6.26666 0
    endloop
  endfacet
  facet normal 0 0 -1
    outer loop
      vertex 49.9013 3.13953 0
      vertex 47.3391 5.94015 0
      vertex 49.6057 6.26666 0
    endloop
  endfacet
  facet normal 0 0 -1
    outer loop
      vertex 47.3353 5.97984 0
      vertex 49.6057 6.26666 0
      vertex 47.3391 5.94015 0
    endloop
  endfacet
  facet normal 0 0 -1
    outer loop
      vertex 46.8727 8.90087 0
      vertex 49.6057 6.26666 0
      vertex 47.3353 5.97984 0
    endloop
  endfacet
  facet normal 0 0 -1
    outer loop
      vertex 49.6057 6.26666 0
      vertex 46.8727 8.90087 0
      vertex 49.1144 9.36907 0
    endloop
  endfacet
  facet normal 0 0 -1
    outer loop
      vertex 46.8664 8.94025 0
      vertex 49.1144 9.36907 0
      vertex 46.8727 8.90087 0
    endloop
  endfacet
  facet normal 0 0 -1
    outer loop
      vertex 46.8577 8.97916 0
      vertex 49.1144 9.36907 0
      vertex 46.8664 8.94025 0
    endloop
  endfacet
  facet normal -0 0 -1
    outer loop
      vertex 49.1144 9.36907 0
      vertex 46.8577 8.97916 0
      vertex 48.4292 12.4345 0
    endloop
  endfacet
  facet normal 0 0 -1
    outer loop
      vertex 46.2126 11.8654 0
      vertex 48.4292 12.4345 0
      vertex 46.8577 8.97916 0
    endloop
  endfacet
  facet normal 0 0 -1
    outer loop
      vertex 46.2015 11.9037 0
      vertex 48.4292 12.4345 0
      vertex 46.2126 11.8654 0
    endloop
  endfacet
  facet normal -0 0 -1
    outer loop
      vertex 48.4292 12.4345 0
      vertex 46.2015 11.9037 0
      vertex 47.5528 15.4508 0
    endloop
  endfacet
  facet normal 0 0 -1
    outer loop
      vertex 45.3764 14.7437 0
      vertex 47.5528 15.4508 0
      vertex 46.2015 11.9037 0
    endloop
  endfacet
  facet normal 0 0 -1
    outer loop
      vertex 44.3746 17.5263 0
      vertex 47.5528 15.4508 0
      vertex 45.3764 14.7437 0
    endloop
  endfacet
  facet normal 0 0 -1
    outer loop
      vertex 47.5528 15.4508 0
      vertex 44.3746 17.5263 0
      vertex 46.4888 18.4062 0
    endloop
  endfacet
  facet normal 0 0 -1
    outer loop
      vertex 44.3611 17.5638 0
      vertex 46.4888 18.4062 0
      vertex 44.3746 17.5263 0
    endloop
  endfacet
  facet normal 0 0 -1
    outer loop
      vertex 43.1865 20.278 0
      vertex 46.4888 18.4062 0
      vertex 44.3611 17.5638 0
    endloop
  endfacet
  facet normal 0 0 -1
    outer loop
      vertex 46.4888 18.4062 0
      vertex 43.1865 20.278 0
      vertex 45.2414 21.289 0
    endloop
  endfacet
  facet normal 0 0 -1
    outer loop
      vertex 43.1707 20.3146 0
      vertex 45.2414 21.289 0
      vertex 43.1865 20.278 0
    endloop
  endfacet
  facet normal 0 0 -1
    outer loop
      vertex 43.1526 20.3501 0
      vertex 45.2414 21.289 0
      vertex 43.1707 20.3146 0
    endloop
  endfacet
  facet normal -0 0 -1
    outer loop
      vertex 45.2414 21.289 0
      vertex 43.1526 20.3501 0
      vertex 43.8153 24.0877 0
    endloop
  endfacet
  facet normal 0 0 -1
    outer loop
      vertex 41.8099 22.9852 0
      vertex 43.8153 24.0877 0
      vertex 43.1526 20.3501 0
    endloop
  endfacet
  facet normal 0 0 -1
    outer loop
      vertex 40.3045 25.5308 0
      vertex 43.8153 24.0877 0
      vertex 41.8099 22.9852 0
    endloop
  endfacet
  facet normal 0 0 -1
    outer loop
      vertex 43.8153 24.0877 0
      vertex 40.3045 25.5308 0
      vertex 42.2164 26.7913 0
    endloop
  endfacet
  facet normal 0 0 -1
    outer loop
      vertex 40.2842 25.5651 0
      vertex 42.2164 26.7913 0
      vertex 40.3045 25.5308 0
    endloop
  endfacet
  facet normal 0 0 -1
    outer loop
      vertex 40.2618 25.5981 0
      vertex 42.2164 26.7913 0
      vertex 40.2842 25.5651 0
    endloop
  endfacet
  facet normal -0 0 -1
    outer loop
      vertex 42.2164 26.7913 0
      vertex 40.2618 25.5981 0
      vertex 40.4509 29.3893 0
    endloop
  endfacet
  facet normal 0 0 -1
    outer loop
      vertex 38.5994 28.0441 0
      vertex 40.4509 29.3893 0
      vertex 40.2618 25.5981 0
    endloop
  endfacet
  facet normal 0 0 -1
    outer loop
      vertex 36.7868 30.381 0
      vertex 40.4509 29.3893 0
      vertex 38.5994 28.0441 0
    endloop
  endfacet
  facet normal 0 0 -1
    outer loop
      vertex 40.4509 29.3893 0
      vertex 36.7868 30.381 0
      vertex 38.5257 31.8712 0
    endloop
  endfacet
  facet normal 0 0 -1
    outer loop
      vertex 36.7624 30.4125 0
      vertex 38.5257 31.8712 0
      vertex 36.7868 30.381 0
    endloop
  endfacet
  facet normal 0 0 -1
    outer loop
      vertex 36.736 30.4424 0
      vertex 38.5257 31.8712 0
      vertex 36.7624 30.4125 0
    endloop
  endfacet
  facet normal 0 0 -1
    outer loop
      vertex 36.736 30.4424 0
      vertex 36.4484 34.2274 0
      vertex 38.5257 31.8712 0
    endloop
  endfacet
  facet normal 0 0 -1
    outer loop
      vertex 34.7802 32.6608 0
      vertex 36.4484 34.2274 0
      vertex 36.736 30.4424 0
    endloop
  endfacet
  facet normal 0 0 -1
    outer loop
      vertex 34.7802 32.6608 0
      vertex 34.2274 36.4484 0
      vertex 36.4484 34.2274 0
    endloop
  endfacet
  facet normal 0 0 -1
    outer loop
      vertex 32.6608 34.7802 0
      vertex 34.2274 36.4484 0
      vertex 34.7802 32.6608 0
    endloop
  endfacet
  facet normal 0 0 -1
    outer loop
      vertex 30.4424 36.736 0
      vertex 34.2274 36.4484 0
      vertex 32.6608 34.7802 0
    endloop
  endfacet
  facet normal 0 0 -1
    outer loop
      vertex 34.2274 36.4484 0
      vertex 30.4424 36.736 0
      vertex 31.8712 38.5257 0
    endloop
  endfacet
  facet normal 0 0 -1
    outer loop
      vertex 30.4125 36.7624 0
      vertex 31.8712 38.5257 0
      vertex 30.4424 36.736 0
    endloop
  endfacet
  facet normal 0 0 -1
    outer loop
      vertex 30.381 36.7868 0
      vertex 31.8712 38.5257 0
      vertex 30.4125 36.7624 0
    endloop
  endfacet
  facet normal 0 0 -1
    outer loop
      vertex 30.381 36.7868 0
      vertex 29.3893 40.4509 0
      vertex 31.8712 38.5257 0
    endloop
  endfacet
  facet normal 0 0 -1
    outer loop
      vertex 28.0441 38.5994 0
      vertex 29.3893 40.4509 0
      vertex 30.381 36.7868 0
    endloop
  endfacet
  facet normal 0 0 -1
    outer loop
      vertex 25.5981 40.2618 0
      vertex 29.3893 40.4509 0
      vertex 28.0441 38.5994 0
    endloop
  endfacet
  facet normal -0 0 -1
    outer loop
      vertex 29.3893 40.4509 0
      vertex 25.5981 40.2618 0
      vertex 26.7913 42.2164 0
    endloop
  endfacet
  facet normal 0 0 -1
    outer loop
      vertex 25.5651 40.2842 0
      vertex 26.7913 42.2164 0
      vertex 25.5981 40.2618 0
    endloop
  endfacet
  facet normal 0 0 -1
    outer loop
      vertex 25.5308 40.3045 0
      vertex 26.7913 42.2164 0
      vertex 25.5651 40.2842 0
    endloop
  endfacet
  facet normal 0 0 -1
    outer loop
      vertex 25.5308 40.3045 0
      vertex 24.0877 43.8153 0
      vertex 26.7913 42.2164 0
    endloop
  endfacet
  facet normal 0 0 -1
    outer loop
      vertex 22.9852 41.8099 0
      vertex 24.0877 43.8153 0
      vertex 25.5308 40.3045 0
    endloop
  endfacet
  facet normal 0 0 -1
    outer loop
      vertex 20.3501 43.1526 0
      vertex 24.0877 43.8153 0
      vertex 22.9852 41.8099 0
    endloop
  endfacet
  facet normal -0 0 -1
    outer loop
      vertex 24.0877 43.8153 0
      vertex 20.3501 43.1526 0
      vertex 21.289 45.2414 0
    endloop
  endfacet
  facet normal 0 0 -1
    outer loop
      vertex 20.3146 43.1707 0
      vertex 21.289 45.2414 0
      vertex 20.3501 43.1526 0
    endloop
  endfacet
  facet normal 0 0 -1
    outer loop
      vertex 20.278 43.1865 0
      vertex 21.289 45.2414 0
      vertex 20.3146 43.1707 0
    endloop
  endfacet
  facet normal 0 0 -1
    outer loop
      vertex 20.278 43.1865 0
      vertex 18.4062 46.4888 0
      vertex 21.289 45.2414 0
    endloop
  endfacet
  facet normal 0 0 -1
    outer loop
      vertex 17.5638 44.3611 0
      vertex 18.4062 46.4888 0
      vertex 20.278 43.1865 0
    endloop
  endfacet
  facet normal 0 0 -1
    outer loop
      vertex 17.5263 44.3746 0
      vertex 18.4062 46.4888 0
      vertex 17.5638 44.3611 0
    endloop
  endfacet
  facet normal 0 0 -1
    outer loop
      vertex 17.5263 44.3746 0
      vertex 15.4508 47.5528 0
      vertex 18.4062 46.4888 0
    endloop
  endfacet
  facet normal 0 0 -1
    outer loop
      vertex 14.7437 45.3764 0
      vertex 15.4508 47.5528 0
      vertex 17.5263 44.3746 0
    endloop
  endfacet
  facet normal 0 0 -1
    outer loop
      vertex 11.9037 46.2015 0
      vertex 15.4508 47.5528 0
      vertex 14.7437 45.3764 0
    endloop
  endfacet
  facet normal -0 0 -1
    outer loop
      vertex 15.4508 47.5528 0
      vertex 11.9037 46.2015 0
      vertex 12.4345 48.4292 0
    endloop
  endfacet
  facet normal 0 0 -1
    outer loop
      vertex 11.8654 46.2126 0
      vertex 12.4345 48.4292 0
      vertex 11.9037 46.2015 0
    endloop
  endfacet
  facet normal 0 0 -1
    outer loop
      vertex 8.97916 46.8577 0
      vertex 12.4345 48.4292 0
      vertex 11.8654 46.2126 0
    endloop
  endfacet
  facet normal -0 0 -1
    outer loop
      vertex 12.4345 48.4292 0
      vertex 8.97916 46.8577 0
      vertex 9.36907 49.1144 0
    endloop
  endfacet
  facet normal 0 0 -1
    outer loop
      vertex 8.94025 46.8664 0
      vertex 9.36907 49.1144 0
      vertex 8.97916 46.8577 0
    endloop
  endfacet
  facet normal 0 0 -1
    outer loop
      vertex 8.90087 46.8727 0
      vertex 9.36907 49.1144 0
      vertex 8.94025 46.8664 0
    endloop
  endfacet
  facet normal 0 0 -1
    outer loop
      vertex 8.90087 46.8727 0
      vertex 6.26666 49.6057 0
      vertex 9.36907 49.1144 0
    endloop
  endfacet
  facet normal 0 0 -1
    outer loop
      vertex 5.97984 47.3353 0
      vertex 6.26666 49.6057 0
      vertex 8.90087 46.8727 0
    endloop
  endfacet
  facet normal 0 0 -1
    outer loop
      vertex 5.94015 47.3391 0
      vertex 6.26666 49.6057 0
      vertex 5.97984 47.3353 0
    endloop
  endfacet
  facet normal 0 0 -1
    outer loop
      vertex 5.94015 47.3391 0
      vertex 3.13953 49.9013 0
      vertex 6.26666 49.6057 0
    endloop
  endfacet
  facet normal 0 0 -1
    outer loop
      vertex 2.99583 47.6174 0
      vertex 3.13953 49.9013 0
      vertex 5.94015 47.3391 0
    endloop
  endfacet
  facet normal 0 0 -1
    outer loop
      vertex 2.95598 47.6186 0
      vertex 3.13953 49.9013 0
      vertex 2.99583 47.6174 0
    endloop
  endfacet
  facet normal 0 0 -1
    outer loop
      vertex 0 50 0
      vertex 2.95598 47.6186 0
      vertex 0 47.7115 0
    endloop
  endfacet
  facet normal 0 0 -1
    outer loop
      vertex 2.95598 47.6186 0
      vertex 0 50 0
      vertex 3.13953 49.9013 0
    endloop
  endfacet
  facet normal 0 0 -1
    outer loop
      vertex -2.95598 47.6186 0
      vertex 0 50 0
      vertex 0 47.7115 0
    endloop
  endfacet
  facet normal 0 0 -1
    outer loop
      vertex -3.13953 49.9013 0
      vertex -2.95598 47.6186 0
      vertex -2.99583 47.6174 0
    endloop
  endfacet
  facet normal 0 0 -1
    outer loop
      vertex -2.95598 47.6186 0
      vertex -3.13953 49.9013 0
      vertex 0 50 0
    endloop
  endfacet
  facet normal 0 0 -1
    outer loop
      vertex -5.94015 47.3391 0
      vertex -3.13953 49.9013 0
      vertex -2.99583 47.6174 0
    endloop
  endfacet
  facet normal 0 0 -1
    outer loop
      vertex -6.26666 49.6057 0
      vertex -5.94015 47.3391 0
      vertex -5.97984 47.3353 0
    endloop
  endfacet
  facet normal 0 0 -1
    outer loop
      vertex -5.94015 47.3391 0
      vertex -6.26666 49.6057 0
      vertex -3.13953 49.9013 0
    endloop
  endfacet
  facet normal 0 0 -1
    outer loop
      vertex -8.90087 46.8727 0
      vertex -6.26666 49.6057 0
      vertex -5.97984 47.3353 0
    endloop
  endfacet
  facet normal 0 0 -1
    outer loop
      vertex -9.36907 49.1144 0
      vertex -8.90087 46.8727 0
      vertex -8.94025 46.8664 0
    endloop
  endfacet
  facet normal 0 0 -1
    outer loop
      vertex -9.36907 49.1144 0
      vertex -8.94025 46.8664 0
      vertex -8.97916 46.8577 0
    endloop
  endfacet
  facet normal 0 0 -1
    outer loop
      vertex -8.90087 46.8727 0
      vertex -9.36907 49.1144 0
      vertex -6.26666 49.6057 0
    endloop
  endfacet
  facet normal 0 0 -1
    outer loop
      vertex -12.4345 48.4292 0
      vertex -8.97916 46.8577 0
      vertex -11.8654 46.2126 0
    endloop
  endfacet
  facet normal 0 0 -1
    outer loop
      vertex -12.4345 48.4292 0
      vertex -11.8654 46.2126 0
      vertex -11.9037 46.2015 0
    endloop
  endfacet
  facet normal 0 0 -1
    outer loop
      vertex -8.97916 46.8577 0
      vertex -12.4345 48.4292 0
      vertex -9.36907 49.1144 0
    endloop
  endfacet
  facet normal 0 0 -1
    outer loop
      vertex -15.4508 47.5528 0
      vertex -11.9037 46.2015 0
      vertex -14.7437 45.3764 0
    endloop
  endfacet
  facet normal 0 0 -1
    outer loop
      vertex -11.9037 46.2015 0
      vertex -15.4508 47.5528 0
      vertex -12.4345 48.4292 0
    endloop
  endfacet
  facet normal 0 0 -1
    outer loop
      vertex -17.5263 44.3746 0
      vertex -15.4508 47.5528 0
      vertex -14.7437 45.3764 0
    endloop
  endfacet
  facet normal 0 0 -1
    outer loop
      vertex -18.4062 46.4888 0
      vertex -17.5263 44.3746 0
      vertex -17.5638 44.3611 0
    endloop
  endfacet
  facet normal 0 0 -1
    outer loop
      vertex -17.5263 44.3746 0
      vertex -18.4062 46.4888 0
      vertex -15.4508 47.5528 0
    endloop
  endfacet
  facet normal 0 0 -1
    outer loop
      vertex -20.278 43.1865 0
      vertex -18.4062 46.4888 0
      vertex -17.5638 44.3611 0
    endloop
  endfacet
  facet normal 0 0 -1
    outer loop
      vertex -21.289 45.2414 0
      vertex -20.278 43.1865 0
      vertex -20.3146 43.1707 0
    endloop
  endfacet
  facet normal 0 0 -1
    outer loop
      vertex -21.289 45.2414 0
      vertex -20.3146 43.1707 0
      vertex -20.3501 43.1526 0
    endloop
  endfacet
  facet normal 0 0 -1
    outer loop
      vertex -20.278 43.1865 0
      vertex -21.289 45.2414 0
      vertex -18.4062 46.4888 0
    endloop
  endfacet
  facet normal 0 0 -1
    outer loop
      vertex -24.0877 43.8153 0
      vertex -20.3501 43.1526 0
      vertex -22.9852 41.8099 0
    endloop
  endfacet
  facet normal 0 0 -1
    outer loop
      vertex -20.3501 43.1526 0
      vertex -24.0877 43.8153 0
      vertex -21.289 45.2414 0
    endloop
  endfacet
  facet normal 0 0 -1
    outer loop
      vertex -25.5308 40.3045 0
      vertex -24.0877 43.8153 0
      vertex -22.9852 41.8099 0
    endloop
  endfacet
  facet normal 0 0 -1
    outer loop
      vertex -26.7913 42.2164 0
      vertex -25.5308 40.3045 0
      vertex -25.5651 40.2842 0
    endloop
  endfacet
  facet normal 0 0 -1
    outer loop
      vertex -26.7913 42.2164 0
      vertex -25.5651 40.2842 0
      vertex -25.5981 40.2618 0
    endloop
  endfacet
  facet normal 0 0 -1
    outer loop
      vertex -25.5308 40.3045 0
      vertex -26.7913 42.2164 0
      vertex -24.0877 43.8153 0
    endloop
  endfacet
  facet normal 0 0 -1
    outer loop
      vertex -29.3893 40.4509 0
      vertex -25.5981 40.2618 0
      vertex -28.0441 38.5994 0
    endloop
  endfacet
  facet normal 0 0 -1
    outer loop
      vertex -25.5981 40.2618 0
      vertex -29.3893 40.4509 0
      vertex -26.7913 42.2164 0
    endloop
  endfacet
  facet normal 0 0 -1
    outer loop
      vertex -30.381 36.7868 0
      vertex -29.3893 40.4509 0
      vertex -28.0441 38.5994 0
    endloop
  endfacet
  facet normal 0 0 -1
    outer loop
      vertex -31.8712 38.5257 0
      vertex -30.381 36.7868 0
      vertex -30.4125 36.7624 0
    endloop
  endfacet
  facet normal 0 0 -1
    outer loop
      vertex -31.8712 38.5257 0
      vertex -30.4125 36.7624 0
      vertex -30.4424 36.736 0
    endloop
  endfacet
  facet normal 0 0 -1
    outer loop
      vertex -30.381 36.7868 0
      vertex -31.8712 38.5257 0
      vertex -29.3893 40.4509 0
    endloop
  endfacet
  facet normal 0 0 -1
    outer loop
      vertex -34.2274 36.4484 0
      vertex -30.4424 36.736 0
      vertex -32.6608 34.7802 0
    endloop
  endfacet
  facet normal -0 0 -1
    outer loop
      vertex -30.4424 36.736 0
      vertex -34.2274 36.4484 0
      vertex -31.8712 38.5257 0
    endloop
  endfacet
  facet normal 0 0 -1
    outer loop
      vertex -34.7802 32.6608 0
      vertex -34.2274 36.4484 0
      vertex -32.6608 34.7802 0
    endloop
  endfacet
  facet normal 0 0 -1
    outer loop
      vertex -34.7802 32.6608 0
      vertex -36.4484 34.2274 0
      vertex -34.2274 36.4484 0
    endloop
  endfacet
  facet normal 0 0 -1
    outer loop
      vertex -36.736 30.4424 0
      vertex -36.4484 34.2274 0
      vertex -34.7802 32.6608 0
    endloop
  endfacet
  facet normal 0 0 -1
    outer loop
      vertex -38.5257 31.8712 0
      vertex -36.736 30.4424 0
      vertex -36.7624 30.4125 0
    endloop
  endfacet
  facet normal 0 0 -1
    outer loop
      vertex -38.5257 31.8712 0
      vertex -36.7624 30.4125 0
      vertex -36.7868 30.381 0
    endloop
  endfacet
  facet normal 0 0 -1
    outer loop
      vertex -36.736 30.4424 0
      vertex -38.5257 31.8712 0
      vertex -36.4484 34.2274 0
    endloop
  endfacet
  facet normal 0 0 -1
    outer loop
      vertex -40.4509 29.3893 0
      vertex -36.7868 30.381 0
      vertex -38.5994 28.0441 0
    endloop
  endfacet
  facet normal 0 0 -1
    outer loop
      vertex -40.4509 29.3893 0
      vertex -38.5994 28.0441 0
      vertex -40.2618 25.5981 0
    endloop
  endfacet
  facet normal 0 0 -1
    outer loop
      vertex -42.2164 26.7913 0
      vertex -40.2618 25.5981 0
      vertex -40.2842 25.5651 0
    endloop
  endfacet
  facet normal 0 0 -1
    outer loop
      vertex -42.2164 26.7913 0
      vertex -40.2842 25.5651 0
      vertex -40.3045 25.5308 0
    endloop
  endfacet
  facet normal -0 0 -1
    outer loop
      vertex -36.7868 30.381 0
      vertex -40.4509 29.3893 0
      vertex -38.5257 31.8712 0
    endloop
  endfacet
  facet normal 0 0 -1
    outer loop
      vertex -43.8153 24.0877 0
      vertex -40.3045 25.5308 0
      vertex -41.8099 22.9852 0
    endloop
  endfacet
  facet normal 0 0 -1
    outer loop
      vertex -40.2618 25.5981 0
      vertex -42.2164 26.7913 0
      vertex -40.4509 29.3893 0
    endloop
  endfacet
  facet normal 0 0 -1
    outer loop
      vertex -43.8153 24.0877 0
      vertex -41.8099 22.9852 0
      vertex -43.1526 20.3501 0
    endloop
  endfacet
  facet normal 0 0 -1
    outer loop
      vertex -45.2414 21.289 0
      vertex -43.1526 20.3501 0
      vertex -43.1707 20.3146 0
    endloop
  endfacet
  facet normal 0 0 -1
    outer loop
      vertex -45.2414 21.289 0
      vertex -43.1707 20.3146 0
      vertex -43.1865 20.278 0
    endloop
  endfacet
  facet normal -0 0 -1
    outer loop
      vertex -40.3045 25.5308 0
      vertex -43.8153 24.0877 0
      vertex -42.2164 26.7913 0
    endloop
  endfacet
  facet normal 0 0 -1
    outer loop
      vertex -46.4888 18.4062 0
      vertex -43.1865 20.278 0
      vertex -44.3611 17.5638 0
    endloop
  endfacet
  facet normal 0 0 -1
    outer loop
      vertex -46.4888 18.4062 0
      vertex -44.3611 17.5638 0
      vertex -44.3746 17.5263 0
    endloop
  endfacet
  facet normal 0 0 -1
    outer loop
      vertex -43.1526 20.3501 0
      vertex -45.2414 21.289 0
      vertex -43.8153 24.0877 0
    endloop
  endfacet
  facet normal 0 0 -1
    outer loop
      vertex -47.5528 15.4508 0
      vertex -44.3746 17.5263 0
      vertex -45.3764 14.7437 0
    endloop
  endfacet
  facet normal 0 0 -1
    outer loop
      vertex -47.5528 15.4508 0
      vertex -45.3764 14.7437 0
      vertex -46.2015 11.9037 0
    endloop
  endfacet
  facet normal 0 0 -1
    outer loop
      vertex -48.4292 12.4345 0
      vertex -46.2015 11.9037 0
      vertex -46.2126 11.8654 0
    endloop
  endfacet
  facet normal -0 0 -1
    outer loop
      vertex -43.1865 20.278 0
      vertex -46.4888 18.4062 0
      vertex -45.2414 21.289 0
    endloop
  endfacet
  facet normal 0 0 -1
    outer loop
      vertex -48.4292 12.4345 0
      vertex -46.2126 11.8654 0
      vertex -46.8577 8.97916 0
    endloop
  endfacet
  facet normal 0 0 -1
    outer loop
      vertex -49.1144 9.36907 0
      vertex -46.8577 8.97916 0
      vertex -46.8664 8.94025 0
    endloop
  endfacet
  facet normal 0 0 -1
    outer loop
      vertex -49.1144 9.36907 0
      vertex -46.8664 8.94025 0
      vertex -46.8727 8.90087 0
    endloop
  endfacet
  facet normal 0 0 -1
    outer loop
      vertex -49.6057 6.26666 0
      vertex -46.8727 8.90087 0
      vertex -47.3353 5.97984 0
    endloop
  endfacet
  facet normal 0 0 -1
    outer loop
      vertex -49.6057 6.26666 0
      vertex -47.3353 5.97984 0
      vertex -47.3391 5.94015 0
    endloop
  endfacet
  facet normal -0 0 -1
    outer loop
      vertex -44.3746 17.5263 0
      vertex -47.5528 15.4508 0
      vertex -46.4888 18.4062 0
    endloop
  endfacet
  facet normal 0 0 -1
    outer loop
      vertex -49.9013 3.13953 0
      vertex -47.3391 5.94015 0
      vertex -47.6174 2.99583 0
    endloop
  endfacet
  facet normal 0 0 -1
    outer loop
      vertex -49.9013 3.13953 0
      vertex -47.6174 2.99583 0
      vertex -47.6186 2.95598 0
    endloop
  endfacet
  facet normal 0 0 -1
    outer loop
      vertex -50 0 0
      vertex -47.6186 2.95598 0
      vertex -47.7115 0 0
    endloop
  endfacet
  facet normal 0 0 -1
    outer loop
      vertex -47.3391 -5.94015 0
      vertex -49.9013 -3.13953 0
      vertex -47.6174 -2.99583 0
    endloop
  endfacet
  facet normal 0 0 -1
    outer loop
      vertex -46.2015 11.9037 0
      vertex -48.4292 12.4345 0
      vertex -47.5528 15.4508 0
    endloop
  endfacet
  facet normal -0 0 -1
    outer loop
      vertex -47.6174 -2.99583 0
      vertex -49.9013 -3.13953 0
      vertex -47.6186 -2.95598 0
    endloop
  endfacet
  facet normal 0 0 -1
    outer loop
      vertex -46.8577 8.97916 0
      vertex -49.1144 9.36907 0
      vertex -48.4292 12.4345 0
    endloop
  endfacet
  facet normal 0 0 -1
    outer loop
      vertex -50 0 0
      vertex -47.6186 -2.95598 0
      vertex -49.9013 -3.13953 0
    endloop
  endfacet
  facet normal -0 0 -1
    outer loop
      vertex -46.8727 8.90087 0
      vertex -49.6057 6.26666 0
      vertex -49.1144 9.36907 0
    endloop
  endfacet
  facet normal 0 0 -1
    outer loop
      vertex -47.6186 -2.95598 0
      vertex -50 0 0
      vertex -47.7115 0 0
    endloop
  endfacet
  facet normal -0 0 -1
    outer loop
      vertex -47.3391 5.94015 0
      vertex -49.9013 3.13953 0
      vertex -49.6057 6.26666 0
    endloop
  endfacet
  facet normal -0 0 -1
    outer loop
      vertex -47.6186 2.95598 0
      vertex -50 0 0
      vertex -49.9013 3.13953 0
    endloop
  endfacet
  facet normal 0.487586 0.824479 0.287218
    outer loop
      vertex 24.0877 43.8153 0
      vertex 16.8614 30.6707 50
      vertex 18.7539 29.5515 50
    endloop
  endfacet
  facet normal 0.32446 -0.901239 0.287217
    outer loop
      vertex 12.8844 -32.5422 50
      vertex 10.8156 -33.287 50
      vertex 18.4062 -46.4888 0
    endloop
  endfacet
  facet normal 0.792235 -0.538394 0.287219
    outer loop
      vertex 29.5515 -18.7539 50
      vertex 28.3156 -20.5725 50
      vertex 40.4509 -29.3893 0
    endloop
  endfacet
  facet normal 0.792246 -0.53838 0.287218
    outer loop
      vertex 42.2164 -26.7913 0
      vertex 29.5515 -18.7539 50
      vertex 40.4509 -29.3893 0
    endloop
  endfacet
  facet normal -0 0 1
    outer loop
      vertex 33.2866 0.0579605 50
      vertex 35 0 50
      vertex 34.9309 2.19767 50
    endloop
  endfacet
  facet normal 0 0 1
    outer loop
      vertex 33.2173 2.14793 50
      vertex 34.9309 2.19767 50
      vertex 34.724 4.38666 50
    endloop
  endfacet
  facet normal 0 0 1
    outer loop
      vertex 35 0 50
      vertex 33.2866 0.0579605 50
      vertex 33.2885 0 50
    endloop
  endfacet
  facet normal 0 0 1
    outer loop
      vertex 33.0169 4.22942 50
      vertex 34.724 4.38666 50
      vertex 34.3801 6.55835 50
    endloop
  endfacet
  facet normal 0 0 1
    outer loop
      vertex 33.2866 -0.0579605 50
      vertex 35 0 50
      vertex 33.2885 0 50
    endloop
  endfacet
  facet normal -0 0 1
    outer loop
      vertex 32.2553 8.22191 50
      vertex 34.3801 6.55835 50
      vertex 33.9004 8.70415 50
    endloop
  endfacet
  facet normal 0 0 1
    outer loop
      vertex 35 0 50
      vertex 33.2866 -0.0579605 50
      vertex 34.9309 -2.19767 50
    endloop
  endfacet
  facet normal -0 0 1
    outer loop
      vertex 33.2173 -2.14793 50
      vertex 34.9309 -2.19767 50
      vertex 33.2228 -2.0902 50
    endloop
  endfacet
  facet normal -0 0 1
    outer loop
      vertex 31.6754 10.231 50
      vertex 33.9004 8.70415 50
      vertex 33.287 10.8156 50
    endloop
  endfacet
  facet normal -0 0 1
    outer loop
      vertex 33.2228 -2.0902 50
      vertex 34.9309 -2.19767 50
      vertex 33.2866 -0.0579605 50
    endloop
  endfacet
  facet normal 0 0 1
    outer loop
      vertex 34.9309 2.19767 50
      vertex 33.2228 2.0902 50
      vertex 33.2866 0.0579605 50
    endloop
  endfacet
  facet normal 0 0 1
    outer loop
      vertex 34.9309 2.19767 50
      vertex 33.2173 2.14793 50
      vertex 33.2228 2.0902 50
    endloop
  endfacet
  facet normal 0 0 1
    outer loop
      vertex 34.724 4.38666 50
      vertex 33.026 4.17215 50
      vertex 33.2173 2.14793 50
    endloop
  endfacet
  facet normal 0 0 1
    outer loop
      vertex 34.724 4.38666 50
      vertex 33.0169 4.22942 50
      vertex 33.026 4.17215 50
    endloop
  endfacet
  facet normal 0 0 1
    outer loop
      vertex 34.3801 6.55835 50
      vertex 32.6988 6.23764 50
      vertex 33.0169 4.22942 50
    endloop
  endfacet
  facet normal 0 0 1
    outer loop
      vertex 31.6396 10.3413 50
      vertex 33.287 10.8156 50
      vertex 32.5422 12.8844 50
    endloop
  endfacet
  facet normal 0 0 1
    outer loop
      vertex 34.3801 6.55835 50
      vertex 32.2553 8.22191 50
      vertex 32.6988 6.23764 50
    endloop
  endfacet
  facet normal 0 0 1
    outer loop
      vertex 33.9004 8.70415 50
      vertex 32.2426 8.2785 50
      vertex 32.2553 8.22191 50
    endloop
  endfacet
  facet normal 0 0 1
    outer loop
      vertex 33.9004 8.70415 50
      vertex 31.6754 10.231 50
      vertex 32.2426 8.2785 50
    endloop
  endfacet
  facet normal 0 0 1
    outer loop
      vertex 30.9278 12.3075 50
      vertex 32.5422 12.8844 50
      vertex 31.6689 14.9023 50
    endloop
  endfacet
  facet normal 0 0 1
    outer loop
      vertex 33.287 10.8156 50
      vertex 31.6592 10.2867 50
      vertex 31.6754 10.231 50
    endloop
  endfacet
  facet normal 0 0 1
    outer loop
      vertex 33.287 10.8156 50
      vertex 31.6396 10.3413 50
      vertex 31.6592 10.2867 50
    endloop
  endfacet
  facet normal 0 0 1
    outer loop
      vertex 32.5422 12.8844 50
      vertex 30.9508 12.2543 50
      vertex 31.6396 10.3413 50
    endloop
  endfacet
  facet normal 0 0 1
    outer loop
      vertex 32.5422 12.8844 50
      vertex 30.9278 12.3075 50
      vertex 30.9508 12.2543 50
    endloop
  endfacet
  facet normal -0 0 1
    outer loop
      vertex 29.1972 15.9852 50
      vertex 31.6689 14.9023 50
      vertex 30.6707 16.8614 50
    endloop
  endfacet
  facet normal 0 0 1
    outer loop
      vertex 31.6689 14.9023 50
      vertex 30.1203 14.1735 50
      vertex 30.9278 12.3075 50
    endloop
  endfacet
  facet normal 0 0 1
    outer loop
      vertex 29.1414 16.0868 50
      vertex 30.6707 16.8614 50
      vertex 29.5515 18.7539 50
    endloop
  endfacet
  facet normal 0 0 1
    outer loop
      vertex 31.6689 14.9023 50
      vertex 29.1972 15.9852 50
      vertex 30.1203 14.1735 50
    endloop
  endfacet
  facet normal 0 0 1
    outer loop
      vertex 30.6707 16.8614 50
      vertex 29.1709 16.0368 50
      vertex 29.1972 15.9852 50
    endloop
  endfacet
  facet normal 0 0 1
    outer loop
      vertex 30.6707 16.8614 50
      vertex 29.1414 16.0868 50
      vertex 29.1709 16.0368 50
    endloop
  endfacet
  facet normal -0 0 1
    outer loop
      vertex 26.9635 19.5185 50
      vertex 29.5515 18.7539 50
      vertex 28.3156 20.5725 50
    endloop
  endfacet
  facet normal 0 0 1
    outer loop
      vertex 29.5515 18.7539 50
      vertex 28.1064 17.8368 50
      vertex 29.1414 16.0868 50
    endloop
  endfacet
  facet normal 0 0 1
    outer loop
      vertex 26.8954 19.6123 50
      vertex 28.3156 20.5725 50
      vertex 26.968 22.3098 50
    endloop
  endfacet
  facet normal 0 0 1
    outer loop
      vertex 29.5515 18.7539 50
      vertex 26.9635 19.5185 50
      vertex 28.1064 17.8368 50
    endloop
  endfacet
  facet normal 0 0 1
    outer loop
      vertex 28.3156 20.5725 50
      vertex 26.9309 19.5665 50
      vertex 26.9635 19.5185 50
    endloop
  endfacet
  facet normal 0 0 1
    outer loop
      vertex 28.3156 20.5725 50
      vertex 26.8954 19.6123 50
      vertex 26.9309 19.5665 50
    endloop
  endfacet
  facet normal 0 0 1
    outer loop
      vertex 26.968 22.3098 50
      vertex 25.6492 21.2189 50
      vertex 26.8954 19.6123 50
    endloop
  endfacet
  facet normal -0 0 1
    outer loop
      vertex 24.3046 22.744 50
      vertex 26.968 22.3098 50
      vertex 25.5139 23.9591 50
    endloop
  endfacet
  facet normal 0 0 1
    outer loop
      vertex 26.968 22.3098 50
      vertex 24.3046 22.744 50
      vertex 25.6492 21.2189 50
    endloop
  endfacet
  facet normal 0 0 1
    outer loop
      vertex 25.5139 23.9591 50
      vertex 24.2662 22.7875 50
      vertex 24.3046 22.744 50
    endloop
  endfacet
  facet normal 0 0 1
    outer loop
      vertex 23.9591 25.5139 50
      vertex 24.2662 22.7875 50
      vertex 25.5139 23.9591 50
    endloop
  endfacet
  facet normal 0 0 1
    outer loop
      vertex 23.9591 25.5139 50
      vertex 22.7875 24.2662 50
      vertex 24.2662 22.7875 50
    endloop
  endfacet
  facet normal 0 0 1
    outer loop
      vertex 23.9591 25.5139 50
      vertex 22.744 24.3046 50
      vertex 22.7875 24.2662 50
    endloop
  endfacet
  facet normal 0 0 1
    outer loop
      vertex 22.3098 26.968 50
      vertex 22.744 24.3046 50
      vertex 23.9591 25.5139 50
    endloop
  endfacet
  facet normal 0 0 1
    outer loop
      vertex 22.3098 26.968 50
      vertex 21.2189 25.6492 50
      vertex 22.744 24.3046 50
    endloop
  endfacet
  facet normal 0 0 1
    outer loop
      vertex 19.6123 26.8954 50
      vertex 22.3098 26.968 50
      vertex 20.5725 28.3156 50
    endloop
  endfacet
  facet normal 0 0 1
    outer loop
      vertex 22.3098 26.968 50
      vertex 19.6123 26.8954 50
      vertex 21.2189 25.6492 50
    endloop
  endfacet
  facet normal 0 0 1
    outer loop
      vertex 20.5725 28.3156 50
      vertex 19.5665 26.9309 50
      vertex 19.6123 26.8954 50
    endloop
  endfacet
  facet normal 0 0 1
    outer loop
      vertex 20.5725 28.3156 50
      vertex 19.5185 26.9635 50
      vertex 19.5665 26.9309 50
    endloop
  endfacet
  facet normal 0 0 1
    outer loop
      vertex 18.7539 29.5515 50
      vertex 19.5185 26.9635 50
      vertex 20.5725 28.3156 50
    endloop
  endfacet
  facet normal 0 0 1
    outer loop
      vertex 18.7539 29.5515 50
      vertex 17.8368 28.1064 50
      vertex 19.5185 26.9635 50
    endloop
  endfacet
  facet normal 0 0 1
    outer loop
      vertex 16.0868 29.1414 50
      vertex 18.7539 29.5515 50
      vertex 16.8614 30.6707 50
    endloop
  endfacet
  facet normal 0 0 1
    outer loop
      vertex 18.7539 29.5515 50
      vertex 16.0868 29.1414 50
      vertex 17.8368 28.1064 50
    endloop
  endfacet
  facet normal 0 0 1
    outer loop
      vertex 16.8614 30.6707 50
      vertex 16.0368 29.1709 50
      vertex 16.0868 29.1414 50
    endloop
  endfacet
  facet normal 0 0 1
    outer loop
      vertex 16.8614 30.6707 50
      vertex 15.9852 29.1972 50
      vertex 16.0368 29.1709 50
    endloop
  endfacet
  facet normal 0 0 1
    outer loop
      vertex 14.9023 31.6689 50
      vertex 15.9852 29.1972 50
      vertex 16.8614 30.6707 50
    endloop
  endfacet
  facet normal 0 0 1
    outer loop
      vertex 14.9023 31.6689 50
      vertex 14.1735 30.1203 50
      vertex 15.9852 29.1972 50
    endloop
  endfacet
  facet normal 0 0 1
    outer loop
      vertex 12.3075 30.9278 50
      vertex 14.9023 31.6689 50
      vertex 12.8844 32.5422 50
    endloop
  endfacet
  facet normal 0 0 1
    outer loop
      vertex 14.9023 31.6689 50
      vertex 12.3075 30.9278 50
      vertex 14.1735 30.1203 50
    endloop
  endfacet
  facet normal 0 0 1
    outer loop
      vertex 12.8844 32.5422 50
      vertex 12.2543 30.9508 50
      vertex 12.3075 30.9278 50
    endloop
  endfacet
  facet normal 0 0 1
    outer loop
      vertex 10.3413 31.6396 50
      vertex 12.8844 32.5422 50
      vertex 10.8156 33.287 50
    endloop
  endfacet
  facet normal 0 0 1
    outer loop
      vertex 12.8844 32.5422 50
      vertex 10.3413 31.6396 50
      vertex 12.2543 30.9508 50
    endloop
  endfacet
  facet normal 0 0 1
    outer loop
      vertex 10.8156 33.287 50
      vertex 10.2867 31.6592 50
      vertex 10.3413 31.6396 50
    endloop
  endfacet
  facet normal 0 0 1
    outer loop
      vertex 10.8156 33.287 50
      vertex 10.231 31.6754 50
      vertex 10.2867 31.6592 50
    endloop
  endfacet
  facet normal 0 0 1
    outer loop
      vertex 8.70415 33.9004 50
      vertex 10.231 31.6754 50
      vertex 10.8156 33.287 50
    endloop
  endfacet
  facet normal 0 0 1
    outer loop
      vertex 8.70415 33.9004 50
      vertex 8.2785 32.2426 50
      vertex 10.231 31.6754 50
    endloop
  endfacet
  facet normal 0 0 1
    outer loop
      vertex 8.70415 33.9004 50
      vertex 8.22191 32.2553 50
      vertex 8.2785 32.2426 50
    endloop
  endfacet
  facet normal 0 0 1
    outer loop
      vertex 6.55835 34.3801 50
      vertex 8.22191 32.2553 50
      vertex 8.70415 33.9004 50
    endloop
  endfacet
  facet normal 0 0 1
    outer loop
      vertex 6.55835 34.3801 50
      vertex 6.23764 32.6988 50
      vertex 8.22191 32.2553 50
    endloop
  endfacet
  facet normal 0 0 1
    outer loop
      vertex 4.22942 33.0169 50
      vertex 6.55835 34.3801 50
      vertex 4.38666 34.724 50
    endloop
  endfacet
  facet normal 0 0 1
    outer loop
      vertex 6.55835 34.3801 50
      vertex 4.22942 33.0169 50
      vertex 6.23764 32.6988 50
    endloop
  endfacet
  facet normal 0 0 1
    outer loop
      vertex 4.38666 34.724 50
      vertex 4.17215 33.026 50
      vertex 4.22942 33.0169 50
    endloop
  endfacet
  facet normal 0 0 1
    outer loop
      vertex 2.14793 33.2173 50
      vertex 4.38666 34.724 50
      vertex 2.19767 34.9309 50
    endloop
  endfacet
  facet normal 0 0 1
    outer loop
      vertex 4.38666 34.724 50
      vertex 2.14793 33.2173 50
      vertex 4.17215 33.026 50
    endloop
  endfacet
  facet normal 0 0 1
    outer loop
      vertex 2.19767 34.9309 50
      vertex 2.0902 33.2228 50
      vertex 2.14793 33.2173 50
    endloop
  endfacet
  facet normal 0 0 1
    outer loop
      vertex 2.19767 34.9309 50
      vertex 0.0579605 33.2866 50
      vertex 2.0902 33.2228 50
    endloop
  endfacet
  facet normal 0 0 1
    outer loop
      vertex 0 35 50
      vertex 0.0579605 33.2866 50
      vertex 2.19767 34.9309 50
    endloop
  endfacet
  facet normal 0 0 1
    outer loop
      vertex 0 35 50
      vertex 0 33.2885 50
      vertex 0.0579605 33.2866 50
    endloop
  endfacet
  facet normal 0 0 1
    outer loop
      vertex 0 35 50
      vertex -0.0579605 33.2866 50
      vertex 0 33.2885 50
    endloop
  endfacet
  facet normal -0 0 1
    outer loop
      vertex -2.19767 34.9309 50
      vertex -0.0579605 33.2866 50
      vertex 0 35 50
    endloop
  endfacet
  facet normal 0 0 1
    outer loop
      vertex -0.0579605 33.2866 50
      vertex -2.19767 34.9309 50
      vertex -2.0902 33.2228 50
    endloop
  endfacet
  facet normal 0 0 1
    outer loop
      vertex -2.0902 33.2228 50
      vertex -2.19767 34.9309 50
      vertex -2.14793 33.2173 50
    endloop
  endfacet
  facet normal -0 0 1
    outer loop
      vertex -4.38666 34.724 50
      vertex -2.14793 33.2173 50
      vertex -2.19767 34.9309 50
    endloop
  endfacet
  facet normal 0 0 1
    outer loop
      vertex -2.14793 33.2173 50
      vertex -4.38666 34.724 50
      vertex -4.17215 33.026 50
    endloop
  endfacet
  facet normal 0 0 1
    outer loop
      vertex -4.17215 33.026 50
      vertex -4.38666 34.724 50
      vertex -4.22942 33.0169 50
    endloop
  endfacet
  facet normal -0 0 1
    outer loop
      vertex -6.55835 34.3801 50
      vertex -4.22942 33.0169 50
      vertex -4.38666 34.724 50
    endloop
  endfacet
  facet normal 0 0 1
    outer loop
      vertex -4.22942 33.0169 50
      vertex -6.55835 34.3801 50
      vertex -6.23764 32.6988 50
    endloop
  endfacet
  facet normal 0 0 1
    outer loop
      vertex -6.55835 34.3801 50
      vertex -8.22191 32.2553 50
      vertex -6.23764 32.6988 50
    endloop
  endfacet
  facet normal -0 0 1
    outer loop
      vertex -8.70415 33.9004 50
      vertex -8.22191 32.2553 50
      vertex -6.55835 34.3801 50
    endloop
  endfacet
  facet normal 0 0 1
    outer loop
      vertex -8.22191 32.2553 50
      vertex -8.70415 33.9004 50
      vertex -8.2785 32.2426 50
    endloop
  endfacet
  facet normal 0 0 1
    outer loop
      vertex -8.70415 33.9004 50
      vertex -10.231 31.6754 50
      vertex -8.2785 32.2426 50
    endloop
  endfacet
  facet normal -0 0 1
    outer loop
      vertex -10.8156 33.287 50
      vertex -10.231 31.6754 50
      vertex -8.70415 33.9004 50
    endloop
  endfacet
  facet normal 0 0 1
    outer loop
      vertex -10.231 31.6754 50
      vertex -10.8156 33.287 50
      vertex -10.2867 31.6592 50
    endloop
  endfacet
  facet normal 0 0 1
    outer loop
      vertex -10.2867 31.6592 50
      vertex -10.8156 33.287 50
      vertex -10.3413 31.6396 50
    endloop
  endfacet
  facet normal -0 0 1
    outer loop
      vertex -12.8844 32.5422 50
      vertex -10.3413 31.6396 50
      vertex -10.8156 33.287 50
    endloop
  endfacet
  facet normal 0 0 1
    outer loop
      vertex -10.3413 31.6396 50
      vertex -12.8844 32.5422 50
      vertex -12.2543 30.9508 50
    endloop
  endfacet
  facet normal 0 0 1
    outer loop
      vertex -12.2543 30.9508 50
      vertex -12.8844 32.5422 50
      vertex -12.3075 30.9278 50
    endloop
  endfacet
  facet normal -0 0 1
    outer loop
      vertex -14.9023 31.6689 50
      vertex -12.3075 30.9278 50
      vertex -12.8844 32.5422 50
    endloop
  endfacet
  facet normal 0 0 1
    outer loop
      vertex -12.3075 30.9278 50
      vertex -14.9023 31.6689 50
      vertex -14.1735 30.1203 50
    endloop
  endfacet
  facet normal 0 0 1
    outer loop
      vertex -14.9023 31.6689 50
      vertex -15.9852 29.1972 50
      vertex -14.1735 30.1203 50
    endloop
  endfacet
  facet normal -0 0 1
    outer loop
      vertex -16.8614 30.6707 50
      vertex -15.9852 29.1972 50
      vertex -14.9023 31.6689 50
    endloop
  endfacet
  facet normal 0 0 1
    outer loop
      vertex -15.9852 29.1972 50
      vertex -16.8614 30.6707 50
      vertex -16.0368 29.1709 50
    endloop
  endfacet
  facet normal 0 0 1
    outer loop
      vertex -16.0368 29.1709 50
      vertex -16.8614 30.6707 50
      vertex -16.0868 29.1414 50
    endloop
  endfacet
  facet normal -0 0 1
    outer loop
      vertex -18.7539 29.5515 50
      vertex -16.0868 29.1414 50
      vertex -16.8614 30.6707 50
    endloop
  endfacet
  facet normal 0 0 1
    outer loop
      vertex -16.0868 29.1414 50
      vertex -18.7539 29.5515 50
      vertex -17.8368 28.1064 50
    endloop
  endfacet
  facet normal 0 0 1
    outer loop
      vertex -18.7539 29.5515 50
      vertex -19.5185 26.9635 50
      vertex -17.8368 28.1064 50
    endloop
  endfacet
  facet normal -0 0 1
    outer loop
      vertex -20.5725 28.3156 50
      vertex -19.5185 26.9635 50
      vertex -18.7539 29.5515 50
    endloop
  endfacet
  facet normal 0 0 1
    outer loop
      vertex -19.5185 26.9635 50
      vertex -20.5725 28.3156 50
      vertex -19.5665 26.9309 50
    endloop
  endfacet
  facet normal 0 0 1
    outer loop
      vertex -19.5665 26.9309 50
      vertex -20.5725 28.3156 50
      vertex -19.6123 26.8954 50
    endloop
  endfacet
  facet normal -0 0 1
    outer loop
      vertex -22.3098 26.968 50
      vertex -19.6123 26.8954 50
      vertex -20.5725 28.3156 50
    endloop
  endfacet
  facet normal 0 0 1
    outer loop
      vertex -19.6123 26.8954 50
      vertex -22.3098 26.968 50
      vertex -21.2189 25.6492 50
    endloop
  endfacet
  facet normal 0 0 1
    outer loop
      vertex -22.3098 26.968 50
      vertex -22.744 24.3046 50
      vertex -21.2189 25.6492 50
    endloop
  endfacet
  facet normal -0 0 1
    outer loop
      vertex -23.9591 25.5139 50
      vertex -22.744 24.3046 50
      vertex -22.3098 26.968 50
    endloop
  endfacet
  facet normal 0 0 1
    outer loop
      vertex -22.744 24.3046 50
      vertex -23.9591 25.5139 50
      vertex -22.7875 24.2662 50
    endloop
  endfacet
  facet normal 0 0 1
    outer loop
      vertex -23.9591 25.5139 50
      vertex -24.2662 22.7875 50
      vertex -22.7875 24.2662 50
    endloop
  endfacet
  facet normal -0 0 1
    outer loop
      vertex -25.5139 23.9591 50
      vertex -24.2662 22.7875 50
      vertex -23.9591 25.5139 50
    endloop
  endfacet
  facet normal 0 0 1
    outer loop
      vertex -24.2662 22.7875 50
      vertex -25.5139 23.9591 50
      vertex -24.3046 22.744 50
    endloop
  endfacet
  facet normal 0 0 1
    outer loop
      vertex -26.968 22.3098 50
      vertex -24.3046 22.744 50
      vertex -25.5139 23.9591 50
    endloop
  endfacet
  facet normal 0 0 1
    outer loop
      vertex -24.3046 22.744 50
      vertex -26.968 22.3098 50
      vertex -25.6492 21.2189 50
    endloop
  endfacet
  facet normal 0 0 1
    outer loop
      vertex -25.6492 21.2189 50
      vertex -26.968 22.3098 50
      vertex -26.8954 19.6123 50
    endloop
  endfacet
  facet normal -0 0 1
    outer loop
      vertex -28.3156 20.5725 50
      vertex -26.8954 19.6123 50
      vertex -26.968 22.3098 50
    endloop
  endfacet
  facet normal 0 0 1
    outer loop
      vertex -26.8954 19.6123 50
      vertex -28.3156 20.5725 50
      vertex -26.9309 19.5665 50
    endloop
  endfacet
  facet normal 0 0 1
    outer loop
      vertex -26.9309 19.5665 50
      vertex -28.3156 20.5725 50
      vertex -26.9635 19.5185 50
    endloop
  endfacet
  facet normal 0 0 1
    outer loop
      vertex -29.5515 18.7539 50
      vertex -26.9635 19.5185 50
      vertex -28.3156 20.5725 50
    endloop
  endfacet
  facet normal 0 0 1
    outer loop
      vertex -26.9635 19.5185 50
      vertex -29.5515 18.7539 50
      vertex -28.1064 17.8368 50
    endloop
  endfacet
  facet normal 0 0 1
    outer loop
      vertex -28.1064 17.8368 50
      vertex -29.5515 18.7539 50
      vertex -29.1414 16.0868 50
    endloop
  endfacet
  facet normal -0 0 1
    outer loop
      vertex -30.6707 16.8614 50
      vertex -29.1414 16.0868 50
      vertex -29.5515 18.7539 50
    endloop
  endfacet
  facet normal 0 0 1
    outer loop
      vertex -29.1414 16.0868 50
      vertex -30.6707 16.8614 50
      vertex -29.1709 16.0368 50
    endloop
  endfacet
  facet normal 0 0 1
    outer loop
      vertex -29.1709 16.0368 50
      vertex -30.6707 16.8614 50
      vertex -29.1972 15.9852 50
    endloop
  endfacet
  facet normal 0 0 1
    outer loop
      vertex -31.6689 14.9023 50
      vertex -29.1972 15.9852 50
      vertex -30.6707 16.8614 50
    endloop
  endfacet
  facet normal 0 0 1
    outer loop
      vertex -29.1972 15.9852 50
      vertex -31.6689 14.9023 50
      vertex -30.1203 14.1735 50
    endloop
  endfacet
  facet normal 0 0 1
    outer loop
      vertex -30.1203 14.1735 50
      vertex -31.6689 14.9023 50
      vertex -30.9278 12.3075 50
    endloop
  endfacet
  facet normal -0 0 1
    outer loop
      vertex -32.5422 12.8844 50
      vertex -30.9278 12.3075 50
      vertex -31.6689 14.9023 50
    endloop
  endfacet
  facet normal 0 0 1
    outer loop
      vertex -30.9278 12.3075 50
      vertex -32.5422 12.8844 50
      vertex -30.9508 12.2543 50
    endloop
  endfacet
  facet normal 0 0 1
    outer loop
      vertex -30.9508 12.2543 50
      vertex -32.5422 12.8844 50
      vertex -31.6396 10.3413 50
    endloop
  endfacet
  facet normal -0 0 1
    outer loop
      vertex -33.287 10.8156 50
      vertex -31.6396 10.3413 50
      vertex -32.5422 12.8844 50
    endloop
  endfacet
  facet normal 0 0 1
    outer loop
      vertex -31.6396 10.3413 50
      vertex -33.287 10.8156 50
      vertex -31.6592 10.2867 50
    endloop
  endfacet
  facet normal 0 0 1
    outer loop
      vertex -31.6592 10.2867 50
      vertex -33.287 10.8156 50
      vertex -31.6754 10.231 50
    endloop
  endfacet
  facet normal 0 0 1
    outer loop
      vertex -33.9004 8.70415 50
      vertex -31.6754 10.231 50
      vertex -33.287 10.8156 50
    endloop
  endfacet
  facet normal 0 0 1
    outer loop
      vertex -31.6754 10.231 50
      vertex -33.9004 8.70415 50
      vertex -32.2426 8.2785 50
    endloop
  endfacet
  facet normal 0 0 1
    outer loop
      vertex -32.2426 8.2785 50
      vertex -33.9004 8.70415 50
      vertex -32.2553 8.22191 50
    endloop
  endfacet
  facet normal 0 0 1
    outer loop
      vertex -34.3801 6.55835 50
      vertex -32.2553 8.22191 50
      vertex -33.9004 8.70415 50
    endloop
  endfacet
  facet normal 0 0 1
    outer loop
      vertex -32.2553 8.22191 50
      vertex -34.3801 6.55835 50
      vertex -32.6988 6.23764 50
    endloop
  endfacet
  facet normal 0 0 1
    outer loop
      vertex -32.6988 6.23764 50
      vertex -34.3801 6.55835 50
      vertex -33.0169 4.22942 50
    endloop
  endfacet
  facet normal -0 0 1
    outer loop
      vertex -34.724 4.38666 50
      vertex -33.0169 4.22942 50
      vertex -34.3801 6.55835 50
    endloop
  endfacet
  facet normal 0 0 1
    outer loop
      vertex -33.0169 4.22942 50
      vertex -34.724 4.38666 50
      vertex -33.026 4.17215 50
    endloop
  endfacet
  facet normal 0 0 1
    outer loop
      vertex -33.026 4.17215 50
      vertex -34.724 4.38666 50
      vertex -33.2173 2.14793 50
    endloop
  endfacet
  facet normal -0 0 1
    outer loop
      vertex -34.9309 2.19767 50
      vertex -33.2173 2.14793 50
      vertex -34.724 4.38666 50
    endloop
  endfacet
  facet normal 0 0 1
    outer loop
      vertex 34.9309 -2.19767 50
      vertex 33.2173 -2.14793 50
      vertex 34.724 -4.38666 50
    endloop
  endfacet
  facet normal -0 0 1
    outer loop
      vertex 33.026 -4.17215 50
      vertex 34.724 -4.38666 50
      vertex 33.2173 -2.14793 50
    endloop
  endfacet
  facet normal -0 0 1
    outer loop
      vertex 33.0169 -4.22942 50
      vertex 34.724 -4.38666 50
      vertex 33.026 -4.17215 50
    endloop
  endfacet
  facet normal 0 0 1
    outer loop
      vertex 34.724 -4.38666 50
      vertex 33.0169 -4.22942 50
      vertex 34.3801 -6.55835 50
    endloop
  endfacet
  facet normal -0 0 1
    outer loop
      vertex 32.6988 -6.23764 50
      vertex 34.3801 -6.55835 50
      vertex 33.0169 -4.22942 50
    endloop
  endfacet
  facet normal 0 0 1
    outer loop
      vertex 32.2553 -8.22191 50
      vertex 34.3801 -6.55835 50
      vertex 32.6988 -6.23764 50
    endloop
  endfacet
  facet normal 0 0 1
    outer loop
      vertex 34.3801 -6.55835 50
      vertex 32.2553 -8.22191 50
      vertex 33.9004 -8.70415 50
    endloop
  endfacet
  facet normal -0 0 1
    outer loop
      vertex 32.2426 -8.2785 50
      vertex 33.9004 -8.70415 50
      vertex 32.2553 -8.22191 50
    endloop
  endfacet
  facet normal 0 0 1
    outer loop
      vertex 31.6754 -10.231 50
      vertex 33.9004 -8.70415 50
      vertex 32.2426 -8.2785 50
    endloop
  endfacet
  facet normal 0 0 1
    outer loop
      vertex 33.9004 -8.70415 50
      vertex 31.6754 -10.231 50
      vertex 33.287 -10.8156 50
    endloop
  endfacet
  facet normal -0 0 1
    outer loop
      vertex 31.6592 -10.2867 50
      vertex 33.287 -10.8156 50
      vertex 31.6754 -10.231 50
    endloop
  endfacet
  facet normal -0 0 1
    outer loop
      vertex 31.6396 -10.3413 50
      vertex 33.287 -10.8156 50
      vertex 31.6592 -10.2867 50
    endloop
  endfacet
  facet normal 0 0 1
    outer loop
      vertex 33.287 -10.8156 50
      vertex 31.6396 -10.3413 50
      vertex 32.5422 -12.8844 50
    endloop
  endfacet
  facet normal -0 0 1
    outer loop
      vertex 30.9508 -12.2543 50
      vertex 32.5422 -12.8844 50
      vertex 31.6396 -10.3413 50
    endloop
  endfacet
  facet normal -0 0 1
    outer loop
      vertex 30.9278 -12.3075 50
      vertex 32.5422 -12.8844 50
      vertex 30.9508 -12.2543 50
    endloop
  endfacet
  facet normal 0 0 1
    outer loop
      vertex 32.5422 -12.8844 50
      vertex 30.9278 -12.3075 50
      vertex 31.6689 -14.9023 50
    endloop
  endfacet
  facet normal -0 0 1
    outer loop
      vertex 30.1203 -14.1735 50
      vertex 31.6689 -14.9023 50
      vertex 30.9278 -12.3075 50
    endloop
  endfacet
  facet normal 0 0 1
    outer loop
      vertex 29.1972 -15.9852 50
      vertex 31.6689 -14.9023 50
      vertex 30.1203 -14.1735 50
    endloop
  endfacet
  facet normal 0 0 1
    outer loop
      vertex 31.6689 -14.9023 50
      vertex 29.1972 -15.9852 50
      vertex 30.6707 -16.8614 50
    endloop
  endfacet
  facet normal -0 0 1
    outer loop
      vertex 29.1709 -16.0368 50
      vertex 30.6707 -16.8614 50
      vertex 29.1972 -15.9852 50
    endloop
  endfacet
  facet normal -0 0 1
    outer loop
      vertex 29.1414 -16.0868 50
      vertex 30.6707 -16.8614 50
      vertex 29.1709 -16.0368 50
    endloop
  endfacet
  facet normal 0 0 1
    outer loop
      vertex 30.6707 -16.8614 50
      vertex 29.1414 -16.0868 50
      vertex 29.5515 -18.7539 50
    endloop
  endfacet
  facet normal -0 0 1
    outer loop
      vertex 28.1064 -17.8368 50
      vertex 29.5515 -18.7539 50
      vertex 29.1414 -16.0868 50
    endloop
  endfacet
  facet normal 0 0 1
    outer loop
      vertex 26.9635 -19.5185 50
      vertex 29.5515 -18.7539 50
      vertex 28.1064 -17.8368 50
    endloop
  endfacet
  facet normal 0 0 1
    outer loop
      vertex 29.5515 -18.7539 50
      vertex 26.9635 -19.5185 50
      vertex 28.3156 -20.5725 50
    endloop
  endfacet
  facet normal -0 0 1
    outer loop
      vertex 26.9309 -19.5665 50
      vertex 28.3156 -20.5725 50
      vertex 26.9635 -19.5185 50
    endloop
  endfacet
  facet normal -0 0 1
    outer loop
      vertex 26.8954 -19.6123 50
      vertex 28.3156 -20.5725 50
      vertex 26.9309 -19.5665 50
    endloop
  endfacet
  facet normal 0 0 1
    outer loop
      vertex 28.3156 -20.5725 50
      vertex 26.8954 -19.6123 50
      vertex 26.968 -22.3098 50
    endloop
  endfacet
  facet normal -0 0 1
    outer loop
      vertex 25.6492 -21.2189 50
      vertex 26.968 -22.3098 50
      vertex 26.8954 -19.6123 50
    endloop
  endfacet
  facet normal 0 0 1
    outer loop
      vertex 24.3046 -22.744 50
      vertex 26.968 -22.3098 50
      vertex 25.6492 -21.2189 50
    endloop
  endfacet
  facet normal 0 0 1
    outer loop
      vertex 26.968 -22.3098 50
      vertex 24.3046 -22.744 50
      vertex 25.5139 -23.9591 50
    endloop
  endfacet
  facet normal -0 0 1
    outer loop
      vertex 24.2662 -22.7875 50
      vertex 25.5139 -23.9591 50
      vertex 24.3046 -22.744 50
    endloop
  endfacet
  facet normal 0 0 1
    outer loop
      vertex 24.2662 -22.7875 50
      vertex 23.9591 -25.5139 50
      vertex 25.5139 -23.9591 50
    endloop
  endfacet
  facet normal -0 0 1
    outer loop
      vertex 22.7875 -24.2662 50
      vertex 23.9591 -25.5139 50
      vertex 24.2662 -22.7875 50
    endloop
  endfacet
  facet normal -0 0 1
    outer loop
      vertex 22.744 -24.3046 50
      vertex 23.9591 -25.5139 50
      vertex 22.7875 -24.2662 50
    endloop
  endfacet
  facet normal 0 0 1
    outer loop
      vertex 22.744 -24.3046 50
      vertex 22.3098 -26.968 50
      vertex 23.9591 -25.5139 50
    endloop
  endfacet
  facet normal -0 0 1
    outer loop
      vertex 21.2189 -25.6492 50
      vertex 22.3098 -26.968 50
      vertex 22.744 -24.3046 50
    endloop
  endfacet
  facet normal -0 0 1
    outer loop
      vertex 19.6123 -26.8954 50
      vertex 22.3098 -26.968 50
      vertex 21.2189 -25.6492 50
    endloop
  endfacet
  facet normal 0 0 1
    outer loop
      vertex 22.3098 -26.968 50
      vertex 19.6123 -26.8954 50
      vertex 20.5725 -28.3156 50
    endloop
  endfacet
  facet normal -0 0 1
    outer loop
      vertex 19.5665 -26.9309 50
      vertex 20.5725 -28.3156 50
      vertex 19.6123 -26.8954 50
    endloop
  endfacet
  facet normal -0 0 1
    outer loop
      vertex 19.5185 -26.9635 50
      vertex 20.5725 -28.3156 50
      vertex 19.5665 -26.9309 50
    endloop
  endfacet
  facet normal 0 0 1
    outer loop
      vertex 19.5185 -26.9635 50
      vertex 18.7539 -29.5515 50
      vertex 20.5725 -28.3156 50
    endloop
  endfacet
  facet normal -0 0 1
    outer loop
      vertex 17.8368 -28.1064 50
      vertex 18.7539 -29.5515 50
      vertex 19.5185 -26.9635 50
    endloop
  endfacet
  facet normal -0 0 1
    outer loop
      vertex 16.0868 -29.1414 50
      vertex 18.7539 -29.5515 50
      vertex 17.8368 -28.1064 50
    endloop
  endfacet
  facet normal 0 0 1
    outer loop
      vertex 18.7539 -29.5515 50
      vertex 16.0868 -29.1414 50
      vertex 16.8614 -30.6707 50
    endloop
  endfacet
  facet normal -0 0 1
    outer loop
      vertex 16.0368 -29.1709 50
      vertex 16.8614 -30.6707 50
      vertex 16.0868 -29.1414 50
    endloop
  endfacet
  facet normal -0 0 1
    outer loop
      vertex 15.9852 -29.1972 50
      vertex 16.8614 -30.6707 50
      vertex 16.0368 -29.1709 50
    endloop
  endfacet
  facet normal 0 0 1
    outer loop
      vertex 15.9852 -29.1972 50
      vertex 14.9023 -31.6689 50
      vertex 16.8614 -30.6707 50
    endloop
  endfacet
  facet normal -0 0 1
    outer loop
      vertex 14.1735 -30.1203 50
      vertex 14.9023 -31.6689 50
      vertex 15.9852 -29.1972 50
    endloop
  endfacet
  facet normal -0 0 1
    outer loop
      vertex 12.3075 -30.9278 50
      vertex 14.9023 -31.6689 50
      vertex 14.1735 -30.1203 50
    endloop
  endfacet
  facet normal 0 0 1
    outer loop
      vertex 14.9023 -31.6689 50
      vertex 12.3075 -30.9278 50
      vertex 12.8844 -32.5422 50
    endloop
  endfacet
  facet normal -0 0 1
    outer loop
      vertex 12.2543 -30.9508 50
      vertex 12.8844 -32.5422 50
      vertex 12.3075 -30.9278 50
    endloop
  endfacet
  facet normal -0 0 1
    outer loop
      vertex 10.3413 -31.6396 50
      vertex 12.8844 -32.5422 50
      vertex 12.2543 -30.9508 50
    endloop
  endfacet
  facet normal 0 0 1
    outer loop
      vertex 12.8844 -32.5422 50
      vertex 10.3413 -31.6396 50
      vertex 10.8156 -33.287 50
    endloop
  endfacet
  facet normal -0 0 1
    outer loop
      vertex 10.2867 -31.6592 50
      vertex 10.8156 -33.287 50
      vertex 10.3413 -31.6396 50
    endloop
  endfacet
  facet normal -0 0 1
    outer loop
      vertex 10.231 -31.6754 50
      vertex 10.8156 -33.287 50
      vertex 10.2867 -31.6592 50
    endloop
  endfacet
  facet normal 0 0 1
    outer loop
      vertex 10.231 -31.6754 50
      vertex 8.70415 -33.9004 50
      vertex 10.8156 -33.287 50
    endloop
  endfacet
  facet normal -0 0 1
    outer loop
      vertex 8.2785 -32.2426 50
      vertex 8.70415 -33.9004 50
      vertex 10.231 -31.6754 50
    endloop
  endfacet
  facet normal -0 0 1
    outer loop
      vertex 8.22191 -32.2553 50
      vertex 8.70415 -33.9004 50
      vertex 8.2785 -32.2426 50
    endloop
  endfacet
  facet normal 0 0 1
    outer loop
      vertex 8.22191 -32.2553 50
      vertex 6.55835 -34.3801 50
      vertex 8.70415 -33.9004 50
    endloop
  endfacet
  facet normal -0 0 1
    outer loop
      vertex 6.23764 -32.6988 50
      vertex 6.55835 -34.3801 50
      vertex 8.22191 -32.2553 50
    endloop
  endfacet
  facet normal -0 0 1
    outer loop
      vertex 4.22942 -33.0169 50
      vertex 6.55835 -34.3801 50
      vertex 6.23764 -32.6988 50
    endloop
  endfacet
  facet normal 0 0 1
    outer loop
      vertex 6.55835 -34.3801 50
      vertex 4.22942 -33.0169 50
      vertex 4.38666 -34.724 50
    endloop
  endfacet
  facet normal -0 0 1
    outer loop
      vertex 4.17215 -33.026 50
      vertex 4.38666 -34.724 50
      vertex 4.22942 -33.0169 50
    endloop
  endfacet
  facet normal -0 0 1
    outer loop
      vertex 2.14793 -33.2173 50
      vertex 4.38666 -34.724 50
      vertex 4.17215 -33.026 50
    endloop
  endfacet
  facet normal 0 0 1
    outer loop
      vertex 4.38666 -34.724 50
      vertex 2.14793 -33.2173 50
      vertex 2.19767 -34.9309 50
    endloop
  endfacet
  facet normal -0 0 1
    outer loop
      vertex 2.0902 -33.2228 50
      vertex 2.19767 -34.9309 50
      vertex 2.14793 -33.2173 50
    endloop
  endfacet
  facet normal -0 0 1
    outer loop
      vertex 0.0579605 -33.2866 50
      vertex 2.19767 -34.9309 50
      vertex 2.0902 -33.2228 50
    endloop
  endfacet
  facet normal 0 0 1
    outer loop
      vertex 0 -35 50
      vertex 0.0579605 -33.2866 50
      vertex 0 -33.2885 50
    endloop
  endfacet
  facet normal 0 0 1
    outer loop
      vertex 0.0579605 -33.2866 50
      vertex 0 -35 50
      vertex 2.19767 -34.9309 50
    endloop
  endfacet
  facet normal 0 0 1
    outer loop
      vertex -0.0579605 -33.2866 50
      vertex 0 -35 50
      vertex 0 -33.2885 50
    endloop
  endfacet
  facet normal 0 0 1
    outer loop
      vertex -2.19767 -34.9309 50
      vertex -0.0579605 -33.2866 50
      vertex -2.0902 -33.2228 50
    endloop
  endfacet
  facet normal 0 0 1
    outer loop
      vertex -2.19767 -34.9309 50
      vertex -2.0902 -33.2228 50
      vertex -2.14793 -33.2173 50
    endloop
  endfacet
  facet normal 0 0 1
    outer loop
      vertex -0.0579605 -33.2866 50
      vertex -2.19767 -34.9309 50
      vertex 0 -35 50
    endloop
  endfacet
  facet normal 0 0 1
    outer loop
      vertex -4.38666 -34.724 50
      vertex -2.14793 -33.2173 50
      vertex -4.17215 -33.026 50
    endloop
  endfacet
  facet normal 0 0 1
    outer loop
      vertex -4.38666 -34.724 50
      vertex -4.17215 -33.026 50
      vertex -4.22942 -33.0169 50
    endloop
  endfacet
  facet normal 0 0 1
    outer loop
      vertex -2.14793 -33.2173 50
      vertex -4.38666 -34.724 50
      vertex -2.19767 -34.9309 50
    endloop
  endfacet
  facet normal 0 0 1
    outer loop
      vertex -6.55835 -34.3801 50
      vertex -4.22942 -33.0169 50
      vertex -6.23764 -32.6988 50
    endloop
  endfacet
  facet normal 0 0 1
    outer loop
      vertex -4.22942 -33.0169 50
      vertex -6.55835 -34.3801 50
      vertex -4.38666 -34.724 50
    endloop
  endfacet
  facet normal 0 0 1
    outer loop
      vertex -8.22191 -32.2553 50
      vertex -6.55835 -34.3801 50
      vertex -6.23764 -32.6988 50
    endloop
  endfacet
  facet normal 0 0 1
    outer loop
      vertex -8.70415 -33.9004 50
      vertex -8.22191 -32.2553 50
      vertex -8.2785 -32.2426 50
    endloop
  endfacet
  facet normal 0 0 1
    outer loop
      vertex -8.22191 -32.2553 50
      vertex -8.70415 -33.9004 50
      vertex -6.55835 -34.3801 50
    endloop
  endfacet
  facet normal 0 0 1
    outer loop
      vertex -10.231 -31.6754 50
      vertex -8.70415 -33.9004 50
      vertex -8.2785 -32.2426 50
    endloop
  endfacet
  facet normal 0 0 1
    outer loop
      vertex -10.8156 -33.287 50
      vertex -10.231 -31.6754 50
      vertex -10.2867 -31.6592 50
    endloop
  endfacet
  facet normal 0 0 1
    outer loop
      vertex -10.8156 -33.287 50
      vertex -10.2867 -31.6592 50
      vertex -10.3413 -31.6396 50
    endloop
  endfacet
  facet normal 0 0 1
    outer loop
      vertex -10.231 -31.6754 50
      vertex -10.8156 -33.287 50
      vertex -8.70415 -33.9004 50
    endloop
  endfacet
  facet normal 0 0 1
    outer loop
      vertex -12.8844 -32.5422 50
      vertex -10.3413 -31.6396 50
      vertex -12.2543 -30.9508 50
    endloop
  endfacet
  facet normal 0 0 1
    outer loop
      vertex -12.8844 -32.5422 50
      vertex -12.2543 -30.9508 50
      vertex -12.3075 -30.9278 50
    endloop
  endfacet
  facet normal 0 0 1
    outer loop
      vertex -10.3413 -31.6396 50
      vertex -12.8844 -32.5422 50
      vertex -10.8156 -33.287 50
    endloop
  endfacet
  facet normal 0 0 1
    outer loop
      vertex -14.9023 -31.6689 50
      vertex -12.3075 -30.9278 50
      vertex -14.1735 -30.1203 50
    endloop
  endfacet
  facet normal 0 0 1
    outer loop
      vertex -12.3075 -30.9278 50
      vertex -14.9023 -31.6689 50
      vertex -12.8844 -32.5422 50
    endloop
  endfacet
  facet normal 0 0 1
    outer loop
      vertex -15.9852 -29.1972 50
      vertex -14.9023 -31.6689 50
      vertex -14.1735 -30.1203 50
    endloop
  endfacet
  facet normal 0 0 1
    outer loop
      vertex -16.8614 -30.6707 50
      vertex -15.9852 -29.1972 50
      vertex -16.0368 -29.1709 50
    endloop
  endfacet
  facet normal 0 0 1
    outer loop
      vertex -16.8614 -30.6707 50
      vertex -16.0368 -29.1709 50
      vertex -16.0868 -29.1414 50
    endloop
  endfacet
  facet normal 0 0 1
    outer loop
      vertex -15.9852 -29.1972 50
      vertex -16.8614 -30.6707 50
      vertex -14.9023 -31.6689 50
    endloop
  endfacet
  facet normal 0 0 1
    outer loop
      vertex -18.7539 -29.5515 50
      vertex -16.0868 -29.1414 50
      vertex -17.8368 -28.1064 50
    endloop
  endfacet
  facet normal 0 0 1
    outer loop
      vertex -16.0868 -29.1414 50
      vertex -18.7539 -29.5515 50
      vertex -16.8614 -30.6707 50
    endloop
  endfacet
  facet normal 0 0 1
    outer loop
      vertex -19.5185 -26.9635 50
      vertex -18.7539 -29.5515 50
      vertex -17.8368 -28.1064 50
    endloop
  endfacet
  facet normal 0 0 1
    outer loop
      vertex -20.5725 -28.3156 50
      vertex -19.5185 -26.9635 50
      vertex -19.5665 -26.9309 50
    endloop
  endfacet
  facet normal 0 0 1
    outer loop
      vertex -20.5725 -28.3156 50
      vertex -19.5665 -26.9309 50
      vertex -19.6123 -26.8954 50
    endloop
  endfacet
  facet normal 0 0 1
    outer loop
      vertex -19.5185 -26.9635 50
      vertex -20.5725 -28.3156 50
      vertex -18.7539 -29.5515 50
    endloop
  endfacet
  facet normal 0 0 1
    outer loop
      vertex -22.3098 -26.968 50
      vertex -19.6123 -26.8954 50
      vertex -21.2189 -25.6492 50
    endloop
  endfacet
  facet normal 0 0 1
    outer loop
      vertex -19.6123 -26.8954 50
      vertex -22.3098 -26.968 50
      vertex -20.5725 -28.3156 50
    endloop
  endfacet
  facet normal 0 0 1
    outer loop
      vertex -22.744 -24.3046 50
      vertex -22.3098 -26.968 50
      vertex -21.2189 -25.6492 50
    endloop
  endfacet
  facet normal 0 0 1
    outer loop
      vertex -23.9591 -25.5139 50
      vertex -22.744 -24.3046 50
      vertex -22.7875 -24.2662 50
    endloop
  endfacet
  facet normal 0 0 1
    outer loop
      vertex -22.744 -24.3046 50
      vertex -23.9591 -25.5139 50
      vertex -22.3098 -26.968 50
    endloop
  endfacet
  facet normal 0 0 1
    outer loop
      vertex -24.2662 -22.7875 50
      vertex -23.9591 -25.5139 50
      vertex -22.7875 -24.2662 50
    endloop
  endfacet
  facet normal 0 0 1
    outer loop
      vertex -25.5139 -23.9591 50
      vertex -24.2662 -22.7875 50
      vertex -24.3046 -22.744 50
    endloop
  endfacet
  facet normal 0 0 1
    outer loop
      vertex -24.2662 -22.7875 50
      vertex -25.5139 -23.9591 50
      vertex -23.9591 -25.5139 50
    endloop
  endfacet
  facet normal -0 0 1
    outer loop
      vertex -26.968 -22.3098 50
      vertex -24.3046 -22.744 50
      vertex -25.6492 -21.2189 50
    endloop
  endfacet
  facet normal 0 0 1
    outer loop
      vertex -26.968 -22.3098 50
      vertex -25.6492 -21.2189 50
      vertex -26.8954 -19.6123 50
    endloop
  endfacet
  facet normal 0 0 1
    outer loop
      vertex -28.3156 -20.5725 50
      vertex -26.8954 -19.6123 50
      vertex -26.9309 -19.5665 50
    endloop
  endfacet
  facet normal 0 0 1
    outer loop
      vertex -28.3156 -20.5725 50
      vertex -26.9309 -19.5665 50
      vertex -26.9635 -19.5185 50
    endloop
  endfacet
  facet normal 0 0 1
    outer loop
      vertex -24.3046 -22.744 50
      vertex -26.968 -22.3098 50
      vertex -25.5139 -23.9591 50
    endloop
  endfacet
  facet normal -0 0 1
    outer loop
      vertex -29.5515 -18.7539 50
      vertex -26.9635 -19.5185 50
      vertex -28.1064 -17.8368 50
    endloop
  endfacet
  facet normal 0 0 1
    outer loop
      vertex -26.8954 -19.6123 50
      vertex -28.3156 -20.5725 50
      vertex -26.968 -22.3098 50
    endloop
  endfacet
  facet normal 0 0 1
    outer loop
      vertex -29.5515 -18.7539 50
      vertex -28.1064 -17.8368 50
      vertex -29.1414 -16.0868 50
    endloop
  endfacet
  facet normal 0 0 1
    outer loop
      vertex -30.6707 -16.8614 50
      vertex -29.1414 -16.0868 50
      vertex -29.1709 -16.0368 50
    endloop
  endfacet
  facet normal 0 0 1
    outer loop
      vertex -30.6707 -16.8614 50
      vertex -29.1709 -16.0368 50
      vertex -29.1972 -15.9852 50
    endloop
  endfacet
  facet normal 0 0 1
    outer loop
      vertex -26.9635 -19.5185 50
      vertex -29.5515 -18.7539 50
      vertex -28.3156 -20.5725 50
    endloop
  endfacet
  facet normal -0 0 1
    outer loop
      vertex -31.6689 -14.9023 50
      vertex -29.1972 -15.9852 50
      vertex -30.1203 -14.1735 50
    endloop
  endfacet
  facet normal 0 0 1
    outer loop
      vertex -29.1414 -16.0868 50
      vertex -30.6707 -16.8614 50
      vertex -29.5515 -18.7539 50
    endloop
  endfacet
  facet normal 0 0 1
    outer loop
      vertex -31.6689 -14.9023 50
      vertex -30.1203 -14.1735 50
      vertex -30.9278 -12.3075 50
    endloop
  endfacet
  facet normal 0 0 1
    outer loop
      vertex -32.5422 -12.8844 50
      vertex -30.9278 -12.3075 50
      vertex -30.9508 -12.2543 50
    endloop
  endfacet
  facet normal 0 0 1
    outer loop
      vertex -32.5422 -12.8844 50
      vertex -30.9508 -12.2543 50
      vertex -31.6396 -10.3413 50
    endloop
  endfacet
  facet normal 0 0 1
    outer loop
      vertex -33.287 -10.8156 50
      vertex -31.6396 -10.3413 50
      vertex -31.6592 -10.2867 50
    endloop
  endfacet
  facet normal 0 0 1
    outer loop
      vertex -29.1972 -15.9852 50
      vertex -31.6689 -14.9023 50
      vertex -30.6707 -16.8614 50
    endloop
  endfacet
  facet normal 0 0 1
    outer loop
      vertex -33.287 -10.8156 50
      vertex -31.6592 -10.2867 50
      vertex -31.6754 -10.231 50
    endloop
  endfacet
  facet normal -0 0 1
    outer loop
      vertex -33.9004 -8.70415 50
      vertex -31.6754 -10.231 50
      vertex -32.2426 -8.2785 50
    endloop
  endfacet
  facet normal 0 0 1
    outer loop
      vertex -33.9004 -8.70415 50
      vertex -32.2426 -8.2785 50
      vertex -32.2553 -8.22191 50
    endloop
  endfacet
  facet normal 0 0 1
    outer loop
      vertex -30.9278 -12.3075 50
      vertex -32.5422 -12.8844 50
      vertex -31.6689 -14.9023 50
    endloop
  endfacet
  facet normal -0 0 1
    outer loop
      vertex -34.3801 -6.55835 50
      vertex -32.2553 -8.22191 50
      vertex -32.6988 -6.23764 50
    endloop
  endfacet
  facet normal 0 0 1
    outer loop
      vertex -34.3801 -6.55835 50
      vertex -32.6988 -6.23764 50
      vertex -33.0169 -4.22942 50
    endloop
  endfacet
  facet normal 0 0 1
    outer loop
      vertex -34.724 -4.38666 50
      vertex -33.0169 -4.22942 50
      vertex -33.026 -4.17215 50
    endloop
  endfacet
  facet normal 0 0 1
    outer loop
      vertex -34.724 -4.38666 50
      vertex -33.026 -4.17215 50
      vertex -33.2173 -2.14793 50
    endloop
  endfacet
  facet normal 0 0 1
    outer loop
      vertex -34.9309 -2.19767 50
      vertex -33.2173 -2.14793 50
      vertex -33.2228 -2.0902 50
    endloop
  endfacet
  facet normal 0 0 1
    outer loop
      vertex -31.6396 -10.3413 50
      vertex -33.287 -10.8156 50
      vertex -32.5422 -12.8844 50
    endloop
  endfacet
  facet normal 0 0 1
    outer loop
      vertex -34.9309 -2.19767 50
      vertex -33.2228 -2.0902 50
      vertex -33.2866 -0.0579605 50
    endloop
  endfacet
  facet normal -0 0 1
    outer loop
      vertex -35 0 50
      vertex -33.2866 -0.0579605 50
      vertex -33.2885 0 50
    endloop
  endfacet
  facet normal 0 0 1
    outer loop
      vertex -33.2173 2.14793 50
      vertex -34.9309 2.19767 50
      vertex -33.2228 2.0902 50
    endloop
  endfacet
  facet normal 0 0 1
    outer loop
      vertex -31.6754 -10.231 50
      vertex -33.9004 -8.70415 50
      vertex -33.287 -10.8156 50
    endloop
  endfacet
  facet normal 0 0 1
    outer loop
      vertex -33.2228 2.0902 50
      vertex -34.9309 2.19767 50
      vertex -33.2866 0.0579605 50
    endloop
  endfacet
  facet normal 0 0 1
    outer loop
      vertex -32.2553 -8.22191 50
      vertex -34.3801 -6.55835 50
      vertex -33.9004 -8.70415 50
    endloop
  endfacet
  facet normal 0 0 1
    outer loop
      vertex -35 0 50
      vertex -33.2866 0.0579605 50
      vertex -34.9309 2.19767 50
    endloop
  endfacet
  facet normal 0 0 1
    outer loop
      vertex -33.0169 -4.22942 50
      vertex -34.724 -4.38666 50
      vertex -34.3801 -6.55835 50
    endloop
  endfacet
  facet normal 0 0 1
    outer loop
      vertex -33.2866 0.0579605 50
      vertex -35 0 50
      vertex -33.2885 0 50
    endloop
  endfacet
  facet normal 0 0 1
    outer loop
      vertex -33.2173 -2.14793 50
      vertex -34.9309 -2.19767 50
      vertex -34.724 -4.38666 50
    endloop
  endfacet
  facet normal 0 0 1
    outer loop
      vertex -33.2866 -0.0579605 50
      vertex -35 0 50
      vertex -34.9309 -2.19767 50
    endloop
  endfacet
  facet normal 0.824479 -0.487586 0.287218
    outer loop
      vertex 30.6707 -16.8614 50
      vertex 29.5515 -18.7539 50
      vertex 43.8153 -24.0877 0
    endloop
  endfacet
  facet normal -0.792235 -0.538394 0.287219
    outer loop
      vertex -29.5515 -18.7539 50
      vertex -40.4509 -29.3893 0
      vertex -28.3156 -20.5725 50
    endloop
  endfacet
  facet normal 0.434884 -0.853453 0.287219
    outer loop
      vertex 24.0877 -43.8153 0
      vertex 14.9023 -31.6689 50
      vertex 21.289 -45.2414 0
    endloop
  endfacet
  facet normal -0.677313 -0.677313 0.287219
    outer loop
      vertex -36.4484 -34.2274 0
      vertex -23.9591 -25.5139 50
      vertex -25.5139 -23.9591 50
    endloop
  endfacet
  facet normal -0.677313 -0.677313 0.287219
    outer loop
      vertex -23.9591 -25.5139 50
      vertex -36.4484 -34.2274 0
      vertex -34.2274 -36.4484 0
    endloop
  endfacet
  facet normal -0.434858 -0.853466 0.287218
    outer loop
      vertex -16.8614 -30.6707 50
      vertex -24.0877 -43.8153 0
      vertex -14.9023 -31.6689 50
    endloop
  endfacet
  facet normal -0.434884 -0.853453 0.287219
    outer loop
      vertex -14.9023 -31.6689 50
      vertex -24.0877 -43.8153 0
      vertex -21.289 -45.2414 0
    endloop
  endfacet
  facet normal -0.0901343 -0.953615 0.287217
    outer loop
      vertex -4.38666 -34.724 50
      vertex -6.26666 -49.6057 0
      vertex -2.19767 -34.9309 50
    endloop
  endfacet
  facet normal 0.587086 -0.756859 0.287219
    outer loop
      vertex 22.3098 -26.968 50
      vertex 20.5725 -28.3156 50
      vertex 29.3893 -40.4509 0
    endloop
  endfacet
  facet normal 0.538394 -0.792235 0.287219
    outer loop
      vertex 20.5725 -28.3156 50
      vertex 18.7539 -29.5515 50
      vertex 29.3893 -40.4509 0
    endloop
  endfacet
  facet normal -0.32446 -0.901239 0.287217
    outer loop
      vertex -12.8844 -32.5422 50
      vertex -18.4062 -46.4888 0
      vertex -10.8156 -33.287 50
    endloop
  endfacet
  facet normal -0.960386 -0.0301828 -0.277034
    outer loop
      vertex 47.7115 0 0
      vertex 33.2866 0.0579605 50
      vertex 47.6186 2.95598 0
    endloop
  endfacet
  facet normal -0.960348 -0.0314811 -0.277022
    outer loop
      vertex 33.2866 0.0579605 50
      vertex 47.7115 0 0
      vertex 33.2885 0 50
    endloop
  endfacet
  facet normal -0.210406 -0.937551 -0.276997
    outer loop
      vertex 8.97916 46.8577 0
      vertex 8.2785 32.2426 50
      vertex 8.22191 32.2553 50
    endloop
  endfacet
  facet normal -0.209589 -0.937723 -0.277035
    outer loop
      vertex 8.2785 32.2426 50
      vertex 8.97916 46.8577 0
      vertex 11.8654 46.2126 0
    endloop
  endfacet
  facet normal 0.38162 -0.881826 -0.277035
    outer loop
      vertex -17.5638 44.3611 0
      vertex -12.3075 30.9278 50
      vertex -20.278 43.1865 0
    endloop
  endfacet
  facet normal 0.3813 -0.881964 -0.277038
    outer loop
      vertex -12.3075 30.9278 50
      vertex -17.5638 44.3611 0
      vertex -12.2543 30.9508 50
    endloop
  endfacet
  facet normal 0.436234 -0.856126 -0.277034
    outer loop
      vertex -20.3501 43.1526 0
      vertex -16.0368 29.1709 50
      vertex -22.9852 41.8099 0
    endloop
  endfacet
  facet normal 0.436334 -0.856077 -0.277029
    outer loop
      vertex -16.0368 29.1709 50
      vertex -20.3501 43.1526 0
      vertex -15.9852 29.1972 50
    endloop
  endfacet
  facet normal -0.325512 -0.904043 -0.277036
    outer loop
      vertex 17.5263 44.3746 0
      vertex 12.2543 30.9508 50
      vertex 10.3413 31.6396 50
    endloop
  endfacet
  facet normal -0.325462 -0.904061 -0.277035
    outer loop
      vertex 12.2543 30.9508 50
      vertex 17.5263 44.3746 0
      vertex 17.5638 44.3611 0
    endloop
  endfacet
  facet normal 0.209589 -0.937723 -0.277035
    outer loop
      vertex -8.97916 46.8577 0
      vertex -8.2785 32.2426 50
      vertex -11.8654 46.2126 0
    endloop
  endfacet
  facet normal 0.210406 -0.937551 -0.276997
    outer loop
      vertex -8.2785 32.2426 50
      vertex -8.97916 46.8577 0
      vertex -8.22191 32.2553 50
    endloop
  endfacet
  facet normal 0.268342 0.922633 -0.277022
    outer loop
      vertex -11.9037 -46.2015 0
      vertex -10.2867 -31.6592 50
      vertex -10.231 -31.6754 50
    endloop
  endfacet
  facet normal 0.268072 0.922707 -0.277035
    outer loop
      vertex -10.2867 -31.6592 50
      vertex -11.9037 -46.2015 0
      vertex -14.7437 -45.3764 0
    endloop
  endfacet
  facet normal 0.794705 0.540089 -0.277035
    outer loop
      vertex -26.9635 -19.5185 50
      vertex -40.2842 -25.5651 0
      vertex -28.1064 -17.8368 50
    endloop
  endfacet
  facet normal 0.795002 0.539638 -0.277059
    outer loop
      vertex -40.2842 -25.5651 0
      vertex -26.9635 -19.5185 50
      vertex -40.2618 -25.5981 0
    endloop
  endfacet
  facet normal -0.922875 -0.267465 -0.277063
    outer loop
      vertex 46.2126 11.8654 0
      vertex 31.6754 10.231 50
      vertex 46.2015 11.9037 0
    endloop
  endfacet
  facet normal -0.922714 -0.268048 -0.277036
    outer loop
      vertex 31.6754 10.231 50
      vertex 46.2126 11.8654 0
      vertex 32.2426 8.2785 50
    endloop
  endfacet
  facet normal -0.325462 0.904061 -0.277035
    outer loop
      vertex 17.5263 -44.3746 0
      vertex 12.2543 -30.9508 50
      vertex 17.5638 -44.3611 0
    endloop
  endfacet
  facet normal -0.325512 0.904043 -0.277036
    outer loop
      vertex 12.2543 -30.9508 50
      vertex 17.5263 -44.3746 0
      vertex 10.3413 -31.6396 50
    endloop
  endfacet
  facet normal -0.881826 -0.38162 -0.277035
    outer loop
      vertex 44.3611 17.5638 0
      vertex 30.9278 12.3075 50
      vertex 43.1865 20.278 0
    endloop
  endfacet
  facet normal -0.881964 -0.3813 -0.277038
    outer loop
      vertex 30.9278 12.3075 50
      vertex 44.3611 17.5638 0
      vertex 30.9508 12.2543 50
    endloop
  endfacet
  facet normal -0.882171 -0.380828 -0.277028
    outer loop
      vertex 43.1865 20.278 0
      vertex 30.1203 14.1735 50
      vertex 43.1707 20.3146 0
    endloop
  endfacet
  facet normal -0.881832 -0.381607 -0.277034
    outer loop
      vertex 30.1203 14.1735 50
      vertex 43.1865 20.278 0
      vertex 30.9278 12.3075 50
    endloop
  endfacet
  facet normal -0.3813 -0.881964 -0.277038
    outer loop
      vertex 17.5638 44.3611 0
      vertex 12.3075 30.9278 50
      vertex 12.2543 30.9508 50
    endloop
  endfacet
  facet normal -0.38162 -0.881826 -0.277035
    outer loop
      vertex 12.3075 30.9278 50
      vertex 17.5638 44.3611 0
      vertex 20.278 43.1865 0
    endloop
  endfacet
  facet normal -0.63544 -0.720742 -0.277034
    outer loop
      vertex 30.4125 36.7624 0
      vertex 22.744 24.3046 50
      vertex 21.2189 25.6492 50
    endloop
  endfacet
  facet normal -0.635971 -0.720285 -0.277002
    outer loop
      vertex 22.744 24.3046 50
      vertex 30.4125 36.7624 0
      vertex 30.4424 36.736 0
    endloop
  endfacet
  facet normal 0.881964 0.3813 -0.277038
    outer loop
      vertex -30.9278 -12.3075 50
      vertex -44.3611 -17.5638 0
      vertex -30.9508 -12.2543 50
    endloop
  endfacet
  facet normal 0.881826 0.38162 -0.277035
    outer loop
      vertex -44.3611 -17.5638 0
      vertex -30.9278 -12.3075 50
      vertex -43.1865 -20.278 0
    endloop
  endfacet
  facet normal 0.759625 -0.588408 -0.277029
    outer loop
      vertex -25.6492 21.2189 50
      vertex -36.7868 30.381 0
      vertex -36.7624 30.4125 0
    endloop
  endfacet
  facet normal 0.75923 -0.588916 -0.277034
    outer loop
      vertex -36.7868 30.381 0
      vertex -25.6492 21.2189 50
      vertex -26.8954 19.6123 50
    endloop
  endfacet
  facet normal -0.948956 0.150786 -0.27703
    outer loop
      vertex 47.3353 -5.97984 0
      vertex 33.0169 -4.22942 50
      vertex 33.026 -4.17215 50
    endloop
  endfacet
  facet normal -0.949033 0.150297 -0.277034
    outer loop
      vertex 33.0169 -4.22942 50
      vertex 47.3353 -5.97984 0
      vertex 46.8727 -8.90087 0
    endloop
  endfacet
  facet normal -0.150786 -0.948956 -0.27703
    outer loop
      vertex 5.97984 47.3353 0
      vertex 4.22942 33.0169 50
      vertex 4.17215 33.026 50
    endloop
  endfacet
  facet normal -0.150297 -0.949033 -0.277034
    outer loop
      vertex 4.22942 33.0169 50
      vertex 5.97984 47.3353 0
      vertex 8.90087 46.8727 0
    endloop
  endfacet
  facet normal -0.827062 -0.489102 -0.277033
    outer loop
      vertex 41.8099 22.9852 0
      vertex 29.1414 16.0868 50
      vertex 40.3045 25.5308 0
    endloop
  endfacet
  facet normal -0.827557 -0.488259 -0.277042
    outer loop
      vertex 29.1414 16.0868 50
      vertex 41.8099 22.9852 0
      vertex 29.1709 16.0368 50
    endloop
  endfacet
  facet normal 0.63544 0.720742 -0.277034
    outer loop
      vertex -30.4125 -36.7624 0
      vertex -22.744 -24.3046 50
      vertex -21.2189 -25.6492 50
    endloop
  endfacet
  facet normal 0.635971 0.720285 -0.277002
    outer loop
      vertex -22.744 -24.3046 50
      vertex -30.4125 -36.7624 0
      vertex -30.4424 -36.736 0
    endloop
  endfacet
  facet normal -0.956596 -0.0904184 -0.277035
    outer loop
      vertex 47.6174 2.99583 0
      vertex 33.2173 2.14793 50
      vertex 47.3391 5.94015 0
    endloop
  endfacet
  facet normal -0.956531 -0.0911297 -0.277028
    outer loop
      vertex 33.2173 2.14793 50
      vertex 47.6174 2.99583 0
      vertex 33.2228 2.0902 50
    endloop
  endfacet
  facet normal 0.85602 -0.43645 -0.277023
    outer loop
      vertex -29.1972 15.9852 50
      vertex -43.1707 20.3146 0
      vertex -43.1526 20.3501 0
    endloop
  endfacet
  facet normal 0.856134 -0.436219 -0.277035
    outer loop
      vertex -43.1707 20.3146 0
      vertex -29.1972 15.9852 50
      vertex -30.1203 14.1735 50
    endloop
  endfacet
  facet normal 0.904043 0.325512 -0.277036
    outer loop
      vertex -30.9508 -12.2543 50
      vertex -44.3746 -17.5263 0
      vertex -31.6396 -10.3413 50
    endloop
  endfacet
  facet normal 0.904061 0.325462 -0.277035
    outer loop
      vertex -44.3746 -17.5263 0
      vertex -30.9508 -12.2543 50
      vertex -44.3611 -17.5638 0
    endloop
  endfacet
  facet normal -0.720285 -0.635971 -0.277002
    outer loop
      vertex 36.7624 30.4125 0
      vertex 24.3046 22.744 50
      vertex 36.736 30.4424 0
    endloop
  endfacet
  facet normal -0.720742 -0.63544 -0.277034
    outer loop
      vertex 24.3046 22.744 50
      vertex 36.7624 30.4125 0
      vertex 25.6492 21.2189 50
    endloop
  endfacet
  facet normal -0.0915757 0.956484 -0.277043
    outer loop
      vertex 5.94015 -47.3391 0
      vertex 4.17215 -33.026 50
      vertex 5.97984 -47.3353 0
    endloop
  endfacet
  facet normal -0.0904038 0.956598 -0.277034
    outer loop
      vertex 4.17215 -33.026 50
      vertex 5.94015 -47.3391 0
      vertex 2.14793 -33.2173 50
    endloop
  endfacet
  facet normal -0.0301503 -0.960387 -0.277033
    outer loop
      vertex 2.95598 47.6186 0
      vertex 2.0902 33.2228 50
      vertex 0.0579605 33.2866 50
    endloop
  endfacet
  facet normal -0.0289213 -0.960428 -0.277023
    outer loop
      vertex 2.0902 33.2228 50
      vertex 2.95598 47.6186 0
      vertex 2.99583 47.6174 0
    endloop
  endfacet
  facet normal -0.540106 0.794694 -0.277034
    outer loop
      vertex 25.5981 -40.2618 0
      vertex 19.5665 -26.9309 50
      vertex 28.0441 -38.5994 0
    endloop
  endfacet
  facet normal -0.539846 0.794865 -0.277048
    outer loop
      vertex 19.5665 -26.9309 50
      vertex 25.5981 -40.2618 0
      vertex 19.5185 -26.9635 50
    endloop
  endfacet
  facet normal 0.381607 0.881832 -0.277034
    outer loop
      vertex -20.278 -43.1865 0
      vertex -14.1735 -30.1203 50
      vertex -12.3075 -30.9278 50
    endloop
  endfacet
  facet normal 0.380828 0.882171 -0.277028
    outer loop
      vertex -14.1735 -30.1203 50
      vertex -20.278 -43.1865 0
      vertex -20.3146 -43.1707 0
    endloop
  endfacet
  facet normal -0.150297 0.949033 -0.277034
    outer loop
      vertex 5.97984 -47.3353 0
      vertex 4.22942 -33.0169 50
      vertex 8.90087 -46.8727 0
    endloop
  endfacet
  facet normal -0.150786 0.948956 -0.27703
    outer loop
      vertex 4.22942 -33.0169 50
      vertex 5.97984 -47.3353 0
      vertex 4.17215 -33.026 50
    endloop
  endfacet
  facet normal -0.489102 0.827062 -0.277033
    outer loop
      vertex 22.9852 -41.8099 0
      vertex 16.0868 -29.1414 50
      vertex 25.5308 -40.3045 0
    endloop
  endfacet
  facet normal -0.488259 0.827557 -0.277042
    outer loop
      vertex 16.0868 -29.1414 50
      vertex 22.9852 -41.8099 0
      vertex 16.0368 -29.1709 50
    endloop
  endfacet
  facet normal -0.32464 -0.904354 -0.277043
    outer loop
      vertex 14.7437 45.3764 0
      vertex 10.3413 31.6396 50
      vertex 10.2867 31.6592 50
    endloop
  endfacet
  facet normal -0.32548 -0.904055 -0.277034
    outer loop
      vertex 10.3413 31.6396 50
      vertex 14.7437 45.3764 0
      vertex 17.5263 44.3746 0
    endloop
  endfacet
  facet normal -0.67943 0.67943 -0.277035
    outer loop
      vertex 34.7802 -32.6608 0
      vertex 22.7875 -24.2662 50
      vertex 24.2662 -22.7875 50
    endloop
  endfacet
  facet normal -0.67943 0.67943 -0.277035
    outer loop
      vertex 22.7875 -24.2662 50
      vertex 34.7802 -32.6608 0
      vertex 32.6608 -34.7802 0
    endloop
  endfacet
  facet normal 0.539638 -0.795002 -0.277059
    outer loop
      vertex -25.5651 40.2842 0
      vertex -19.5185 26.9635 50
      vertex -25.5981 40.2618 0
    endloop
  endfacet
  facet normal 0.540089 -0.794705 -0.277035
    outer loop
      vertex -19.5185 26.9635 50
      vertex -25.5651 40.2842 0
      vertex -17.8368 28.1064 50
    endloop
  endfacet
  facet normal 0.32548 -0.904055 -0.277034
    outer loop
      vertex -14.7437 45.3764 0
      vertex -10.3413 31.6396 50
      vertex -17.5263 44.3746 0
    endloop
  endfacet
  facet normal 0.32464 -0.904354 -0.277043
    outer loop
      vertex -10.3413 31.6396 50
      vertex -14.7437 45.3764 0
      vertex -10.2867 31.6592 50
    endloop
  endfacet
  facet normal -0.539846 -0.794865 -0.277048
    outer loop
      vertex 25.5981 40.2618 0
      vertex 19.5665 26.9309 50
      vertex 19.5185 26.9635 50
    endloop
  endfacet
  facet normal -0.540106 -0.794694 -0.277034
    outer loop
      vertex 19.5665 26.9309 50
      vertex 25.5981 40.2618 0
      vertex 28.0441 38.5994 0
    endloop
  endfacet
  facet normal 0.436334 0.856077 -0.277029
    outer loop
      vertex -20.3501 -43.1526 0
      vertex -16.0368 -29.1709 50
      vertex -15.9852 -29.1972 50
    endloop
  endfacet
  facet normal 0.436234 0.856126 -0.277034
    outer loop
      vertex -16.0368 -29.1709 50
      vertex -20.3501 -43.1526 0
      vertex -22.9852 -41.8099 0
    endloop
  endfacet
  facet normal -0.381607 -0.881832 -0.277034
    outer loop
      vertex 20.278 43.1865 0
      vertex 14.1735 30.1203 50
      vertex 12.3075 30.9278 50
    endloop
  endfacet
  facet normal -0.380828 -0.882171 -0.277028
    outer loop
      vertex 14.1735 30.1203 50
      vertex 20.278 43.1865 0
      vertex 20.3146 43.1707 0
    endloop
  endfacet
  facet normal -0.922707 -0.268072 -0.277035
    outer loop
      vertex 46.2015 11.9037 0
      vertex 31.6592 10.2867 50
      vertex 45.3764 14.7437 0
    endloop
  endfacet
  facet normal -0.922633 -0.268342 -0.277022
    outer loop
      vertex 31.6592 10.2867 50
      vertex 46.2015 11.9037 0
      vertex 31.6754 10.231 50
    endloop
  endfacet
  facet normal 0.759242 -0.588901 -0.277033
    outer loop
      vertex -26.8954 19.6123 50
      vertex -38.5994 28.0441 0
      vertex -36.7868 30.381 0
    endloop
  endfacet
  facet normal 0.759438 -0.588647 -0.277036
    outer loop
      vertex -38.5994 28.0441 0
      vertex -26.8954 19.6123 50
      vertex -26.9309 19.5665 50
    endloop
  endfacet
  facet normal -0.856126 -0.436234 -0.277034
    outer loop
      vertex 43.1526 20.3501 0
      vertex 29.1709 16.0368 50
      vertex 41.8099 22.9852 0
    endloop
  endfacet
  facet normal -0.856077 -0.436334 -0.277029
    outer loop
      vertex 29.1709 16.0368 50
      vertex 43.1526 20.3501 0
      vertex 29.1972 15.9852 50
    endloop
  endfacet
  facet normal -0.937723 0.209589 -0.277034
    outer loop
      vertex 46.8664 -8.94025 0
      vertex 32.2553 -8.22191 50
      vertex 32.6988 -6.23764 50
    endloop
  endfacet
  facet normal -0.937707 0.209665 -0.277031
    outer loop
      vertex 32.2553 -8.22191 50
      vertex 46.8664 -8.94025 0
      vertex 46.8577 -8.97916 0
    endloop
  endfacet
  facet normal -0.151787 0.948792 -0.277046
    outer loop
      vertex 8.90087 -46.8727 0
      vertex 6.23764 -32.6988 50
      vertex 8.94025 -46.8664 0
    endloop
  endfacet
  facet normal -0.150325 0.949028 -0.277035
    outer loop
      vertex 6.23764 -32.6988 50
      vertex 8.90087 -46.8727 0
      vertex 4.22942 -33.0169 50
    endloop
  endfacet
  facet normal -0.937723 -0.209589 -0.277035
    outer loop
      vertex 46.8577 8.97916 0
      vertex 32.2426 8.2785 50
      vertex 46.2126 11.8654 0
    endloop
  endfacet
  facet normal -0.937551 -0.210406 -0.276997
    outer loop
      vertex 32.2426 8.2785 50
      vertex 46.8577 8.97916 0
      vertex 32.2553 8.22191 50
    endloop
  endfacet
  facet normal -0.856077 0.436334 -0.277029
    outer loop
      vertex 43.1526 -20.3501 0
      vertex 29.1709 -16.0368 50
      vertex 29.1972 -15.9852 50
    endloop
  endfacet
  facet normal -0.856126 0.436234 -0.277034
    outer loop
      vertex 29.1709 -16.0368 50
      vertex 43.1526 -20.3501 0
      vertex 41.8099 -22.9852 0
    endloop
  endfacet
  facet normal -0.635431 0.720749 -0.277035
    outer loop
      vertex 30.4424 -36.736 0
      vertex 22.7875 -24.2662 50
      vertex 32.6608 -34.7802 0
    endloop
  endfacet
  facet normal -0.635895 0.72035 -0.277007
    outer loop
      vertex 22.7875 -24.2662 50
      vertex 30.4424 -36.736 0
      vertex 22.744 -24.3046 50
    endloop
  endfacet
  facet normal -0.0904038 -0.956598 -0.277034
    outer loop
      vertex 5.94015 47.3391 0
      vertex 4.17215 33.026 50
      vertex 2.14793 33.2173 50
    endloop
  endfacet
  facet normal -0.0915757 -0.956484 -0.277043
    outer loop
      vertex 4.17215 33.026 50
      vertex 5.94015 47.3391 0
      vertex 5.97984 47.3353 0
    endloop
  endfacet
  facet normal 0.0911297 0.956531 -0.277028
    outer loop
      vertex -2.99583 -47.6174 0
      vertex -2.14793 -33.2173 50
      vertex -2.0902 -33.2228 50
    endloop
  endfacet
  facet normal 0.0904184 0.956596 -0.277035
    outer loop
      vertex -2.14793 -33.2173 50
      vertex -2.99583 -47.6174 0
      vertex -5.94015 -47.3391 0
    endloop
  endfacet
  facet normal -0.150325 -0.949028 -0.277035
    outer loop
      vertex 8.90087 46.8727 0
      vertex 6.23764 32.6988 50
      vertex 4.22942 33.0169 50
    endloop
  endfacet
  facet normal -0.151787 -0.948792 -0.277046
    outer loop
      vertex 6.23764 32.6988 50
      vertex 8.90087 46.8727 0
      vertex 8.94025 46.8664 0
    endloop
  endfacet
  facet normal -0.937551 0.210406 -0.276997
    outer loop
      vertex 46.8577 -8.97916 0
      vertex 32.2426 -8.2785 50
      vertex 32.2553 -8.22191 50
    endloop
  endfacet
  facet normal -0.937723 0.209589 -0.277035
    outer loop
      vertex 32.2426 -8.2785 50
      vertex 46.8577 -8.97916 0
      vertex 46.2126 -11.8654 0
    endloop
  endfacet
  facet normal -0.881964 0.3813 -0.277038
    outer loop
      vertex 44.3611 -17.5638 0
      vertex 30.9278 -12.3075 50
      vertex 30.9508 -12.2543 50
    endloop
  endfacet
  facet normal -0.881826 0.38162 -0.277035
    outer loop
      vertex 30.9278 -12.3075 50
      vertex 44.3611 -17.5638 0
      vertex 43.1865 -20.278 0
    endloop
  endfacet
  facet normal 0.489102 -0.827062 -0.277033
    outer loop
      vertex -22.9852 41.8099 0
      vertex -16.0868 29.1414 50
      vertex -25.5308 40.3045 0
    endloop
  endfacet
  facet normal 0.488259 -0.827557 -0.277042
    outer loop
      vertex -16.0868 29.1414 50
      vertex -22.9852 41.8099 0
      vertex -16.0368 29.1709 50
    endloop
  endfacet
  facet normal 0.856126 -0.436234 -0.277034
    outer loop
      vertex -29.1709 16.0368 50
      vertex -43.1526 20.3501 0
      vertex -41.8099 22.9852 0
    endloop
  endfacet
  facet normal 0.856077 -0.436334 -0.277029
    outer loop
      vertex -43.1526 20.3501 0
      vertex -29.1709 16.0368 50
      vertex -29.1972 15.9852 50
    endloop
  endfacet
  facet normal 0.325462 -0.904061 -0.277035
    outer loop
      vertex -17.5263 44.3746 0
      vertex -12.2543 30.9508 50
      vertex -17.5638 44.3611 0
    endloop
  endfacet
  facet normal 0.325512 -0.904043 -0.277036
    outer loop
      vertex -12.2543 30.9508 50
      vertex -17.5263 44.3746 0
      vertex -10.3413 31.6396 50
    endloop
  endfacet
  facet normal 0.904354 0.32464 -0.277043
    outer loop
      vertex -31.6396 -10.3413 50
      vertex -45.3764 -14.7437 0
      vertex -31.6592 -10.2867 50
    endloop
  endfacet
  facet normal 0.904055 0.32548 -0.277034
    outer loop
      vertex -45.3764 -14.7437 0
      vertex -31.6396 -10.3413 50
      vertex -44.3746 -17.5263 0
    endloop
  endfacet
  facet normal -0.794694 -0.540106 -0.277034
    outer loop
      vertex 40.2618 25.5981 0
      vertex 26.9309 19.5665 50
      vertex 38.5994 28.0441 0
    endloop
  endfacet
  facet normal -0.794865 -0.539846 -0.277048
    outer loop
      vertex 26.9309 19.5665 50
      vertex 40.2618 25.5981 0
      vertex 26.9635 19.5185 50
    endloop
  endfacet
  facet normal 0.635431 -0.720749 -0.277035
    outer loop
      vertex -30.4424 36.736 0
      vertex -22.7875 24.2662 50
      vertex -32.6608 34.7802 0
    endloop
  endfacet
  facet normal 0.635895 -0.72035 -0.277007
    outer loop
      vertex -22.7875 24.2662 50
      vertex -30.4424 36.736 0
      vertex -22.744 24.3046 50
    endloop
  endfacet
  facet normal -0.759242 -0.588901 -0.277033
    outer loop
      vertex 38.5994 28.0441 0
      vertex 26.8954 19.6123 50
      vertex 36.7868 30.381 0
    endloop
  endfacet
  facet normal -0.759438 -0.588647 -0.277036
    outer loop
      vertex 26.8954 19.6123 50
      vertex 38.5994 28.0441 0
      vertex 26.9309 19.5665 50
    endloop
  endfacet
  facet normal -0.826893 -0.489386 -0.277037
    outer loop
      vertex 40.3045 25.5308 0
      vertex 28.1064 17.8368 50
      vertex 40.2842 25.5651 0
    endloop
  endfacet
  facet normal -0.827041 -0.489136 -0.277035
    outer loop
      vertex 28.1064 17.8368 50
      vertex 40.3045 25.5308 0
      vertex 29.1414 16.0868 50
    endloop
  endfacet
  facet normal -0.588901 0.759242 -0.277033
    outer loop
      vertex 28.0441 -38.5994 0
      vertex 19.6123 -26.8954 50
      vertex 30.381 -36.7868 0
    endloop
  endfacet
  facet normal -0.588647 0.759438 -0.277036
    outer loop
      vertex 19.6123 -26.8954 50
      vertex 28.0441 -38.5994 0
      vertex 19.5665 -26.9309 50
    endloop
  endfacet
  facet normal 0.32464 0.904354 -0.277043
    outer loop
      vertex -14.7437 -45.3764 0
      vertex -10.3413 -31.6396 50
      vertex -10.2867 -31.6592 50
    endloop
  endfacet
  facet normal 0.32548 0.904055 -0.277034
    outer loop
      vertex -10.3413 -31.6396 50
      vertex -14.7437 -45.3764 0
      vertex -17.5263 -44.3746 0
    endloop
  endfacet
  facet normal -0.0911297 -0.956531 -0.277028
    outer loop
      vertex 2.99583 47.6174 0
      vertex 2.14793 33.2173 50
      vertex 2.0902 33.2228 50
    endloop
  endfacet
  facet normal -0.0904184 -0.956596 -0.277035
    outer loop
      vertex 2.14793 33.2173 50
      vertex 2.99583 47.6174 0
      vertex 5.94015 47.3391 0
    endloop
  endfacet
  facet normal 0.960387 0.0301503 -0.277033
    outer loop
      vertex -33.2228 -2.0902 50
      vertex -47.6186 -2.95598 0
      vertex -33.2866 -0.0579605 50
    endloop
  endfacet
  facet normal 0.960428 0.0289213 -0.277023
    outer loop
      vertex -47.6186 -2.95598 0
      vertex -33.2228 -2.0902 50
      vertex -47.6174 -2.99583 0
    endloop
  endfacet
  facet normal -0.436234 0.856126 -0.277034
    outer loop
      vertex 20.3501 -43.1526 0
      vertex 16.0368 -29.1709 50
      vertex 22.9852 -41.8099 0
    endloop
  endfacet
  facet normal -0.436334 0.856077 -0.277029
    outer loop
      vertex 16.0368 -29.1709 50
      vertex 20.3501 -43.1526 0
      vertex 15.9852 -29.1972 50
    endloop
  endfacet
  facet normal -0.489136 -0.827041 -0.277035
    outer loop
      vertex 25.5308 40.3045 0
      vertex 17.8368 28.1064 50
      vertex 16.0868 29.1414 50
    endloop
  endfacet
  facet normal -0.489386 -0.826893 -0.277037
    outer loop
      vertex 17.8368 28.1064 50
      vertex 25.5308 40.3045 0
      vertex 25.5651 40.2842 0
    endloop
  endfacet
  facet normal -0.948792 -0.151787 -0.277046
    outer loop
      vertex 46.8727 8.90087 0
      vertex 32.6988 6.23764 50
      vertex 46.8664 8.94025 0
    endloop
  endfacet
  facet normal -0.949028 -0.150325 -0.277035
    outer loop
      vertex 32.6988 6.23764 50
      vertex 46.8727 8.90087 0
      vertex 33.0169 4.22942 50
    endloop
  endfacet
  facet normal -0.720749 -0.635431 -0.277035
    outer loop
      vertex 36.736 30.4424 0
      vertex 24.2662 22.7875 50
      vertex 34.7802 32.6608 0
    endloop
  endfacet
  facet normal -0.72035 -0.635895 -0.277007
    outer loop
      vertex 24.2662 22.7875 50
      vertex 36.736 30.4424 0
      vertex 24.3046 22.744 50
    endloop
  endfacet
  facet normal -0.489386 0.826893 -0.277037
    outer loop
      vertex 25.5308 -40.3045 0
      vertex 17.8368 -28.1064 50
      vertex 25.5651 -40.2842 0
    endloop
  endfacet
  facet normal -0.489136 0.827041 -0.277035
    outer loop
      vertex 17.8368 -28.1064 50
      vertex 25.5308 -40.3045 0
      vertex 16.0868 -29.1414 50
    endloop
  endfacet
  facet normal 0.948792 -0.151787 -0.277046
    outer loop
      vertex -32.6988 6.23764 50
      vertex -46.8727 8.90087 0
      vertex -46.8664 8.94025 0
    endloop
  endfacet
  facet normal 0.949028 -0.150325 -0.277035
    outer loop
      vertex -46.8727 8.90087 0
      vertex -32.6988 6.23764 50
      vertex -33.0169 4.22942 50
    endloop
  endfacet
  facet normal 0.150297 -0.949033 -0.277034
    outer loop
      vertex -5.97984 47.3353 0
      vertex -4.22942 33.0169 50
      vertex -8.90087 46.8727 0
    endloop
  endfacet
  facet normal 0.150786 -0.948956 -0.27703
    outer loop
      vertex -4.22942 33.0169 50
      vertex -5.97984 47.3353 0
      vertex -4.17215 33.026 50
    endloop
  endfacet
  facet normal -0.436334 -0.856077 -0.277029
    outer loop
      vertex 20.3501 43.1526 0
      vertex 16.0368 29.1709 50
      vertex 15.9852 29.1972 50
    endloop
  endfacet
  facet normal -0.436234 -0.856126 -0.277034
    outer loop
      vertex 16.0368 29.1709 50
      vertex 20.3501 43.1526 0
      vertex 22.9852 41.8099 0
    endloop
  endfacet
  facet normal -0.540089 -0.794705 -0.277035
    outer loop
      vertex 25.5651 40.2842 0
      vertex 19.5185 26.9635 50
      vertex 17.8368 28.1064 50
    endloop
  endfacet
  facet normal -0.539638 -0.795002 -0.277059
    outer loop
      vertex 19.5185 26.9635 50
      vertex 25.5651 40.2842 0
      vertex 25.5981 40.2618 0
    endloop
  endfacet
  facet normal -0.960348 0.0314811 -0.277022
    outer loop
      vertex 47.7115 0 0
      vertex 33.2866 -0.0579605 50
      vertex 33.2885 0 50
    endloop
  endfacet
  facet normal -0.960386 0.0301828 -0.277034
    outer loop
      vertex 33.2866 -0.0579605 50
      vertex 47.7115 0 0
      vertex 47.6186 -2.95598 0
    endloop
  endfacet
  facet normal 0.937723 -0.209589 -0.277035
    outer loop
      vertex -32.2426 8.2785 50
      vertex -46.8577 8.97916 0
      vertex -46.2126 11.8654 0
    endloop
  endfacet
  facet normal 0.937551 -0.210406 -0.276997
    outer loop
      vertex -46.8577 8.97916 0
      vertex -32.2426 8.2785 50
      vertex -32.2553 8.22191 50
    endloop
  endfacet
  facet normal -0.949033 -0.150297 -0.277034
    outer loop
      vertex 47.3353 5.97984 0
      vertex 33.0169 4.22942 50
      vertex 46.8727 8.90087 0
    endloop
  endfacet
  facet normal -0.948956 -0.150786 -0.27703
    outer loop
      vertex 33.0169 4.22942 50
      vertex 47.3353 5.97984 0
      vertex 33.026 4.17215 50
    endloop
  endfacet
  facet normal -0.32548 0.904055 -0.277034
    outer loop
      vertex 14.7437 -45.3764 0
      vertex 10.3413 -31.6396 50
      vertex 17.5263 -44.3746 0
    endloop
  endfacet
  facet normal -0.32464 0.904354 -0.277043
    outer loop
      vertex 10.3413 -31.6396 50
      vertex 14.7437 -45.3764 0
      vertex 10.2867 -31.6592 50
    endloop
  endfacet
  facet normal 0.794694 -0.540106 -0.277034
    outer loop
      vertex -26.9309 19.5665 50
      vertex -40.2618 25.5981 0
      vertex -38.5994 28.0441 0
    endloop
  endfacet
  facet normal 0.794865 -0.539846 -0.277048
    outer loop
      vertex -40.2618 25.5981 0
      vertex -26.9309 19.5665 50
      vertex -26.9635 19.5185 50
    endloop
  endfacet
  facet normal -0.0314811 -0.960348 -0.277022
    outer loop
      vertex 0 47.7115 0
      vertex 0.0579605 33.2866 50
      vertex 0 33.2885 50
    endloop
  endfacet
  facet normal -0.0301828 -0.960386 -0.277034
    outer loop
      vertex 0.0579605 33.2866 50
      vertex 0 47.7115 0
      vertex 2.95598 47.6186 0
    endloop
  endfacet
  facet normal -0.85602 -0.43645 -0.277023
    outer loop
      vertex 43.1707 20.3146 0
      vertex 29.1972 15.9852 50
      vertex 43.1526 20.3501 0
    endloop
  endfacet
  facet normal -0.856134 -0.436219 -0.277035
    outer loop
      vertex 29.1972 15.9852 50
      vertex 43.1707 20.3146 0
      vertex 30.1203 14.1735 50
    endloop
  endfacet
  facet normal -0.267465 0.922875 -0.277063
    outer loop
      vertex 11.8654 -46.2126 0
      vertex 10.231 -31.6754 50
      vertex 11.9037 -46.2015 0
    endloop
  endfacet
  facet normal -0.268048 0.922714 -0.277036
    outer loop
      vertex 10.231 -31.6754 50
      vertex 11.8654 -46.2126 0
      vertex 8.2785 -32.2426 50
    endloop
  endfacet
  facet normal 0.540106 -0.794694 -0.277034
    outer loop
      vertex -25.5981 40.2618 0
      vertex -19.5665 26.9309 50
      vertex -28.0441 38.5994 0
    endloop
  endfacet
  facet normal 0.539846 -0.794865 -0.277048
    outer loop
      vertex -19.5665 26.9309 50
      vertex -25.5981 40.2618 0
      vertex -19.5185 26.9635 50
    endloop
  endfacet
  facet normal 0.588901 -0.759242 -0.277033
    outer loop
      vertex -28.0441 38.5994 0
      vertex -19.6123 26.8954 50
      vertex -30.381 36.7868 0
    endloop
  endfacet
  facet normal 0.588647 -0.759438 -0.277036
    outer loop
      vertex -19.6123 26.8954 50
      vertex -28.0441 38.5994 0
      vertex -19.5665 26.9309 50
    endloop
  endfacet
  facet normal 0.0904038 0.956598 -0.277034
    outer loop
      vertex -5.94015 -47.3391 0
      vertex -4.17215 -33.026 50
      vertex -2.14793 -33.2173 50
    endloop
  endfacet
  facet normal 0.0915757 0.956484 -0.277043
    outer loop
      vertex -4.17215 -33.026 50
      vertex -5.94015 -47.3391 0
      vertex -5.97984 -47.3353 0
    endloop
  endfacet
  facet normal 0.268072 -0.922707 -0.277035
    outer loop
      vertex -11.9037 46.2015 0
      vertex -10.2867 31.6592 50
      vertex -14.7437 45.3764 0
    endloop
  endfacet
  facet normal 0.268342 -0.922633 -0.277022
    outer loop
      vertex -10.2867 31.6592 50
      vertex -11.9037 46.2015 0
      vertex -10.231 31.6754 50
    endloop
  endfacet
  facet normal 0.210406 0.937551 -0.276997
    outer loop
      vertex -8.97916 -46.8577 0
      vertex -8.2785 -32.2426 50
      vertex -8.22191 -32.2553 50
    endloop
  endfacet
  facet normal 0.209589 0.937723 -0.277035
    outer loop
      vertex -8.2785 -32.2426 50
      vertex -8.97916 -46.8577 0
      vertex -11.8654 -46.2126 0
    endloop
  endfacet
  facet normal 0.827557 0.488259 -0.277042
    outer loop
      vertex -29.1414 -16.0868 50
      vertex -41.8099 -22.9852 0
      vertex -29.1709 -16.0368 50
    endloop
  endfacet
  facet normal 0.827062 0.489102 -0.277033
    outer loop
      vertex -41.8099 -22.9852 0
      vertex -29.1414 -16.0868 50
      vertex -40.3045 -25.5308 0
    endloop
  endfacet
  facet normal 0.720749 -0.635431 -0.277035
    outer loop
      vertex -24.2662 22.7875 50
      vertex -36.736 30.4424 0
      vertex -34.7802 32.6608 0
    endloop
  endfacet
  facet normal 0.72035 -0.635895 -0.277007
    outer loop
      vertex -36.736 30.4424 0
      vertex -24.2662 22.7875 50
      vertex -24.3046 22.744 50
    endloop
  endfacet
  facet normal 0.67943 -0.67943 -0.277035
    outer loop
      vertex -22.7875 24.2662 50
      vertex -34.7802 32.6608 0
      vertex -32.6608 34.7802 0
    endloop
  endfacet
  facet normal 0.67943 -0.67943 -0.277035
    outer loop
      vertex -34.7802 32.6608 0
      vertex -22.7875 24.2662 50
      vertex -24.2662 22.7875 50
    endloop
  endfacet
  facet normal 0.960348 -0.0314811 -0.277022
    outer loop
      vertex -47.7115 0 0
      vertex -33.2866 0.0579605 50
      vertex -33.2885 0 50
    endloop
  endfacet
  facet normal 0.960386 -0.0301828 -0.277034
    outer loop
      vertex -33.2866 0.0579605 50
      vertex -47.7115 0 0
      vertex -47.6186 2.95598 0
    endloop
  endfacet
  facet normal -0.904055 -0.32548 -0.277034
    outer loop
      vertex 45.3764 14.7437 0
      vertex 31.6396 10.3413 50
      vertex 44.3746 17.5263 0
    endloop
  endfacet
  facet normal -0.904354 -0.32464 -0.277043
    outer loop
      vertex 31.6396 10.3413 50
      vertex 45.3764 14.7437 0
      vertex 31.6592 10.2867 50
    endloop
  endfacet
  facet normal -0.38162 0.881826 -0.277035
    outer loop
      vertex 17.5638 -44.3611 0
      vertex 12.3075 -30.9278 50
      vertex 20.278 -43.1865 0
    endloop
  endfacet
  facet normal -0.3813 0.881964 -0.277038
    outer loop
      vertex 12.3075 -30.9278 50
      vertex 17.5638 -44.3611 0
      vertex 12.2543 -30.9508 50
    endloop
  endfacet
  facet normal 0.956598 0.0904038 -0.277034
    outer loop
      vertex -33.026 -4.17215 50
      vertex -47.3391 -5.94015 0
      vertex -33.2173 -2.14793 50
    endloop
  endfacet
  facet normal 0.956484 0.0915757 -0.277043
    outer loop
      vertex -47.3391 -5.94015 0
      vertex -33.026 -4.17215 50
      vertex -47.3353 -5.97984 0
    endloop
  endfacet
  facet normal 0.0915757 -0.956484 -0.277043
    outer loop
      vertex -5.94015 47.3391 0
      vertex -4.17215 33.026 50
      vertex -5.97984 47.3353 0
    endloop
  endfacet
  facet normal 0.0904038 -0.956598 -0.277034
    outer loop
      vertex -4.17215 33.026 50
      vertex -5.94015 47.3391 0
      vertex -2.14793 33.2173 50
    endloop
  endfacet
  facet normal -0.720742 0.63544 -0.277034
    outer loop
      vertex 36.7624 -30.4125 0
      vertex 24.3046 -22.744 50
      vertex 25.6492 -21.2189 50
    endloop
  endfacet
  facet normal -0.720285 0.635971 -0.277002
    outer loop
      vertex 24.3046 -22.744 50
      vertex 36.7624 -30.4125 0
      vertex 36.736 -30.4424 0
    endloop
  endfacet
  facet normal -0.635971 0.720285 -0.277002
    outer loop
      vertex 30.4125 -36.7624 0
      vertex 22.744 -24.3046 50
      vertex 30.4424 -36.736 0
    endloop
  endfacet
  facet normal -0.63544 0.720742 -0.277034
    outer loop
      vertex 22.744 -24.3046 50
      vertex 30.4125 -36.7624 0
      vertex 21.2189 -25.6492 50
    endloop
  endfacet
  facet normal 0.380828 -0.882171 -0.277028
    outer loop
      vertex -20.278 43.1865 0
      vertex -14.1735 30.1203 50
      vertex -20.3146 43.1707 0
    endloop
  endfacet
  facet normal 0.381607 -0.881832 -0.277034
    outer loop
      vertex -14.1735 30.1203 50
      vertex -20.278 43.1865 0
      vertex -12.3075 30.9278 50
    endloop
  endfacet
  facet normal -0.759438 0.588647 -0.277036
    outer loop
      vertex 38.5994 -28.0441 0
      vertex 26.8954 -19.6123 50
      vertex 26.9309 -19.5665 50
    endloop
  endfacet
  facet normal -0.759242 0.588901 -0.277033
    outer loop
      vertex 26.8954 -19.6123 50
      vertex 38.5994 -28.0441 0
      vertex 36.7868 -30.381 0
    endloop
  endfacet
  facet normal 0.937707 -0.209665 -0.277031
    outer loop
      vertex -32.2553 8.22191 50
      vertex -46.8664 8.94025 0
      vertex -46.8577 8.97916 0
    endloop
  endfacet
  facet normal 0.937723 -0.209589 -0.277034
    outer loop
      vertex -46.8664 8.94025 0
      vertex -32.2553 8.22191 50
      vertex -32.6988 6.23764 50
    endloop
  endfacet
  facet normal -0.922714 0.268048 -0.277036
    outer loop
      vertex 46.2126 -11.8654 0
      vertex 31.6754 -10.231 50
      vertex 32.2426 -8.2785 50
    endloop
  endfacet
  facet normal -0.922875 0.267465 -0.277063
    outer loop
      vertex 31.6754 -10.231 50
      vertex 46.2126 -11.8654 0
      vertex 46.2015 -11.9037 0
    endloop
  endfacet
  facet normal -0.539638 0.795002 -0.277059
    outer loop
      vertex 25.5651 -40.2842 0
      vertex 19.5185 -26.9635 50
      vertex 25.5981 -40.2618 0
    endloop
  endfacet
  facet normal -0.540089 0.794705 -0.277035
    outer loop
      vertex 19.5185 -26.9635 50
      vertex 25.5651 -40.2842 0
      vertex 17.8368 -28.1064 50
    endloop
  endfacet
  facet normal -0.635895 -0.72035 -0.277007
    outer loop
      vertex 30.4424 36.736 0
      vertex 22.7875 24.2662 50
      vertex 22.744 24.3046 50
    endloop
  endfacet
  facet normal -0.635431 -0.720749 -0.277035
    outer loop
      vertex 22.7875 24.2662 50
      vertex 30.4424 36.736 0
      vertex 32.6608 34.7802 0
    endloop
  endfacet
  facet normal 0.0904184 -0.956596 -0.277035
    outer loop
      vertex -2.99583 47.6174 0
      vertex -2.14793 33.2173 50
      vertex -5.94015 47.3391 0
    endloop
  endfacet
  facet normal 0.0911297 -0.956531 -0.277028
    outer loop
      vertex -2.14793 33.2173 50
      vertex -2.99583 47.6174 0
      vertex -2.0902 33.2228 50
    endloop
  endfacet
  facet normal -0.827557 0.488259 -0.277042
    outer loop
      vertex 41.8099 -22.9852 0
      vertex 29.1414 -16.0868 50
      vertex 29.1709 -16.0368 50
    endloop
  endfacet
  facet normal -0.827062 0.489102 -0.277033
    outer loop
      vertex 29.1414 -16.0868 50
      vertex 41.8099 -22.9852 0
      vertex 40.3045 -25.5308 0
    endloop
  endfacet
  facet normal -0.0904184 0.956596 -0.277035
    outer loop
      vertex 2.99583 -47.6174 0
      vertex 2.14793 -33.2173 50
      vertex 5.94015 -47.3391 0
    endloop
  endfacet
  facet normal -0.0911297 0.956531 -0.277028
    outer loop
      vertex 2.14793 -33.2173 50
      vertex 2.99583 -47.6174 0
      vertex 2.0902 -33.2228 50
    endloop
  endfacet
  facet normal -0.588647 -0.759438 -0.277036
    outer loop
      vertex 28.0441 38.5994 0
      vertex 19.6123 26.8954 50
      vertex 19.5665 26.9309 50
    endloop
  endfacet
  facet normal -0.588901 -0.759242 -0.277033
    outer loop
      vertex 19.6123 26.8954 50
      vertex 28.0441 38.5994 0
      vertex 30.381 36.7868 0
    endloop
  endfacet
  facet normal -0.794865 0.539846 -0.277048
    outer loop
      vertex 40.2618 -25.5981 0
      vertex 26.9309 -19.5665 50
      vertex 26.9635 -19.5185 50
    endloop
  endfacet
  facet normal -0.794694 0.540106 -0.277034
    outer loop
      vertex 26.9309 -19.5665 50
      vertex 40.2618 -25.5981 0
      vertex 38.5994 -28.0441 0
    endloop
  endfacet
  facet normal -0.67943 -0.67943 -0.277035
    outer loop
      vertex 32.6608 34.7802 0
      vertex 24.2662 22.7875 50
      vertex 22.7875 24.2662 50
    endloop
  endfacet
  facet normal -0.67943 -0.67943 -0.277035
    outer loop
      vertex 24.2662 22.7875 50
      vertex 32.6608 34.7802 0
      vertex 34.7802 32.6608 0
    endloop
  endfacet
  facet normal 0.922875 -0.267465 -0.277063
    outer loop
      vertex -31.6754 10.231 50
      vertex -46.2126 11.8654 0
      vertex -46.2015 11.9037 0
    endloop
  endfacet
  facet normal 0.922714 -0.268048 -0.277036
    outer loop
      vertex -46.2126 11.8654 0
      vertex -31.6754 10.231 50
      vertex -32.2426 8.2785 50
    endloop
  endfacet
  facet normal -0.904043 0.325512 -0.277036
    outer loop
      vertex 44.3746 -17.5263 0
      vertex 30.9508 -12.2543 50
      vertex 31.6396 -10.3413 50
    endloop
  endfacet
  facet normal -0.904061 0.325462 -0.277035
    outer loop
      vertex 30.9508 -12.2543 50
      vertex 44.3746 -17.5263 0
      vertex 44.3611 -17.5638 0
    endloop
  endfacet
  facet normal 0.588647 0.759438 -0.277036
    outer loop
      vertex -28.0441 -38.5994 0
      vertex -19.6123 -26.8954 50
      vertex -19.5665 -26.9309 50
    endloop
  endfacet
  facet normal 0.588901 0.759242 -0.277033
    outer loop
      vertex -19.6123 -26.8954 50
      vertex -28.0441 -38.5994 0
      vertex -30.381 -36.7868 0
    endloop
  endfacet
  facet normal -0.956598 0.0904038 -0.277034
    outer loop
      vertex 47.3391 -5.94015 0
      vertex 33.026 -4.17215 50
      vertex 33.2173 -2.14793 50
    endloop
  endfacet
  facet normal -0.956484 0.0915757 -0.277043
    outer loop
      vertex 33.026 -4.17215 50
      vertex 47.3391 -5.94015 0
      vertex 47.3353 -5.97984 0
    endloop
  endfacet
  facet normal -0.759625 -0.588408 -0.277029
    outer loop
      vertex 36.7868 30.381 0
      vertex 25.6492 21.2189 50
      vertex 36.7624 30.4125 0
    endloop
  endfacet
  facet normal -0.75923 -0.588916 -0.277034
    outer loop
      vertex 25.6492 21.2189 50
      vertex 36.7868 30.381 0
      vertex 26.8954 19.6123 50
    endloop
  endfacet
  facet normal 0.922633 0.268342 -0.277022
    outer loop
      vertex -31.6592 -10.2867 50
      vertex -46.2015 -11.9037 0
      vertex -31.6754 -10.231 50
    endloop
  endfacet
  facet normal 0.922707 0.268072 -0.277035
    outer loop
      vertex -46.2015 -11.9037 0
      vertex -31.6592 -10.2867 50
      vertex -45.3764 -14.7437 0
    endloop
  endfacet
  facet normal -0.268342 -0.922633 -0.277022
    outer loop
      vertex 11.9037 46.2015 0
      vertex 10.2867 31.6592 50
      vertex 10.231 31.6754 50
    endloop
  endfacet
  facet normal -0.268072 -0.922707 -0.277035
    outer loop
      vertex 10.2867 31.6592 50
      vertex 11.9037 46.2015 0
      vertex 14.7437 45.3764 0
    endloop
  endfacet
  facet normal 0.72035 0.635895 -0.277007
    outer loop
      vertex -24.2662 -22.7875 50
      vertex -36.736 -30.4424 0
      vertex -24.3046 -22.744 50
    endloop
  endfacet
  facet normal 0.720749 0.635431 -0.277035
    outer loop
      vertex -36.736 -30.4424 0
      vertex -24.2662 -22.7875 50
      vertex -34.7802 -32.6608 0
    endloop
  endfacet
  facet normal 0.856077 0.436334 -0.277029
    outer loop
      vertex -29.1709 -16.0368 50
      vertex -43.1526 -20.3501 0
      vertex -29.1972 -15.9852 50
    endloop
  endfacet
  facet normal 0.856126 0.436234 -0.277034
    outer loop
      vertex -43.1526 -20.3501 0
      vertex -29.1709 -16.0368 50
      vertex -41.8099 -22.9852 0
    endloop
  endfacet
  facet normal -0.904061 -0.325462 -0.277035
    outer loop
      vertex 44.3746 17.5263 0
      vertex 30.9508 12.2543 50
      vertex 44.3611 17.5638 0
    endloop
  endfacet
  facet normal -0.904043 -0.325512 -0.277036
    outer loop
      vertex 30.9508 12.2543 50
      vertex 44.3746 17.5263 0
      vertex 31.6396 10.3413 50
    endloop
  endfacet
  facet normal 0.3813 0.881964 -0.277038
    outer loop
      vertex -17.5638 -44.3611 0
      vertex -12.3075 -30.9278 50
      vertex -12.2543 -30.9508 50
    endloop
  endfacet
  facet normal 0.38162 0.881826 -0.277035
    outer loop
      vertex -12.3075 -30.9278 50
      vertex -17.5638 -44.3611 0
      vertex -20.278 -43.1865 0
    endloop
  endfacet
  facet normal 0.635971 -0.720285 -0.277002
    outer loop
      vertex -30.4125 36.7624 0
      vertex -22.744 24.3046 50
      vertex -30.4424 36.736 0
    endloop
  endfacet
  facet normal 0.63544 -0.720742 -0.277034
    outer loop
      vertex -22.744 24.3046 50
      vertex -30.4125 36.7624 0
      vertex -21.2189 25.6492 50
    endloop
  endfacet
  facet normal -0.268072 0.922707 -0.277035
    outer loop
      vertex 11.9037 -46.2015 0
      vertex 10.2867 -31.6592 50
      vertex 14.7437 -45.3764 0
    endloop
  endfacet
  facet normal -0.268342 0.922633 -0.277022
    outer loop
      vertex 10.2867 -31.6592 50
      vertex 11.9037 -46.2015 0
      vertex 10.231 -31.6754 50
    endloop
  endfacet
  facet normal 0.956484 -0.0915757 -0.277043
    outer loop
      vertex -33.026 4.17215 50
      vertex -47.3391 5.94015 0
      vertex -47.3353 5.97984 0
    endloop
  endfacet
  facet normal 0.956598 -0.0904038 -0.277034
    outer loop
      vertex -47.3391 5.94015 0
      vertex -33.026 4.17215 50
      vertex -33.2173 2.14793 50
    endloop
  endfacet
  facet normal -0.956484 -0.0915757 -0.277043
    outer loop
      vertex 47.3391 5.94015 0
      vertex 33.026 4.17215 50
      vertex 47.3353 5.97984 0
    endloop
  endfacet
  facet normal -0.956598 -0.0904038 -0.277034
    outer loop
      vertex 33.026 4.17215 50
      vertex 47.3391 5.94015 0
      vertex 33.2173 2.14793 50
    endloop
  endfacet
  facet normal -0.949028 0.150325 -0.277035
    outer loop
      vertex 46.8727 -8.90087 0
      vertex 32.6988 -6.23764 50
      vertex 33.0169 -4.22942 50
    endloop
  endfacet
  facet normal -0.948792 0.151787 -0.277046
    outer loop
      vertex 32.6988 -6.23764 50
      vertex 46.8727 -8.90087 0
      vertex 46.8664 -8.94025 0
    endloop
  endfacet
  facet normal 0.151787 -0.948792 -0.277046
    outer loop
      vertex -8.90087 46.8727 0
      vertex -6.23764 32.6988 50
      vertex -8.94025 46.8664 0
    endloop
  endfacet
  facet normal 0.150325 -0.949028 -0.277035
    outer loop
      vertex -6.23764 32.6988 50
      vertex -8.90087 46.8727 0
      vertex -4.22942 33.0169 50
    endloop
  endfacet
  facet normal -0.956531 0.0911297 -0.277028
    outer loop
      vertex 47.6174 -2.99583 0
      vertex 33.2173 -2.14793 50
      vertex 33.2228 -2.0902 50
    endloop
  endfacet
  facet normal -0.956596 0.0904184 -0.277035
    outer loop
      vertex 33.2173 -2.14793 50
      vertex 47.6174 -2.99583 0
      vertex 47.3391 -5.94015 0
    endloop
  endfacet
  facet normal -0.960387 0.0301503 -0.277033
    outer loop
      vertex 47.6186 -2.95598 0
      vertex 33.2228 -2.0902 50
      vertex 33.2866 -0.0579605 50
    endloop
  endfacet
  facet normal -0.960428 0.0289213 -0.277023
    outer loop
      vertex 33.2228 -2.0902 50
      vertex 47.6186 -2.95598 0
      vertex 47.6174 -2.99583 0
    endloop
  endfacet
  facet normal 0.150786 0.948956 -0.27703
    outer loop
      vertex -5.97984 -47.3353 0
      vertex -4.22942 -33.0169 50
      vertex -4.17215 -33.026 50
    endloop
  endfacet
  facet normal 0.150297 0.949033 -0.277034
    outer loop
      vertex -4.22942 -33.0169 50
      vertex -5.97984 -47.3353 0
      vertex -8.90087 -46.8727 0
    endloop
  endfacet
  facet normal -0.922633 0.268342 -0.277022
    outer loop
      vertex 46.2015 -11.9037 0
      vertex 31.6592 -10.2867 50
      vertex 31.6754 -10.231 50
    endloop
  endfacet
  facet normal -0.922707 0.268072 -0.277035
    outer loop
      vertex 31.6592 -10.2867 50
      vertex 46.2015 -11.9037 0
      vertex 45.3764 -14.7437 0
    endloop
  endfacet
  facet normal 0.489386 -0.826893 -0.277037
    outer loop
      vertex -25.5308 40.3045 0
      vertex -17.8368 28.1064 50
      vertex -25.5651 40.2842 0
    endloop
  endfacet
  facet normal 0.489136 -0.827041 -0.277035
    outer loop
      vertex -17.8368 28.1064 50
      vertex -25.5308 40.3045 0
      vertex -16.0868 29.1414 50
    endloop
  endfacet
  facet normal 0.794865 0.539846 -0.277048
    outer loop
      vertex -26.9309 -19.5665 50
      vertex -40.2618 -25.5981 0
      vertex -26.9635 -19.5185 50
    endloop
  endfacet
  facet normal 0.794694 0.540106 -0.277034
    outer loop
      vertex -40.2618 -25.5981 0
      vertex -26.9309 -19.5665 50
      vertex -38.5994 -28.0441 0
    endloop
  endfacet
  facet normal 0.635895 0.72035 -0.277007
    outer loop
      vertex -30.4424 -36.736 0
      vertex -22.7875 -24.2662 50
      vertex -22.744 -24.3046 50
    endloop
  endfacet
  facet normal 0.635431 0.720749 -0.277035
    outer loop
      vertex -22.7875 -24.2662 50
      vertex -30.4424 -36.736 0
      vertex -32.6608 -34.7802 0
    endloop
  endfacet
  facet normal -0.436219 -0.856134 -0.277035
    outer loop
      vertex 20.3146 43.1707 0
      vertex 15.9852 29.1972 50
      vertex 14.1735 30.1203 50
    endloop
  endfacet
  facet normal -0.43645 -0.85602 -0.277023
    outer loop
      vertex 15.9852 29.1972 50
      vertex 20.3146 43.1707 0
      vertex 20.3501 43.1526 0
    endloop
  endfacet
  facet normal 0.0301503 0.960387 -0.277033
    outer loop
      vertex -2.95598 -47.6186 0
      vertex -2.0902 -33.2228 50
      vertex -0.0579605 -33.2866 50
    endloop
  endfacet
  facet normal 0.0289213 0.960428 -0.277023
    outer loop
      vertex -2.0902 -33.2228 50
      vertex -2.95598 -47.6186 0
      vertex -2.99583 -47.6174 0
    endloop
  endfacet
  facet normal 0.949033 -0.150297 -0.277034
    outer loop
      vertex -33.0169 4.22942 50
      vertex -47.3353 5.97984 0
      vertex -46.8727 8.90087 0
    endloop
  endfacet
  facet normal 0.948956 -0.150786 -0.27703
    outer loop
      vertex -47.3353 5.97984 0
      vertex -33.0169 4.22942 50
      vertex -33.026 4.17215 50
    endloop
  endfacet
  facet normal 0.759438 0.588647 -0.277036
    outer loop
      vertex -26.8954 -19.6123 50
      vertex -38.5994 -28.0441 0
      vertex -26.9309 -19.5665 50
    endloop
  endfacet
  facet normal 0.759242 0.588901 -0.277033
    outer loop
      vertex -38.5994 -28.0441 0
      vertex -26.8954 -19.6123 50
      vertex -36.7868 -30.381 0
    endloop
  endfacet
  facet normal -0.904354 0.32464 -0.277043
    outer loop
      vertex 45.3764 -14.7437 0
      vertex 31.6396 -10.3413 50
      vertex 31.6592 -10.2867 50
    endloop
  endfacet
  facet normal -0.904055 0.32548 -0.277034
    outer loop
      vertex 31.6396 -10.3413 50
      vertex 45.3764 -14.7437 0
      vertex 44.3746 -17.5263 0
    endloop
  endfacet
  facet normal 0.0314811 0.960348 -0.277022
    outer loop
      vertex 0 -47.7115 0
      vertex -0.0579605 -33.2866 50
      vertex 0 -33.2885 50
    endloop
  endfacet
  facet normal 0.0301828 0.960386 -0.277034
    outer loop
      vertex -0.0579605 -33.2866 50
      vertex 0 -47.7115 0
      vertex -2.95598 -47.6186 0
    endloop
  endfacet
  facet normal 0.588408 -0.759625 -0.277029
    outer loop
      vertex -30.381 36.7868 0
      vertex -21.2189 25.6492 50
      vertex -30.4125 36.7624 0
    endloop
  endfacet
  facet normal 0.588916 -0.75923 -0.277034
    outer loop
      vertex -21.2189 25.6492 50
      vertex -30.381 36.7868 0
      vertex -19.6123 26.8954 50
    endloop
  endfacet
  facet normal 0.720285 -0.635971 -0.277002
    outer loop
      vertex -24.3046 22.744 50
      vertex -36.7624 30.4125 0
      vertex -36.736 30.4424 0
    endloop
  endfacet
  facet normal 0.720742 -0.63544 -0.277034
    outer loop
      vertex -36.7624 30.4125 0
      vertex -24.3046 22.744 50
      vertex -25.6492 21.2189 50
    endloop
  endfacet
  facet normal -0.795002 -0.539638 -0.277059
    outer loop
      vertex 40.2842 25.5651 0
      vertex 26.9635 19.5185 50
      vertex 40.2618 25.5981 0
    endloop
  endfacet
  facet normal -0.794705 -0.540089 -0.277035
    outer loop
      vertex 26.9635 19.5185 50
      vertex 40.2842 25.5651 0
      vertex 28.1064 17.8368 50
    endloop
  endfacet
  facet normal 0.325512 0.904043 -0.277036
    outer loop
      vertex -17.5263 -44.3746 0
      vertex -12.2543 -30.9508 50
      vertex -10.3413 -31.6396 50
    endloop
  endfacet
  facet normal 0.325462 0.904061 -0.277035
    outer loop
      vertex -12.2543 -30.9508 50
      vertex -17.5263 -44.3746 0
      vertex -17.5638 -44.3611 0
    endloop
  endfacet
  facet normal 0.540089 0.794705 -0.277035
    outer loop
      vertex -25.5651 -40.2842 0
      vertex -19.5185 -26.9635 50
      vertex -17.8368 -28.1064 50
    endloop
  endfacet
  facet normal 0.539638 0.795002 -0.277059
    outer loop
      vertex -19.5185 -26.9635 50
      vertex -25.5651 -40.2842 0
      vertex -25.5981 -40.2618 0
    endloop
  endfacet
  facet normal 0.0289213 -0.960428 -0.277023
    outer loop
      vertex -2.95598 47.6186 0
      vertex -2.0902 33.2228 50
      vertex -2.99583 47.6174 0
    endloop
  endfacet
  facet normal 0.0301503 -0.960387 -0.277033
    outer loop
      vertex -2.0902 33.2228 50
      vertex -2.95598 47.6186 0
      vertex -0.0579605 33.2866 50
    endloop
  endfacet
  facet normal 0.0301828 -0.960386 -0.277034
    outer loop
      vertex 0 47.7115 0
      vertex -0.0579605 33.2866 50
      vertex -2.95598 47.6186 0
    endloop
  endfacet
  facet normal 0.0314811 -0.960348 -0.277022
    outer loop
      vertex -0.0579605 33.2866 50
      vertex 0 47.7115 0
      vertex 0 33.2885 50
    endloop
  endfacet
  facet normal -0.488259 -0.827557 -0.277042
    outer loop
      vertex 22.9852 41.8099 0
      vertex 16.0868 29.1414 50
      vertex 16.0368 29.1709 50
    endloop
  endfacet
  facet normal -0.489102 -0.827062 -0.277033
    outer loop
      vertex 16.0868 29.1414 50
      vertex 22.9852 41.8099 0
      vertex 25.5308 40.3045 0
    endloop
  endfacet
  facet normal 0.922714 0.268048 -0.277036
    outer loop
      vertex -31.6754 -10.231 50
      vertex -46.2126 -11.8654 0
      vertex -32.2426 -8.2785 50
    endloop
  endfacet
  facet normal 0.922875 0.267465 -0.277063
    outer loop
      vertex -46.2126 -11.8654 0
      vertex -31.6754 -10.231 50
      vertex -46.2015 -11.9037 0
    endloop
  endfacet
  facet normal 0.881826 -0.38162 -0.277035
    outer loop
      vertex -30.9278 12.3075 50
      vertex -44.3611 17.5638 0
      vertex -43.1865 20.278 0
    endloop
  endfacet
  facet normal 0.881964 -0.3813 -0.277038
    outer loop
      vertex -44.3611 17.5638 0
      vertex -30.9278 12.3075 50
      vertex -30.9508 12.2543 50
    endloop
  endfacet
  facet normal 0.856134 0.436219 -0.277035
    outer loop
      vertex -29.1972 -15.9852 50
      vertex -43.1707 -20.3146 0
      vertex -30.1203 -14.1735 50
    endloop
  endfacet
  facet normal 0.85602 0.43645 -0.277023
    outer loop
      vertex -43.1707 -20.3146 0
      vertex -29.1972 -15.9852 50
      vertex -43.1526 -20.3501 0
    endloop
  endfacet
  facet normal -0.0301828 0.960386 -0.277034
    outer loop
      vertex 0 -47.7115 0
      vertex 0.0579605 -33.2866 50
      vertex 2.95598 -47.6186 0
    endloop
  endfacet
  facet normal -0.0314811 0.960348 -0.277022
    outer loop
      vertex 0.0579605 -33.2866 50
      vertex 0 -47.7115 0
      vertex 0 -33.2885 50
    endloop
  endfacet
  facet normal -0.209665 0.937707 -0.277031
    outer loop
      vertex 8.94025 -46.8664 0
      vertex 8.22191 -32.2553 50
      vertex 8.97916 -46.8577 0
    endloop
  endfacet
  facet normal -0.209589 0.937723 -0.277034
    outer loop
      vertex 8.22191 -32.2553 50
      vertex 8.94025 -46.8664 0
      vertex 6.23764 -32.6988 50
    endloop
  endfacet
  facet normal 0.937723 0.209589 -0.277034
    outer loop
      vertex -32.2553 -8.22191 50
      vertex -46.8664 -8.94025 0
      vertex -32.6988 -6.23764 50
    endloop
  endfacet
  facet normal 0.937707 0.209665 -0.277031
    outer loop
      vertex -46.8664 -8.94025 0
      vertex -32.2553 -8.22191 50
      vertex -46.8577 -8.97916 0
    endloop
  endfacet
  facet normal 0.267465 -0.922875 -0.277063
    outer loop
      vertex -11.8654 46.2126 0
      vertex -10.231 31.6754 50
      vertex -11.9037 46.2015 0
    endloop
  endfacet
  facet normal 0.268048 -0.922714 -0.277036
    outer loop
      vertex -10.231 31.6754 50
      vertex -11.8654 46.2126 0
      vertex -8.2785 32.2426 50
    endloop
  endfacet
  facet normal 0.882171 -0.380828 -0.277028
    outer loop
      vertex -30.1203 14.1735 50
      vertex -43.1865 20.278 0
      vertex -43.1707 20.3146 0
    endloop
  endfacet
  facet normal 0.881832 -0.381607 -0.277034
    outer loop
      vertex -43.1865 20.278 0
      vertex -30.1203 14.1735 50
      vertex -30.9278 12.3075 50
    endloop
  endfacet
  facet normal 0.826893 -0.489386 -0.277037
    outer loop
      vertex -28.1064 17.8368 50
      vertex -40.3045 25.5308 0
      vertex -40.2842 25.5651 0
    endloop
  endfacet
  facet normal 0.827041 -0.489136 -0.277035
    outer loop
      vertex -40.3045 25.5308 0
      vertex -28.1064 17.8368 50
      vertex -29.1414 16.0868 50
    endloop
  endfacet
  facet normal -0.0289213 0.960428 -0.277023
    outer loop
      vertex 2.95598 -47.6186 0
      vertex 2.0902 -33.2228 50
      vertex 2.99583 -47.6174 0
    endloop
  endfacet
  facet normal -0.0301503 0.960387 -0.277033
    outer loop
      vertex 2.0902 -33.2228 50
      vertex 2.95598 -47.6186 0
      vertex 0.0579605 -33.2866 50
    endloop
  endfacet
  facet normal 0.539846 0.794865 -0.277048
    outer loop
      vertex -25.5981 -40.2618 0
      vertex -19.5665 -26.9309 50
      vertex -19.5185 -26.9635 50
    endloop
  endfacet
  facet normal 0.540106 0.794694 -0.277034
    outer loop
      vertex -19.5665 -26.9309 50
      vertex -25.5981 -40.2618 0
      vertex -28.0441 -38.5994 0
    endloop
  endfacet
  facet normal 0.904055 -0.32548 -0.277034
    outer loop
      vertex -31.6396 10.3413 50
      vertex -45.3764 14.7437 0
      vertex -44.3746 17.5263 0
    endloop
  endfacet
  facet normal 0.904354 -0.32464 -0.277043
    outer loop
      vertex -45.3764 14.7437 0
      vertex -31.6396 10.3413 50
      vertex -31.6592 10.2867 50
    endloop
  endfacet
  facet normal -0.856134 0.436219 -0.277035
    outer loop
      vertex 43.1707 -20.3146 0
      vertex 29.1972 -15.9852 50
      vertex 30.1203 -14.1735 50
    endloop
  endfacet
  facet normal -0.85602 0.43645 -0.277023
    outer loop
      vertex 29.1972 -15.9852 50
      vertex 43.1707 -20.3146 0
      vertex 43.1526 -20.3501 0
    endloop
  endfacet
  facet normal -0.43645 0.85602 -0.277023
    outer loop
      vertex 20.3146 -43.1707 0
      vertex 15.9852 -29.1972 50
      vertex 20.3501 -43.1526 0
    endloop
  endfacet
  facet normal -0.436219 0.856134 -0.277035
    outer loop
      vertex 15.9852 -29.1972 50
      vertex 20.3146 -43.1707 0
      vertex 14.1735 -30.1203 50
    endloop
  endfacet
  facet normal -0.937707 -0.209665 -0.277031
    outer loop
      vertex 46.8664 8.94025 0
      vertex 32.2553 8.22191 50
      vertex 46.8577 8.97916 0
    endloop
  endfacet
  facet normal -0.937723 -0.209589 -0.277034
    outer loop
      vertex 32.2553 8.22191 50
      vertex 46.8664 8.94025 0
      vertex 32.6988 6.23764 50
    endloop
  endfacet
  facet normal 0.150325 0.949028 -0.277035
    outer loop
      vertex -8.90087 -46.8727 0
      vertex -6.23764 -32.6988 50
      vertex -4.22942 -33.0169 50
    endloop
  endfacet
  facet normal 0.151787 0.948792 -0.277046
    outer loop
      vertex -6.23764 -32.6988 50
      vertex -8.90087 -46.8727 0
      vertex -8.94025 -46.8664 0
    endloop
  endfacet
  facet normal 0.75923 0.588916 -0.277034
    outer loop
      vertex -25.6492 -21.2189 50
      vertex -36.7868 -30.381 0
      vertex -26.8954 -19.6123 50
    endloop
  endfacet
  facet normal 0.759625 0.588408 -0.277029
    outer loop
      vertex -36.7868 -30.381 0
      vertex -25.6492 -21.2189 50
      vertex -36.7624 -30.4125 0
    endloop
  endfacet
  facet normal -0.960428 -0.0289213 -0.277023
    outer loop
      vertex 47.6186 2.95598 0
      vertex 33.2228 2.0902 50
      vertex 47.6174 2.99583 0
    endloop
  endfacet
  facet normal -0.960387 -0.0301503 -0.277033
    outer loop
      vertex 33.2228 2.0902 50
      vertex 47.6186 2.95598 0
      vertex 33.2866 0.0579605 50
    endloop
  endfacet
  facet normal 0.209665 -0.937707 -0.277031
    outer loop
      vertex -8.94025 46.8664 0
      vertex -8.22191 32.2553 50
      vertex -8.97916 46.8577 0
    endloop
  endfacet
  facet normal 0.209589 -0.937723 -0.277034
    outer loop
      vertex -8.22191 32.2553 50
      vertex -8.94025 46.8664 0
      vertex -6.23764 32.6988 50
    endloop
  endfacet
  facet normal 0.827062 -0.489102 -0.277033
    outer loop
      vertex -29.1414 16.0868 50
      vertex -41.8099 22.9852 0
      vertex -40.3045 25.5308 0
    endloop
  endfacet
  facet normal 0.827557 -0.488259 -0.277042
    outer loop
      vertex -41.8099 22.9852 0
      vertex -29.1414 16.0868 50
      vertex -29.1709 16.0368 50
    endloop
  endfacet
  facet normal 0.827041 0.489136 -0.277035
    outer loop
      vertex -28.1064 -17.8368 50
      vertex -40.3045 -25.5308 0
      vertex -29.1414 -16.0868 50
    endloop
  endfacet
  facet normal 0.826893 0.489386 -0.277037
    outer loop
      vertex -40.3045 -25.5308 0
      vertex -28.1064 -17.8368 50
      vertex -40.2842 -25.5651 0
    endloop
  endfacet
  facet normal 0.960348 0.0314811 -0.277022
    outer loop
      vertex -33.2866 -0.0579605 50
      vertex -47.7115 0 0
      vertex -33.2885 0 50
    endloop
  endfacet
  facet normal 0.960386 0.0301828 -0.277034
    outer loop
      vertex -47.7115 0 0
      vertex -33.2866 -0.0579605 50
      vertex -47.6186 -2.95598 0
    endloop
  endfacet
  facet normal -0.588408 0.759625 -0.277029
    outer loop
      vertex 30.381 -36.7868 0
      vertex 21.2189 -25.6492 50
      vertex 30.4125 -36.7624 0
    endloop
  endfacet
  facet normal -0.588916 0.75923 -0.277034
    outer loop
      vertex 21.2189 -25.6492 50
      vertex 30.381 -36.7868 0
      vertex 19.6123 -26.8954 50
    endloop
  endfacet
  facet normal 0.956596 -0.0904184 -0.277035
    outer loop
      vertex -33.2173 2.14793 50
      vertex -47.6174 2.99583 0
      vertex -47.3391 5.94015 0
    endloop
  endfacet
  facet normal 0.956531 -0.0911297 -0.277028
    outer loop
      vertex -47.6174 2.99583 0
      vertex -33.2173 2.14793 50
      vertex -33.2228 2.0902 50
    endloop
  endfacet
  facet normal 0.960428 -0.0289213 -0.277023
    outer loop
      vertex -33.2228 2.0902 50
      vertex -47.6186 2.95598 0
      vertex -47.6174 2.99583 0
    endloop
  endfacet
  facet normal 0.960387 -0.0301503 -0.277033
    outer loop
      vertex -47.6186 2.95598 0
      vertex -33.2228 2.0902 50
      vertex -33.2866 0.0579605 50
    endloop
  endfacet
  facet normal -0.794705 0.540089 -0.277035
    outer loop
      vertex 40.2842 -25.5651 0
      vertex 26.9635 -19.5185 50
      vertex 28.1064 -17.8368 50
    endloop
  endfacet
  facet normal -0.795002 0.539638 -0.277059
    outer loop
      vertex 26.9635 -19.5185 50
      vertex 40.2842 -25.5651 0
      vertex 40.2618 -25.5981 0
    endloop
  endfacet
  facet normal -0.380828 0.882171 -0.277028
    outer loop
      vertex 20.278 -43.1865 0
      vertex 14.1735 -30.1203 50
      vertex 20.3146 -43.1707 0
    endloop
  endfacet
  facet normal -0.381607 0.881832 -0.277034
    outer loop
      vertex 14.1735 -30.1203 50
      vertex 20.278 -43.1865 0
      vertex 12.3075 -30.9278 50
    endloop
  endfacet
  facet normal -0.72035 0.635895 -0.277007
    outer loop
      vertex 36.736 -30.4424 0
      vertex 24.2662 -22.7875 50
      vertex 24.3046 -22.744 50
    endloop
  endfacet
  facet normal -0.720749 0.635431 -0.277035
    outer loop
      vertex 24.2662 -22.7875 50
      vertex 36.736 -30.4424 0
      vertex 34.7802 -32.6608 0
    endloop
  endfacet
  facet normal 0.588916 0.75923 -0.277034
    outer loop
      vertex -30.381 -36.7868 0
      vertex -21.2189 -25.6492 50
      vertex -19.6123 -26.8954 50
    endloop
  endfacet
  facet normal 0.588408 0.759625 -0.277029
    outer loop
      vertex -21.2189 -25.6492 50
      vertex -30.381 -36.7868 0
      vertex -30.4125 -36.7624 0
    endloop
  endfacet
  facet normal -0.588916 -0.75923 -0.277034
    outer loop
      vertex 30.381 36.7868 0
      vertex 21.2189 25.6492 50
      vertex 19.6123 26.8954 50
    endloop
  endfacet
  facet normal -0.588408 -0.759625 -0.277029
    outer loop
      vertex 21.2189 25.6492 50
      vertex 30.381 36.7868 0
      vertex 30.4125 36.7624 0
    endloop
  endfacet
  facet normal 0.949028 0.150325 -0.277035
    outer loop
      vertex -32.6988 -6.23764 50
      vertex -46.8727 -8.90087 0
      vertex -33.0169 -4.22942 50
    endloop
  endfacet
  facet normal 0.948792 0.151787 -0.277046
    outer loop
      vertex -46.8727 -8.90087 0
      vertex -32.6988 -6.23764 50
      vertex -46.8664 -8.94025 0
    endloop
  endfacet
  facet normal 0.488259 0.827557 -0.277042
    outer loop
      vertex -22.9852 -41.8099 0
      vertex -16.0868 -29.1414 50
      vertex -16.0368 -29.1709 50
    endloop
  endfacet
  facet normal 0.489102 0.827062 -0.277033
    outer loop
      vertex -16.0868 -29.1414 50
      vertex -22.9852 -41.8099 0
      vertex -25.5308 -40.3045 0
    endloop
  endfacet
  facet normal 0.67943 0.67943 -0.277035
    outer loop
      vertex -22.7875 -24.2662 50
      vertex -34.7802 -32.6608 0
      vertex -24.2662 -22.7875 50
    endloop
  endfacet
  facet normal 0.67943 0.67943 -0.277035
    outer loop
      vertex -34.7802 -32.6608 0
      vertex -22.7875 -24.2662 50
      vertex -32.6608 -34.7802 0
    endloop
  endfacet
  facet normal 0.948956 0.150786 -0.27703
    outer loop
      vertex -33.0169 -4.22942 50
      vertex -47.3353 -5.97984 0
      vertex -33.026 -4.17215 50
    endloop
  endfacet
  facet normal 0.949033 0.150297 -0.277034
    outer loop
      vertex -47.3353 -5.97984 0
      vertex -33.0169 -4.22942 50
      vertex -46.8727 -8.90087 0
    endloop
  endfacet
  facet normal 0.43645 -0.85602 -0.277023
    outer loop
      vertex -20.3146 43.1707 0
      vertex -15.9852 29.1972 50
      vertex -20.3501 43.1526 0
    endloop
  endfacet
  facet normal 0.436219 -0.856134 -0.277035
    outer loop
      vertex -15.9852 29.1972 50
      vertex -20.3146 43.1707 0
      vertex -14.1735 30.1203 50
    endloop
  endfacet
  facet normal 0.720742 0.63544 -0.277034
    outer loop
      vertex -24.3046 -22.744 50
      vertex -36.7624 -30.4125 0
      vertex -25.6492 -21.2189 50
    endloop
  endfacet
  facet normal 0.720285 0.635971 -0.277002
    outer loop
      vertex -36.7624 -30.4125 0
      vertex -24.3046 -22.744 50
      vertex -36.736 -30.4424 0
    endloop
  endfacet
  facet normal -0.827041 0.489136 -0.277035
    outer loop
      vertex 40.3045 -25.5308 0
      vertex 28.1064 -17.8368 50
      vertex 29.1414 -16.0868 50
    endloop
  endfacet
  facet normal -0.826893 0.489386 -0.277037
    outer loop
      vertex 28.1064 -17.8368 50
      vertex 40.3045 -25.5308 0
      vertex 40.2842 -25.5651 0
    endloop
  endfacet
  facet normal -0.209589 -0.937723 -0.277034
    outer loop
      vertex 8.94025 46.8664 0
      vertex 8.22191 32.2553 50
      vertex 6.23764 32.6988 50
    endloop
  endfacet
  facet normal -0.209665 -0.937707 -0.277031
    outer loop
      vertex 8.22191 32.2553 50
      vertex 8.94025 46.8664 0
      vertex 8.97916 46.8577 0
    endloop
  endfacet
  facet normal -0.268048 -0.922714 -0.277036
    outer loop
      vertex 11.8654 46.2126 0
      vertex 10.231 31.6754 50
      vertex 8.2785 32.2426 50
    endloop
  endfacet
  facet normal -0.267465 -0.922875 -0.277063
    outer loop
      vertex 10.231 31.6754 50
      vertex 11.8654 46.2126 0
      vertex 11.9037 46.2015 0
    endloop
  endfacet
  facet normal -0.75923 0.588916 -0.277034
    outer loop
      vertex 36.7868 -30.381 0
      vertex 25.6492 -21.2189 50
      vertex 26.8954 -19.6123 50
    endloop
  endfacet
  facet normal -0.759625 0.588408 -0.277029
    outer loop
      vertex 25.6492 -21.2189 50
      vertex 36.7868 -30.381 0
      vertex 36.7624 -30.4125 0
    endloop
  endfacet
  facet normal 0.937551 0.210406 -0.276997
    outer loop
      vertex -32.2426 -8.2785 50
      vertex -46.8577 -8.97916 0
      vertex -32.2553 -8.22191 50
    endloop
  endfacet
  facet normal 0.937723 0.209589 -0.277035
    outer loop
      vertex -46.8577 -8.97916 0
      vertex -32.2426 -8.2785 50
      vertex -46.2126 -11.8654 0
    endloop
  endfacet
  facet normal 0.795002 -0.539638 -0.277059
    outer loop
      vertex -26.9635 19.5185 50
      vertex -40.2842 25.5651 0
      vertex -40.2618 25.5981 0
    endloop
  endfacet
  facet normal 0.794705 -0.540089 -0.277035
    outer loop
      vertex -40.2842 25.5651 0
      vertex -26.9635 19.5185 50
      vertex -28.1064 17.8368 50
    endloop
  endfacet
  facet normal -0.209589 0.937723 -0.277035
    outer loop
      vertex 8.97916 -46.8577 0
      vertex 8.2785 -32.2426 50
      vertex 11.8654 -46.2126 0
    endloop
  endfacet
  facet normal -0.210406 0.937551 -0.276997
    outer loop
      vertex 8.2785 -32.2426 50
      vertex 8.97916 -46.8577 0
      vertex 8.22191 -32.2553 50
    endloop
  endfacet
  facet normal 0.489136 0.827041 -0.277035
    outer loop
      vertex -25.5308 -40.3045 0
      vertex -17.8368 -28.1064 50
      vertex -16.0868 -29.1414 50
    endloop
  endfacet
  facet normal 0.489386 0.826893 -0.277037
    outer loop
      vertex -17.8368 -28.1064 50
      vertex -25.5308 -40.3045 0
      vertex -25.5651 -40.2842 0
    endloop
  endfacet
  facet normal 0.209589 0.937723 -0.277034
    outer loop
      vertex -8.94025 -46.8664 0
      vertex -8.22191 -32.2553 50
      vertex -6.23764 -32.6988 50
    endloop
  endfacet
  facet normal 0.209665 0.937707 -0.277031
    outer loop
      vertex -8.22191 -32.2553 50
      vertex -8.94025 -46.8664 0
      vertex -8.97916 -46.8577 0
    endloop
  endfacet
  facet normal 0.268048 0.922714 -0.277036
    outer loop
      vertex -11.8654 -46.2126 0
      vertex -10.231 -31.6754 50
      vertex -8.2785 -32.2426 50
    endloop
  endfacet
  facet normal 0.267465 0.922875 -0.277063
    outer loop
      vertex -10.231 -31.6754 50
      vertex -11.8654 -46.2126 0
      vertex -11.9037 -46.2015 0
    endloop
  endfacet
  facet normal -0.881832 0.381607 -0.277034
    outer loop
      vertex 43.1865 -20.278 0
      vertex 30.1203 -14.1735 50
      vertex 30.9278 -12.3075 50
    endloop
  endfacet
  facet normal -0.882171 0.380828 -0.277028
    outer loop
      vertex 30.1203 -14.1735 50
      vertex 43.1865 -20.278 0
      vertex 43.1707 -20.3146 0
    endloop
  endfacet
  facet normal 0.881832 0.381607 -0.277034
    outer loop
      vertex -30.1203 -14.1735 50
      vertex -43.1865 -20.278 0
      vertex -30.9278 -12.3075 50
    endloop
  endfacet
  facet normal 0.882171 0.380828 -0.277028
    outer loop
      vertex -43.1865 -20.278 0
      vertex -30.1203 -14.1735 50
      vertex -43.1707 -20.3146 0
    endloop
  endfacet
  facet normal 0.436219 0.856134 -0.277035
    outer loop
      vertex -20.3146 -43.1707 0
      vertex -15.9852 -29.1972 50
      vertex -14.1735 -30.1203 50
    endloop
  endfacet
  facet normal 0.43645 0.85602 -0.277023
    outer loop
      vertex -15.9852 -29.1972 50
      vertex -20.3146 -43.1707 0
      vertex -20.3501 -43.1526 0
    endloop
  endfacet
  facet normal 0.922707 -0.268072 -0.277035
    outer loop
      vertex -31.6592 10.2867 50
      vertex -46.2015 11.9037 0
      vertex -45.3764 14.7437 0
    endloop
  endfacet
  facet normal 0.922633 -0.268342 -0.277022
    outer loop
      vertex -46.2015 11.9037 0
      vertex -31.6592 10.2867 50
      vertex -31.6754 10.231 50
    endloop
  endfacet
  facet normal 0.904061 -0.325462 -0.277035
    outer loop
      vertex -30.9508 12.2543 50
      vertex -44.3746 17.5263 0
      vertex -44.3611 17.5638 0
    endloop
  endfacet
  facet normal 0.904043 -0.325512 -0.277036
    outer loop
      vertex -44.3746 17.5263 0
      vertex -30.9508 12.2543 50
      vertex -31.6396 10.3413 50
    endloop
  endfacet
  facet normal 0.956531 0.0911297 -0.277028
    outer loop
      vertex -33.2173 -2.14793 50
      vertex -47.6174 -2.99583 0
      vertex -33.2228 -2.0902 50
    endloop
  endfacet
  facet normal 0.956596 0.0904184 -0.277035
    outer loop
      vertex -47.6174 -2.99583 0
      vertex -33.2173 -2.14793 50
      vertex -47.3391 -5.94015 0
    endloop
  endfacet
endsolid OpenSCAD_Model
