solid OpenSCAD_Model
  facet normal -0.750086 0.66134 0
    outer loop
      vertex -15.4103 12.7485 10
      vertex -14.5794 13.6909 110
      vertex -14.5794 13.6909 10
    endloop
  endfacet
  facet normal -0.750086 0.66134 0
    outer loop
      vertex -14.5794 13.6909 110
      vertex -15.4103 12.7485 10
      vertex -15.4103 12.7485 110
    endloop
  endfacet
  facet normal 0.995565 0.0940767 0
    outer loop
      vertex 19.9605 1.25581 110
      vertex 19.8423 2.50666 10
      vertex 19.8423 2.50666 110
    endloop
  endfacet
  facet normal 0.995565 0.0940767 0
    outer loop
      vertex 19.8423 2.50666 10
      vertex 19.9605 1.25581 110
      vertex 19.9605 1.25581 10
    endloop
  endfacet
  facet normal 0.999506 0.0314383 0
    outer loop
      vertex 20 0 110
      vertex 19.9605 1.25581 10
      vertex 19.9605 1.25581 110
    endloop
  endfacet
  facet normal 0.999506 0.0314383 0
    outer loop
      vertex 19.9605 1.25581 10
      vertex 20 0 110
      vertex 20 0 10
    endloop
  endfacet
  facet normal -0.562116 -0.827058 0
    outer loop
      vertex -11.7557 -16.1803 10
      vertex -10.7165 -16.8866 110
      vertex -11.7557 -16.1803 110
    endloop
  endfacet
  facet normal -0.562116 -0.827058 -0
    outer loop
      vertex -10.7165 -16.8866 110
      vertex -11.7557 -16.1803 10
      vertex -10.7165 -16.8866 10
    endloop
  endfacet
  facet normal 0.0314383 0.999506 -0
    outer loop
      vertex 1.25581 19.9605 10
      vertex 0 20 110
      vertex 1.25581 19.9605 110
    endloop
  endfacet
  facet normal 0.0314383 0.999506 0
    outer loop
      vertex 0 20 110
      vertex 1.25581 19.9605 10
      vertex 0 20 10
    endloop
  endfacet
  facet normal 0.562116 0.827058 -0
    outer loop
      vertex 11.7557 16.1803 10
      vertex 10.7165 16.8866 110
      vertex 11.7557 16.1803 110
    endloop
  endfacet
  facet normal 0.562116 0.827058 0
    outer loop
      vertex 10.7165 16.8866 110
      vertex 11.7557 16.1803 10
      vertex 10.7165 16.8866 10
    endloop
  endfacet
  facet normal -0.960279 -0.279041 0
    outer loop
      vertex -19.0211 -6.18034 10
      vertex -19.3717 -4.9738 110
      vertex -19.3717 -4.9738 10
    endloop
  endfacet
  facet normal -0.960279 -0.279041 0
    outer loop
      vertex -19.3717 -4.9738 110
      vertex -19.0211 -6.18034 10
      vertex -19.0211 -6.18034 110
    endloop
  endfacet
  facet normal -0.790191 -0.61286 0
    outer loop
      vertex -15.4103 -12.7485 10
      vertex -16.1803 -11.7557 110
      vertex -16.1803 -11.7557 10
    endloop
  endfacet
  facet normal -0.790191 -0.61286 0
    outer loop
      vertex -16.1803 -11.7557 110
      vertex -15.4103 -12.7485 10
      vertex -15.4103 -12.7485 110
    endloop
  endfacet
  facet normal 0.750086 -0.66134 0
    outer loop
      vertex 14.5794 -13.6909 110
      vertex 15.4103 -12.7485 10
      vertex 15.4103 -12.7485 110
    endloop
  endfacet
  facet normal 0.750086 -0.66134 0
    outer loop
      vertex 15.4103 -12.7485 10
      vertex 14.5794 -13.6909 110
      vertex 14.5794 -13.6909 10
    endloop
  endfacet
  facet normal -0.827058 -0.562116 0
    outer loop
      vertex -16.1803 -11.7557 10
      vertex -16.8866 -10.7165 110
      vertex -16.8866 -10.7165 10
    endloop
  endfacet
  facet normal -0.827058 -0.562116 0
    outer loop
      vertex -16.8866 -10.7165 110
      vertex -16.1803 -11.7557 10
      vertex -16.1803 -11.7557 110
    endloop
  endfacet
  facet normal -0.218081 0.975931 0
    outer loop
      vertex -3.74763 19.6457 10
      vertex -4.9738 19.3717 110
      vertex -3.74763 19.6457 110
    endloop
  endfacet
  facet normal -0.218081 0.975931 0
    outer loop
      vertex -4.9738 19.3717 110
      vertex -3.74763 19.6457 10
      vertex -4.9738 19.3717 10
    endloop
  endfacet
  facet normal 0.279041 -0.960279 0
    outer loop
      vertex 4.9738 -19.3717 10
      vertex 6.18034 -19.0211 110
      vertex 4.9738 -19.3717 110
    endloop
  endfacet
  facet normal 0.279041 -0.960279 0
    outer loop
      vertex 6.18034 -19.0211 110
      vertex 4.9738 -19.3717 10
      vertex 6.18034 -19.0211 10
    endloop
  endfacet
  facet normal 0.960279 0.279041 0
    outer loop
      vertex 19.3717 4.9738 110
      vertex 19.0211 6.18034 10
      vertex 19.0211 6.18034 110
    endloop
  endfacet
  facet normal 0.960279 0.279041 0
    outer loop
      vertex 19.0211 6.18034 10
      vertex 19.3717 4.9738 110
      vertex 19.3717 4.9738 10
    endloop
  endfacet
  facet normal 0.999506 -0.0314383 0
    outer loop
      vertex 19.9605 -1.25581 110
      vertex 20 0 10
      vertex 20 0 110
    endloop
  endfacet
  facet normal 0.999506 -0.0314383 0
    outer loop
      vertex 20 0 10
      vertex 19.9605 -1.25581 110
      vertex 19.9605 -1.25581 10
    endloop
  endfacet
  facet normal -0.397157 -0.917751 0
    outer loop
      vertex -8.51558 -18.0965 10
      vertex -7.36249 -18.5955 110
      vertex -8.51558 -18.0965 110
    endloop
  endfacet
  facet normal -0.397157 -0.917751 -0
    outer loop
      vertex -7.36249 -18.5955 110
      vertex -8.51558 -18.0965 10
      vertex -7.36249 -18.5955 10
    endloop
  endfacet
  facet normal -0.860762 -0.509008 0
    outer loop
      vertex -16.8866 -10.7165 10
      vertex -17.5261 -9.63507 110
      vertex -17.5261 -9.63507 10
    endloop
  endfacet
  facet normal -0.860762 -0.509008 0
    outer loop
      vertex -17.5261 -9.63507 110
      vertex -16.8866 -10.7165 10
      vertex -16.8866 -10.7165 110
    endloop
  endfacet
  facet normal -0.891009 0.453985 0
    outer loop
      vertex -18.0965 8.51558 10
      vertex -17.5261 9.63507 110
      vertex -17.5261 9.63507 10
    endloop
  endfacet
  facet normal -0.891009 0.453985 0
    outer loop
      vertex -17.5261 9.63507 110
      vertex -18.0965 8.51558 10
      vertex -18.0965 8.51558 110
    endloop
  endfacet
  facet normal 0.66134 0.750086 -0
    outer loop
      vertex 13.6909 14.5794 10
      vertex 12.7485 15.4103 110
      vertex 13.6909 14.5794 110
    endloop
  endfacet
  facet normal 0.66134 0.750086 0
    outer loop
      vertex 12.7485 15.4103 110
      vertex 13.6909 14.5794 10
      vertex 12.7485 15.4103 10
    endloop
  endfacet
  facet normal 0.61286 -0.790191 0
    outer loop
      vertex 11.7557 -16.1803 10
      vertex 12.7485 -15.4103 110
      vertex 11.7557 -16.1803 110
    endloop
  endfacet
  facet normal 0.61286 -0.790191 0
    outer loop
      vertex 12.7485 -15.4103 110
      vertex 11.7557 -16.1803 10
      vertex 12.7485 -15.4103 10
    endloop
  endfacet
  facet normal -0.827058 0.562116 0
    outer loop
      vertex -16.8866 10.7165 10
      vertex -16.1803 11.7557 110
      vertex -16.1803 11.7557 10
    endloop
  endfacet
  facet normal -0.827058 0.562116 0
    outer loop
      vertex -16.1803 11.7557 110
      vertex -16.8866 10.7165 10
      vertex -16.8866 10.7165 110
    endloop
  endfacet
  facet normal 0.453985 0.891009 -0
    outer loop
      vertex 9.63507 17.5261 10
      vertex 8.51558 18.0965 110
      vertex 9.63507 17.5261 110
    endloop
  endfacet
  facet normal 0.453985 0.891009 0
    outer loop
      vertex 8.51558 18.0965 110
      vertex 9.63507 17.5261 10
      vertex 8.51558 18.0965 10
    endloop
  endfacet
  facet normal -0.338738 -0.940881 0
    outer loop
      vertex -7.36249 -18.5955 10
      vertex -6.18034 -19.0211 110
      vertex -7.36249 -18.5955 110
    endloop
  endfacet
  facet normal -0.338738 -0.940881 -0
    outer loop
      vertex -6.18034 -19.0211 110
      vertex -7.36249 -18.5955 10
      vertex -6.18034 -19.0211 10
    endloop
  endfacet
  facet normal -0.66134 0.750086 0
    outer loop
      vertex -12.7485 15.4103 10
      vertex -13.6909 14.5794 110
      vertex -12.7485 15.4103 110
    endloop
  endfacet
  facet normal -0.66134 0.750086 0
    outer loop
      vertex -13.6909 14.5794 110
      vertex -12.7485 15.4103 10
      vertex -13.6909 14.5794 10
    endloop
  endfacet
  facet normal 0.156473 0.987682 -0
    outer loop
      vertex 3.74763 19.6457 10
      vertex 2.50666 19.8423 110
      vertex 3.74763 19.6457 110
    endloop
  endfacet
  facet normal 0.156473 0.987682 0
    outer loop
      vertex 2.50666 19.8423 110
      vertex 3.74763 19.6457 10
      vertex 2.50666 19.8423 10
    endloop
  endfacet
  facet normal 0.397157 -0.917751 0
    outer loop
      vertex 7.36249 -18.5955 10
      vertex 8.51558 -18.0965 110
      vertex 7.36249 -18.5955 110
    endloop
  endfacet
  facet normal 0.397157 -0.917751 0
    outer loop
      vertex 8.51558 -18.0965 110
      vertex 7.36249 -18.5955 10
      vertex 8.51558 -18.0965 10
    endloop
  endfacet
  facet normal 0.860762 0.509008 0
    outer loop
      vertex 17.5261 9.63507 110
      vertex 16.8866 10.7165 10
      vertex 16.8866 10.7165 110
    endloop
  endfacet
  facet normal 0.860762 0.509008 0
    outer loop
      vertex 16.8866 10.7165 10
      vertex 17.5261 9.63507 110
      vertex 17.5261 9.63507 10
    endloop
  endfacet
  facet normal 0.509008 0.860762 -0
    outer loop
      vertex 10.7165 16.8866 10
      vertex 9.63507 17.5261 110
      vertex 10.7165 16.8866 110
    endloop
  endfacet
  facet normal 0.509008 0.860762 0
    outer loop
      vertex 9.63507 17.5261 110
      vertex 10.7165 16.8866 10
      vertex 9.63507 17.5261 10
    endloop
  endfacet
  facet normal -0.790191 0.61286 0
    outer loop
      vertex -16.1803 11.7557 10
      vertex -15.4103 12.7485 110
      vertex -15.4103 12.7485 10
    endloop
  endfacet
  facet normal -0.790191 0.61286 0
    outer loop
      vertex -15.4103 12.7485 110
      vertex -16.1803 11.7557 10
      vertex -16.1803 11.7557 110
    endloop
  endfacet
  facet normal -0.0940767 0.995565 0
    outer loop
      vertex -1.25581 19.9605 10
      vertex -2.50666 19.8423 110
      vertex -1.25581 19.9605 110
    endloop
  endfacet
  facet normal -0.0940767 0.995565 0
    outer loop
      vertex -2.50666 19.8423 110
      vertex -1.25581 19.9605 10
      vertex -2.50666 19.8423 10
    endloop
  endfacet
  facet normal 0.707107 0.707107 0
    outer loop
      vertex 14.5794 13.6909 110
      vertex 13.6909 14.5794 10
      vertex 13.6909 14.5794 110
    endloop
  endfacet
  facet normal 0.707107 0.707107 0
    outer loop
      vertex 13.6909 14.5794 10
      vertex 14.5794 13.6909 110
      vertex 14.5794 13.6909 10
    endloop
  endfacet
  facet normal 0.995565 -0.0940767 0
    outer loop
      vertex 19.8423 -2.50666 110
      vertex 19.9605 -1.25581 10
      vertex 19.9605 -1.25581 110
    endloop
  endfacet
  facet normal 0.995565 -0.0940767 0
    outer loop
      vertex 19.9605 -1.25581 10
      vertex 19.8423 -2.50666 110
      vertex 19.8423 -2.50666 10
    endloop
  endfacet
  facet normal 0.61286 0.790191 -0
    outer loop
      vertex 12.7485 15.4103 10
      vertex 11.7557 16.1803 110
      vertex 12.7485 15.4103 110
    endloop
  endfacet
  facet normal 0.61286 0.790191 0
    outer loop
      vertex 11.7557 16.1803 110
      vertex 12.7485 15.4103 10
      vertex 11.7557 16.1803 10
    endloop
  endfacet
  facet normal 0.156473 -0.987682 0
    outer loop
      vertex 2.50666 -19.8423 10
      vertex 3.74763 -19.6457 110
      vertex 2.50666 -19.8423 110
    endloop
  endfacet
  facet normal 0.156473 -0.987682 0
    outer loop
      vertex 3.74763 -19.6457 110
      vertex 2.50666 -19.8423 10
      vertex 3.74763 -19.6457 10
    endloop
  endfacet
  facet normal 0.827058 0.562116 0
    outer loop
      vertex 16.8866 10.7165 110
      vertex 16.1803 11.7557 10
      vertex 16.1803 11.7557 110
    endloop
  endfacet
  facet normal 0.827058 0.562116 0
    outer loop
      vertex 16.1803 11.7557 10
      vertex 16.8866 10.7165 110
      vertex 16.8866 10.7165 10
    endloop
  endfacet
  facet normal 0.279041 0.960279 -0
    outer loop
      vertex 6.18034 19.0211 10
      vertex 4.9738 19.3717 110
      vertex 6.18034 19.0211 110
    endloop
  endfacet
  facet normal 0.279041 0.960279 0
    outer loop
      vertex 4.9738 19.3717 110
      vertex 6.18034 19.0211 10
      vertex 4.9738 19.3717 10
    endloop
  endfacet
  facet normal -0.975931 -0.218081 0
    outer loop
      vertex -19.3717 -4.9738 10
      vertex -19.6457 -3.74763 110
      vertex -19.6457 -3.74763 10
    endloop
  endfacet
  facet normal -0.975931 -0.218081 0
    outer loop
      vertex -19.6457 -3.74763 110
      vertex -19.3717 -4.9738 10
      vertex -19.3717 -4.9738 110
    endloop
  endfacet
  facet normal -0.156473 -0.987682 0
    outer loop
      vertex -3.74763 -19.6457 10
      vertex -2.50666 -19.8423 110
      vertex -3.74763 -19.6457 110
    endloop
  endfacet
  facet normal -0.156473 -0.987682 -0
    outer loop
      vertex -2.50666 -19.8423 110
      vertex -3.74763 -19.6457 10
      vertex -2.50666 -19.8423 10
    endloop
  endfacet
  facet normal -0.338738 0.940881 0
    outer loop
      vertex -6.18034 19.0211 10
      vertex -7.36249 18.5955 110
      vertex -6.18034 19.0211 110
    endloop
  endfacet
  facet normal -0.338738 0.940881 0
    outer loop
      vertex -7.36249 18.5955 110
      vertex -6.18034 19.0211 10
      vertex -7.36249 18.5955 10
    endloop
  endfacet
  facet normal 0.960279 -0.279041 0
    outer loop
      vertex 19.0211 -6.18034 110
      vertex 19.3717 -4.9738 10
      vertex 19.3717 -4.9738 110
    endloop
  endfacet
  facet normal 0.960279 -0.279041 0
    outer loop
      vertex 19.3717 -4.9738 10
      vertex 19.0211 -6.18034 110
      vertex 19.0211 -6.18034 10
    endloop
  endfacet
  facet normal 0.509008 -0.860762 0
    outer loop
      vertex 9.63507 -17.5261 10
      vertex 10.7165 -16.8866 110
      vertex 9.63507 -17.5261 110
    endloop
  endfacet
  facet normal 0.509008 -0.860762 0
    outer loop
      vertex 10.7165 -16.8866 110
      vertex 9.63507 -17.5261 10
      vertex 10.7165 -16.8866 10
    endloop
  endfacet
  facet normal 0.0314383 -0.999506 0
    outer loop
      vertex 0 -20 10
      vertex 1.25581 -19.9605 110
      vertex 0 -20 110
    endloop
  endfacet
  facet normal 0.0314383 -0.999506 0
    outer loop
      vertex 1.25581 -19.9605 110
      vertex 0 -20 10
      vertex 1.25581 -19.9605 10
    endloop
  endfacet
  facet normal 0.0940767 -0.995565 0
    outer loop
      vertex 1.25581 -19.9605 10
      vertex 2.50666 -19.8423 110
      vertex 1.25581 -19.9605 110
    endloop
  endfacet
  facet normal 0.0940767 -0.995565 0
    outer loop
      vertex 2.50666 -19.8423 110
      vertex 1.25581 -19.9605 10
      vertex 2.50666 -19.8423 10
    endloop
  endfacet
  facet normal -0.279041 0.960279 0
    outer loop
      vertex -4.9738 19.3717 10
      vertex -6.18034 19.0211 110
      vertex -4.9738 19.3717 110
    endloop
  endfacet
  facet normal -0.279041 0.960279 0
    outer loop
      vertex -6.18034 19.0211 110
      vertex -4.9738 19.3717 10
      vertex -6.18034 19.0211 10
    endloop
  endfacet
  facet normal -0.707107 -0.707107 0
    outer loop
      vertex -13.6909 -14.5794 10
      vertex -14.5794 -13.6909 110
      vertex -14.5794 -13.6909 10
    endloop
  endfacet
  facet normal -0.707107 -0.707107 0
    outer loop
      vertex -14.5794 -13.6909 110
      vertex -13.6909 -14.5794 10
      vertex -13.6909 -14.5794 110
    endloop
  endfacet
  facet normal 0.827058 -0.562116 0
    outer loop
      vertex 16.1803 -11.7557 110
      vertex 16.8866 -10.7165 10
      vertex 16.8866 -10.7165 110
    endloop
  endfacet
  facet normal 0.827058 -0.562116 0
    outer loop
      vertex 16.8866 -10.7165 10
      vertex 16.1803 -11.7557 110
      vertex 16.1803 -11.7557 10
    endloop
  endfacet
  facet normal 0.707107 -0.707107 0
    outer loop
      vertex 13.6909 -14.5794 110
      vertex 14.5794 -13.6909 10
      vertex 14.5794 -13.6909 110
    endloop
  endfacet
  facet normal 0.707107 -0.707107 0
    outer loop
      vertex 14.5794 -13.6909 10
      vertex 13.6909 -14.5794 110
      vertex 13.6909 -14.5794 10
    endloop
  endfacet
  facet normal -0.940881 -0.338738 0
    outer loop
      vertex -18.5955 -7.36249 10
      vertex -19.0211 -6.18034 110
      vertex -19.0211 -6.18034 10
    endloop
  endfacet
  facet normal -0.940881 -0.338738 0
    outer loop
      vertex -19.0211 -6.18034 110
      vertex -18.5955 -7.36249 10
      vertex -18.5955 -7.36249 110
    endloop
  endfacet
  facet normal -0.562116 0.827058 0
    outer loop
      vertex -10.7165 16.8866 10
      vertex -11.7557 16.1803 110
      vertex -10.7165 16.8866 110
    endloop
  endfacet
  facet normal -0.562116 0.827058 0
    outer loop
      vertex -11.7557 16.1803 110
      vertex -10.7165 16.8866 10
      vertex -11.7557 16.1803 10
    endloop
  endfacet
  facet normal 0.917751 0.397157 0
    outer loop
      vertex 18.5955 7.36249 110
      vertex 18.0965 8.51558 10
      vertex 18.0965 8.51558 110
    endloop
  endfacet
  facet normal 0.917751 0.397157 0
    outer loop
      vertex 18.0965 8.51558 10
      vertex 18.5955 7.36249 110
      vertex 18.5955 7.36249 10
    endloop
  endfacet
  facet normal 0.0940767 0.995565 -0
    outer loop
      vertex 2.50666 19.8423 10
      vertex 1.25581 19.9605 110
      vertex 2.50666 19.8423 110
    endloop
  endfacet
  facet normal 0.0940767 0.995565 0
    outer loop
      vertex 1.25581 19.9605 110
      vertex 2.50666 19.8423 10
      vertex 1.25581 19.9605 10
    endloop
  endfacet
  facet normal 0.453985 -0.891009 0
    outer loop
      vertex 8.51558 -18.0965 10
      vertex 9.63507 -17.5261 110
      vertex 8.51558 -18.0965 110
    endloop
  endfacet
  facet normal 0.453985 -0.891009 0
    outer loop
      vertex 9.63507 -17.5261 110
      vertex 8.51558 -18.0965 10
      vertex 9.63507 -17.5261 10
    endloop
  endfacet
  facet normal 0.891009 0.453985 0
    outer loop
      vertex 18.0965 8.51558 110
      vertex 17.5261 9.63507 10
      vertex 17.5261 9.63507 110
    endloop
  endfacet
  facet normal 0.891009 0.453985 0
    outer loop
      vertex 17.5261 9.63507 10
      vertex 18.0965 8.51558 110
      vertex 18.0965 8.51558 10
    endloop
  endfacet
  facet normal -0.509008 0.860762 0
    outer loop
      vertex -9.63507 17.5261 10
      vertex -10.7165 16.8866 110
      vertex -9.63507 17.5261 110
    endloop
  endfacet
  facet normal -0.509008 0.860762 0
    outer loop
      vertex -10.7165 16.8866 110
      vertex -9.63507 17.5261 10
      vertex -10.7165 16.8866 10
    endloop
  endfacet
  facet normal -0.995565 0.0940767 0
    outer loop
      vertex -19.9605 1.25581 10
      vertex -19.8423 2.50666 110
      vertex -19.8423 2.50666 10
    endloop
  endfacet
  facet normal -0.995565 0.0940767 0
    outer loop
      vertex -19.8423 2.50666 110
      vertex -19.9605 1.25581 10
      vertex -19.9605 1.25581 110
    endloop
  endfacet
  facet normal -0.975931 0.218081 0
    outer loop
      vertex -19.6457 3.74763 10
      vertex -19.3717 4.9738 110
      vertex -19.3717 4.9738 10
    endloop
  endfacet
  facet normal -0.975931 0.218081 0
    outer loop
      vertex -19.3717 4.9738 110
      vertex -19.6457 3.74763 10
      vertex -19.6457 3.74763 110
    endloop
  endfacet
  facet normal -0.156473 0.987682 0
    outer loop
      vertex -2.50666 19.8423 10
      vertex -3.74763 19.6457 110
      vertex -2.50666 19.8423 110
    endloop
  endfacet
  facet normal -0.156473 0.987682 0
    outer loop
      vertex -3.74763 19.6457 110
      vertex -2.50666 19.8423 10
      vertex -3.74763 19.6457 10
    endloop
  endfacet
  facet normal -0.987682 -0.156473 0
    outer loop
      vertex -19.6457 -3.74763 10
      vertex -19.8423 -2.50666 110
      vertex -19.8423 -2.50666 10
    endloop
  endfacet
  facet normal -0.987682 -0.156473 0
    outer loop
      vertex -19.8423 -2.50666 110
      vertex -19.6457 -3.74763 10
      vertex -19.6457 -3.74763 110
    endloop
  endfacet
  facet normal 0.790191 0.61286 0
    outer loop
      vertex 16.1803 11.7557 110
      vertex 15.4103 12.7485 10
      vertex 15.4103 12.7485 110
    endloop
  endfacet
  facet normal 0.790191 0.61286 0
    outer loop
      vertex 15.4103 12.7485 10
      vertex 16.1803 11.7557 110
      vertex 16.1803 11.7557 10
    endloop
  endfacet
  facet normal 0.750086 0.66134 0
    outer loop
      vertex 15.4103 12.7485 110
      vertex 14.5794 13.6909 10
      vertex 14.5794 13.6909 110
    endloop
  endfacet
  facet normal 0.750086 0.66134 0
    outer loop
      vertex 14.5794 13.6909 10
      vertex 15.4103 12.7485 110
      vertex 15.4103 12.7485 10
    endloop
  endfacet
  facet normal -0.509008 -0.860762 0
    outer loop
      vertex -10.7165 -16.8866 10
      vertex -9.63507 -17.5261 110
      vertex -10.7165 -16.8866 110
    endloop
  endfacet
  facet normal -0.509008 -0.860762 -0
    outer loop
      vertex -9.63507 -17.5261 110
      vertex -10.7165 -16.8866 10
      vertex -9.63507 -17.5261 10
    endloop
  endfacet
  facet normal 0.338738 -0.940881 0
    outer loop
      vertex 6.18034 -19.0211 10
      vertex 7.36249 -18.5955 110
      vertex 6.18034 -19.0211 110
    endloop
  endfacet
  facet normal 0.338738 -0.940881 0
    outer loop
      vertex 7.36249 -18.5955 110
      vertex 6.18034 -19.0211 10
      vertex 7.36249 -18.5955 10
    endloop
  endfacet
  facet normal -0.0314383 -0.999506 0
    outer loop
      vertex -1.25581 -19.9605 10
      vertex 0 -20 110
      vertex -1.25581 -19.9605 110
    endloop
  endfacet
  facet normal -0.0314383 -0.999506 -0
    outer loop
      vertex 0 -20 110
      vertex -1.25581 -19.9605 10
      vertex 0 -20 10
    endloop
  endfacet
  facet normal -0.61286 0.790191 0
    outer loop
      vertex -11.7557 16.1803 10
      vertex -12.7485 15.4103 110
      vertex -11.7557 16.1803 110
    endloop
  endfacet
  facet normal -0.61286 0.790191 0
    outer loop
      vertex -12.7485 15.4103 110
      vertex -11.7557 16.1803 10
      vertex -12.7485 15.4103 10
    endloop
  endfacet
  facet normal 0.860762 -0.509008 0
    outer loop
      vertex 16.8866 -10.7165 110
      vertex 17.5261 -9.63507 10
      vertex 17.5261 -9.63507 110
    endloop
  endfacet
  facet normal 0.860762 -0.509008 0
    outer loop
      vertex 17.5261 -9.63507 10
      vertex 16.8866 -10.7165 110
      vertex 16.8866 -10.7165 10
    endloop
  endfacet
  facet normal 0.987682 -0.156473 0
    outer loop
      vertex 19.6457 -3.74763 110
      vertex 19.8423 -2.50666 10
      vertex 19.8423 -2.50666 110
    endloop
  endfacet
  facet normal 0.987682 -0.156473 0
    outer loop
      vertex 19.8423 -2.50666 10
      vertex 19.6457 -3.74763 110
      vertex 19.6457 -3.74763 10
    endloop
  endfacet
  facet normal 0.218081 -0.975931 0
    outer loop
      vertex 3.74763 -19.6457 10
      vertex 4.9738 -19.3717 110
      vertex 3.74763 -19.6457 110
    endloop
  endfacet
  facet normal 0.218081 -0.975931 0
    outer loop
      vertex 4.9738 -19.3717 110
      vertex 3.74763 -19.6457 10
      vertex 4.9738 -19.3717 10
    endloop
  endfacet
  facet normal 0.790191 -0.61286 0
    outer loop
      vertex 15.4103 -12.7485 110
      vertex 16.1803 -11.7557 10
      vertex 16.1803 -11.7557 110
    endloop
  endfacet
  facet normal 0.790191 -0.61286 0
    outer loop
      vertex 16.1803 -11.7557 10
      vertex 15.4103 -12.7485 110
      vertex 15.4103 -12.7485 10
    endloop
  endfacet
  facet normal 0.975931 -0.218081 0
    outer loop
      vertex 19.3717 -4.9738 110
      vertex 19.6457 -3.74763 10
      vertex 19.6457 -3.74763 110
    endloop
  endfacet
  facet normal 0.975931 -0.218081 0
    outer loop
      vertex 19.6457 -3.74763 10
      vertex 19.3717 -4.9738 110
      vertex 19.3717 -4.9738 10
    endloop
  endfacet
  facet normal 0.397157 0.917751 -0
    outer loop
      vertex 8.51558 18.0965 10
      vertex 7.36249 18.5955 110
      vertex 8.51558 18.0965 110
    endloop
  endfacet
  facet normal 0.397157 0.917751 0
    outer loop
      vertex 7.36249 18.5955 110
      vertex 8.51558 18.0965 10
      vertex 7.36249 18.5955 10
    endloop
  endfacet
  facet normal 0.940881 -0.338738 0
    outer loop
      vertex 18.5955 -7.36249 110
      vertex 19.0211 -6.18034 10
      vertex 19.0211 -6.18034 110
    endloop
  endfacet
  facet normal 0.940881 -0.338738 0
    outer loop
      vertex 19.0211 -6.18034 10
      vertex 18.5955 -7.36249 110
      vertex 18.5955 -7.36249 10
    endloop
  endfacet
  facet normal 0.66134 -0.750086 0
    outer loop
      vertex 12.7485 -15.4103 10
      vertex 13.6909 -14.5794 110
      vertex 12.7485 -15.4103 110
    endloop
  endfacet
  facet normal 0.66134 -0.750086 0
    outer loop
      vertex 13.6909 -14.5794 110
      vertex 12.7485 -15.4103 10
      vertex 13.6909 -14.5794 10
    endloop
  endfacet
  facet normal -0.397157 0.917751 0
    outer loop
      vertex -7.36249 18.5955 10
      vertex -8.51558 18.0965 110
      vertex -7.36249 18.5955 110
    endloop
  endfacet
  facet normal -0.397157 0.917751 0
    outer loop
      vertex -8.51558 18.0965 110
      vertex -7.36249 18.5955 10
      vertex -8.51558 18.0965 10
    endloop
  endfacet
  facet normal 0.975931 0.218081 0
    outer loop
      vertex 19.6457 3.74763 110
      vertex 19.3717 4.9738 10
      vertex 19.3717 4.9738 110
    endloop
  endfacet
  facet normal 0.975931 0.218081 0
    outer loop
      vertex 19.3717 4.9738 10
      vertex 19.6457 3.74763 110
      vertex 19.6457 3.74763 10
    endloop
  endfacet
  facet normal -0.707107 0.707107 0
    outer loop
      vertex -14.5794 13.6909 10
      vertex -13.6909 14.5794 110
      vertex -13.6909 14.5794 10
    endloop
  endfacet
  facet normal -0.707107 0.707107 0
    outer loop
      vertex -13.6909 14.5794 110
      vertex -14.5794 13.6909 10
      vertex -14.5794 13.6909 110
    endloop
  endfacet
  facet normal 0.940881 0.338738 0
    outer loop
      vertex 19.0211 6.18034 110
      vertex 18.5955 7.36249 10
      vertex 18.5955 7.36249 110
    endloop
  endfacet
  facet normal 0.940881 0.338738 0
    outer loop
      vertex 18.5955 7.36249 10
      vertex 19.0211 6.18034 110
      vertex 19.0211 6.18034 10
    endloop
  endfacet
  facet normal -0.218081 -0.975931 0
    outer loop
      vertex -4.9738 -19.3717 10
      vertex -3.74763 -19.6457 110
      vertex -4.9738 -19.3717 110
    endloop
  endfacet
  facet normal -0.218081 -0.975931 -0
    outer loop
      vertex -3.74763 -19.6457 110
      vertex -4.9738 -19.3717 10
      vertex -3.74763 -19.6457 10
    endloop
  endfacet
  facet normal 0.987682 0.156473 0
    outer loop
      vertex 19.8423 2.50666 110
      vertex 19.6457 3.74763 10
      vertex 19.6457 3.74763 110
    endloop
  endfacet
  facet normal 0.987682 0.156473 0
    outer loop
      vertex 19.6457 3.74763 10
      vertex 19.8423 2.50666 110
      vertex 19.8423 2.50666 10
    endloop
  endfacet
  facet normal -0.917751 0.397157 0
    outer loop
      vertex -18.5955 7.36249 10
      vertex -18.0965 8.51558 110
      vertex -18.0965 8.51558 10
    endloop
  endfacet
  facet normal -0.917751 0.397157 0
    outer loop
      vertex -18.0965 8.51558 110
      vertex -18.5955 7.36249 10
      vertex -18.5955 7.36249 110
    endloop
  endfacet
  facet normal 0.917751 -0.397157 0
    outer loop
      vertex 18.0965 -8.51558 110
      vertex 18.5955 -7.36249 10
      vertex 18.5955 -7.36249 110
    endloop
  endfacet
  facet normal 0.917751 -0.397157 0
    outer loop
      vertex 18.5955 -7.36249 10
      vertex 18.0965 -8.51558 110
      vertex 18.0965 -8.51558 10
    endloop
  endfacet
  facet normal -0.860762 0.509008 0
    outer loop
      vertex -17.5261 9.63507 10
      vertex -16.8866 10.7165 110
      vertex -16.8866 10.7165 10
    endloop
  endfacet
  facet normal -0.860762 0.509008 0
    outer loop
      vertex -16.8866 10.7165 110
      vertex -17.5261 9.63507 10
      vertex -17.5261 9.63507 110
    endloop
  endfacet
  facet normal -0.0314383 0.999506 0
    outer loop
      vertex 0 20 10
      vertex -1.25581 19.9605 110
      vertex 0 20 110
    endloop
  endfacet
  facet normal -0.0314383 0.999506 0
    outer loop
      vertex -1.25581 19.9605 110
      vertex 0 20 10
      vertex -1.25581 19.9605 10
    endloop
  endfacet
  facet normal 0.562116 -0.827058 0
    outer loop
      vertex 10.7165 -16.8866 10
      vertex 11.7557 -16.1803 110
      vertex 10.7165 -16.8866 110
    endloop
  endfacet
  facet normal 0.562116 -0.827058 0
    outer loop
      vertex 11.7557 -16.1803 110
      vertex 10.7165 -16.8866 10
      vertex 11.7557 -16.1803 10
    endloop
  endfacet
  facet normal -0.995565 -0.0940767 0
    outer loop
      vertex -19.8423 -2.50666 10
      vertex -19.9605 -1.25581 110
      vertex -19.9605 -1.25581 10
    endloop
  endfacet
  facet normal -0.995565 -0.0940767 0
    outer loop
      vertex -19.9605 -1.25581 110
      vertex -19.8423 -2.50666 10
      vertex -19.8423 -2.50666 110
    endloop
  endfacet
  facet normal 0.338738 0.940881 -0
    outer loop
      vertex 7.36249 18.5955 10
      vertex 6.18034 19.0211 110
      vertex 7.36249 18.5955 110
    endloop
  endfacet
  facet normal 0.338738 0.940881 0
    outer loop
      vertex 6.18034 19.0211 110
      vertex 7.36249 18.5955 10
      vertex 6.18034 19.0211 10
    endloop
  endfacet
  facet normal -0.987682 0.156473 0
    outer loop
      vertex -19.8423 2.50666 10
      vertex -19.6457 3.74763 110
      vertex -19.6457 3.74763 10
    endloop
  endfacet
  facet normal -0.987682 0.156473 0
    outer loop
      vertex -19.6457 3.74763 110
      vertex -19.8423 2.50666 10
      vertex -19.8423 2.50666 110
    endloop
  endfacet
  facet normal -0.750086 -0.66134 0
    outer loop
      vertex -14.5794 -13.6909 10
      vertex -15.4103 -12.7485 110
      vertex -15.4103 -12.7485 10
    endloop
  endfacet
  facet normal -0.750086 -0.66134 0
    outer loop
      vertex -15.4103 -12.7485 110
      vertex -14.5794 -13.6909 10
      vertex -14.5794 -13.6909 110
    endloop
  endfacet
  facet normal -0.66134 -0.750086 0
    outer loop
      vertex -13.6909 -14.5794 10
      vertex -12.7485 -15.4103 110
      vertex -13.6909 -14.5794 110
    endloop
  endfacet
  facet normal -0.66134 -0.750086 -0
    outer loop
      vertex -12.7485 -15.4103 110
      vertex -13.6909 -14.5794 10
      vertex -12.7485 -15.4103 10
    endloop
  endfacet
  facet normal -0.999506 -0.0314383 0
    outer loop
      vertex -19.9605 -1.25581 10
      vertex -20 0 110
      vertex -20 0 10
    endloop
  endfacet
  facet normal -0.999506 -0.0314383 0
    outer loop
      vertex -20 0 110
      vertex -19.9605 -1.25581 10
      vertex -19.9605 -1.25581 110
    endloop
  endfacet
  facet normal 0.891009 -0.453985 0
    outer loop
      vertex 17.5261 -9.63507 110
      vertex 18.0965 -8.51558 10
      vertex 18.0965 -8.51558 110
    endloop
  endfacet
  facet normal 0.891009 -0.453985 0
    outer loop
      vertex 18.0965 -8.51558 10
      vertex 17.5261 -9.63507 110
      vertex 17.5261 -9.63507 10
    endloop
  endfacet
  facet normal -0.61286 -0.790191 0
    outer loop
      vertex -12.7485 -15.4103 10
      vertex -11.7557 -16.1803 110
      vertex -12.7485 -15.4103 110
    endloop
  endfacet
  facet normal -0.61286 -0.790191 -0
    outer loop
      vertex -11.7557 -16.1803 110
      vertex -12.7485 -15.4103 10
      vertex -11.7557 -16.1803 10
    endloop
  endfacet
  facet normal 0.218081 0.975931 -0
    outer loop
      vertex 4.9738 19.3717 10
      vertex 3.74763 19.6457 110
      vertex 4.9738 19.3717 110
    endloop
  endfacet
  facet normal 0.218081 0.975931 0
    outer loop
      vertex 3.74763 19.6457 110
      vertex 4.9738 19.3717 10
      vertex 3.74763 19.6457 10
    endloop
  endfacet
  facet normal -0.940881 0.338738 0
    outer loop
      vertex -19.0211 6.18034 10
      vertex -18.5955 7.36249 110
      vertex -18.5955 7.36249 10
    endloop
  endfacet
  facet normal -0.940881 0.338738 0
    outer loop
      vertex -18.5955 7.36249 110
      vertex -19.0211 6.18034 10
      vertex -19.0211 6.18034 110
    endloop
  endfacet
  facet normal -0.960279 0.279041 0
    outer loop
      vertex -19.3717 4.9738 10
      vertex -19.0211 6.18034 110
      vertex -19.0211 6.18034 10
    endloop
  endfacet
  facet normal -0.960279 0.279041 0
    outer loop
      vertex -19.0211 6.18034 110
      vertex -19.3717 4.9738 10
      vertex -19.3717 4.9738 110
    endloop
  endfacet
  facet normal -0.279041 -0.960279 0
    outer loop
      vertex -6.18034 -19.0211 10
      vertex -4.9738 -19.3717 110
      vertex -6.18034 -19.0211 110
    endloop
  endfacet
  facet normal -0.279041 -0.960279 -0
    outer loop
      vertex -4.9738 -19.3717 110
      vertex -6.18034 -19.0211 10
      vertex -4.9738 -19.3717 10
    endloop
  endfacet
  facet normal -0.453985 0.891009 0
    outer loop
      vertex -8.51558 18.0965 10
      vertex -9.63507 17.5261 110
      vertex -8.51558 18.0965 110
    endloop
  endfacet
  facet normal -0.453985 0.891009 0
    outer loop
      vertex -9.63507 17.5261 110
      vertex -8.51558 18.0965 10
      vertex -9.63507 17.5261 10
    endloop
  endfacet
  facet normal -0.0940767 -0.995565 0
    outer loop
      vertex -2.50666 -19.8423 10
      vertex -1.25581 -19.9605 110
      vertex -2.50666 -19.8423 110
    endloop
  endfacet
  facet normal -0.0940767 -0.995565 -0
    outer loop
      vertex -1.25581 -19.9605 110
      vertex -2.50666 -19.8423 10
      vertex -1.25581 -19.9605 10
    endloop
  endfacet
  facet normal 0 0 -1
    outer loop
      vertex 19.9605 -1.25581 10
      vertex 19.9605 1.25581 10
      vertex 20 0 10
    endloop
  endfacet
  facet normal 0 0 -1
    outer loop
      vertex 19.8423 -2.50666 10
      vertex 19.9605 1.25581 10
      vertex 19.9605 -1.25581 10
    endloop
  endfacet
  facet normal 0 0 -1
    outer loop
      vertex 19.8423 -2.50666 10
      vertex 19.8423 2.50666 10
      vertex 19.9605 1.25581 10
    endloop
  endfacet
  facet normal 0 0 -1
    outer loop
      vertex 19.6457 -3.74763 10
      vertex 19.8423 2.50666 10
      vertex 19.8423 -2.50666 10
    endloop
  endfacet
  facet normal 0 0 -1
    outer loop
      vertex 19.6457 -3.74763 10
      vertex 19.6457 3.74763 10
      vertex 19.8423 2.50666 10
    endloop
  endfacet
  facet normal 0 0 -1
    outer loop
      vertex 19.3717 -4.9738 10
      vertex 19.6457 3.74763 10
      vertex 19.6457 -3.74763 10
    endloop
  endfacet
  facet normal 0 0 -1
    outer loop
      vertex 19.3717 -4.9738 10
      vertex 19.3717 4.9738 10
      vertex 19.6457 3.74763 10
    endloop
  endfacet
  facet normal 0 0 -1
    outer loop
      vertex 19.0211 -6.18034 10
      vertex 19.3717 4.9738 10
      vertex 19.3717 -4.9738 10
    endloop
  endfacet
  facet normal 0 0 -1
    outer loop
      vertex 19.0211 -6.18034 10
      vertex 19.0211 6.18034 10
      vertex 19.3717 4.9738 10
    endloop
  endfacet
  facet normal 0 0 -1
    outer loop
      vertex 18.5955 -7.36249 10
      vertex 19.0211 6.18034 10
      vertex 19.0211 -6.18034 10
    endloop
  endfacet
  facet normal 0 0 -1
    outer loop
      vertex 18.5955 -7.36249 10
      vertex 18.5955 7.36249 10
      vertex 19.0211 6.18034 10
    endloop
  endfacet
  facet normal 0 0 -1
    outer loop
      vertex 18.0965 -8.51558 10
      vertex 18.5955 7.36249 10
      vertex 18.5955 -7.36249 10
    endloop
  endfacet
  facet normal 0 0 -1
    outer loop
      vertex 18.0965 -8.51558 10
      vertex 18.0965 8.51558 10
      vertex 18.5955 7.36249 10
    endloop
  endfacet
  facet normal 0 0 -1
    outer loop
      vertex 17.5261 -9.63507 10
      vertex 18.0965 8.51558 10
      vertex 18.0965 -8.51558 10
    endloop
  endfacet
  facet normal 0 0 -1
    outer loop
      vertex 17.5261 -9.63507 10
      vertex 17.5261 9.63507 10
      vertex 18.0965 8.51558 10
    endloop
  endfacet
  facet normal 0 0 -1
    outer loop
      vertex 16.8866 -10.7165 10
      vertex 17.5261 9.63507 10
      vertex 17.5261 -9.63507 10
    endloop
  endfacet
  facet normal 0 0 -1
    outer loop
      vertex 16.8866 -10.7165 10
      vertex 16.8866 10.7165 10
      vertex 17.5261 9.63507 10
    endloop
  endfacet
  facet normal 0 0 -1
    outer loop
      vertex 16.1803 -11.7557 10
      vertex 16.8866 10.7165 10
      vertex 16.8866 -10.7165 10
    endloop
  endfacet
  facet normal 0 0 -1
    outer loop
      vertex 16.1803 -11.7557 10
      vertex 16.1803 11.7557 10
      vertex 16.8866 10.7165 10
    endloop
  endfacet
  facet normal 0 0 -1
    outer loop
      vertex 15.4103 -12.7485 10
      vertex 16.1803 11.7557 10
      vertex 16.1803 -11.7557 10
    endloop
  endfacet
  facet normal 0 0 -1
    outer loop
      vertex 15.4103 -12.7485 10
      vertex 15.4103 12.7485 10
      vertex 16.1803 11.7557 10
    endloop
  endfacet
  facet normal 0 0 -1
    outer loop
      vertex 14.5794 -13.6909 10
      vertex 15.4103 12.7485 10
      vertex 15.4103 -12.7485 10
    endloop
  endfacet
  facet normal 0 0 -1
    outer loop
      vertex 14.5794 -13.6909 10
      vertex 14.5794 13.6909 10
      vertex 15.4103 12.7485 10
    endloop
  endfacet
  facet normal 0 0 -1
    outer loop
      vertex 13.6909 -14.5794 10
      vertex 14.5794 13.6909 10
      vertex 14.5794 -13.6909 10
    endloop
  endfacet
  facet normal 0 0 -1
    outer loop
      vertex 13.6909 -14.5794 10
      vertex 13.6909 14.5794 10
      vertex 14.5794 13.6909 10
    endloop
  endfacet
  facet normal 0 0 -1
    outer loop
      vertex 12.7485 -15.4103 10
      vertex 13.6909 14.5794 10
      vertex 13.6909 -14.5794 10
    endloop
  endfacet
  facet normal 0 0 -1
    outer loop
      vertex 12.7485 -15.4103 10
      vertex 12.7485 15.4103 10
      vertex 13.6909 14.5794 10
    endloop
  endfacet
  facet normal 0 0 -1
    outer loop
      vertex 11.7557 -16.1803 10
      vertex 12.7485 15.4103 10
      vertex 12.7485 -15.4103 10
    endloop
  endfacet
  facet normal 0 0 -1
    outer loop
      vertex 11.7557 -16.1803 10
      vertex 11.7557 16.1803 10
      vertex 12.7485 15.4103 10
    endloop
  endfacet
  facet normal 0 0 -1
    outer loop
      vertex 10.7165 -16.8866 10
      vertex 11.7557 16.1803 10
      vertex 11.7557 -16.1803 10
    endloop
  endfacet
  facet normal 0 0 -1
    outer loop
      vertex 10.7165 -16.8866 10
      vertex 10.7165 16.8866 10
      vertex 11.7557 16.1803 10
    endloop
  endfacet
  facet normal 0 0 -1
    outer loop
      vertex 9.63507 -17.5261 10
      vertex 10.7165 16.8866 10
      vertex 10.7165 -16.8866 10
    endloop
  endfacet
  facet normal 0 0 -1
    outer loop
      vertex 9.63507 -17.5261 10
      vertex 9.63507 17.5261 10
      vertex 10.7165 16.8866 10
    endloop
  endfacet
  facet normal 0 0 -1
    outer loop
      vertex 8.51558 -18.0965 10
      vertex 9.63507 17.5261 10
      vertex 9.63507 -17.5261 10
    endloop
  endfacet
  facet normal 0 0 -1
    outer loop
      vertex 8.51558 -18.0965 10
      vertex 8.51558 18.0965 10
      vertex 9.63507 17.5261 10
    endloop
  endfacet
  facet normal 0 0 -1
    outer loop
      vertex 7.36249 -18.5955 10
      vertex 8.51558 18.0965 10
      vertex 8.51558 -18.0965 10
    endloop
  endfacet
  facet normal 0 0 -1
    outer loop
      vertex 7.36249 -18.5955 10
      vertex 7.36249 18.5955 10
      vertex 8.51558 18.0965 10
    endloop
  endfacet
  facet normal 0 0 -1
    outer loop
      vertex 6.18034 -19.0211 10
      vertex 7.36249 18.5955 10
      vertex 7.36249 -18.5955 10
    endloop
  endfacet
  facet normal 0 0 -1
    outer loop
      vertex 6.18034 -19.0211 10
      vertex 6.18034 19.0211 10
      vertex 7.36249 18.5955 10
    endloop
  endfacet
  facet normal 0 0 -1
    outer loop
      vertex 4.9738 -19.3717 10
      vertex 6.18034 19.0211 10
      vertex 6.18034 -19.0211 10
    endloop
  endfacet
  facet normal 0 0 -1
    outer loop
      vertex 4.9738 -19.3717 10
      vertex 4.9738 19.3717 10
      vertex 6.18034 19.0211 10
    endloop
  endfacet
  facet normal 0 0 -1
    outer loop
      vertex 3.74763 -19.6457 10
      vertex 4.9738 19.3717 10
      vertex 4.9738 -19.3717 10
    endloop
  endfacet
  facet normal 0 0 -1
    outer loop
      vertex 3.74763 -19.6457 10
      vertex 3.74763 19.6457 10
      vertex 4.9738 19.3717 10
    endloop
  endfacet
  facet normal 0 0 -1
    outer loop
      vertex 2.50666 -19.8423 10
      vertex 3.74763 19.6457 10
      vertex 3.74763 -19.6457 10
    endloop
  endfacet
  facet normal 0 0 -1
    outer loop
      vertex 2.50666 -19.8423 10
      vertex 2.50666 19.8423 10
      vertex 3.74763 19.6457 10
    endloop
  endfacet
  facet normal 0 0 -1
    outer loop
      vertex 1.25581 -19.9605 10
      vertex 2.50666 19.8423 10
      vertex 2.50666 -19.8423 10
    endloop
  endfacet
  facet normal 0 0 -1
    outer loop
      vertex 1.25581 -19.9605 10
      vertex 1.25581 19.9605 10
      vertex 2.50666 19.8423 10
    endloop
  endfacet
  facet normal 0 0 -1
    outer loop
      vertex 0 -20 10
      vertex 1.25581 19.9605 10
      vertex 1.25581 -19.9605 10
    endloop
  endfacet
  facet normal 0 0 -1
    outer loop
      vertex 0 -20 10
      vertex 0 20 10
      vertex 1.25581 19.9605 10
    endloop
  endfacet
  facet normal 0 0 -1
    outer loop
      vertex -1.25581 -19.9605 10
      vertex 0 20 10
      vertex 0 -20 10
    endloop
  endfacet
  facet normal 0 0 -1
    outer loop
      vertex -1.25581 -19.9605 10
      vertex -1.25581 19.9605 10
      vertex 0 20 10
    endloop
  endfacet
  facet normal 0 0 -1
    outer loop
      vertex -2.50666 -19.8423 10
      vertex -1.25581 19.9605 10
      vertex -1.25581 -19.9605 10
    endloop
  endfacet
  facet normal 0 0 -1
    outer loop
      vertex -2.50666 -19.8423 10
      vertex -2.50666 19.8423 10
      vertex -1.25581 19.9605 10
    endloop
  endfacet
  facet normal 0 0 -1
    outer loop
      vertex -3.74763 -19.6457 10
      vertex -2.50666 19.8423 10
      vertex -2.50666 -19.8423 10
    endloop
  endfacet
  facet normal 0 0 -1
    outer loop
      vertex -3.74763 -19.6457 10
      vertex -3.74763 19.6457 10
      vertex -2.50666 19.8423 10
    endloop
  endfacet
  facet normal 0 0 -1
    outer loop
      vertex -4.9738 -19.3717 10
      vertex -3.74763 19.6457 10
      vertex -3.74763 -19.6457 10
    endloop
  endfacet
  facet normal 0 0 -1
    outer loop
      vertex -4.9738 -19.3717 10
      vertex -4.9738 19.3717 10
      vertex -3.74763 19.6457 10
    endloop
  endfacet
  facet normal 0 0 -1
    outer loop
      vertex -6.18034 -19.0211 10
      vertex -4.9738 19.3717 10
      vertex -4.9738 -19.3717 10
    endloop
  endfacet
  facet normal 0 0 -1
    outer loop
      vertex -6.18034 -19.0211 10
      vertex -6.18034 19.0211 10
      vertex -4.9738 19.3717 10
    endloop
  endfacet
  facet normal 0 0 -1
    outer loop
      vertex -7.36249 -18.5955 10
      vertex -6.18034 19.0211 10
      vertex -6.18034 -19.0211 10
    endloop
  endfacet
  facet normal 0 0 -1
    outer loop
      vertex -7.36249 -18.5955 10
      vertex -7.36249 18.5955 10
      vertex -6.18034 19.0211 10
    endloop
  endfacet
  facet normal 0 0 -1
    outer loop
      vertex -8.51558 -18.0965 10
      vertex -7.36249 18.5955 10
      vertex -7.36249 -18.5955 10
    endloop
  endfacet
  facet normal 0 0 -1
    outer loop
      vertex -8.51558 -18.0965 10
      vertex -8.51558 18.0965 10
      vertex -7.36249 18.5955 10
    endloop
  endfacet
  facet normal 0 0 -1
    outer loop
      vertex -9.63507 -17.5261 10
      vertex -8.51558 18.0965 10
      vertex -8.51558 -18.0965 10
    endloop
  endfacet
  facet normal 0 0 -1
    outer loop
      vertex -9.63507 -17.5261 10
      vertex -9.63507 17.5261 10
      vertex -8.51558 18.0965 10
    endloop
  endfacet
  facet normal 0 0 -1
    outer loop
      vertex -10.7165 -16.8866 10
      vertex -9.63507 17.5261 10
      vertex -9.63507 -17.5261 10
    endloop
  endfacet
  facet normal 0 0 -1
    outer loop
      vertex -10.7165 -16.8866 10
      vertex -10.7165 16.8866 10
      vertex -9.63507 17.5261 10
    endloop
  endfacet
  facet normal 0 0 -1
    outer loop
      vertex -11.7557 -16.1803 10
      vertex -10.7165 16.8866 10
      vertex -10.7165 -16.8866 10
    endloop
  endfacet
  facet normal 0 0 -1
    outer loop
      vertex -11.7557 -16.1803 10
      vertex -11.7557 16.1803 10
      vertex -10.7165 16.8866 10
    endloop
  endfacet
  facet normal 0 0 -1
    outer loop
      vertex -12.7485 -15.4103 10
      vertex -11.7557 16.1803 10
      vertex -11.7557 -16.1803 10
    endloop
  endfacet
  facet normal 0 0 -1
    outer loop
      vertex -12.7485 -15.4103 10
      vertex -12.7485 15.4103 10
      vertex -11.7557 16.1803 10
    endloop
  endfacet
  facet normal 0 0 -1
    outer loop
      vertex -13.6909 -14.5794 10
      vertex -12.7485 15.4103 10
      vertex -12.7485 -15.4103 10
    endloop
  endfacet
  facet normal 0 0 -1
    outer loop
      vertex -13.6909 -14.5794 10
      vertex -13.6909 14.5794 10
      vertex -12.7485 15.4103 10
    endloop
  endfacet
  facet normal 0 0 -1
    outer loop
      vertex -14.5794 -13.6909 10
      vertex -13.6909 14.5794 10
      vertex -13.6909 -14.5794 10
    endloop
  endfacet
  facet normal 0 0 -1
    outer loop
      vertex -14.5794 -13.6909 10
      vertex -14.5794 13.6909 10
      vertex -13.6909 14.5794 10
    endloop
  endfacet
  facet normal 0 0 -1
    outer loop
      vertex -15.4103 -12.7485 10
      vertex -14.5794 13.6909 10
      vertex -14.5794 -13.6909 10
    endloop
  endfacet
  facet normal 0 0 -1
    outer loop
      vertex -15.4103 -12.7485 10
      vertex -15.4103 12.7485 10
      vertex -14.5794 13.6909 10
    endloop
  endfacet
  facet normal 0 0 -1
    outer loop
      vertex -16.1803 -11.7557 10
      vertex -15.4103 12.7485 10
      vertex -15.4103 -12.7485 10
    endloop
  endfacet
  facet normal 0 0 -1
    outer loop
      vertex -16.1803 -11.7557 10
      vertex -16.1803 11.7557 10
      vertex -15.4103 12.7485 10
    endloop
  endfacet
  facet normal 0 0 -1
    outer loop
      vertex -16.8866 -10.7165 10
      vertex -16.1803 11.7557 10
      vertex -16.1803 -11.7557 10
    endloop
  endfacet
  facet normal 0 0 -1
    outer loop
      vertex -16.8866 -10.7165 10
      vertex -16.8866 10.7165 10
      vertex -16.1803 11.7557 10
    endloop
  endfacet
  facet normal 0 0 -1
    outer loop
      vertex -17.5261 -9.63507 10
      vertex -16.8866 10.7165 10
      vertex -16.8866 -10.7165 10
    endloop
  endfacet
  facet normal 0 0 -1
    outer loop
      vertex -17.5261 -9.63507 10
      vertex -17.5261 9.63507 10
      vertex -16.8866 10.7165 10
    endloop
  endfacet
  facet normal 0 0 -1
    outer loop
      vertex -18.0965 -8.51558 10
      vertex -17.5261 9.63507 10
      vertex -17.5261 -9.63507 10
    endloop
  endfacet
  facet normal 0 0 -1
    outer loop
      vertex -18.0965 -8.51558 10
      vertex -18.0965 8.51558 10
      vertex -17.5261 9.63507 10
    endloop
  endfacet
  facet normal 0 0 -1
    outer loop
      vertex -18.5955 -7.36249 10
      vertex -18.0965 8.51558 10
      vertex -18.0965 -8.51558 10
    endloop
  endfacet
  facet normal 0 0 -1
    outer loop
      vertex -18.5955 -7.36249 10
      vertex -18.5955 7.36249 10
      vertex -18.0965 8.51558 10
    endloop
  endfacet
  facet normal 0 0 -1
    outer loop
      vertex -19.0211 -6.18034 10
      vertex -18.5955 7.36249 10
      vertex -18.5955 -7.36249 10
    endloop
  endfacet
  facet normal 0 0 -1
    outer loop
      vertex -19.0211 -6.18034 10
      vertex -19.0211 6.18034 10
      vertex -18.5955 7.36249 10
    endloop
  endfacet
  facet normal 0 0 -1
    outer loop
      vertex -19.3717 -4.9738 10
      vertex -19.0211 6.18034 10
      vertex -19.0211 -6.18034 10
    endloop
  endfacet
  facet normal 0 0 -1
    outer loop
      vertex -19.3717 -4.9738 10
      vertex -19.3717 4.9738 10
      vertex -19.0211 6.18034 10
    endloop
  endfacet
  facet normal 0 0 -1
    outer loop
      vertex -19.6457 -3.74763 10
      vertex -19.3717 4.9738 10
      vertex -19.3717 -4.9738 10
    endloop
  endfacet
  facet normal 0 0 -1
    outer loop
      vertex -19.6457 -3.74763 10
      vertex -19.6457 3.74763 10
      vertex -19.3717 4.9738 10
    endloop
  endfacet
  facet normal 0 0 -1
    outer loop
      vertex -19.8423 -2.50666 10
      vertex -19.6457 3.74763 10
      vertex -19.6457 -3.74763 10
    endloop
  endfacet
  facet normal 0 0 -1
    outer loop
      vertex -19.8423 -2.50666 10
      vertex -19.8423 2.50666 10
      vertex -19.6457 3.74763 10
    endloop
  endfacet
  facet normal 0 0 -1
    outer loop
      vertex -19.9605 -1.25581 10
      vertex -19.8423 2.50666 10
      vertex -19.8423 -2.50666 10
    endloop
  endfacet
  facet normal 0 0 -1
    outer loop
      vertex -19.9605 -1.25581 10
      vertex -19.9605 1.25581 10
      vertex -19.8423 2.50666 10
    endloop
  endfacet
  facet normal 0 -0 -1
    outer loop
      vertex -19.9605 1.25581 10
      vertex -19.9605 -1.25581 10
      vertex -20 0 10
    endloop
  endfacet
  facet normal -0.999506 0.0314383 0
    outer loop
      vertex -20 0 10
      vertex -19.9605 1.25581 110
      vertex -19.9605 1.25581 10
    endloop
  endfacet
  facet normal -0.999506 0.0314383 0
    outer loop
      vertex -19.9605 1.25581 110
      vertex -20 0 10
      vertex -20 0 110
    endloop
  endfacet
  facet normal -0.453985 -0.891009 0
    outer loop
      vertex -9.63507 -17.5261 10
      vertex -8.51558 -18.0965 110
      vertex -9.63507 -17.5261 110
    endloop
  endfacet
  facet normal -0.453985 -0.891009 -0
    outer loop
      vertex -8.51558 -18.0965 110
      vertex -9.63507 -17.5261 10
      vertex -8.51558 -18.0965 10
    endloop
  endfacet
  facet normal -0.891009 -0.453985 0
    outer loop
      vertex -17.5261 -9.63507 10
      vertex -18.0965 -8.51558 110
      vertex -18.0965 -8.51558 10
    endloop
  endfacet
  facet normal -0.891009 -0.453985 0
    outer loop
      vertex -18.0965 -8.51558 110
      vertex -17.5261 -9.63507 10
      vertex -17.5261 -9.63507 110
    endloop
  endfacet
  facet normal -0.917751 -0.397157 0
    outer loop
      vertex -18.0965 -8.51558 10
      vertex -18.5955 -7.36249 110
      vertex -18.5955 -7.36249 10
    endloop
  endfacet
  facet normal -0.917751 -0.397157 0
    outer loop
      vertex -18.5955 -7.36249 110
      vertex -18.0965 -8.51558 10
      vertex -18.0965 -8.51558 110
    endloop
  endfacet
  facet normal 0.894072 0.0281932 0.447036
    outer loop
      vertex 12.4901 0.313952 125
      vertex 10 0 130
      vertex 12.5 0 125
    endloop
  endfacet
  facet normal 0.872963 0.195169 0.447039
    outer loop
      vertex 9.68583 2.4869 130
      vertex 12.2101 2.64881 125
      vertex 12.1073 3.10862 125
    endloop
  endfacet
  facet normal 0.872971 0.195129 0.447042
    outer loop
      vertex 12.2101 2.64881 125
      vertex 9.68583 2.4869 130
      vertex 9.82287 1.87381 130
    endloop
  endfacet
  facet normal 0.706804 0.548258 0.447037
    outer loop
      vertex 7.70513 6.37424 130
      vertex 9.92019 7.59551 125
      vertex 9.63141 7.9678 125
    endloop
  endfacet
  facet normal 0.706806 0.548255 0.447037
    outer loop
      vertex 9.92019 7.59551 125
      vertex 7.70513 6.37424 130
      vertex 8.09017 5.87785 130
    endloop
  endfacet
  facet normal -0.355221 -0.820958 0.447041
    outer loop
      vertex -4.60156 -11.6222 125
      vertex -4.25779 -9.04827 130
      vertex -5.03397 -11.4351 125
    endloop
  endfacet
  facet normal -0.355248 -0.820948 0.447037
    outer loop
      vertex -4.25779 -9.04827 130
      vertex -4.60156 -11.6222 125
      vertex -3.68124 -9.29776 130
    endloop
  endfacet
  facet normal 0.249479 0.859022 0.447036
    outer loop
      vertex 3.56108 11.9758 125
      vertex 3.09017 9.51056 130
      vertex 3.86271 11.8882 125
    endloop
  endfacet
  facet normal 0.797022 0.406101 0.447032
    outer loop
      vertex 11.1677 5.60211 125
      vertex 9.04827 4.25779 130
      vertex 11.3103 5.32224 125
    endloop
  endfacet
  facet normal -0.355386 -0.820891 0.447034
    outer loop
      vertex -4.25779 -9.04827 130
      vertex -5.32224 -11.3103 125
      vertex -5.03397 -11.4351 125
    endloop
  endfacet
  facet normal 0.502796 -0.739834 0.447036
    outer loop
      vertex 6.69783 -10.5541 125
      vertex 5.87785 -8.09017 130
      vertex 5.35827 -8.44328 130
    endloop
  endfacet
  facet normal 0.502748 -0.739863 0.447043
    outer loop
      vertex 5.87785 -8.09017 130
      vertex 6.69783 -10.5541 125
      vertex 7.08752 -10.2893 125
    endloop
  endfacet
  facet normal 0.859022 -0.249479 0.447036
    outer loop
      vertex 11.9758 -3.56108 125
      vertex 9.51056 -3.09017 130
      vertex 11.8882 -3.86271 125
    endloop
  endfacet
  facet normal 0.872983 -0.195078 0.44704
    outer loop
      vertex 12.2786 -2.34227 125
      vertex 9.82287 -1.87381 130
      vertex 12.2101 -2.64881 125
    endloop
  endfacet
  facet normal -0.769963 0.455319 0.447036
    outer loop
      vertex -10.9538 6.02192 125
      vertex -8.44328 5.35827 130
      vertex -10.5541 6.69783 125
    endloop
  endfacet
  facet normal -0.769947 0.45535 0.447032
    outer loop
      vertex -8.44328 5.35827 130
      vertex -10.9538 6.02192 125
      vertex -8.76307 4.81754 130
    endloop
  endfacet
  facet normal -0.883504 -0.139941 0.447032
    outer loop
      vertex -12.4014 -1.56667 125
      vertex -9.82287 -1.87381 130
      vertex -9.92115 -1.25333 130
    endloop
  endfacet
  facet normal -0.883506 -0.139923 0.447034
    outer loop
      vertex -9.82287 -1.87381 130
      vertex -12.4014 -1.56667 125
      vertex -12.3277 -2.03203 125
    endloop
  endfacet
  facet normal -0.859022 0.249479 0.447036
    outer loop
      vertex -11.8882 3.86271 125
      vertex -11.9758 3.56108 125
      vertex -9.51056 3.09017 130
    endloop
  endfacet
  facet normal 0.890548 0.0841807 0.447032
    outer loop
      vertex 9.92115 1.25333 130
      vertex 12.4753 0.784881 125
      vertex 12.4014 1.56667 125
    endloop
  endfacet
  facet normal 0.890548 0.0841815 0.447032
    outer loop
      vertex 12.4753 0.784881 125
      vertex 9.92115 1.25333 130
      vertex 9.98027 0.627905 130
    endloop
  endfacet
  facet normal -0.548245 0.706814 0.447036
    outer loop
      vertex -7.34732 10.1127 125
      vertex -7.59551 9.92019 125
      vertex -5.87785 8.09017 130
    endloop
  endfacet
  facet normal 0.355221 0.820958 0.447041
    outer loop
      vertex 4.60156 11.6222 125
      vertex 4.25779 9.04827 130
      vertex 5.03397 11.4351 125
    endloop
  endfacet
  facet normal 0.355248 0.820948 0.447037
    outer loop
      vertex 4.25779 9.04827 130
      vertex 4.60156 11.6222 125
      vertex 3.68124 9.29776 130
    endloop
  endfacet
  facet normal 0.548245 0.706814 0.447036
    outer loop
      vertex 7.34732 10.1127 125
      vertex 5.87785 8.09017 130
      vertex 7.59551 9.92019 125
    endloop
  endfacet
  facet normal 0.50287 0.739783 0.447037
    outer loop
      vertex 7.08752 10.2893 125
      vertex 5.87785 8.09017 130
      vertex 7.34732 10.1127 125
    endloop
  endfacet
  facet normal -0.13983 -0.883519 0.447038
    outer loop
      vertex -1.87381 -9.82287 130
      vertex -2.34227 -12.2786 125
      vertex -2.03203 -12.3277 125
    endloop
  endfacet
  facet normal -0.883519 0.13983 0.447038
    outer loop
      vertex -12.2786 2.34227 125
      vertex -12.3277 2.03203 125
      vertex -9.82287 1.87381 130
    endloop
  endfacet
  facet normal 0.739863 0.502748 0.447043
    outer loop
      vertex 8.09017 5.87785 130
      vertex 10.5541 6.69783 125
      vertex 10.2893 7.08752 125
    endloop
  endfacet
  facet normal 0.739834 0.502796 0.447036
    outer loop
      vertex 10.5541 6.69783 125
      vertex 8.09017 5.87785 130
      vertex 8.44328 5.35827 130
    endloop
  endfacet
  facet normal -0.195129 0.872971 0.447042
    outer loop
      vertex -2.64881 12.2101 125
      vertex -2.4869 9.68583 130
      vertex -1.87381 9.82287 130
    endloop
  endfacet
  facet normal -0.195169 0.872963 0.447039
    outer loop
      vertex -2.4869 9.68583 130
      vertex -2.64881 12.2101 125
      vertex -3.10862 12.1073 125
    endloop
  endfacet
  facet normal -0.632518 0.632518 0.447037
    outer loop
      vertex -9.11211 8.55684 125
      vertex -6.84547 7.28969 130
      vertex -8.55684 9.11211 125
    endloop
  endfacet
  facet normal -0.632518 0.632518 0.447037
    outer loop
      vertex -6.84547 7.28969 130
      vertex -9.11211 8.55684 125
      vertex -7.28969 6.84547 130
    endloop
  endfacet
  facet normal -0.739783 -0.50287 0.447037
    outer loop
      vertex -8.09017 -5.87785 130
      vertex -10.2893 -7.08752 125
      vertex -10.1127 -7.34732 125
    endloop
  endfacet
  facet normal -0.706814 0.548245 0.447036
    outer loop
      vertex -9.92019 7.59551 125
      vertex -10.1127 7.34732 125
      vertex -8.09017 5.87785 130
    endloop
  endfacet
  facet normal 0.406101 0.797022 0.447032
    outer loop
      vertex 5.32224 11.3103 125
      vertex 4.25779 9.04827 130
      vertex 5.60211 11.1677 125
    endloop
  endfacet
  facet normal -0.769947 -0.45535 0.447032
    outer loop
      vertex -10.9538 -6.02192 125
      vertex -8.44328 -5.35827 130
      vertex -8.76307 -4.81754 130
    endloop
  endfacet
  facet normal -0.769963 -0.455319 0.447036
    outer loop
      vertex -8.44328 -5.35827 130
      vertex -10.9538 -6.02192 125
      vertex -10.5541 -6.69783 125
    endloop
  endfacet
  facet normal 0.841633 0.303004 0.447037
    outer loop
      vertex 11.7818 4.15825 125
      vertex 9.51056 3.09017 130
      vertex 11.8882 3.86271 125
    endloop
  endfacet
  facet normal -0.872983 0.195078 0.44704
    outer loop
      vertex -12.2101 2.64881 125
      vertex -12.2786 2.34227 125
      vertex -9.82287 1.87381 130
    endloop
  endfacet
  facet normal -0.841632 -0.303008 0.447037
    outer loop
      vertex -11.7818 -4.15825 125
      vertex -9.29776 -3.68124 130
      vertex -9.51056 -3.09017 130
    endloop
  endfacet
  facet normal -0.841633 -0.303004 0.447037
    outer loop
      vertex -9.29776 -3.68124 130
      vertex -11.7818 -4.15825 125
      vertex -11.6222 -4.60156 125
    endloop
  endfacet
  facet normal 0.670988 0.591552 0.447036
    outer loop
      vertex 7.28969 6.84547 130
      vertex 9.63141 7.9678 125
      vertex 9.31983 8.32122 125
    endloop
  endfacet
  facet normal 0.67099 0.59155 0.447037
    outer loop
      vertex 9.63141 7.9678 125
      vertex 7.28969 6.84547 130
      vertex 7.70513 6.37424 130
    endloop
  endfacet
  facet normal -0.303008 0.841632 0.447037
    outer loop
      vertex -4.15825 11.7818 125
      vertex -3.68124 9.29776 130
      vertex -3.09017 9.51056 130
    endloop
  endfacet
  facet normal -0.303004 0.841633 0.447037
    outer loop
      vertex -3.68124 9.29776 130
      vertex -4.15825 11.7818 125
      vertex -4.60156 11.6222 125
    endloop
  endfacet
  facet normal 0.894072 -0.0281932 0.447036
    outer loop
      vertex 12.5 0 125
      vertex 10 0 130
      vertex 12.4901 -0.313952 125
    endloop
  endfacet
  facet normal 0.0280936 -0.894077 0.447032
    outer loop
      vertex 0.313952 -12.4901 125
      vertex 0.627905 -9.98027 130
      vertex 0 -10 130
    endloop
  endfacet
  facet normal 0.0280984 -0.894077 0.447032
    outer loop
      vertex 0.627905 -9.98027 130
      vertex 0.313952 -12.4901 125
      vertex 0.784881 -12.4753 125
    endloop
  endfacet
  facet normal -0.249567 0.858995 0.447038
    outer loop
      vertex -3.10862 12.1073 125
      vertex -3.09017 9.51056 130
      vertex -2.4869 9.68583 130
    endloop
  endfacet
  facet normal -0.249647 0.858977 0.447029
    outer loop
      vertex -3.09017 9.51056 130
      vertex -3.10862 12.1073 125
      vertex -3.56108 11.9758 125
    endloop
  endfacet
  facet normal -0.406097 -0.797024 0.447032
    outer loop
      vertex -5.60211 -11.1677 125
      vertex -4.81754 -8.76307 130
      vertex -6.02192 -10.9538 125
    endloop
  endfacet
  facet normal -0.406095 -0.797025 0.447032
    outer loop
      vertex -4.81754 -8.76307 130
      vertex -5.60211 -11.1677 125
      vertex -4.25779 -9.04827 130
    endloop
  endfacet
  facet normal -0.548245 -0.706814 0.447036
    outer loop
      vertex -5.87785 -8.09017 130
      vertex -7.59551 -9.92019 125
      vertex -7.34732 -10.1127 125
    endloop
  endfacet
  facet normal 0.769963 0.455319 0.447036
    outer loop
      vertex 8.44328 5.35827 130
      vertex 10.9538 6.02192 125
      vertex 10.5541 6.69783 125
    endloop
  endfacet
  facet normal 0.769947 0.45535 0.447032
    outer loop
      vertex 10.9538 6.02192 125
      vertex 8.44328 5.35827 130
      vertex 8.76307 4.81754 130
    endloop
  endfacet
  facet normal 0.883506 0.139923 0.447034
    outer loop
      vertex 9.82287 1.87381 130
      vertex 12.4014 1.56667 125
      vertex 12.3277 2.03203 125
    endloop
  endfacet
  facet normal 0.883504 0.139941 0.447032
    outer loop
      vertex 12.4014 1.56667 125
      vertex 9.82287 1.87381 130
      vertex 9.92115 1.25333 130
    endloop
  endfacet
  facet normal 0.820958 0.355221 0.447041
    outer loop
      vertex 9.04827 4.25779 130
      vertex 11.6222 4.60156 125
      vertex 11.4351 5.03397 125
    endloop
  endfacet
  facet normal 0.820948 0.355248 0.447037
    outer loop
      vertex 11.6222 4.60156 125
      vertex 9.04827 4.25779 130
      vertex 9.29776 3.68124 130
    endloop
  endfacet
  facet normal -0.841633 0.303004 0.447037
    outer loop
      vertex -11.7818 4.15825 125
      vertex -11.8882 3.86271 125
      vertex -9.51056 3.09017 130
    endloop
  endfacet
  facet normal 0.797022 -0.406101 0.447032
    outer loop
      vertex 11.3103 -5.32224 125
      vertex 9.04827 -4.25779 130
      vertex 11.1677 -5.60211 125
    endloop
  endfacet
  facet normal -0.841633 0.303004 0.447037
    outer loop
      vertex -11.7818 4.15825 125
      vertex -9.29776 3.68124 130
      vertex -11.6222 4.60156 125
    endloop
  endfacet
  facet normal -0.841632 0.303008 0.447037
    outer loop
      vertex -9.29776 3.68124 130
      vertex -11.7818 4.15825 125
      vertex -9.51056 3.09017 130
    endloop
  endfacet
  facet normal 0.632518 -0.632518 0.447037
    outer loop
      vertex 6.84547 -7.28969 130
      vertex 9.11211 -8.55684 125
      vertex 7.28969 -6.84547 130
    endloop
  endfacet
  facet normal 0.632518 -0.632518 0.447037
    outer loop
      vertex 9.11211 -8.55684 125
      vertex 6.84547 -7.28969 130
      vertex 8.55684 -9.11211 125
    endloop
  endfacet
  facet normal -0.195169 -0.872963 0.447039
    outer loop
      vertex -2.64881 -12.2101 125
      vertex -2.4869 -9.68583 130
      vertex -3.10862 -12.1073 125
    endloop
  endfacet
  facet normal -0.195129 -0.872971 0.447042
    outer loop
      vertex -2.4869 -9.68583 130
      vertex -2.64881 -12.2101 125
      vertex -1.87381 -9.82287 130
    endloop
  endfacet
  facet normal -0.890548 -0.0841815 0.447032
    outer loop
      vertex -12.4753 -0.784881 125
      vertex -9.92115 -1.25333 130
      vertex -9.98027 -0.627905 130
    endloop
  endfacet
  facet normal -0.890548 -0.0841807 0.447032
    outer loop
      vertex -9.92115 -1.25333 130
      vertex -12.4753 -0.784881 125
      vertex -12.4014 -1.56667 125
    endloop
  endfacet
  facet normal -0.406101 -0.797022 0.447032
    outer loop
      vertex -4.25779 -9.04827 130
      vertex -5.60211 -11.1677 125
      vertex -5.32224 -11.3103 125
    endloop
  endfacet
  facet normal 0.139941 -0.883504 0.447032
    outer loop
      vertex 1.56667 -12.4014 125
      vertex 1.87381 -9.82287 130
      vertex 1.25333 -9.92115 130
    endloop
  endfacet
  facet normal 0.139923 -0.883506 0.447034
    outer loop
      vertex 1.87381 -9.82287 130
      vertex 1.56667 -12.4014 125
      vertex 2.03203 -12.3277 125
    endloop
  endfacet
  facet normal 0.872971 -0.195129 0.447042
    outer loop
      vertex 9.68583 -2.4869 130
      vertex 12.2101 -2.64881 125
      vertex 9.82287 -1.87381 130
    endloop
  endfacet
  facet normal 0.872963 -0.195169 0.447039
    outer loop
      vertex 12.2101 -2.64881 125
      vertex 9.68583 -2.4869 130
      vertex 12.1073 -3.10862 125
    endloop
  endfacet
  facet normal -0.739863 0.502748 0.447043
    outer loop
      vertex -10.5541 6.69783 125
      vertex -8.09017 5.87785 130
      vertex -10.2893 7.08752 125
    endloop
  endfacet
  facet normal -0.739834 0.502796 0.447036
    outer loop
      vertex -8.09017 5.87785 130
      vertex -10.5541 6.69783 125
      vertex -8.44328 5.35827 130
    endloop
  endfacet
  facet normal -0.797022 0.406101 0.447032
    outer loop
      vertex -11.1677 5.60211 125
      vertex -11.3103 5.32224 125
      vertex -9.04827 4.25779 130
    endloop
  endfacet
  facet normal -0.883506 0.139923 0.447034
    outer loop
      vertex -12.4014 1.56667 125
      vertex -9.82287 1.87381 130
      vertex -12.3277 2.03203 125
    endloop
  endfacet
  facet normal -0.883504 0.139941 0.447032
    outer loop
      vertex -9.82287 1.87381 130
      vertex -12.4014 1.56667 125
      vertex -9.92115 1.25333 130
    endloop
  endfacet
  facet normal 0.502748 0.739863 0.447043
    outer loop
      vertex 6.69783 10.5541 125
      vertex 5.87785 8.09017 130
      vertex 7.08752 10.2893 125
    endloop
  endfacet
  facet normal 0.502796 0.739834 0.447036
    outer loop
      vertex 5.87785 8.09017 130
      vertex 6.69783 10.5541 125
      vertex 5.35827 8.44328 130
    endloop
  endfacet
  facet normal -0.406101 0.797022 0.447032
    outer loop
      vertex -5.32224 11.3103 125
      vertex -5.60211 11.1677 125
      vertex -4.25779 9.04827 130
    endloop
  endfacet
  facet normal -0.355248 0.820948 0.447037
    outer loop
      vertex -4.60156 11.6222 125
      vertex -4.25779 9.04827 130
      vertex -3.68124 9.29776 130
    endloop
  endfacet
  facet normal -0.355221 0.820958 0.447041
    outer loop
      vertex -4.25779 9.04827 130
      vertex -4.60156 11.6222 125
      vertex -5.03397 11.4351 125
    endloop
  endfacet
  facet normal -0.195078 0.872983 0.44704
    outer loop
      vertex -2.34227 12.2786 125
      vertex -2.64881 12.2101 125
      vertex -1.87381 9.82287 130
    endloop
  endfacet
  facet normal 0.820891 0.355386 0.447034
    outer loop
      vertex 11.3103 5.32224 125
      vertex 9.04827 4.25779 130
      vertex 11.4351 5.03397 125
    endloop
  endfacet
  facet normal -0.858995 -0.249567 0.447038
    outer loop
      vertex -12.1073 -3.10862 125
      vertex -9.51056 -3.09017 130
      vertex -9.68583 -2.4869 130
    endloop
  endfacet
  facet normal -0.858977 -0.249647 0.447029
    outer loop
      vertex -9.51056 -3.09017 130
      vertex -12.1073 -3.10862 125
      vertex -11.9758 -3.56108 125
    endloop
  endfacet
  facet normal 0.739834 -0.502796 0.447036
    outer loop
      vertex 8.09017 -5.87785 130
      vertex 10.5541 -6.69783 125
      vertex 8.44328 -5.35827 130
    endloop
  endfacet
  facet normal 0.739863 -0.502748 0.447043
    outer loop
      vertex 10.5541 -6.69783 125
      vertex 8.09017 -5.87785 130
      vertex 10.2893 -7.08752 125
    endloop
  endfacet
  facet normal 0 0 1
    outer loop
      vertex 9.98027 0.627905 130
      vertex 9.98027 -0.627905 130
      vertex 10 0 130
    endloop
  endfacet
  facet normal 0 0 1
    outer loop
      vertex 9.92115 1.25333 130
      vertex 9.98027 -0.627905 130
      vertex 9.98027 0.627905 130
    endloop
  endfacet
  facet normal 0 0 1
    outer loop
      vertex 9.92115 1.25333 130
      vertex 9.92115 -1.25333 130
      vertex 9.98027 -0.627905 130
    endloop
  endfacet
  facet normal 0 0 1
    outer loop
      vertex 9.82287 1.87381 130
      vertex 9.92115 -1.25333 130
      vertex 9.92115 1.25333 130
    endloop
  endfacet
  facet normal 0 0 1
    outer loop
      vertex 9.82287 1.87381 130
      vertex 9.82287 -1.87381 130
      vertex 9.92115 -1.25333 130
    endloop
  endfacet
  facet normal 0 0 1
    outer loop
      vertex 9.68583 2.4869 130
      vertex 9.82287 -1.87381 130
      vertex 9.82287 1.87381 130
    endloop
  endfacet
  facet normal 0 0 1
    outer loop
      vertex 9.68583 2.4869 130
      vertex 9.68583 -2.4869 130
      vertex 9.82287 -1.87381 130
    endloop
  endfacet
  facet normal 0 0 1
    outer loop
      vertex 9.51056 3.09017 130
      vertex 9.68583 -2.4869 130
      vertex 9.68583 2.4869 130
    endloop
  endfacet
  facet normal 0 0 1
    outer loop
      vertex 9.51056 3.09017 130
      vertex 9.51056 -3.09017 130
      vertex 9.68583 -2.4869 130
    endloop
  endfacet
  facet normal 0 0 1
    outer loop
      vertex 9.29776 3.68124 130
      vertex 9.51056 -3.09017 130
      vertex 9.51056 3.09017 130
    endloop
  endfacet
  facet normal 0 0 1
    outer loop
      vertex 9.29776 3.68124 130
      vertex 9.29776 -3.68124 130
      vertex 9.51056 -3.09017 130
    endloop
  endfacet
  facet normal 0 0 1
    outer loop
      vertex 9.04827 4.25779 130
      vertex 9.29776 -3.68124 130
      vertex 9.29776 3.68124 130
    endloop
  endfacet
  facet normal 0 0 1
    outer loop
      vertex 9.04827 4.25779 130
      vertex 9.04827 -4.25779 130
      vertex 9.29776 -3.68124 130
    endloop
  endfacet
  facet normal 0 0 1
    outer loop
      vertex 8.76307 4.81754 130
      vertex 9.04827 -4.25779 130
      vertex 9.04827 4.25779 130
    endloop
  endfacet
  facet normal 0 0 1
    outer loop
      vertex 8.76307 4.81754 130
      vertex 8.76307 -4.81754 130
      vertex 9.04827 -4.25779 130
    endloop
  endfacet
  facet normal 0 0 1
    outer loop
      vertex 8.44328 5.35827 130
      vertex 8.76307 -4.81754 130
      vertex 8.76307 4.81754 130
    endloop
  endfacet
  facet normal 0 0 1
    outer loop
      vertex 8.44328 5.35827 130
      vertex 8.44328 -5.35827 130
      vertex 8.76307 -4.81754 130
    endloop
  endfacet
  facet normal 0 0 1
    outer loop
      vertex 8.09017 5.87785 130
      vertex 8.44328 -5.35827 130
      vertex 8.44328 5.35827 130
    endloop
  endfacet
  facet normal 0 0 1
    outer loop
      vertex 8.09017 5.87785 130
      vertex 8.09017 -5.87785 130
      vertex 8.44328 -5.35827 130
    endloop
  endfacet
  facet normal 0 0 1
    outer loop
      vertex 7.70513 6.37424 130
      vertex 8.09017 -5.87785 130
      vertex 8.09017 5.87785 130
    endloop
  endfacet
  facet normal 0 0 1
    outer loop
      vertex 7.70513 6.37424 130
      vertex 7.70513 -6.37424 130
      vertex 8.09017 -5.87785 130
    endloop
  endfacet
  facet normal 0 0 1
    outer loop
      vertex 7.28969 6.84547 130
      vertex 7.70513 -6.37424 130
      vertex 7.70513 6.37424 130
    endloop
  endfacet
  facet normal 0 0 1
    outer loop
      vertex 7.28969 6.84547 130
      vertex 7.28969 -6.84547 130
      vertex 7.70513 -6.37424 130
    endloop
  endfacet
  facet normal 0 0 1
    outer loop
      vertex 6.84547 7.28969 130
      vertex 7.28969 -6.84547 130
      vertex 7.28969 6.84547 130
    endloop
  endfacet
  facet normal 0 0 1
    outer loop
      vertex 6.84547 7.28969 130
      vertex 6.84547 -7.28969 130
      vertex 7.28969 -6.84547 130
    endloop
  endfacet
  facet normal 0 0 1
    outer loop
      vertex 6.37424 7.70513 130
      vertex 6.84547 -7.28969 130
      vertex 6.84547 7.28969 130
    endloop
  endfacet
  facet normal 0 0 1
    outer loop
      vertex 6.37424 7.70513 130
      vertex 6.37424 -7.70513 130
      vertex 6.84547 -7.28969 130
    endloop
  endfacet
  facet normal 0 0 1
    outer loop
      vertex 5.87785 8.09017 130
      vertex 6.37424 -7.70513 130
      vertex 6.37424 7.70513 130
    endloop
  endfacet
  facet normal 0 0 1
    outer loop
      vertex 5.87785 8.09017 130
      vertex 5.87785 -8.09017 130
      vertex 6.37424 -7.70513 130
    endloop
  endfacet
  facet normal 0 0 1
    outer loop
      vertex 5.35827 8.44328 130
      vertex 5.87785 -8.09017 130
      vertex 5.87785 8.09017 130
    endloop
  endfacet
  facet normal 0 0 1
    outer loop
      vertex 5.35827 8.44328 130
      vertex 5.35827 -8.44328 130
      vertex 5.87785 -8.09017 130
    endloop
  endfacet
  facet normal 0 0 1
    outer loop
      vertex 4.81754 8.76307 130
      vertex 5.35827 -8.44328 130
      vertex 5.35827 8.44328 130
    endloop
  endfacet
  facet normal 0 0 1
    outer loop
      vertex 4.81754 8.76307 130
      vertex 4.81754 -8.76307 130
      vertex 5.35827 -8.44328 130
    endloop
  endfacet
  facet normal 0 0 1
    outer loop
      vertex 4.25779 9.04827 130
      vertex 4.81754 -8.76307 130
      vertex 4.81754 8.76307 130
    endloop
  endfacet
  facet normal 0 0 1
    outer loop
      vertex 4.25779 9.04827 130
      vertex 4.25779 -9.04827 130
      vertex 4.81754 -8.76307 130
    endloop
  endfacet
  facet normal 0 0 1
    outer loop
      vertex 3.68124 9.29776 130
      vertex 4.25779 -9.04827 130
      vertex 4.25779 9.04827 130
    endloop
  endfacet
  facet normal 0 0 1
    outer loop
      vertex 3.68124 9.29776 130
      vertex 3.68124 -9.29776 130
      vertex 4.25779 -9.04827 130
    endloop
  endfacet
  facet normal 0 0 1
    outer loop
      vertex 3.09017 9.51056 130
      vertex 3.68124 -9.29776 130
      vertex 3.68124 9.29776 130
    endloop
  endfacet
  facet normal 0 0 1
    outer loop
      vertex 3.09017 9.51056 130
      vertex 3.09017 -9.51056 130
      vertex 3.68124 -9.29776 130
    endloop
  endfacet
  facet normal 0 0 1
    outer loop
      vertex 2.4869 9.68583 130
      vertex 3.09017 -9.51056 130
      vertex 3.09017 9.51056 130
    endloop
  endfacet
  facet normal 0 0 1
    outer loop
      vertex 2.4869 9.68583 130
      vertex 2.4869 -9.68583 130
      vertex 3.09017 -9.51056 130
    endloop
  endfacet
  facet normal 0 0 1
    outer loop
      vertex 1.87381 9.82287 130
      vertex 2.4869 -9.68583 130
      vertex 2.4869 9.68583 130
    endloop
  endfacet
  facet normal 0 0 1
    outer loop
      vertex 1.87381 9.82287 130
      vertex 1.87381 -9.82287 130
      vertex 2.4869 -9.68583 130
    endloop
  endfacet
  facet normal 0 0 1
    outer loop
      vertex 1.25333 9.92115 130
      vertex 1.87381 -9.82287 130
      vertex 1.87381 9.82287 130
    endloop
  endfacet
  facet normal 0 0 1
    outer loop
      vertex 1.25333 9.92115 130
      vertex 1.25333 -9.92115 130
      vertex 1.87381 -9.82287 130
    endloop
  endfacet
  facet normal 0 0 1
    outer loop
      vertex 0.627905 9.98027 130
      vertex 1.25333 -9.92115 130
      vertex 1.25333 9.92115 130
    endloop
  endfacet
  facet normal 0 0 1
    outer loop
      vertex 0.627905 9.98027 130
      vertex 0.627905 -9.98027 130
      vertex 1.25333 -9.92115 130
    endloop
  endfacet
  facet normal 0 0 1
    outer loop
      vertex 0 10 130
      vertex 0.627905 -9.98027 130
      vertex 0.627905 9.98027 130
    endloop
  endfacet
  facet normal 0 0 1
    outer loop
      vertex 0 10 130
      vertex 0 -10 130
      vertex 0.627905 -9.98027 130
    endloop
  endfacet
  facet normal -0 0 1
    outer loop
      vertex -0.627905 9.98027 130
      vertex 0 -10 130
      vertex 0 10 130
    endloop
  endfacet
  facet normal 0 0 1
    outer loop
      vertex -0.627905 9.98027 130
      vertex -0.627905 -9.98027 130
      vertex 0 -10 130
    endloop
  endfacet
  facet normal -0 0 1
    outer loop
      vertex -1.25333 9.92115 130
      vertex -0.627905 -9.98027 130
      vertex -0.627905 9.98027 130
    endloop
  endfacet
  facet normal 0 0 1
    outer loop
      vertex -1.25333 9.92115 130
      vertex -1.25333 -9.92115 130
      vertex -0.627905 -9.98027 130
    endloop
  endfacet
  facet normal -0 0 1
    outer loop
      vertex -1.87381 9.82287 130
      vertex -1.25333 -9.92115 130
      vertex -1.25333 9.92115 130
    endloop
  endfacet
  facet normal 0 0 1
    outer loop
      vertex -1.87381 9.82287 130
      vertex -1.87381 -9.82287 130
      vertex -1.25333 -9.92115 130
    endloop
  endfacet
  facet normal -0 0 1
    outer loop
      vertex -2.4869 9.68583 130
      vertex -1.87381 -9.82287 130
      vertex -1.87381 9.82287 130
    endloop
  endfacet
  facet normal 0 0 1
    outer loop
      vertex -2.4869 9.68583 130
      vertex -2.4869 -9.68583 130
      vertex -1.87381 -9.82287 130
    endloop
  endfacet
  facet normal -0 0 1
    outer loop
      vertex -3.09017 9.51056 130
      vertex -2.4869 -9.68583 130
      vertex -2.4869 9.68583 130
    endloop
  endfacet
  facet normal 0 0 1
    outer loop
      vertex -3.09017 9.51056 130
      vertex -3.09017 -9.51056 130
      vertex -2.4869 -9.68583 130
    endloop
  endfacet
  facet normal -0 0 1
    outer loop
      vertex -3.68124 9.29776 130
      vertex -3.09017 -9.51056 130
      vertex -3.09017 9.51056 130
    endloop
  endfacet
  facet normal 0 0 1
    outer loop
      vertex -3.68124 9.29776 130
      vertex -3.68124 -9.29776 130
      vertex -3.09017 -9.51056 130
    endloop
  endfacet
  facet normal -0 0 1
    outer loop
      vertex -4.25779 9.04827 130
      vertex -3.68124 -9.29776 130
      vertex -3.68124 9.29776 130
    endloop
  endfacet
  facet normal 0 0 1
    outer loop
      vertex -4.25779 9.04827 130
      vertex -4.25779 -9.04827 130
      vertex -3.68124 -9.29776 130
    endloop
  endfacet
  facet normal -0 0 1
    outer loop
      vertex -4.81754 8.76307 130
      vertex -4.25779 -9.04827 130
      vertex -4.25779 9.04827 130
    endloop
  endfacet
  facet normal 0 0 1
    outer loop
      vertex -4.81754 8.76307 130
      vertex -4.81754 -8.76307 130
      vertex -4.25779 -9.04827 130
    endloop
  endfacet
  facet normal -0 0 1
    outer loop
      vertex -5.35827 8.44328 130
      vertex -4.81754 -8.76307 130
      vertex -4.81754 8.76307 130
    endloop
  endfacet
  facet normal 0 0 1
    outer loop
      vertex -5.35827 8.44328 130
      vertex -5.35827 -8.44328 130
      vertex -4.81754 -8.76307 130
    endloop
  endfacet
  facet normal -0 0 1
    outer loop
      vertex -5.87785 8.09017 130
      vertex -5.35827 -8.44328 130
      vertex -5.35827 8.44328 130
    endloop
  endfacet
  facet normal 0 0 1
    outer loop
      vertex -5.87785 8.09017 130
      vertex -5.87785 -8.09017 130
      vertex -5.35827 -8.44328 130
    endloop
  endfacet
  facet normal -0 0 1
    outer loop
      vertex -6.37424 7.70513 130
      vertex -5.87785 -8.09017 130
      vertex -5.87785 8.09017 130
    endloop
  endfacet
  facet normal 0 0 1
    outer loop
      vertex -6.37424 7.70513 130
      vertex -6.37424 -7.70513 130
      vertex -5.87785 -8.09017 130
    endloop
  endfacet
  facet normal -0 0 1
    outer loop
      vertex -6.84547 7.28969 130
      vertex -6.37424 -7.70513 130
      vertex -6.37424 7.70513 130
    endloop
  endfacet
  facet normal 0 0 1
    outer loop
      vertex -6.84547 7.28969 130
      vertex -6.84547 -7.28969 130
      vertex -6.37424 -7.70513 130
    endloop
  endfacet
  facet normal -0 0 1
    outer loop
      vertex -7.28969 6.84547 130
      vertex -6.84547 -7.28969 130
      vertex -6.84547 7.28969 130
    endloop
  endfacet
  facet normal 0 0 1
    outer loop
      vertex -7.28969 6.84547 130
      vertex -7.28969 -6.84547 130
      vertex -6.84547 -7.28969 130
    endloop
  endfacet
  facet normal -0 0 1
    outer loop
      vertex -7.70513 6.37424 130
      vertex -7.28969 -6.84547 130
      vertex -7.28969 6.84547 130
    endloop
  endfacet
  facet normal 0 0 1
    outer loop
      vertex -7.70513 6.37424 130
      vertex -7.70513 -6.37424 130
      vertex -7.28969 -6.84547 130
    endloop
  endfacet
  facet normal -0 0 1
    outer loop
      vertex -8.09017 5.87785 130
      vertex -7.70513 -6.37424 130
      vertex -7.70513 6.37424 130
    endloop
  endfacet
  facet normal 0 0 1
    outer loop
      vertex -8.09017 5.87785 130
      vertex -8.09017 -5.87785 130
      vertex -7.70513 -6.37424 130
    endloop
  endfacet
  facet normal -0 0 1
    outer loop
      vertex -8.44328 5.35827 130
      vertex -8.09017 -5.87785 130
      vertex -8.09017 5.87785 130
    endloop
  endfacet
  facet normal 0 0 1
    outer loop
      vertex -8.44328 5.35827 130
      vertex -8.44328 -5.35827 130
      vertex -8.09017 -5.87785 130
    endloop
  endfacet
  facet normal -0 0 1
    outer loop
      vertex -8.76307 4.81754 130
      vertex -8.44328 -5.35827 130
      vertex -8.44328 5.35827 130
    endloop
  endfacet
  facet normal 0 0 1
    outer loop
      vertex -8.76307 4.81754 130
      vertex -8.76307 -4.81754 130
      vertex -8.44328 -5.35827 130
    endloop
  endfacet
  facet normal -0 0 1
    outer loop
      vertex -9.04827 4.25779 130
      vertex -8.76307 -4.81754 130
      vertex -8.76307 4.81754 130
    endloop
  endfacet
  facet normal 0 0 1
    outer loop
      vertex -9.04827 4.25779 130
      vertex -9.04827 -4.25779 130
      vertex -8.76307 -4.81754 130
    endloop
  endfacet
  facet normal -0 0 1
    outer loop
      vertex -9.29776 3.68124 130
      vertex -9.04827 -4.25779 130
      vertex -9.04827 4.25779 130
    endloop
  endfacet
  facet normal 0 0 1
    outer loop
      vertex -9.29776 3.68124 130
      vertex -9.29776 -3.68124 130
      vertex -9.04827 -4.25779 130
    endloop
  endfacet
  facet normal -0 0 1
    outer loop
      vertex -9.51056 3.09017 130
      vertex -9.29776 -3.68124 130
      vertex -9.29776 3.68124 130
    endloop
  endfacet
  facet normal 0 0 1
    outer loop
      vertex -9.51056 3.09017 130
      vertex -9.51056 -3.09017 130
      vertex -9.29776 -3.68124 130
    endloop
  endfacet
  facet normal -0 0 1
    outer loop
      vertex -9.68583 2.4869 130
      vertex -9.51056 -3.09017 130
      vertex -9.51056 3.09017 130
    endloop
  endfacet
  facet normal 0 0 1
    outer loop
      vertex -9.68583 2.4869 130
      vertex -9.68583 -2.4869 130
      vertex -9.51056 -3.09017 130
    endloop
  endfacet
  facet normal -0 0 1
    outer loop
      vertex -9.82287 1.87381 130
      vertex -9.68583 -2.4869 130
      vertex -9.68583 2.4869 130
    endloop
  endfacet
  facet normal 0 0 1
    outer loop
      vertex -9.82287 1.87381 130
      vertex -9.82287 -1.87381 130
      vertex -9.68583 -2.4869 130
    endloop
  endfacet
  facet normal -0 0 1
    outer loop
      vertex -9.92115 1.25333 130
      vertex -9.82287 -1.87381 130
      vertex -9.82287 1.87381 130
    endloop
  endfacet
  facet normal 0 0 1
    outer loop
      vertex -9.92115 1.25333 130
      vertex -9.92115 -1.25333 130
      vertex -9.82287 -1.87381 130
    endloop
  endfacet
  facet normal -0 0 1
    outer loop
      vertex -9.98027 0.627905 130
      vertex -9.92115 -1.25333 130
      vertex -9.92115 1.25333 130
    endloop
  endfacet
  facet normal 0 0 1
    outer loop
      vertex -9.98027 0.627905 130
      vertex -9.98027 -0.627905 130
      vertex -9.92115 -1.25333 130
    endloop
  endfacet
  facet normal 0 -0 1
    outer loop
      vertex -9.98027 -0.627905 130
      vertex -9.98027 0.627905 130
      vertex -10 0 130
    endloop
  endfacet
  facet normal -0.303004 0.841633 0.447037
    outer loop
      vertex -3.86271 11.8882 125
      vertex -4.15825 11.7818 125
      vertex -3.09017 9.51056 130
    endloop
  endfacet
  facet normal -0.249479 0.859022 0.447036
    outer loop
      vertex -3.56108 11.9758 125
      vertex -3.86271 11.8882 125
      vertex -3.09017 9.51056 130
    endloop
  endfacet
  facet normal -0.706814 -0.548245 0.447036
    outer loop
      vertex -8.09017 -5.87785 130
      vertex -10.1127 -7.34732 125
      vertex -9.92019 -7.59551 125
    endloop
  endfacet
  facet normal 0.0841815 -0.890548 0.447032
    outer loop
      vertex 0.784881 -12.4753 125
      vertex 1.25333 -9.92115 130
      vertex 0.627905 -9.98027 130
    endloop
  endfacet
  facet normal 0.0841807 -0.890548 0.447032
    outer loop
      vertex 1.25333 -9.92115 130
      vertex 0.784881 -12.4753 125
      vertex 1.56667 -12.4014 125
    endloop
  endfacet
  facet normal -0.820948 -0.355248 0.447037
    outer loop
      vertex -11.6222 -4.60156 125
      vertex -9.04827 -4.25779 130
      vertex -9.29776 -3.68124 130
    endloop
  endfacet
  facet normal -0.820958 -0.355221 0.447041
    outer loop
      vertex -9.04827 -4.25779 130
      vertex -11.6222 -4.60156 125
      vertex -11.4351 -5.03397 125
    endloop
  endfacet
  facet normal -0.249479 -0.859022 0.447036
    outer loop
      vertex -3.09017 -9.51056 130
      vertex -3.86271 -11.8882 125
      vertex -3.56108 -11.9758 125
    endloop
  endfacet
  facet normal -0.355386 0.820891 0.447034
    outer loop
      vertex -5.03397 11.4351 125
      vertex -5.32224 11.3103 125
      vertex -4.25779 9.04827 130
    endloop
  endfacet
  facet normal 0.591543 0.670996 0.447037
    outer loop
      vertex 8.32122 9.31983 125
      vertex 6.84547 7.28969 130
      vertex 8.55684 9.11211 125
    endloop
  endfacet
  facet normal 0.195078 -0.872983 0.44704
    outer loop
      vertex 2.64881 -12.2101 125
      vertex 1.87381 -9.82287 130
      vertex 2.34227 -12.2786 125
    endloop
  endfacet
  facet normal 0.858977 0.249647 0.447029
    outer loop
      vertex 9.51056 3.09017 130
      vertex 12.1073 3.10862 125
      vertex 11.9758 3.56108 125
    endloop
  endfacet
  facet normal 0.858995 0.249567 0.447038
    outer loop
      vertex 12.1073 3.10862 125
      vertex 9.51056 3.09017 130
      vertex 9.68583 2.4869 130
    endloop
  endfacet
  facet normal 0.670996 0.591543 0.447037
    outer loop
      vertex 9.11211 8.55684 125
      vertex 7.28969 6.84547 130
      vertex 9.31983 8.32122 125
    endloop
  endfacet
  facet normal 0.455319 0.769963 0.447036
    outer loop
      vertex 6.02192 10.9538 125
      vertex 5.35827 8.44328 130
      vertex 6.69783 10.5541 125
    endloop
  endfacet
  facet normal 0.45535 0.769947 0.447032
    outer loop
      vertex 5.35827 8.44328 130
      vertex 6.02192 10.9538 125
      vertex 4.81754 8.76307 130
    endloop
  endfacet
  facet normal 0.13983 0.883519 0.447038
    outer loop
      vertex 2.03203 12.3277 125
      vertex 1.87381 9.82287 130
      vertex 2.34227 12.2786 125
    endloop
  endfacet
  facet normal -0.820891 -0.355386 0.447034
    outer loop
      vertex -9.04827 -4.25779 130
      vertex -11.4351 -5.03397 125
      vertex -11.3103 -5.32224 125
    endloop
  endfacet
  facet normal 0.406095 -0.797025 0.447032
    outer loop
      vertex 5.60211 -11.1677 125
      vertex 4.81754 -8.76307 130
      vertex 4.25779 -9.04827 130
    endloop
  endfacet
  facet normal 0.406097 -0.797024 0.447032
    outer loop
      vertex 4.81754 -8.76307 130
      vertex 5.60211 -11.1677 125
      vertex 6.02192 -10.9538 125
    endloop
  endfacet
  facet normal -0.670988 0.591552 0.447036
    outer loop
      vertex -9.63141 7.9678 125
      vertex -7.28969 6.84547 130
      vertex -9.31983 8.32122 125
    endloop
  endfacet
  facet normal -0.67099 0.59155 0.447037
    outer loop
      vertex -7.28969 6.84547 130
      vertex -9.63141 7.9678 125
      vertex -7.70513 6.37424 130
    endloop
  endfacet
  facet normal 0.841633 -0.303004 0.447037
    outer loop
      vertex 11.8882 -3.86271 125
      vertex 9.51056 -3.09017 130
      vertex 11.7818 -4.15825 125
    endloop
  endfacet
  facet normal 0.591543 -0.670996 0.447037
    outer loop
      vertex 8.55684 -9.11211 125
      vertex 6.84547 -7.28969 130
      vertex 8.32122 -9.31983 125
    endloop
  endfacet
  facet normal 0.0281932 -0.894072 0.447036
    outer loop
      vertex 0 -10 130
      vertex 0 -12.5 125
      vertex 0.313952 -12.4901 125
    endloop
  endfacet
  facet normal -0.858977 0.249647 0.447029
    outer loop
      vertex -12.1073 3.10862 125
      vertex -9.51056 3.09017 130
      vertex -11.9758 3.56108 125
    endloop
  endfacet
  facet normal -0.858995 0.249567 0.447038
    outer loop
      vertex -9.51056 3.09017 130
      vertex -12.1073 3.10862 125
      vertex -9.68583 2.4869 130
    endloop
  endfacet
  facet normal -0.670996 0.591543 0.447037
    outer loop
      vertex -9.11211 8.55684 125
      vertex -9.31983 8.32122 125
      vertex -7.28969 6.84547 130
    endloop
  endfacet
  facet normal 0.739783 0.50287 0.447037
    outer loop
      vertex 10.1127 7.34732 125
      vertex 8.09017 5.87785 130
      vertex 10.2893 7.08752 125
    endloop
  endfacet
  facet normal 0.195169 0.872963 0.447039
    outer loop
      vertex 2.64881 12.2101 125
      vertex 2.4869 9.68583 130
      vertex 3.10862 12.1073 125
    endloop
  endfacet
  facet normal 0.195129 0.872971 0.447042
    outer loop
      vertex 2.4869 9.68583 130
      vertex 2.64881 12.2101 125
      vertex 1.87381 9.82287 130
    endloop
  endfacet
  facet normal 0.50287 -0.739783 0.447037
    outer loop
      vertex 7.34732 -10.1127 125
      vertex 5.87785 -8.09017 130
      vertex 7.08752 -10.2893 125
    endloop
  endfacet
  facet normal -0.50287 -0.739783 0.447037
    outer loop
      vertex -5.87785 -8.09017 130
      vertex -7.34732 -10.1127 125
      vertex -7.08752 -10.2893 125
    endloop
  endfacet
  facet normal 0.883519 -0.13983 0.447038
    outer loop
      vertex 12.3277 -2.03203 125
      vertex 9.82287 -1.87381 130
      vertex 12.2786 -2.34227 125
    endloop
  endfacet
  facet normal 0.841632 -0.303008 0.447037
    outer loop
      vertex 9.29776 -3.68124 130
      vertex 11.7818 -4.15825 125
      vertex 9.51056 -3.09017 130
    endloop
  endfacet
  facet normal 0.841633 -0.303004 0.447037
    outer loop
      vertex 11.7818 -4.15825 125
      vertex 9.29776 -3.68124 130
      vertex 11.6222 -4.60156 125
    endloop
  endfacet
  facet normal -0.894072 0.0281932 0.447036
    outer loop
      vertex -12.4901 0.313952 125
      vertex -12.5 0 125
      vertex -10 0 130
    endloop
  endfacet
  facet normal 0.706806 -0.548255 0.447037
    outer loop
      vertex 7.70513 -6.37424 130
      vertex 9.92019 -7.59551 125
      vertex 8.09017 -5.87785 130
    endloop
  endfacet
  facet normal 0.706804 -0.548258 0.447037
    outer loop
      vertex 9.92019 -7.59551 125
      vertex 7.70513 -6.37424 130
      vertex 9.63141 -7.9678 125
    endloop
  endfacet
  facet normal -0.45535 0.769947 0.447032
    outer loop
      vertex -6.02192 10.9538 125
      vertex -5.35827 8.44328 130
      vertex -4.81754 8.76307 130
    endloop
  endfacet
  facet normal -0.455319 0.769963 0.447036
    outer loop
      vertex -5.35827 8.44328 130
      vertex -6.02192 10.9538 125
      vertex -6.69783 10.5541 125
    endloop
  endfacet
  facet normal -0.591543 0.670996 0.447037
    outer loop
      vertex -8.32122 9.31983 125
      vertex -8.55684 9.11211 125
      vertex -6.84547 7.28969 130
    endloop
  endfacet
  facet normal 0.0281932 0.894072 0.447036
    outer loop
      vertex 0 12.5 125
      vertex 0 10 130
      vertex 0.313952 12.4901 125
    endloop
  endfacet
  facet normal 0.303004 0.841633 0.447037
    outer loop
      vertex 3.86271 11.8882 125
      vertex 3.09017 9.51056 130
      vertex 4.15825 11.7818 125
    endloop
  endfacet
  facet normal 0.195078 0.872983 0.44704
    outer loop
      vertex 2.34227 12.2786 125
      vertex 1.87381 9.82287 130
      vertex 2.64881 12.2101 125
    endloop
  endfacet
  facet normal 0.139923 0.883506 0.447034
    outer loop
      vertex 1.56667 12.4014 125
      vertex 1.87381 9.82287 130
      vertex 2.03203 12.3277 125
    endloop
  endfacet
  facet normal 0.139941 0.883504 0.447032
    outer loop
      vertex 1.87381 9.82287 130
      vertex 1.56667 12.4014 125
      vertex 1.25333 9.92115 130
    endloop
  endfacet
  facet normal -0.13983 0.883519 0.447038
    outer loop
      vertex -2.03203 12.3277 125
      vertex -2.34227 12.2786 125
      vertex -1.87381 9.82287 130
    endloop
  endfacet
  facet normal 0.13983 -0.883519 0.447038
    outer loop
      vertex 2.34227 -12.2786 125
      vertex 1.87381 -9.82287 130
      vertex 2.03203 -12.3277 125
    endloop
  endfacet
  facet normal -0.872983 -0.195078 0.44704
    outer loop
      vertex -9.82287 -1.87381 130
      vertex -12.2786 -2.34227 125
      vertex -12.2101 -2.64881 125
    endloop
  endfacet
  facet normal -0.797025 -0.406095 0.447032
    outer loop
      vertex -11.1677 -5.60211 125
      vertex -8.76307 -4.81754 130
      vertex -9.04827 -4.25779 130
    endloop
  endfacet
  facet normal -0.797024 -0.406097 0.447032
    outer loop
      vertex -8.76307 -4.81754 130
      vertex -11.1677 -5.60211 125
      vertex -10.9538 -6.02192 125
    endloop
  endfacet
  facet normal -0.872971 -0.195129 0.447042
    outer loop
      vertex -12.2101 -2.64881 125
      vertex -9.68583 -2.4869 130
      vertex -9.82287 -1.87381 130
    endloop
  endfacet
  facet normal -0.872963 -0.195169 0.447039
    outer loop
      vertex -9.68583 -2.4869 130
      vertex -12.2101 -2.64881 125
      vertex -12.1073 -3.10862 125
    endloop
  endfacet
  facet normal 0.355386 0.820891 0.447034
    outer loop
      vertex 5.03397 11.4351 125
      vertex 4.25779 9.04827 130
      vertex 5.32224 11.3103 125
    endloop
  endfacet
  facet normal -0.872963 0.195169 0.447039
    outer loop
      vertex -12.2101 2.64881 125
      vertex -9.68583 2.4869 130
      vertex -12.1073 3.10862 125
    endloop
  endfacet
  facet normal -0.872971 0.195129 0.447042
    outer loop
      vertex -9.68583 2.4869 130
      vertex -12.2101 2.64881 125
      vertex -9.82287 1.87381 130
    endloop
  endfacet
  facet normal -0.195078 -0.872983 0.44704
    outer loop
      vertex -1.87381 -9.82287 130
      vertex -2.64881 -12.2101 125
      vertex -2.34227 -12.2786 125
    endloop
  endfacet
  facet normal 0.670996 -0.591543 0.447037
    outer loop
      vertex 9.31983 -8.32122 125
      vertex 7.28969 -6.84547 130
      vertex 9.11211 -8.55684 125
    endloop
  endfacet
  facet normal 0.769947 -0.45535 0.447032
    outer loop
      vertex 8.44328 -5.35827 130
      vertex 10.9538 -6.02192 125
      vertex 8.76307 -4.81754 130
    endloop
  endfacet
  facet normal 0.769963 -0.455319 0.447036
    outer loop
      vertex 10.9538 -6.02192 125
      vertex 8.44328 -5.35827 130
      vertex 10.5541 -6.69783 125
    endloop
  endfacet
  facet normal -0.797022 -0.406101 0.447032
    outer loop
      vertex -9.04827 -4.25779 130
      vertex -11.3103 -5.32224 125
      vertex -11.1677 -5.60211 125
    endloop
  endfacet
  facet normal -0.739834 -0.502796 0.447036
    outer loop
      vertex -10.5541 -6.69783 125
      vertex -8.09017 -5.87785 130
      vertex -8.44328 -5.35827 130
    endloop
  endfacet
  facet normal -0.739863 -0.502748 0.447043
    outer loop
      vertex -8.09017 -5.87785 130
      vertex -10.5541 -6.69783 125
      vertex -10.2893 -7.08752 125
    endloop
  endfacet
  facet normal -0.706804 0.548258 0.447037
    outer loop
      vertex -9.92019 7.59551 125
      vertex -7.70513 6.37424 130
      vertex -9.63141 7.9678 125
    endloop
  endfacet
  facet normal -0.706806 0.548255 0.447037
    outer loop
      vertex -7.70513 6.37424 130
      vertex -9.92019 7.59551 125
      vertex -8.09017 5.87785 130
    endloop
  endfacet
  facet normal 0.706814 0.548245 0.447036
    outer loop
      vertex 9.92019 7.59551 125
      vertex 8.09017 5.87785 130
      vertex 10.1127 7.34732 125
    endloop
  endfacet
  facet normal -0.797024 0.406097 0.447032
    outer loop
      vertex -11.1677 5.60211 125
      vertex -8.76307 4.81754 130
      vertex -10.9538 6.02192 125
    endloop
  endfacet
  facet normal -0.797025 0.406095 0.447032
    outer loop
      vertex -8.76307 4.81754 130
      vertex -11.1677 5.60211 125
      vertex -9.04827 4.25779 130
    endloop
  endfacet
  facet normal -0.820958 0.355221 0.447041
    outer loop
      vertex -11.6222 4.60156 125
      vertex -9.04827 4.25779 130
      vertex -11.4351 5.03397 125
    endloop
  endfacet
  facet normal -0.820948 0.355248 0.447037
    outer loop
      vertex -9.04827 4.25779 130
      vertex -11.6222 4.60156 125
      vertex -9.29776 3.68124 130
    endloop
  endfacet
  facet normal 0.548245 -0.706814 0.447036
    outer loop
      vertex 7.59551 -9.92019 125
      vertex 5.87785 -8.09017 130
      vertex 7.34732 -10.1127 125
    endloop
  endfacet
  facet normal -0.894072 -0.0281932 0.447036
    outer loop
      vertex -10 0 130
      vertex -12.5 0 125
      vertex -12.4901 -0.313952 125
    endloop
  endfacet
  facet normal 0.591552 0.670988 0.447036
    outer loop
      vertex 7.9678 9.63141 125
      vertex 6.84547 7.28969 130
      vertex 8.32122 9.31983 125
    endloop
  endfacet
  facet normal 0.59155 0.67099 0.447037
    outer loop
      vertex 6.84547 7.28969 130
      vertex 7.9678 9.63141 125
      vertex 6.37424 7.70513 130
    endloop
  endfacet
  facet normal -0.0281932 0.894072 0.447036
    outer loop
      vertex 0 12.5 125
      vertex -0.313952 12.4901 125
      vertex 0 10 130
    endloop
  endfacet
  facet normal 0.739783 -0.50287 0.447037
    outer loop
      vertex 10.2893 -7.08752 125
      vertex 8.09017 -5.87785 130
      vertex 10.1127 -7.34732 125
    endloop
  endfacet
  facet normal -0.841633 -0.303004 0.447037
    outer loop
      vertex -9.51056 -3.09017 130
      vertex -11.8882 -3.86271 125
      vertex -11.7818 -4.15825 125
    endloop
  endfacet
  facet normal -0.502796 0.739834 0.447036
    outer loop
      vertex -6.69783 10.5541 125
      vertex -5.87785 8.09017 130
      vertex -5.35827 8.44328 130
    endloop
  endfacet
  facet normal -0.502748 0.739863 0.447043
    outer loop
      vertex -5.87785 8.09017 130
      vertex -6.69783 10.5541 125
      vertex -7.08752 10.2893 125
    endloop
  endfacet
  facet normal 0.859022 0.249479 0.447036
    outer loop
      vertex 11.8882 3.86271 125
      vertex 9.51056 3.09017 130
      vertex 11.9758 3.56108 125
    endloop
  endfacet
  facet normal 0.632518 0.632518 0.447037
    outer loop
      vertex 6.84547 7.28969 130
      vertex 9.11211 8.55684 125
      vertex 8.55684 9.11211 125
    endloop
  endfacet
  facet normal 0.632518 0.632518 0.447037
    outer loop
      vertex 9.11211 8.55684 125
      vertex 6.84547 7.28969 130
      vertex 7.28969 6.84547 130
    endloop
  endfacet
  facet normal 0.797024 0.406097 0.447032
    outer loop
      vertex 8.76307 4.81754 130
      vertex 11.1677 5.60211 125
      vertex 10.9538 6.02192 125
    endloop
  endfacet
  facet normal 0.797025 0.406095 0.447032
    outer loop
      vertex 11.1677 5.60211 125
      vertex 8.76307 4.81754 130
      vertex 9.04827 4.25779 130
    endloop
  endfacet
  facet normal -0.548258 -0.706804 0.447037
    outer loop
      vertex -7.59551 -9.92019 125
      vertex -6.37424 -7.70513 130
      vertex -7.9678 -9.63141 125
    endloop
  endfacet
  facet normal -0.548255 -0.706806 0.447037
    outer loop
      vertex -6.37424 -7.70513 130
      vertex -7.59551 -9.92019 125
      vertex -5.87785 -8.09017 130
    endloop
  endfacet
  facet normal -0.139941 0.883504 0.447032
    outer loop
      vertex -1.56667 12.4014 125
      vertex -1.87381 9.82287 130
      vertex -1.25333 9.92115 130
    endloop
  endfacet
  facet normal -0.139923 0.883506 0.447034
    outer loop
      vertex -1.87381 9.82287 130
      vertex -1.56667 12.4014 125
      vertex -2.03203 12.3277 125
    endloop
  endfacet
  facet normal 0.872983 0.195078 0.44704
    outer loop
      vertex 12.2101 2.64881 125
      vertex 9.82287 1.87381 130
      vertex 12.2786 2.34227 125
    endloop
  endfacet
  facet normal -0.591543 -0.670996 0.447037
    outer loop
      vertex -6.84547 -7.28969 130
      vertex -8.55684 -9.11211 125
      vertex -8.32122 -9.31983 125
    endloop
  endfacet
  facet normal 0.841633 0.303004 0.447037
    outer loop
      vertex 9.29776 3.68124 130
      vertex 11.7818 4.15825 125
      vertex 11.6222 4.60156 125
    endloop
  endfacet
  facet normal 0.841632 0.303008 0.447037
    outer loop
      vertex 11.7818 4.15825 125
      vertex 9.29776 3.68124 130
      vertex 9.51056 3.09017 130
    endloop
  endfacet
  facet normal -0.670996 -0.591543 0.447037
    outer loop
      vertex -7.28969 -6.84547 130
      vertex -9.31983 -8.32122 125
      vertex -9.11211 -8.55684 125
    endloop
  endfacet
  facet normal -0.406095 0.797025 0.447032
    outer loop
      vertex -5.60211 11.1677 125
      vertex -4.81754 8.76307 130
      vertex -4.25779 9.04827 130
    endloop
  endfacet
  facet normal -0.406097 0.797024 0.447032
    outer loop
      vertex -4.81754 8.76307 130
      vertex -5.60211 11.1677 125
      vertex -6.02192 10.9538 125
    endloop
  endfacet
  facet normal 0.883519 0.13983 0.447038
    outer loop
      vertex 12.2786 2.34227 125
      vertex 9.82287 1.87381 130
      vertex 12.3277 2.03203 125
    endloop
  endfacet
  facet normal 0.858995 -0.249567 0.447038
    outer loop
      vertex 9.51056 -3.09017 130
      vertex 12.1073 -3.10862 125
      vertex 9.68583 -2.4869 130
    endloop
  endfacet
  facet normal 0.858977 -0.249647 0.447029
    outer loop
      vertex 12.1073 -3.10862 125
      vertex 9.51056 -3.09017 130
      vertex 11.9758 -3.56108 125
    endloop
  endfacet
  facet normal 0.820948 -0.355248 0.447037
    outer loop
      vertex 9.04827 -4.25779 130
      vertex 11.6222 -4.60156 125
      vertex 9.29776 -3.68124 130
    endloop
  endfacet
  facet normal 0.820958 -0.355221 0.447041
    outer loop
      vertex 11.6222 -4.60156 125
      vertex 9.04827 -4.25779 130
      vertex 11.4351 -5.03397 125
    endloop
  endfacet
  facet normal 0.894077 -0.0280936 0.447032
    outer loop
      vertex 9.98027 -0.627905 130
      vertex 12.4901 -0.313952 125
      vertex 10 0 130
    endloop
  endfacet
  facet normal 0.894077 -0.0280984 0.447032
    outer loop
      vertex 12.4901 -0.313952 125
      vertex 9.98027 -0.627905 130
      vertex 12.4753 -0.784881 125
    endloop
  endfacet
  facet normal -0.890548 0.0841807 0.447032
    outer loop
      vertex -12.4753 0.784881 125
      vertex -9.92115 1.25333 130
      vertex -12.4014 1.56667 125
    endloop
  endfacet
  facet normal -0.890548 0.0841815 0.447032
    outer loop
      vertex -9.92115 1.25333 130
      vertex -12.4753 0.784881 125
      vertex -9.98027 0.627905 130
    endloop
  endfacet
  facet normal -0.0281932 -0.894072 0.447036
    outer loop
      vertex 0 -10 130
      vertex -0.313952 -12.4901 125
      vertex 0 -12.5 125
    endloop
  endfacet
  facet normal -0.50287 0.739783 0.447037
    outer loop
      vertex -7.08752 10.2893 125
      vertex -7.34732 10.1127 125
      vertex -5.87785 8.09017 130
    endloop
  endfacet
  facet normal 0.706814 -0.548245 0.447036
    outer loop
      vertex 10.1127 -7.34732 125
      vertex 8.09017 -5.87785 130
      vertex 9.92019 -7.59551 125
    endloop
  endfacet
  facet normal -0.139923 -0.883506 0.447034
    outer loop
      vertex -1.56667 -12.4014 125
      vertex -1.87381 -9.82287 130
      vertex -2.03203 -12.3277 125
    endloop
  endfacet
  facet normal -0.139941 -0.883504 0.447032
    outer loop
      vertex -1.87381 -9.82287 130
      vertex -1.56667 -12.4014 125
      vertex -1.25333 -9.92115 130
    endloop
  endfacet
  facet normal -0.894077 0.0280984 0.447032
    outer loop
      vertex -12.4901 0.313952 125
      vertex -9.98027 0.627905 130
      vertex -12.4753 0.784881 125
    endloop
  endfacet
  facet normal -0.894077 0.0280936 0.447032
    outer loop
      vertex -9.98027 0.627905 130
      vertex -12.4901 0.313952 125
      vertex -10 0 130
    endloop
  endfacet
  facet normal -0.591552 -0.670988 0.447036
    outer loop
      vertex -7.9678 -9.63141 125
      vertex -6.84547 -7.28969 130
      vertex -8.32122 -9.31983 125
    endloop
  endfacet
  facet normal -0.59155 -0.67099 0.447037
    outer loop
      vertex -6.84547 -7.28969 130
      vertex -7.9678 -9.63141 125
      vertex -6.37424 -7.70513 130
    endloop
  endfacet
  facet normal -0.739783 0.50287 0.447037
    outer loop
      vertex -10.1127 7.34732 125
      vertex -10.2893 7.08752 125
      vertex -8.09017 5.87785 130
    endloop
  endfacet
  facet normal 0.548258 0.706804 0.447037
    outer loop
      vertex 7.59551 9.92019 125
      vertex 6.37424 7.70513 130
      vertex 7.9678 9.63141 125
    endloop
  endfacet
  facet normal 0.548255 0.706806 0.447037
    outer loop
      vertex 6.37424 7.70513 130
      vertex 7.59551 9.92019 125
      vertex 5.87785 8.09017 130
    endloop
  endfacet
  facet normal 0.0841807 0.890548 0.447032
    outer loop
      vertex 0.784881 12.4753 125
      vertex 1.25333 9.92115 130
      vertex 1.56667 12.4014 125
    endloop
  endfacet
  facet normal 0.0841815 0.890548 0.447032
    outer loop
      vertex 1.25333 9.92115 130
      vertex 0.784881 12.4753 125
      vertex 0.627905 9.98027 130
    endloop
  endfacet
  facet normal -0.303004 -0.841633 0.447037
    outer loop
      vertex -3.09017 -9.51056 130
      vertex -4.15825 -11.7818 125
      vertex -3.86271 -11.8882 125
    endloop
  endfacet
  facet normal -0.820891 0.355386 0.447034
    outer loop
      vertex -11.3103 5.32224 125
      vertex -11.4351 5.03397 125
      vertex -9.04827 4.25779 130
    endloop
  endfacet
  facet normal -0.502748 -0.739863 0.447043
    outer loop
      vertex -6.69783 -10.5541 125
      vertex -5.87785 -8.09017 130
      vertex -7.08752 -10.2893 125
    endloop
  endfacet
  facet normal -0.502796 -0.739834 0.447036
    outer loop
      vertex -5.87785 -8.09017 130
      vertex -6.69783 -10.5541 125
      vertex -5.35827 -8.44328 130
    endloop
  endfacet
  facet normal 0.303004 0.841633 0.447037
    outer loop
      vertex 4.15825 11.7818 125
      vertex 3.68124 9.29776 130
      vertex 4.60156 11.6222 125
    endloop
  endfacet
  facet normal 0.303008 0.841632 0.447037
    outer loop
      vertex 3.68124 9.29776 130
      vertex 4.15825 11.7818 125
      vertex 3.09017 9.51056 130
    endloop
  endfacet
  facet normal -0.59155 0.67099 0.447037
    outer loop
      vertex -7.9678 9.63141 125
      vertex -6.84547 7.28969 130
      vertex -6.37424 7.70513 130
    endloop
  endfacet
  facet normal -0.591552 0.670988 0.447036
    outer loop
      vertex -6.84547 7.28969 130
      vertex -7.9678 9.63141 125
      vertex -8.32122 9.31983 125
    endloop
  endfacet
  facet normal 0.67099 -0.59155 0.447037
    outer loop
      vertex 7.28969 -6.84547 130
      vertex 9.63141 -7.9678 125
      vertex 7.70513 -6.37424 130
    endloop
  endfacet
  facet normal 0.670988 -0.591552 0.447036
    outer loop
      vertex 9.63141 -7.9678 125
      vertex 7.28969 -6.84547 130
      vertex 9.31983 -8.32122 125
    endloop
  endfacet
  facet normal 0.406097 0.797024 0.447032
    outer loop
      vertex 5.60211 11.1677 125
      vertex 4.81754 8.76307 130
      vertex 6.02192 10.9538 125
    endloop
  endfacet
  facet normal 0.406095 0.797025 0.447032
    outer loop
      vertex 4.81754 8.76307 130
      vertex 5.60211 11.1677 125
      vertex 4.25779 9.04827 130
    endloop
  endfacet
  facet normal 0.249479 -0.859022 0.447036
    outer loop
      vertex 3.86271 -11.8882 125
      vertex 3.09017 -9.51056 130
      vertex 3.56108 -11.9758 125
    endloop
  endfacet
  facet normal 0.195129 -0.872971 0.447042
    outer loop
      vertex 2.64881 -12.2101 125
      vertex 2.4869 -9.68583 130
      vertex 1.87381 -9.82287 130
    endloop
  endfacet
  facet normal 0.195169 -0.872963 0.447039
    outer loop
      vertex 2.4869 -9.68583 130
      vertex 2.64881 -12.2101 125
      vertex 3.10862 -12.1073 125
    endloop
  endfacet
  facet normal 0.0280984 0.894077 0.447032
    outer loop
      vertex 0.313952 12.4901 125
      vertex 0.627905 9.98027 130
      vertex 0.784881 12.4753 125
    endloop
  endfacet
  facet normal 0.0280936 0.894077 0.447032
    outer loop
      vertex 0.627905 9.98027 130
      vertex 0.313952 12.4901 125
      vertex 0 10 130
    endloop
  endfacet
  facet normal -0.548255 0.706806 0.447037
    outer loop
      vertex -7.59551 9.92019 125
      vertex -6.37424 7.70513 130
      vertex -5.87785 8.09017 130
    endloop
  endfacet
  facet normal -0.548258 0.706804 0.447037
    outer loop
      vertex -6.37424 7.70513 130
      vertex -7.59551 9.92019 125
      vertex -7.9678 9.63141 125
    endloop
  endfacet
  facet normal 0.820891 -0.355386 0.447034
    outer loop
      vertex 11.4351 -5.03397 125
      vertex 9.04827 -4.25779 130
      vertex 11.3103 -5.32224 125
    endloop
  endfacet
  facet normal 0.355386 -0.820891 0.447034
    outer loop
      vertex 5.32224 -11.3103 125
      vertex 4.25779 -9.04827 130
      vertex 5.03397 -11.4351 125
    endloop
  endfacet
  facet normal 0.883504 -0.139941 0.447032
    outer loop
      vertex 9.82287 -1.87381 130
      vertex 12.4014 -1.56667 125
      vertex 9.92115 -1.25333 130
    endloop
  endfacet
  facet normal 0.883506 -0.139923 0.447034
    outer loop
      vertex 12.4014 -1.56667 125
      vertex 9.82287 -1.87381 130
      vertex 12.3277 -2.03203 125
    endloop
  endfacet
  facet normal 0.355248 -0.820948 0.447037
    outer loop
      vertex 4.60156 -11.6222 125
      vertex 4.25779 -9.04827 130
      vertex 3.68124 -9.29776 130
    endloop
  endfacet
  facet normal 0.355221 -0.820958 0.447041
    outer loop
      vertex 4.25779 -9.04827 130
      vertex 4.60156 -11.6222 125
      vertex 5.03397 -11.4351 125
    endloop
  endfacet
  facet normal 0.406101 -0.797022 0.447032
    outer loop
      vertex 5.60211 -11.1677 125
      vertex 4.25779 -9.04827 130
      vertex 5.32224 -11.3103 125
    endloop
  endfacet
  facet normal 0.797025 -0.406095 0.447032
    outer loop
      vertex 8.76307 -4.81754 130
      vertex 11.1677 -5.60211 125
      vertex 9.04827 -4.25779 130
    endloop
  endfacet
  facet normal 0.797024 -0.406097 0.447032
    outer loop
      vertex 11.1677 -5.60211 125
      vertex 8.76307 -4.81754 130
      vertex 10.9538 -6.02192 125
    endloop
  endfacet
  facet normal 0.894077 0.0280984 0.447032
    outer loop
      vertex 9.98027 0.627905 130
      vertex 12.4901 0.313952 125
      vertex 12.4753 0.784881 125
    endloop
  endfacet
  facet normal 0.894077 0.0280936 0.447032
    outer loop
      vertex 12.4901 0.313952 125
      vertex 9.98027 0.627905 130
      vertex 10 0 130
    endloop
  endfacet
  facet normal -0.0280984 -0.894077 0.447032
    outer loop
      vertex -0.313952 -12.4901 125
      vertex -0.627905 -9.98027 130
      vertex -0.784881 -12.4753 125
    endloop
  endfacet
  facet normal -0.0280936 -0.894077 0.447032
    outer loop
      vertex -0.627905 -9.98027 130
      vertex -0.313952 -12.4901 125
      vertex 0 -10 130
    endloop
  endfacet
  facet normal 0.890548 -0.0841815 0.447032
    outer loop
      vertex 9.92115 -1.25333 130
      vertex 12.4753 -0.784881 125
      vertex 9.98027 -0.627905 130
    endloop
  endfacet
  facet normal 0.890548 -0.0841807 0.447032
    outer loop
      vertex 12.4753 -0.784881 125
      vertex 9.92115 -1.25333 130
      vertex 12.4014 -1.56667 125
    endloop
  endfacet
  facet normal -0.883519 -0.13983 0.447038
    outer loop
      vertex -9.82287 -1.87381 130
      vertex -12.3277 -2.03203 125
      vertex -12.2786 -2.34227 125
    endloop
  endfacet
  facet normal 0.548255 -0.706806 0.447037
    outer loop
      vertex 7.59551 -9.92019 125
      vertex 6.37424 -7.70513 130
      vertex 5.87785 -8.09017 130
    endloop
  endfacet
  facet normal 0.548258 -0.706804 0.447037
    outer loop
      vertex 6.37424 -7.70513 130
      vertex 7.59551 -9.92019 125
      vertex 7.9678 -9.63141 125
    endloop
  endfacet
  facet normal -0.859022 -0.249479 0.447036
    outer loop
      vertex -9.51056 -3.09017 130
      vertex -11.9758 -3.56108 125
      vertex -11.8882 -3.86271 125
    endloop
  endfacet
  facet normal 0.59155 -0.67099 0.447037
    outer loop
      vertex 7.9678 -9.63141 125
      vertex 6.84547 -7.28969 130
      vertex 6.37424 -7.70513 130
    endloop
  endfacet
  facet normal 0.591552 -0.670988 0.447036
    outer loop
      vertex 6.84547 -7.28969 130
      vertex 7.9678 -9.63141 125
      vertex 8.32122 -9.31983 125
    endloop
  endfacet
  facet normal -0.894077 -0.0280936 0.447032
    outer loop
      vertex -12.4901 -0.313952 125
      vertex -9.98027 -0.627905 130
      vertex -10 0 130
    endloop
  endfacet
  facet normal -0.894077 -0.0280984 0.447032
    outer loop
      vertex -9.98027 -0.627905 130
      vertex -12.4901 -0.313952 125
      vertex -12.4753 -0.784881 125
    endloop
  endfacet
  facet normal -0.303004 -0.841633 0.447037
    outer loop
      vertex -4.15825 -11.7818 125
      vertex -3.68124 -9.29776 130
      vertex -4.60156 -11.6222 125
    endloop
  endfacet
  facet normal -0.303008 -0.841632 0.447037
    outer loop
      vertex -3.68124 -9.29776 130
      vertex -4.15825 -11.7818 125
      vertex -3.09017 -9.51056 130
    endloop
  endfacet
  facet normal 0.249647 0.858977 0.447029
    outer loop
      vertex 3.10862 12.1073 125
      vertex 3.09017 9.51056 130
      vertex 3.56108 11.9758 125
    endloop
  endfacet
  facet normal 0.249567 0.858995 0.447038
    outer loop
      vertex 3.09017 9.51056 130
      vertex 3.10862 12.1073 125
      vertex 2.4869 9.68583 130
    endloop
  endfacet
  facet normal 0.303004 -0.841633 0.447037
    outer loop
      vertex 4.15825 -11.7818 125
      vertex 3.09017 -9.51056 130
      vertex 3.86271 -11.8882 125
    endloop
  endfacet
  facet normal -0.455319 -0.769963 0.447036
    outer loop
      vertex -6.02192 -10.9538 125
      vertex -5.35827 -8.44328 130
      vertex -6.69783 -10.5541 125
    endloop
  endfacet
  facet normal -0.45535 -0.769947 0.447032
    outer loop
      vertex -5.35827 -8.44328 130
      vertex -6.02192 -10.9538 125
      vertex -4.81754 -8.76307 130
    endloop
  endfacet
  facet normal -0.0841815 0.890548 0.447032
    outer loop
      vertex -0.784881 12.4753 125
      vertex -1.25333 9.92115 130
      vertex -0.627905 9.98027 130
    endloop
  endfacet
  facet normal -0.0841807 0.890548 0.447032
    outer loop
      vertex -1.25333 9.92115 130
      vertex -0.784881 12.4753 125
      vertex -1.56667 12.4014 125
    endloop
  endfacet
  facet normal -0.0280936 0.894077 0.447032
    outer loop
      vertex -0.313952 12.4901 125
      vertex -0.627905 9.98027 130
      vertex 0 10 130
    endloop
  endfacet
  facet normal -0.0280984 0.894077 0.447032
    outer loop
      vertex -0.627905 9.98027 130
      vertex -0.313952 12.4901 125
      vertex -0.784881 12.4753 125
    endloop
  endfacet
  facet normal 0.303008 -0.841632 0.447037
    outer loop
      vertex 4.15825 -11.7818 125
      vertex 3.68124 -9.29776 130
      vertex 3.09017 -9.51056 130
    endloop
  endfacet
  facet normal 0.303004 -0.841633 0.447037
    outer loop
      vertex 3.68124 -9.29776 130
      vertex 4.15825 -11.7818 125
      vertex 4.60156 -11.6222 125
    endloop
  endfacet
  facet normal 0.45535 -0.769947 0.447032
    outer loop
      vertex 6.02192 -10.9538 125
      vertex 5.35827 -8.44328 130
      vertex 4.81754 -8.76307 130
    endloop
  endfacet
  facet normal 0.455319 -0.769963 0.447036
    outer loop
      vertex 5.35827 -8.44328 130
      vertex 6.02192 -10.9538 125
      vertex 6.69783 -10.5541 125
    endloop
  endfacet
  facet normal -0.0841807 -0.890548 0.447032
    outer loop
      vertex -0.784881 -12.4753 125
      vertex -1.25333 -9.92115 130
      vertex -1.56667 -12.4014 125
    endloop
  endfacet
  facet normal -0.0841815 -0.890548 0.447032
    outer loop
      vertex -1.25333 -9.92115 130
      vertex -0.784881 -12.4753 125
      vertex -0.627905 -9.98027 130
    endloop
  endfacet
  facet normal -0.249647 -0.858977 0.447029
    outer loop
      vertex -3.10862 -12.1073 125
      vertex -3.09017 -9.51056 130
      vertex -3.56108 -11.9758 125
    endloop
  endfacet
  facet normal -0.249567 -0.858995 0.447038
    outer loop
      vertex -3.09017 -9.51056 130
      vertex -3.10862 -12.1073 125
      vertex -2.4869 -9.68583 130
    endloop
  endfacet
  facet normal 0.249567 -0.858995 0.447038
    outer loop
      vertex 3.10862 -12.1073 125
      vertex 3.09017 -9.51056 130
      vertex 2.4869 -9.68583 130
    endloop
  endfacet
  facet normal 0.249647 -0.858977 0.447029
    outer loop
      vertex 3.09017 -9.51056 130
      vertex 3.10862 -12.1073 125
      vertex 3.56108 -11.9758 125
    endloop
  endfacet
  facet normal -0.67099 -0.59155 0.447037
    outer loop
      vertex -9.63141 -7.9678 125
      vertex -7.28969 -6.84547 130
      vertex -7.70513 -6.37424 130
    endloop
  endfacet
  facet normal -0.670988 -0.591552 0.447036
    outer loop
      vertex -7.28969 -6.84547 130
      vertex -9.63141 -7.9678 125
      vertex -9.31983 -8.32122 125
    endloop
  endfacet
  facet normal -0.706806 -0.548255 0.447037
    outer loop
      vertex -9.92019 -7.59551 125
      vertex -7.70513 -6.37424 130
      vertex -8.09017 -5.87785 130
    endloop
  endfacet
  facet normal -0.706804 -0.548258 0.447037
    outer loop
      vertex -7.70513 -6.37424 130
      vertex -9.92019 -7.59551 125
      vertex -9.63141 -7.9678 125
    endloop
  endfacet
  facet normal -0.632518 -0.632518 0.447037
    outer loop
      vertex -9.11211 -8.55684 125
      vertex -6.84547 -7.28969 130
      vertex -7.28969 -6.84547 130
    endloop
  endfacet
  facet normal -0.632518 -0.632518 0.447037
    outer loop
      vertex -6.84547 -7.28969 130
      vertex -9.11211 -8.55684 125
      vertex -8.55684 -9.11211 125
    endloop
  endfacet
  facet normal 0.995562 0.0941078 0
    outer loop
      vertex 24.9507 1.56976 125
      vertex 24.8029 3.13333 110
      vertex 24.8029 3.13333 125
    endloop
  endfacet
  facet normal 0.995562 0.0941078 0
    outer loop
      vertex 24.8029 3.13333 110
      vertex 24.9507 1.56976 125
      vertex 24.9507 1.56976 110
    endloop
  endfacet
  facet normal 0.999507 0.0313906 0
    outer loop
      vertex 25 0 125
      vertex 24.9507 1.56976 110
      vertex 24.9507 1.56976 125
    endloop
  endfacet
  facet normal 0.999507 0.0313906 0
    outer loop
      vertex 24.9507 1.56976 110
      vertex 25 0 125
      vertex 25 0 110
    endloop
  endfacet
  facet normal 0.0313906 -0.999507 0
    outer loop
      vertex 0 -25 110
      vertex 1.56976 -24.9507 125
      vertex 0 -25 125
    endloop
  endfacet
  facet normal 0.0313906 -0.999507 0
    outer loop
      vertex 1.56976 -24.9507 125
      vertex 0 -25 110
      vertex 1.56976 -24.9507 110
    endloop
  endfacet
  facet normal 0.790161 0.6129 0
    outer loop
      vertex 20.2254 14.6946 125
      vertex 19.2628 15.9356 110
      vertex 19.2628 15.9356 125
    endloop
  endfacet
  facet normal 0.790161 0.6129 0
    outer loop
      vertex 19.2628 15.9356 110
      vertex 20.2254 14.6946 125
      vertex 20.2254 14.6946 110
    endloop
  endfacet
  facet normal 0.562113 0.82706 -0
    outer loop
      vertex 14.6946 20.2254 110
      vertex 13.3957 21.1082 125
      vertex 14.6946 20.2254 125
    endloop
  endfacet
  facet normal 0.562113 0.82706 0
    outer loop
      vertex 13.3957 21.1082 125
      vertex 14.6946 20.2254 110
      vertex 13.3957 21.1082 110
    endloop
  endfacet
  facet normal -0.82706 -0.562113 0
    outer loop
      vertex -20.2254 -14.6946 110
      vertex -21.1082 -13.3957 125
      vertex -21.1082 -13.3957 110
    endloop
  endfacet
  facet normal -0.82706 -0.562113 0
    outer loop
      vertex -21.1082 -13.3957 125
      vertex -20.2254 -14.6946 110
      vertex -20.2254 -14.6946 125
    endloop
  endfacet
  facet normal -0.218141 0.975917 0
    outer loop
      vertex -4.68453 24.5572 110
      vertex -6.21725 24.2146 125
      vertex -4.68453 24.5572 125
    endloop
  endfacet
  facet normal -0.218141 0.975917 0
    outer loop
      vertex -6.21725 24.2146 125
      vertex -4.68453 24.5572 110
      vertex -6.21725 24.2146 110
    endloop
  endfacet
  facet normal 0.960288 0.279012 0
    outer loop
      vertex 24.2146 6.21725 125
      vertex 23.7764 7.72542 110
      vertex 23.7764 7.72542 125
    endloop
  endfacet
  facet normal 0.960288 0.279012 0
    outer loop
      vertex 23.7764 7.72542 110
      vertex 24.2146 6.21725 125
      vertex 24.2146 6.21725 110
    endloop
  endfacet
  facet normal -0.940881 -0.338737 0
    outer loop
      vertex -23.2444 -9.20311 110
      vertex -23.7764 -7.72542 125
      vertex -23.7764 -7.72542 110
    endloop
  endfacet
  facet normal -0.940881 -0.338737 0
    outer loop
      vertex -23.7764 -7.72542 125
      vertex -23.2444 -9.20311 110
      vertex -23.2444 -9.20311 125
    endloop
  endfacet
  facet normal 0.338737 0.940881 -0
    outer loop
      vertex 9.20311 23.2444 110
      vertex 7.72542 23.7764 125
      vertex 9.20311 23.2444 125
    endloop
  endfacet
  facet normal 0.338737 0.940881 0
    outer loop
      vertex 7.72542 23.7764 125
      vertex 9.20311 23.2444 110
      vertex 7.72542 23.7764 110
    endloop
  endfacet
  facet normal -0.917765 0.397124 0
    outer loop
      vertex -23.2444 9.20311 110
      vertex -22.6207 10.6445 125
      vertex -22.6207 10.6445 110
    endloop
  endfacet
  facet normal -0.917765 0.397124 0
    outer loop
      vertex -22.6207 10.6445 125
      vertex -23.2444 9.20311 110
      vertex -23.2444 9.20311 125
    endloop
  endfacet
  facet normal -0.509036 -0.860745 0
    outer loop
      vertex -13.3957 -21.1082 110
      vertex -12.0438 -21.9077 125
      vertex -13.3957 -21.1082 125
    endloop
  endfacet
  facet normal -0.509036 -0.860745 -0
    outer loop
      vertex -12.0438 -21.9077 125
      vertex -13.3957 -21.1082 110
      vertex -12.0438 -21.9077 110
    endloop
  endfacet
  facet normal 0 0 1
    outer loop
      vertex 20 0 125
      vertex 25 0 125
      vertex 24.9507 1.56976 125
    endloop
  endfacet
  facet normal 0 0 1
    outer loop
      vertex 19.9605 1.25581 125
      vertex 24.9507 1.56976 125
      vertex 24.8029 3.13333 125
    endloop
  endfacet
  facet normal 0 0 1
    outer loop
      vertex 25 0 125
      vertex 20 0 125
      vertex 24.9507 -1.56976 125
    endloop
  endfacet
  facet normal 0 0 1
    outer loop
      vertex 19.8423 2.50666 125
      vertex 24.8029 3.13333 125
      vertex 24.5572 4.68453 125
    endloop
  endfacet
  facet normal -0 0 1
    outer loop
      vertex 19.9605 -1.25581 125
      vertex 24.9507 -1.56976 125
      vertex 20 0 125
    endloop
  endfacet
  facet normal 0 0 1
    outer loop
      vertex 19.6457 3.74763 125
      vertex 24.5572 4.68453 125
      vertex 24.2146 6.21725 125
    endloop
  endfacet
  facet normal 0 0 1
    outer loop
      vertex 24.9507 -1.56976 125
      vertex 19.9605 -1.25581 125
      vertex 24.8029 -3.13333 125
    endloop
  endfacet
  facet normal 0 0 1
    outer loop
      vertex 19.3717 4.9738 125
      vertex 24.2146 6.21725 125
      vertex 23.7764 7.72542 125
    endloop
  endfacet
  facet normal -0 0 1
    outer loop
      vertex 19.8423 -2.50666 125
      vertex 24.8029 -3.13333 125
      vertex 19.9605 -1.25581 125
    endloop
  endfacet
  facet normal 0 0 1
    outer loop
      vertex 19.0211 6.18034 125
      vertex 23.7764 7.72542 125
      vertex 23.2444 9.20311 125
    endloop
  endfacet
  facet normal 0 0 1
    outer loop
      vertex 24.8029 -3.13333 125
      vertex 19.8423 -2.50666 125
      vertex 24.5572 -4.68453 125
    endloop
  endfacet
  facet normal 0 0 1
    outer loop
      vertex 18.5955 7.36249 125
      vertex 23.2444 9.20311 125
      vertex 22.6207 10.6445 125
    endloop
  endfacet
  facet normal -0 0 1
    outer loop
      vertex 19.6457 -3.74763 125
      vertex 24.5572 -4.68453 125
      vertex 19.8423 -2.50666 125
    endloop
  endfacet
  facet normal 0 0 1
    outer loop
      vertex 18.0965 8.51558 125
      vertex 22.6207 10.6445 125
      vertex 21.9077 12.0438 125
    endloop
  endfacet
  facet normal 0 0 1
    outer loop
      vertex 24.5572 -4.68453 125
      vertex 19.6457 -3.74763 125
      vertex 24.2146 -6.21725 125
    endloop
  endfacet
  facet normal 0 0 1
    outer loop
      vertex 17.5261 9.63507 125
      vertex 21.9077 12.0438 125
      vertex 21.1082 13.3957 125
    endloop
  endfacet
  facet normal -0 0 1
    outer loop
      vertex 19.3717 -4.9738 125
      vertex 24.2146 -6.21725 125
      vertex 19.6457 -3.74763 125
    endloop
  endfacet
  facet normal 0 0 1
    outer loop
      vertex 16.8866 10.7165 125
      vertex 21.1082 13.3957 125
      vertex 20.2254 14.6946 125
    endloop
  endfacet
  facet normal 0 0 1
    outer loop
      vertex 24.2146 -6.21725 125
      vertex 19.3717 -4.9738 125
      vertex 23.7764 -7.72542 125
    endloop
  endfacet
  facet normal -0 0 1
    outer loop
      vertex 19.0211 -6.18034 125
      vertex 23.7764 -7.72542 125
      vertex 19.3717 -4.9738 125
    endloop
  endfacet
  facet normal 0 0 1
    outer loop
      vertex 24.9507 1.56976 125
      vertex 19.9605 1.25581 125
      vertex 20 0 125
    endloop
  endfacet
  facet normal 0 0 1
    outer loop
      vertex 24.8029 3.13333 125
      vertex 19.8423 2.50666 125
      vertex 19.9605 1.25581 125
    endloop
  endfacet
  facet normal 0 0 1
    outer loop
      vertex 24.5572 4.68453 125
      vertex 19.6457 3.74763 125
      vertex 19.8423 2.50666 125
    endloop
  endfacet
  facet normal 0 0 1
    outer loop
      vertex 24.2146 6.21725 125
      vertex 19.3717 4.9738 125
      vertex 19.6457 3.74763 125
    endloop
  endfacet
  facet normal 0 0 1
    outer loop
      vertex 16.1803 11.7557 125
      vertex 20.2254 14.6946 125
      vertex 19.2628 15.9356 125
    endloop
  endfacet
  facet normal 0 0 1
    outer loop
      vertex 23.7764 7.72542 125
      vertex 19.0211 6.18034 125
      vertex 19.3717 4.9738 125
    endloop
  endfacet
  facet normal 0 0 1
    outer loop
      vertex 23.2444 9.20311 125
      vertex 18.5955 7.36249 125
      vertex 19.0211 6.18034 125
    endloop
  endfacet
  facet normal 0 0 1
    outer loop
      vertex 15.4103 12.7485 125
      vertex 19.2628 15.9356 125
      vertex 18.2242 17.1137 125
    endloop
  endfacet
  facet normal 0 0 1
    outer loop
      vertex 22.6207 10.6445 125
      vertex 18.0965 8.51558 125
      vertex 18.5955 7.36249 125
    endloop
  endfacet
  facet normal 0 0 1
    outer loop
      vertex 21.9077 12.0438 125
      vertex 17.5261 9.63507 125
      vertex 18.0965 8.51558 125
    endloop
  endfacet
  facet normal 0 0 1
    outer loop
      vertex 14.5794 13.6909 125
      vertex 18.2242 17.1137 125
      vertex 17.1137 18.2242 125
    endloop
  endfacet
  facet normal 0 0 1
    outer loop
      vertex 21.1082 13.3957 125
      vertex 16.8866 10.7165 125
      vertex 17.5261 9.63507 125
    endloop
  endfacet
  facet normal 0 0 1
    outer loop
      vertex 20.2254 14.6946 125
      vertex 16.1803 11.7557 125
      vertex 16.8866 10.7165 125
    endloop
  endfacet
  facet normal 0 0 1
    outer loop
      vertex 13.6909 14.5794 125
      vertex 17.1137 18.2242 125
      vertex 15.9356 19.2628 125
    endloop
  endfacet
  facet normal 0 0 1
    outer loop
      vertex 19.2628 15.9356 125
      vertex 15.4103 12.7485 125
      vertex 16.1803 11.7557 125
    endloop
  endfacet
  facet normal 0 0 1
    outer loop
      vertex 12.7485 15.4103 125
      vertex 15.9356 19.2628 125
      vertex 14.6946 20.2254 125
    endloop
  endfacet
  facet normal 0 0 1
    outer loop
      vertex 18.2242 17.1137 125
      vertex 14.5794 13.6909 125
      vertex 15.4103 12.7485 125
    endloop
  endfacet
  facet normal 0 0 1
    outer loop
      vertex 17.1137 18.2242 125
      vertex 13.6909 14.5794 125
      vertex 14.5794 13.6909 125
    endloop
  endfacet
  facet normal 0 0 1
    outer loop
      vertex 11.7557 16.1803 125
      vertex 14.6946 20.2254 125
      vertex 13.3957 21.1082 125
    endloop
  endfacet
  facet normal 0 0 1
    outer loop
      vertex 15.9356 19.2628 125
      vertex 12.7485 15.4103 125
      vertex 13.6909 14.5794 125
    endloop
  endfacet
  facet normal 0 0 1
    outer loop
      vertex 10.7165 16.8866 125
      vertex 13.3957 21.1082 125
      vertex 12.0438 21.9077 125
    endloop
  endfacet
  facet normal 0 0 1
    outer loop
      vertex 14.6946 20.2254 125
      vertex 11.7557 16.1803 125
      vertex 12.7485 15.4103 125
    endloop
  endfacet
  facet normal 0 0 1
    outer loop
      vertex 13.3957 21.1082 125
      vertex 10.7165 16.8866 125
      vertex 11.7557 16.1803 125
    endloop
  endfacet
  facet normal 0 0 1
    outer loop
      vertex 9.63507 17.5261 125
      vertex 12.0438 21.9077 125
      vertex 10.6445 22.6207 125
    endloop
  endfacet
  facet normal 0 0 1
    outer loop
      vertex 12.0438 21.9077 125
      vertex 9.63507 17.5261 125
      vertex 10.7165 16.8866 125
    endloop
  endfacet
  facet normal 0 0 1
    outer loop
      vertex 8.51558 18.0965 125
      vertex 10.6445 22.6207 125
      vertex 9.20311 23.2444 125
    endloop
  endfacet
  facet normal 0 0 1
    outer loop
      vertex 10.6445 22.6207 125
      vertex 8.51558 18.0965 125
      vertex 9.63507 17.5261 125
    endloop
  endfacet
  facet normal 0 0 1
    outer loop
      vertex 7.36249 18.5955 125
      vertex 9.20311 23.2444 125
      vertex 7.72542 23.7764 125
    endloop
  endfacet
  facet normal 0 0 1
    outer loop
      vertex 9.20311 23.2444 125
      vertex 7.36249 18.5955 125
      vertex 8.51558 18.0965 125
    endloop
  endfacet
  facet normal 0 0 1
    outer loop
      vertex 6.18034 19.0211 125
      vertex 7.72542 23.7764 125
      vertex 6.21725 24.2146 125
    endloop
  endfacet
  facet normal 0 0 1
    outer loop
      vertex 7.72542 23.7764 125
      vertex 6.18034 19.0211 125
      vertex 7.36249 18.5955 125
    endloop
  endfacet
  facet normal 0 0 1
    outer loop
      vertex 6.21725 24.2146 125
      vertex 4.9738 19.3717 125
      vertex 6.18034 19.0211 125
    endloop
  endfacet
  facet normal 0 0 1
    outer loop
      vertex 4.68453 24.5572 125
      vertex 4.9738 19.3717 125
      vertex 6.21725 24.2146 125
    endloop
  endfacet
  facet normal 0 0 1
    outer loop
      vertex 4.68453 24.5572 125
      vertex 3.74763 19.6457 125
      vertex 4.9738 19.3717 125
    endloop
  endfacet
  facet normal 0 0 1
    outer loop
      vertex 3.13333 24.8029 125
      vertex 3.74763 19.6457 125
      vertex 4.68453 24.5572 125
    endloop
  endfacet
  facet normal 0 0 1
    outer loop
      vertex 3.13333 24.8029 125
      vertex 2.50666 19.8423 125
      vertex 3.74763 19.6457 125
    endloop
  endfacet
  facet normal 0 0 1
    outer loop
      vertex 1.56976 24.9507 125
      vertex 2.50666 19.8423 125
      vertex 3.13333 24.8029 125
    endloop
  endfacet
  facet normal 0 0 1
    outer loop
      vertex 1.56976 24.9507 125
      vertex 1.25581 19.9605 125
      vertex 2.50666 19.8423 125
    endloop
  endfacet
  facet normal 0 0 1
    outer loop
      vertex 0 25 125
      vertex 1.25581 19.9605 125
      vertex 1.56976 24.9507 125
    endloop
  endfacet
  facet normal 0 0 1
    outer loop
      vertex 0 25 125
      vertex 0 20 125
      vertex 1.25581 19.9605 125
    endloop
  endfacet
  facet normal 0 0 1
    outer loop
      vertex 0 25 125
      vertex -1.25581 19.9605 125
      vertex 0 20 125
    endloop
  endfacet
  facet normal -0 0 1
    outer loop
      vertex -1.56976 24.9507 125
      vertex -1.25581 19.9605 125
      vertex 0 25 125
    endloop
  endfacet
  facet normal 0 0 1
    outer loop
      vertex -1.56976 24.9507 125
      vertex -2.50666 19.8423 125
      vertex -1.25581 19.9605 125
    endloop
  endfacet
  facet normal -0 0 1
    outer loop
      vertex -3.13333 24.8029 125
      vertex -2.50666 19.8423 125
      vertex -1.56976 24.9507 125
    endloop
  endfacet
  facet normal 0 0 1
    outer loop
      vertex -3.13333 24.8029 125
      vertex -3.74763 19.6457 125
      vertex -2.50666 19.8423 125
    endloop
  endfacet
  facet normal -0 0 1
    outer loop
      vertex -4.68453 24.5572 125
      vertex -3.74763 19.6457 125
      vertex -3.13333 24.8029 125
    endloop
  endfacet
  facet normal 0 0 1
    outer loop
      vertex -4.68453 24.5572 125
      vertex -4.9738 19.3717 125
      vertex -3.74763 19.6457 125
    endloop
  endfacet
  facet normal -0 0 1
    outer loop
      vertex -6.21725 24.2146 125
      vertex -4.9738 19.3717 125
      vertex -4.68453 24.5572 125
    endloop
  endfacet
  facet normal 0 0 1
    outer loop
      vertex -4.9738 19.3717 125
      vertex -6.21725 24.2146 125
      vertex -6.18034 19.0211 125
    endloop
  endfacet
  facet normal -0 0 1
    outer loop
      vertex -7.72542 23.7764 125
      vertex -6.18034 19.0211 125
      vertex -6.21725 24.2146 125
    endloop
  endfacet
  facet normal 0 0 1
    outer loop
      vertex -6.18034 19.0211 125
      vertex -7.72542 23.7764 125
      vertex -7.36249 18.5955 125
    endloop
  endfacet
  facet normal -0 0 1
    outer loop
      vertex -9.20311 23.2444 125
      vertex -7.36249 18.5955 125
      vertex -7.72542 23.7764 125
    endloop
  endfacet
  facet normal 0 0 1
    outer loop
      vertex -7.36249 18.5955 125
      vertex -9.20311 23.2444 125
      vertex -8.51558 18.0965 125
    endloop
  endfacet
  facet normal -0 0 1
    outer loop
      vertex -10.6445 22.6207 125
      vertex -8.51558 18.0965 125
      vertex -9.20311 23.2444 125
    endloop
  endfacet
  facet normal 0 0 1
    outer loop
      vertex -8.51558 18.0965 125
      vertex -10.6445 22.6207 125
      vertex -9.63507 17.5261 125
    endloop
  endfacet
  facet normal -0 0 1
    outer loop
      vertex -12.0438 21.9077 125
      vertex -9.63507 17.5261 125
      vertex -10.6445 22.6207 125
    endloop
  endfacet
  facet normal 0 0 1
    outer loop
      vertex -9.63507 17.5261 125
      vertex -12.0438 21.9077 125
      vertex -10.7165 16.8866 125
    endloop
  endfacet
  facet normal -0 0 1
    outer loop
      vertex -13.3957 21.1082 125
      vertex -10.7165 16.8866 125
      vertex -12.0438 21.9077 125
    endloop
  endfacet
  facet normal 0 0 1
    outer loop
      vertex -10.7165 16.8866 125
      vertex -13.3957 21.1082 125
      vertex -11.7557 16.1803 125
    endloop
  endfacet
  facet normal -0 0 1
    outer loop
      vertex -14.6946 20.2254 125
      vertex -11.7557 16.1803 125
      vertex -13.3957 21.1082 125
    endloop
  endfacet
  facet normal 0 0 1
    outer loop
      vertex -11.7557 16.1803 125
      vertex -14.6946 20.2254 125
      vertex -12.7485 15.4103 125
    endloop
  endfacet
  facet normal -0 0 1
    outer loop
      vertex -15.9356 19.2628 125
      vertex -12.7485 15.4103 125
      vertex -14.6946 20.2254 125
    endloop
  endfacet
  facet normal 0 0 1
    outer loop
      vertex -12.7485 15.4103 125
      vertex -15.9356 19.2628 125
      vertex -13.6909 14.5794 125
    endloop
  endfacet
  facet normal -0 0 1
    outer loop
      vertex -17.1137 18.2242 125
      vertex -13.6909 14.5794 125
      vertex -15.9356 19.2628 125
    endloop
  endfacet
  facet normal 0 0 1
    outer loop
      vertex -13.6909 14.5794 125
      vertex -17.1137 18.2242 125
      vertex -14.5794 13.6909 125
    endloop
  endfacet
  facet normal -0 0 1
    outer loop
      vertex -18.2242 17.1137 125
      vertex -14.5794 13.6909 125
      vertex -17.1137 18.2242 125
    endloop
  endfacet
  facet normal 0 0 1
    outer loop
      vertex -14.5794 13.6909 125
      vertex -18.2242 17.1137 125
      vertex -15.4103 12.7485 125
    endloop
  endfacet
  facet normal -0 0 1
    outer loop
      vertex -19.2628 15.9356 125
      vertex -15.4103 12.7485 125
      vertex -18.2242 17.1137 125
    endloop
  endfacet
  facet normal 0 0 1
    outer loop
      vertex -15.4103 12.7485 125
      vertex -19.2628 15.9356 125
      vertex -16.1803 11.7557 125
    endloop
  endfacet
  facet normal -0 0 1
    outer loop
      vertex -20.2254 14.6946 125
      vertex -16.1803 11.7557 125
      vertex -19.2628 15.9356 125
    endloop
  endfacet
  facet normal 0 0 1
    outer loop
      vertex -16.1803 11.7557 125
      vertex -20.2254 14.6946 125
      vertex -16.8866 10.7165 125
    endloop
  endfacet
  facet normal -0 0 1
    outer loop
      vertex -21.1082 13.3957 125
      vertex -16.8866 10.7165 125
      vertex -20.2254 14.6946 125
    endloop
  endfacet
  facet normal 0 0 1
    outer loop
      vertex -16.8866 10.7165 125
      vertex -21.1082 13.3957 125
      vertex -17.5261 9.63507 125
    endloop
  endfacet
  facet normal -0 0 1
    outer loop
      vertex -21.9077 12.0438 125
      vertex -17.5261 9.63507 125
      vertex -21.1082 13.3957 125
    endloop
  endfacet
  facet normal 0 0 1
    outer loop
      vertex -17.5261 9.63507 125
      vertex -21.9077 12.0438 125
      vertex -18.0965 8.51558 125
    endloop
  endfacet
  facet normal -0 0 1
    outer loop
      vertex -22.6207 10.6445 125
      vertex -18.0965 8.51558 125
      vertex -21.9077 12.0438 125
    endloop
  endfacet
  facet normal 0 0 1
    outer loop
      vertex -18.0965 8.51558 125
      vertex -22.6207 10.6445 125
      vertex -18.5955 7.36249 125
    endloop
  endfacet
  facet normal -0 0 1
    outer loop
      vertex -23.2444 9.20311 125
      vertex -18.5955 7.36249 125
      vertex -22.6207 10.6445 125
    endloop
  endfacet
  facet normal -0 0 1
    outer loop
      vertex -23.7764 7.72542 125
      vertex -19.0211 6.18034 125
      vertex -23.2444 9.20311 125
    endloop
  endfacet
  facet normal 0 0 1
    outer loop
      vertex -18.5955 7.36249 125
      vertex -23.2444 9.20311 125
      vertex -19.0211 6.18034 125
    endloop
  endfacet
  facet normal 0 0 1
    outer loop
      vertex 23.7764 -7.72542 125
      vertex 19.0211 -6.18034 125
      vertex 23.2444 -9.20311 125
    endloop
  endfacet
  facet normal -0 0 1
    outer loop
      vertex 18.5955 -7.36249 125
      vertex 23.2444 -9.20311 125
      vertex 19.0211 -6.18034 125
    endloop
  endfacet
  facet normal 0 0 1
    outer loop
      vertex 23.2444 -9.20311 125
      vertex 18.5955 -7.36249 125
      vertex 22.6207 -10.6445 125
    endloop
  endfacet
  facet normal -0 0 1
    outer loop
      vertex 18.0965 -8.51558 125
      vertex 22.6207 -10.6445 125
      vertex 18.5955 -7.36249 125
    endloop
  endfacet
  facet normal 0 0 1
    outer loop
      vertex 22.6207 -10.6445 125
      vertex 18.0965 -8.51558 125
      vertex 21.9077 -12.0438 125
    endloop
  endfacet
  facet normal -0 0 1
    outer loop
      vertex 17.5261 -9.63507 125
      vertex 21.9077 -12.0438 125
      vertex 18.0965 -8.51558 125
    endloop
  endfacet
  facet normal 0 0 1
    outer loop
      vertex 21.9077 -12.0438 125
      vertex 17.5261 -9.63507 125
      vertex 21.1082 -13.3957 125
    endloop
  endfacet
  facet normal -0 0 1
    outer loop
      vertex 16.8866 -10.7165 125
      vertex 21.1082 -13.3957 125
      vertex 17.5261 -9.63507 125
    endloop
  endfacet
  facet normal 0 0 1
    outer loop
      vertex 21.1082 -13.3957 125
      vertex 16.8866 -10.7165 125
      vertex 20.2254 -14.6946 125
    endloop
  endfacet
  facet normal -0 0 1
    outer loop
      vertex 16.1803 -11.7557 125
      vertex 20.2254 -14.6946 125
      vertex 16.8866 -10.7165 125
    endloop
  endfacet
  facet normal 0 0 1
    outer loop
      vertex 20.2254 -14.6946 125
      vertex 16.1803 -11.7557 125
      vertex 19.2628 -15.9356 125
    endloop
  endfacet
  facet normal -0 0 1
    outer loop
      vertex 15.4103 -12.7485 125
      vertex 19.2628 -15.9356 125
      vertex 16.1803 -11.7557 125
    endloop
  endfacet
  facet normal 0 0 1
    outer loop
      vertex 19.2628 -15.9356 125
      vertex 15.4103 -12.7485 125
      vertex 18.2242 -17.1137 125
    endloop
  endfacet
  facet normal -0 0 1
    outer loop
      vertex 14.5794 -13.6909 125
      vertex 18.2242 -17.1137 125
      vertex 15.4103 -12.7485 125
    endloop
  endfacet
  facet normal 0 0 1
    outer loop
      vertex 18.2242 -17.1137 125
      vertex 14.5794 -13.6909 125
      vertex 17.1137 -18.2242 125
    endloop
  endfacet
  facet normal -0 0 1
    outer loop
      vertex 13.6909 -14.5794 125
      vertex 17.1137 -18.2242 125
      vertex 14.5794 -13.6909 125
    endloop
  endfacet
  facet normal 0 0 1
    outer loop
      vertex 17.1137 -18.2242 125
      vertex 13.6909 -14.5794 125
      vertex 15.9356 -19.2628 125
    endloop
  endfacet
  facet normal -0 0 1
    outer loop
      vertex 12.7485 -15.4103 125
      vertex 15.9356 -19.2628 125
      vertex 13.6909 -14.5794 125
    endloop
  endfacet
  facet normal 0 0 1
    outer loop
      vertex 15.9356 -19.2628 125
      vertex 12.7485 -15.4103 125
      vertex 14.6946 -20.2254 125
    endloop
  endfacet
  facet normal -0 0 1
    outer loop
      vertex 11.7557 -16.1803 125
      vertex 14.6946 -20.2254 125
      vertex 12.7485 -15.4103 125
    endloop
  endfacet
  facet normal 0 0 1
    outer loop
      vertex 14.6946 -20.2254 125
      vertex 11.7557 -16.1803 125
      vertex 13.3957 -21.1082 125
    endloop
  endfacet
  facet normal -0 0 1
    outer loop
      vertex 10.7165 -16.8866 125
      vertex 13.3957 -21.1082 125
      vertex 11.7557 -16.1803 125
    endloop
  endfacet
  facet normal 0 0 1
    outer loop
      vertex 13.3957 -21.1082 125
      vertex 10.7165 -16.8866 125
      vertex 12.0438 -21.9077 125
    endloop
  endfacet
  facet normal -0 0 1
    outer loop
      vertex 9.63507 -17.5261 125
      vertex 12.0438 -21.9077 125
      vertex 10.7165 -16.8866 125
    endloop
  endfacet
  facet normal 0 0 1
    outer loop
      vertex 12.0438 -21.9077 125
      vertex 9.63507 -17.5261 125
      vertex 10.6445 -22.6207 125
    endloop
  endfacet
  facet normal -0 0 1
    outer loop
      vertex 8.51558 -18.0965 125
      vertex 10.6445 -22.6207 125
      vertex 9.63507 -17.5261 125
    endloop
  endfacet
  facet normal 0 0 1
    outer loop
      vertex 10.6445 -22.6207 125
      vertex 8.51558 -18.0965 125
      vertex 9.20311 -23.2444 125
    endloop
  endfacet
  facet normal -0 0 1
    outer loop
      vertex 7.36249 -18.5955 125
      vertex 9.20311 -23.2444 125
      vertex 8.51558 -18.0965 125
    endloop
  endfacet
  facet normal 0 0 1
    outer loop
      vertex 9.20311 -23.2444 125
      vertex 7.36249 -18.5955 125
      vertex 7.72542 -23.7764 125
    endloop
  endfacet
  facet normal -0 0 1
    outer loop
      vertex 6.18034 -19.0211 125
      vertex 7.72542 -23.7764 125
      vertex 7.36249 -18.5955 125
    endloop
  endfacet
  facet normal 0 0 1
    outer loop
      vertex 7.72542 -23.7764 125
      vertex 6.18034 -19.0211 125
      vertex 6.21725 -24.2146 125
    endloop
  endfacet
  facet normal -0 0 1
    outer loop
      vertex 4.9738 -19.3717 125
      vertex 6.21725 -24.2146 125
      vertex 6.18034 -19.0211 125
    endloop
  endfacet
  facet normal 0 0 1
    outer loop
      vertex 4.9738 -19.3717 125
      vertex 4.68453 -24.5572 125
      vertex 6.21725 -24.2146 125
    endloop
  endfacet
  facet normal -0 0 1
    outer loop
      vertex 3.74763 -19.6457 125
      vertex 4.68453 -24.5572 125
      vertex 4.9738 -19.3717 125
    endloop
  endfacet
  facet normal 0 0 1
    outer loop
      vertex 3.74763 -19.6457 125
      vertex 3.13333 -24.8029 125
      vertex 4.68453 -24.5572 125
    endloop
  endfacet
  facet normal -0 0 1
    outer loop
      vertex 2.50666 -19.8423 125
      vertex 3.13333 -24.8029 125
      vertex 3.74763 -19.6457 125
    endloop
  endfacet
  facet normal 0 0 1
    outer loop
      vertex 2.50666 -19.8423 125
      vertex 1.56976 -24.9507 125
      vertex 3.13333 -24.8029 125
    endloop
  endfacet
  facet normal -0 0 1
    outer loop
      vertex 1.25581 -19.9605 125
      vertex 1.56976 -24.9507 125
      vertex 2.50666 -19.8423 125
    endloop
  endfacet
  facet normal -0 0 1
    outer loop
      vertex 0 -20 125
      vertex 1.56976 -24.9507 125
      vertex 1.25581 -19.9605 125
    endloop
  endfacet
  facet normal 0 0 1
    outer loop
      vertex 0 -20 125
      vertex 0 -25 125
      vertex 1.56976 -24.9507 125
    endloop
  endfacet
  facet normal 0 0 1
    outer loop
      vertex -1.25581 -19.9605 125
      vertex 0 -25 125
      vertex 0 -20 125
    endloop
  endfacet
  facet normal 0 0 1
    outer loop
      vertex -1.25581 -19.9605 125
      vertex -1.56976 -24.9507 125
      vertex 0 -25 125
    endloop
  endfacet
  facet normal 0 0 1
    outer loop
      vertex -2.50666 -19.8423 125
      vertex -1.56976 -24.9507 125
      vertex -1.25581 -19.9605 125
    endloop
  endfacet
  facet normal 0 0 1
    outer loop
      vertex -2.50666 -19.8423 125
      vertex -3.13333 -24.8029 125
      vertex -1.56976 -24.9507 125
    endloop
  endfacet
  facet normal 0 0 1
    outer loop
      vertex -3.74763 -19.6457 125
      vertex -3.13333 -24.8029 125
      vertex -2.50666 -19.8423 125
    endloop
  endfacet
  facet normal 0 0 1
    outer loop
      vertex -3.74763 -19.6457 125
      vertex -4.68453 -24.5572 125
      vertex -3.13333 -24.8029 125
    endloop
  endfacet
  facet normal 0 0 1
    outer loop
      vertex -4.9738 -19.3717 125
      vertex -4.68453 -24.5572 125
      vertex -3.74763 -19.6457 125
    endloop
  endfacet
  facet normal 0 0 1
    outer loop
      vertex -6.21725 -24.2146 125
      vertex -4.9738 -19.3717 125
      vertex -6.18034 -19.0211 125
    endloop
  endfacet
  facet normal 0 0 1
    outer loop
      vertex -4.9738 -19.3717 125
      vertex -6.21725 -24.2146 125
      vertex -4.68453 -24.5572 125
    endloop
  endfacet
  facet normal 0 0 1
    outer loop
      vertex -7.72542 -23.7764 125
      vertex -6.18034 -19.0211 125
      vertex -7.36249 -18.5955 125
    endloop
  endfacet
  facet normal 0 0 1
    outer loop
      vertex -6.18034 -19.0211 125
      vertex -7.72542 -23.7764 125
      vertex -6.21725 -24.2146 125
    endloop
  endfacet
  facet normal 0 0 1
    outer loop
      vertex -9.20311 -23.2444 125
      vertex -7.36249 -18.5955 125
      vertex -8.51558 -18.0965 125
    endloop
  endfacet
  facet normal 0 0 1
    outer loop
      vertex -7.36249 -18.5955 125
      vertex -9.20311 -23.2444 125
      vertex -7.72542 -23.7764 125
    endloop
  endfacet
  facet normal 0 0 1
    outer loop
      vertex -10.6445 -22.6207 125
      vertex -8.51558 -18.0965 125
      vertex -9.63507 -17.5261 125
    endloop
  endfacet
  facet normal 0 0 1
    outer loop
      vertex -8.51558 -18.0965 125
      vertex -10.6445 -22.6207 125
      vertex -9.20311 -23.2444 125
    endloop
  endfacet
  facet normal 0 0 1
    outer loop
      vertex -12.0438 -21.9077 125
      vertex -9.63507 -17.5261 125
      vertex -10.7165 -16.8866 125
    endloop
  endfacet
  facet normal 0 0 1
    outer loop
      vertex -13.3957 -21.1082 125
      vertex -10.7165 -16.8866 125
      vertex -11.7557 -16.1803 125
    endloop
  endfacet
  facet normal 0 0 1
    outer loop
      vertex -9.63507 -17.5261 125
      vertex -12.0438 -21.9077 125
      vertex -10.6445 -22.6207 125
    endloop
  endfacet
  facet normal 0 0 1
    outer loop
      vertex -14.6946 -20.2254 125
      vertex -11.7557 -16.1803 125
      vertex -12.7485 -15.4103 125
    endloop
  endfacet
  facet normal 0 0 1
    outer loop
      vertex -10.7165 -16.8866 125
      vertex -13.3957 -21.1082 125
      vertex -12.0438 -21.9077 125
    endloop
  endfacet
  facet normal 0 0 1
    outer loop
      vertex -15.9356 -19.2628 125
      vertex -12.7485 -15.4103 125
      vertex -13.6909 -14.5794 125
    endloop
  endfacet
  facet normal 0 0 1
    outer loop
      vertex -17.1137 -18.2242 125
      vertex -13.6909 -14.5794 125
      vertex -14.5794 -13.6909 125
    endloop
  endfacet
  facet normal 0 0 1
    outer loop
      vertex -11.7557 -16.1803 125
      vertex -14.6946 -20.2254 125
      vertex -13.3957 -21.1082 125
    endloop
  endfacet
  facet normal 0 0 1
    outer loop
      vertex -18.2242 -17.1137 125
      vertex -14.5794 -13.6909 125
      vertex -15.4103 -12.7485 125
    endloop
  endfacet
  facet normal 0 0 1
    outer loop
      vertex -12.7485 -15.4103 125
      vertex -15.9356 -19.2628 125
      vertex -14.6946 -20.2254 125
    endloop
  endfacet
  facet normal 0 0 1
    outer loop
      vertex -19.2628 -15.9356 125
      vertex -15.4103 -12.7485 125
      vertex -16.1803 -11.7557 125
    endloop
  endfacet
  facet normal 0 0 1
    outer loop
      vertex -20.2254 -14.6946 125
      vertex -16.1803 -11.7557 125
      vertex -16.8866 -10.7165 125
    endloop
  endfacet
  facet normal 0 0 1
    outer loop
      vertex -13.6909 -14.5794 125
      vertex -17.1137 -18.2242 125
      vertex -15.9356 -19.2628 125
    endloop
  endfacet
  facet normal 0 0 1
    outer loop
      vertex -21.1082 -13.3957 125
      vertex -16.8866 -10.7165 125
      vertex -17.5261 -9.63507 125
    endloop
  endfacet
  facet normal 0 0 1
    outer loop
      vertex -21.9077 -12.0438 125
      vertex -17.5261 -9.63507 125
      vertex -18.0965 -8.51558 125
    endloop
  endfacet
  facet normal 0 0 1
    outer loop
      vertex -14.5794 -13.6909 125
      vertex -18.2242 -17.1137 125
      vertex -17.1137 -18.2242 125
    endloop
  endfacet
  facet normal 0 0 1
    outer loop
      vertex -22.6207 -10.6445 125
      vertex -18.0965 -8.51558 125
      vertex -18.5955 -7.36249 125
    endloop
  endfacet
  facet normal 0 0 1
    outer loop
      vertex -23.2444 -9.20311 125
      vertex -18.5955 -7.36249 125
      vertex -19.0211 -6.18034 125
    endloop
  endfacet
  facet normal 0 0 1
    outer loop
      vertex -15.4103 -12.7485 125
      vertex -19.2628 -15.9356 125
      vertex -18.2242 -17.1137 125
    endloop
  endfacet
  facet normal 0 0 1
    outer loop
      vertex -23.7764 -7.72542 125
      vertex -19.0211 -6.18034 125
      vertex -19.3717 -4.9738 125
    endloop
  endfacet
  facet normal 0 0 1
    outer loop
      vertex -24.2146 -6.21725 125
      vertex -19.3717 -4.9738 125
      vertex -19.6457 -3.74763 125
    endloop
  endfacet
  facet normal 0 0 1
    outer loop
      vertex -24.5572 -4.68453 125
      vertex -19.6457 -3.74763 125
      vertex -19.8423 -2.50666 125
    endloop
  endfacet
  facet normal 0 0 1
    outer loop
      vertex -24.8029 -3.13333 125
      vertex -19.8423 -2.50666 125
      vertex -19.9605 -1.25581 125
    endloop
  endfacet
  facet normal 0 0 1
    outer loop
      vertex -16.1803 -11.7557 125
      vertex -20.2254 -14.6946 125
      vertex -19.2628 -15.9356 125
    endloop
  endfacet
  facet normal 0 0 1
    outer loop
      vertex -24.9507 -1.56976 125
      vertex -19.9605 -1.25581 125
      vertex -20 0 125
    endloop
  endfacet
  facet normal 0 0 1
    outer loop
      vertex -19.0211 6.18034 125
      vertex -23.7764 7.72542 125
      vertex -19.3717 4.9738 125
    endloop
  endfacet
  facet normal -0 0 1
    outer loop
      vertex -24.2146 6.21725 125
      vertex -19.3717 4.9738 125
      vertex -23.7764 7.72542 125
    endloop
  endfacet
  facet normal 0 0 1
    outer loop
      vertex -16.8866 -10.7165 125
      vertex -21.1082 -13.3957 125
      vertex -20.2254 -14.6946 125
    endloop
  endfacet
  facet normal 0 0 1
    outer loop
      vertex -19.3717 4.9738 125
      vertex -24.2146 6.21725 125
      vertex -19.6457 3.74763 125
    endloop
  endfacet
  facet normal 0 0 1
    outer loop
      vertex -17.5261 -9.63507 125
      vertex -21.9077 -12.0438 125
      vertex -21.1082 -13.3957 125
    endloop
  endfacet
  facet normal -0 0 1
    outer loop
      vertex -24.5572 4.68453 125
      vertex -19.6457 3.74763 125
      vertex -24.2146 6.21725 125
    endloop
  endfacet
  facet normal 0 0 1
    outer loop
      vertex -18.0965 -8.51558 125
      vertex -22.6207 -10.6445 125
      vertex -21.9077 -12.0438 125
    endloop
  endfacet
  facet normal 0 0 1
    outer loop
      vertex -19.6457 3.74763 125
      vertex -24.5572 4.68453 125
      vertex -19.8423 2.50666 125
    endloop
  endfacet
  facet normal 0 0 1
    outer loop
      vertex -18.5955 -7.36249 125
      vertex -23.2444 -9.20311 125
      vertex -22.6207 -10.6445 125
    endloop
  endfacet
  facet normal -0 0 1
    outer loop
      vertex -24.8029 3.13333 125
      vertex -19.8423 2.50666 125
      vertex -24.5572 4.68453 125
    endloop
  endfacet
  facet normal 0 0 1
    outer loop
      vertex -19.0211 -6.18034 125
      vertex -23.7764 -7.72542 125
      vertex -23.2444 -9.20311 125
    endloop
  endfacet
  facet normal 0 0 1
    outer loop
      vertex -19.8423 2.50666 125
      vertex -24.8029 3.13333 125
      vertex -19.9605 1.25581 125
    endloop
  endfacet
  facet normal 0 0 1
    outer loop
      vertex -19.3717 -4.9738 125
      vertex -24.2146 -6.21725 125
      vertex -23.7764 -7.72542 125
    endloop
  endfacet
  facet normal -0 0 1
    outer loop
      vertex -24.9507 1.56976 125
      vertex -19.9605 1.25581 125
      vertex -24.8029 3.13333 125
    endloop
  endfacet
  facet normal 0 0 1
    outer loop
      vertex -19.6457 -3.74763 125
      vertex -24.5572 -4.68453 125
      vertex -24.2146 -6.21725 125
    endloop
  endfacet
  facet normal 0 0 1
    outer loop
      vertex -19.9605 1.25581 125
      vertex -24.9507 1.56976 125
      vertex -20 0 125
    endloop
  endfacet
  facet normal 0 0 1
    outer loop
      vertex -19.8423 -2.50666 125
      vertex -24.8029 -3.13333 125
      vertex -24.5572 -4.68453 125
    endloop
  endfacet
  facet normal 0 0 1
    outer loop
      vertex -25 0 125
      vertex -20 0 125
      vertex -24.9507 1.56976 125
    endloop
  endfacet
  facet normal 0 0 1
    outer loop
      vertex -19.9605 -1.25581 125
      vertex -24.9507 -1.56976 125
      vertex -24.8029 -3.13333 125
    endloop
  endfacet
  facet normal 0 0 1
    outer loop
      vertex -20 0 125
      vertex -25 0 125
      vertex -24.9507 -1.56976 125
    endloop
  endfacet
  facet normal -0 0 1
    outer loop
      vertex 12.4901 0.313952 125
      vertex 20 0 125
      vertex 19.9605 1.25581 125
    endloop
  endfacet
  facet normal 0 0 1
    outer loop
      vertex 12.4753 0.784881 125
      vertex 19.9605 1.25581 125
      vertex 19.8423 2.50666 125
    endloop
  endfacet
  facet normal 0 0 1
    outer loop
      vertex 20 0 125
      vertex 12.4901 0.313952 125
      vertex 12.5 0 125
    endloop
  endfacet
  facet normal 0 0 1
    outer loop
      vertex 12.3277 2.03203 125
      vertex 19.8423 2.50666 125
      vertex 19.6457 3.74763 125
    endloop
  endfacet
  facet normal 0 0 1
    outer loop
      vertex 12.4901 -0.313952 125
      vertex 20 0 125
      vertex 12.5 0 125
    endloop
  endfacet
  facet normal 0 0 1
    outer loop
      vertex 12.2101 2.64881 125
      vertex 19.6457 3.74763 125
      vertex 19.3717 4.9738 125
    endloop
  endfacet
  facet normal 0 0 1
    outer loop
      vertex 20 0 125
      vertex 12.4901 -0.313952 125
      vertex 19.9605 -1.25581 125
    endloop
  endfacet
  facet normal 0 0 1
    outer loop
      vertex 11.9758 3.56108 125
      vertex 19.3717 4.9738 125
      vertex 19.0211 6.18034 125
    endloop
  endfacet
  facet normal -0 0 1
    outer loop
      vertex 12.4753 -0.784881 125
      vertex 19.9605 -1.25581 125
      vertex 12.4901 -0.313952 125
    endloop
  endfacet
  facet normal 0 0 1
    outer loop
      vertex 11.7818 4.15825 125
      vertex 19.0211 6.18034 125
      vertex 18.5955 7.36249 125
    endloop
  endfacet
  facet normal 0 0 1
    outer loop
      vertex 19.9605 -1.25581 125
      vertex 12.4753 -0.784881 125
      vertex 19.8423 -2.50666 125
    endloop
  endfacet
  facet normal 0 0 1
    outer loop
      vertex 11.4351 5.03397 125
      vertex 18.5955 7.36249 125
      vertex 18.0965 8.51558 125
    endloop
  endfacet
  facet normal -0 0 1
    outer loop
      vertex 12.4014 -1.56667 125
      vertex 19.8423 -2.50666 125
      vertex 12.4753 -0.784881 125
    endloop
  endfacet
  facet normal 0 0 1
    outer loop
      vertex 11.1677 5.60211 125
      vertex 18.0965 8.51558 125
      vertex 17.5261 9.63507 125
    endloop
  endfacet
  facet normal -0 0 1
    outer loop
      vertex 12.3277 -2.03203 125
      vertex 19.8423 -2.50666 125
      vertex 12.4014 -1.56667 125
    endloop
  endfacet
  facet normal 0 0 1
    outer loop
      vertex 10.9538 6.02192 125
      vertex 17.5261 9.63507 125
      vertex 16.8866 10.7165 125
    endloop
  endfacet
  facet normal 0 0 1
    outer loop
      vertex 19.8423 -2.50666 125
      vertex 12.3277 -2.03203 125
      vertex 19.6457 -3.74763 125
    endloop
  endfacet
  facet normal 0 0 1
    outer loop
      vertex 10.2893 7.08752 125
      vertex 16.8866 10.7165 125
      vertex 16.1803 11.7557 125
    endloop
  endfacet
  facet normal -0 0 1
    outer loop
      vertex 12.2786 -2.34227 125
      vertex 19.6457 -3.74763 125
      vertex 12.3277 -2.03203 125
    endloop
  endfacet
  facet normal 0 0 1
    outer loop
      vertex 9.92019 7.59551 125
      vertex 16.1803 11.7557 125
      vertex 15.4103 12.7485 125
    endloop
  endfacet
  facet normal 0 0 1
    outer loop
      vertex 19.6457 -3.74763 125
      vertex 12.2101 -2.64881 125
      vertex 19.3717 -4.9738 125
    endloop
  endfacet
  facet normal 0 0 1
    outer loop
      vertex 9.31983 8.32122 125
      vertex 15.4103 12.7485 125
      vertex 14.5794 13.6909 125
    endloop
  endfacet
  facet normal -0 0 1
    outer loop
      vertex 12.1073 -3.10862 125
      vertex 19.3717 -4.9738 125
      vertex 12.2101 -2.64881 125
    endloop
  endfacet
  facet normal 0 0 1
    outer loop
      vertex 9.11211 8.55684 125
      vertex 14.5794 13.6909 125
      vertex 13.6909 14.5794 125
    endloop
  endfacet
  facet normal -0 0 1
    outer loop
      vertex 11.9758 -3.56108 125
      vertex 19.3717 -4.9738 125
      vertex 12.1073 -3.10862 125
    endloop
  endfacet
  facet normal 0 0 1
    outer loop
      vertex 8.32122 9.31983 125
      vertex 13.6909 14.5794 125
      vertex 12.7485 15.4103 125
    endloop
  endfacet
  facet normal 0 0 1
    outer loop
      vertex 19.3717 -4.9738 125
      vertex 11.9758 -3.56108 125
      vertex 19.0211 -6.18034 125
    endloop
  endfacet
  facet normal -0 0 1
    outer loop
      vertex 11.8882 -3.86271 125
      vertex 19.0211 -6.18034 125
      vertex 11.9758 -3.56108 125
    endloop
  endfacet
  facet normal -0 0 1
    outer loop
      vertex 12.2101 -2.64881 125
      vertex 19.6457 -3.74763 125
      vertex 12.2786 -2.34227 125
    endloop
  endfacet
  facet normal 0 0 1
    outer loop
      vertex 19.9605 1.25581 125
      vertex 12.4753 0.784881 125
      vertex 12.4901 0.313952 125
    endloop
  endfacet
  facet normal 0 0 1
    outer loop
      vertex 19.8423 2.50666 125
      vertex 12.4014 1.56667 125
      vertex 12.4753 0.784881 125
    endloop
  endfacet
  facet normal 0 0 1
    outer loop
      vertex 19.8423 2.50666 125
      vertex 12.3277 2.03203 125
      vertex 12.4014 1.56667 125
    endloop
  endfacet
  facet normal 0 0 1
    outer loop
      vertex 19.6457 3.74763 125
      vertex 12.2786 2.34227 125
      vertex 12.3277 2.03203 125
    endloop
  endfacet
  facet normal 0 0 1
    outer loop
      vertex 19.6457 3.74763 125
      vertex 12.2101 2.64881 125
      vertex 12.2786 2.34227 125
    endloop
  endfacet
  facet normal 0 0 1
    outer loop
      vertex 19.3717 4.9738 125
      vertex 12.1073 3.10862 125
      vertex 12.2101 2.64881 125
    endloop
  endfacet
  facet normal 0 0 1
    outer loop
      vertex 19.3717 4.9738 125
      vertex 11.9758 3.56108 125
      vertex 12.1073 3.10862 125
    endloop
  endfacet
  facet normal 0 0 1
    outer loop
      vertex 19.0211 6.18034 125
      vertex 11.8882 3.86271 125
      vertex 11.9758 3.56108 125
    endloop
  endfacet
  facet normal 0 0 1
    outer loop
      vertex 19.0211 6.18034 125
      vertex 11.7818 4.15825 125
      vertex 11.8882 3.86271 125
    endloop
  endfacet
  facet normal 0 0 1
    outer loop
      vertex 7.59551 9.92019 125
      vertex 12.7485 15.4103 125
      vertex 11.7557 16.1803 125
    endloop
  endfacet
  facet normal 0 0 1
    outer loop
      vertex 18.5955 7.36249 125
      vertex 11.6222 4.60156 125
      vertex 11.7818 4.15825 125
    endloop
  endfacet
  facet normal 0 0 1
    outer loop
      vertex 18.5955 7.36249 125
      vertex 11.4351 5.03397 125
      vertex 11.6222 4.60156 125
    endloop
  endfacet
  facet normal 0 0 1
    outer loop
      vertex 18.0965 8.51558 125
      vertex 11.3103 5.32224 125
      vertex 11.4351 5.03397 125
    endloop
  endfacet
  facet normal 0 0 1
    outer loop
      vertex 18.0965 8.51558 125
      vertex 11.1677 5.60211 125
      vertex 11.3103 5.32224 125
    endloop
  endfacet
  facet normal 0 0 1
    outer loop
      vertex 17.5261 9.63507 125
      vertex 10.9538 6.02192 125
      vertex 11.1677 5.60211 125
    endloop
  endfacet
  facet normal 0 0 1
    outer loop
      vertex 7.08752 10.2893 125
      vertex 11.7557 16.1803 125
      vertex 10.7165 16.8866 125
    endloop
  endfacet
  facet normal 0 0 1
    outer loop
      vertex 16.8866 10.7165 125
      vertex 10.5541 6.69783 125
      vertex 10.9538 6.02192 125
    endloop
  endfacet
  facet normal 0 0 1
    outer loop
      vertex 16.8866 10.7165 125
      vertex 10.2893 7.08752 125
      vertex 10.5541 6.69783 125
    endloop
  endfacet
  facet normal 0 0 1
    outer loop
      vertex 16.1803 11.7557 125
      vertex 10.1127 7.34732 125
      vertex 10.2893 7.08752 125
    endloop
  endfacet
  facet normal 0 0 1
    outer loop
      vertex 16.1803 11.7557 125
      vertex 9.92019 7.59551 125
      vertex 10.1127 7.34732 125
    endloop
  endfacet
  facet normal 0 0 1
    outer loop
      vertex 6.69783 10.5541 125
      vertex 10.7165 16.8866 125
      vertex 9.63507 17.5261 125
    endloop
  endfacet
  facet normal 0 0 1
    outer loop
      vertex 15.4103 12.7485 125
      vertex 9.63141 7.9678 125
      vertex 9.92019 7.59551 125
    endloop
  endfacet
  facet normal 0 0 1
    outer loop
      vertex 15.4103 12.7485 125
      vertex 9.31983 8.32122 125
      vertex 9.63141 7.9678 125
    endloop
  endfacet
  facet normal 0 0 1
    outer loop
      vertex 14.5794 13.6909 125
      vertex 9.11211 8.55684 125
      vertex 9.31983 8.32122 125
    endloop
  endfacet
  facet normal 0 0 1
    outer loop
      vertex 13.6909 14.5794 125
      vertex 8.55684 9.11211 125
      vertex 9.11211 8.55684 125
    endloop
  endfacet
  facet normal 0 0 1
    outer loop
      vertex 5.60211 11.1677 125
      vertex 9.63507 17.5261 125
      vertex 8.51558 18.0965 125
    endloop
  endfacet
  facet normal 0 0 1
    outer loop
      vertex 13.6909 14.5794 125
      vertex 8.32122 9.31983 125
      vertex 8.55684 9.11211 125
    endloop
  endfacet
  facet normal 0 0 1
    outer loop
      vertex 12.7485 15.4103 125
      vertex 7.9678 9.63141 125
      vertex 8.32122 9.31983 125
    endloop
  endfacet
  facet normal 0 0 1
    outer loop
      vertex 12.7485 15.4103 125
      vertex 7.59551 9.92019 125
      vertex 7.9678 9.63141 125
    endloop
  endfacet
  facet normal 0 0 1
    outer loop
      vertex 5.03397 11.4351 125
      vertex 8.51558 18.0965 125
      vertex 7.36249 18.5955 125
    endloop
  endfacet
  facet normal 0 0 1
    outer loop
      vertex 11.7557 16.1803 125
      vertex 7.34732 10.1127 125
      vertex 7.59551 9.92019 125
    endloop
  endfacet
  facet normal 0 0 1
    outer loop
      vertex 11.7557 16.1803 125
      vertex 7.08752 10.2893 125
      vertex 7.34732 10.1127 125
    endloop
  endfacet
  facet normal 0 0 1
    outer loop
      vertex 10.7165 16.8866 125
      vertex 6.69783 10.5541 125
      vertex 7.08752 10.2893 125
    endloop
  endfacet
  facet normal 0 0 1
    outer loop
      vertex 4.15825 11.7818 125
      vertex 7.36249 18.5955 125
      vertex 6.18034 19.0211 125
    endloop
  endfacet
  facet normal 0 0 1
    outer loop
      vertex 9.63507 17.5261 125
      vertex 6.02192 10.9538 125
      vertex 6.69783 10.5541 125
    endloop
  endfacet
  facet normal 0 0 1
    outer loop
      vertex 9.63507 17.5261 125
      vertex 5.60211 11.1677 125
      vertex 6.02192 10.9538 125
    endloop
  endfacet
  facet normal 0 0 1
    outer loop
      vertex 8.51558 18.0965 125
      vertex 5.32224 11.3103 125
      vertex 5.60211 11.1677 125
    endloop
  endfacet
  facet normal 0 0 1
    outer loop
      vertex 8.51558 18.0965 125
      vertex 5.03397 11.4351 125
      vertex 5.32224 11.3103 125
    endloop
  endfacet
  facet normal 0 0 1
    outer loop
      vertex 3.56108 11.9758 125
      vertex 6.18034 19.0211 125
      vertex 4.9738 19.3717 125
    endloop
  endfacet
  facet normal 0 0 1
    outer loop
      vertex 7.36249 18.5955 125
      vertex 4.60156 11.6222 125
      vertex 5.03397 11.4351 125
    endloop
  endfacet
  facet normal 0 0 1
    outer loop
      vertex 7.36249 18.5955 125
      vertex 4.15825 11.7818 125
      vertex 4.60156 11.6222 125
    endloop
  endfacet
  facet normal 0 0 1
    outer loop
      vertex 6.18034 19.0211 125
      vertex 3.86271 11.8882 125
      vertex 4.15825 11.7818 125
    endloop
  endfacet
  facet normal 0 0 1
    outer loop
      vertex 2.64881 12.2101 125
      vertex 4.9738 19.3717 125
      vertex 3.74763 19.6457 125
    endloop
  endfacet
  facet normal 0 0 1
    outer loop
      vertex 6.18034 19.0211 125
      vertex 3.56108 11.9758 125
      vertex 3.86271 11.8882 125
    endloop
  endfacet
  facet normal 0 0 1
    outer loop
      vertex 4.9738 19.3717 125
      vertex 3.10862 12.1073 125
      vertex 3.56108 11.9758 125
    endloop
  endfacet
  facet normal 0 0 1
    outer loop
      vertex 4.9738 19.3717 125
      vertex 2.64881 12.2101 125
      vertex 3.10862 12.1073 125
    endloop
  endfacet
  facet normal 0 0 1
    outer loop
      vertex 2.03203 12.3277 125
      vertex 3.74763 19.6457 125
      vertex 2.50666 19.8423 125
    endloop
  endfacet
  facet normal 0 0 1
    outer loop
      vertex 3.74763 19.6457 125
      vertex 2.34227 12.2786 125
      vertex 2.64881 12.2101 125
    endloop
  endfacet
  facet normal 0 0 1
    outer loop
      vertex 3.74763 19.6457 125
      vertex 2.03203 12.3277 125
      vertex 2.34227 12.2786 125
    endloop
  endfacet
  facet normal 0 0 1
    outer loop
      vertex 2.50666 19.8423 125
      vertex 1.56667 12.4014 125
      vertex 2.03203 12.3277 125
    endloop
  endfacet
  facet normal 0 0 1
    outer loop
      vertex 1.25581 19.9605 125
      vertex 1.56667 12.4014 125
      vertex 2.50666 19.8423 125
    endloop
  endfacet
  facet normal 0 0 1
    outer loop
      vertex 1.25581 19.9605 125
      vertex 0.784881 12.4753 125
      vertex 1.56667 12.4014 125
    endloop
  endfacet
  facet normal 0 0 1
    outer loop
      vertex 1.25581 19.9605 125
      vertex 0.313952 12.4901 125
      vertex 0.784881 12.4753 125
    endloop
  endfacet
  facet normal 0 0 1
    outer loop
      vertex 0 20 125
      vertex 0.313952 12.4901 125
      vertex 1.25581 19.9605 125
    endloop
  endfacet
  facet normal 0 0 1
    outer loop
      vertex 0 20 125
      vertex 0 12.5 125
      vertex 0.313952 12.4901 125
    endloop
  endfacet
  facet normal 0 0 1
    outer loop
      vertex 0 20 125
      vertex -0.313952 12.4901 125
      vertex 0 12.5 125
    endloop
  endfacet
  facet normal -0 0 1
    outer loop
      vertex -1.25581 19.9605 125
      vertex -0.313952 12.4901 125
      vertex 0 20 125
    endloop
  endfacet
  facet normal 0 0 1
    outer loop
      vertex -0.313952 12.4901 125
      vertex -1.25581 19.9605 125
      vertex -0.784881 12.4753 125
    endloop
  endfacet
  facet normal 0 0 1
    outer loop
      vertex -1.25581 19.9605 125
      vertex -1.56667 12.4014 125
      vertex -0.784881 12.4753 125
    endloop
  endfacet
  facet normal -0 0 1
    outer loop
      vertex -2.50666 19.8423 125
      vertex -1.56667 12.4014 125
      vertex -1.25581 19.9605 125
    endloop
  endfacet
  facet normal 0 0 1
    outer loop
      vertex -1.56667 12.4014 125
      vertex -2.50666 19.8423 125
      vertex -2.03203 12.3277 125
    endloop
  endfacet
  facet normal -0 0 1
    outer loop
      vertex -3.74763 19.6457 125
      vertex -2.03203 12.3277 125
      vertex -2.50666 19.8423 125
    endloop
  endfacet
  facet normal 0 0 1
    outer loop
      vertex -2.03203 12.3277 125
      vertex -3.74763 19.6457 125
      vertex -2.34227 12.2786 125
    endloop
  endfacet
  facet normal 0 0 1
    outer loop
      vertex -2.34227 12.2786 125
      vertex -3.74763 19.6457 125
      vertex -2.64881 12.2101 125
    endloop
  endfacet
  facet normal -0 0 1
    outer loop
      vertex -4.9738 19.3717 125
      vertex -2.64881 12.2101 125
      vertex -3.74763 19.6457 125
    endloop
  endfacet
  facet normal 0 0 1
    outer loop
      vertex -2.64881 12.2101 125
      vertex -4.9738 19.3717 125
      vertex -3.10862 12.1073 125
    endloop
  endfacet
  facet normal 0 0 1
    outer loop
      vertex -3.10862 12.1073 125
      vertex -4.9738 19.3717 125
      vertex -3.56108 11.9758 125
    endloop
  endfacet
  facet normal -0 0 1
    outer loop
      vertex -6.18034 19.0211 125
      vertex -3.56108 11.9758 125
      vertex -4.9738 19.3717 125
    endloop
  endfacet
  facet normal 0 0 1
    outer loop
      vertex -3.56108 11.9758 125
      vertex -6.18034 19.0211 125
      vertex -3.86271 11.8882 125
    endloop
  endfacet
  facet normal 0 0 1
    outer loop
      vertex -3.86271 11.8882 125
      vertex -6.18034 19.0211 125
      vertex -4.15825 11.7818 125
    endloop
  endfacet
  facet normal -0 0 1
    outer loop
      vertex -7.36249 18.5955 125
      vertex -4.15825 11.7818 125
      vertex -6.18034 19.0211 125
    endloop
  endfacet
  facet normal 0 0 1
    outer loop
      vertex -4.15825 11.7818 125
      vertex -7.36249 18.5955 125
      vertex -4.60156 11.6222 125
    endloop
  endfacet
  facet normal 0 0 1
    outer loop
      vertex -4.60156 11.6222 125
      vertex -7.36249 18.5955 125
      vertex -5.03397 11.4351 125
    endloop
  endfacet
  facet normal -0 0 1
    outer loop
      vertex -8.51558 18.0965 125
      vertex -5.03397 11.4351 125
      vertex -7.36249 18.5955 125
    endloop
  endfacet
  facet normal 0 0 1
    outer loop
      vertex -5.03397 11.4351 125
      vertex -8.51558 18.0965 125
      vertex -5.32224 11.3103 125
    endloop
  endfacet
  facet normal 0 0 1
    outer loop
      vertex -5.32224 11.3103 125
      vertex -8.51558 18.0965 125
      vertex -5.60211 11.1677 125
    endloop
  endfacet
  facet normal -0 0 1
    outer loop
      vertex -9.63507 17.5261 125
      vertex -5.60211 11.1677 125
      vertex -8.51558 18.0965 125
    endloop
  endfacet
  facet normal 0 0 1
    outer loop
      vertex -5.60211 11.1677 125
      vertex -9.63507 17.5261 125
      vertex -6.02192 10.9538 125
    endloop
  endfacet
  facet normal 0 0 1
    outer loop
      vertex -6.02192 10.9538 125
      vertex -9.63507 17.5261 125
      vertex -6.69783 10.5541 125
    endloop
  endfacet
  facet normal -0 0 1
    outer loop
      vertex -10.7165 16.8866 125
      vertex -6.69783 10.5541 125
      vertex -9.63507 17.5261 125
    endloop
  endfacet
  facet normal 0 0 1
    outer loop
      vertex -6.69783 10.5541 125
      vertex -10.7165 16.8866 125
      vertex -7.08752 10.2893 125
    endloop
  endfacet
  facet normal -0 0 1
    outer loop
      vertex -11.7557 16.1803 125
      vertex -7.08752 10.2893 125
      vertex -10.7165 16.8866 125
    endloop
  endfacet
  facet normal 0 0 1
    outer loop
      vertex -7.08752 10.2893 125
      vertex -11.7557 16.1803 125
      vertex -7.34732 10.1127 125
    endloop
  endfacet
  facet normal 0 0 1
    outer loop
      vertex -7.34732 10.1127 125
      vertex -11.7557 16.1803 125
      vertex -7.59551 9.92019 125
    endloop
  endfacet
  facet normal -0 0 1
    outer loop
      vertex -12.7485 15.4103 125
      vertex -7.59551 9.92019 125
      vertex -11.7557 16.1803 125
    endloop
  endfacet
  facet normal 0 0 1
    outer loop
      vertex -7.59551 9.92019 125
      vertex -12.7485 15.4103 125
      vertex -7.9678 9.63141 125
    endloop
  endfacet
  facet normal 0 0 1
    outer loop
      vertex -7.9678 9.63141 125
      vertex -12.7485 15.4103 125
      vertex -8.32122 9.31983 125
    endloop
  endfacet
  facet normal -0 0 1
    outer loop
      vertex -13.6909 14.5794 125
      vertex -8.32122 9.31983 125
      vertex -12.7485 15.4103 125
    endloop
  endfacet
  facet normal 0 0 1
    outer loop
      vertex -8.32122 9.31983 125
      vertex -13.6909 14.5794 125
      vertex -8.55684 9.11211 125
    endloop
  endfacet
  facet normal 0 0 1
    outer loop
      vertex -8.55684 9.11211 125
      vertex -13.6909 14.5794 125
      vertex -9.11211 8.55684 125
    endloop
  endfacet
  facet normal -0 0 1
    outer loop
      vertex -14.5794 13.6909 125
      vertex -9.11211 8.55684 125
      vertex -13.6909 14.5794 125
    endloop
  endfacet
  facet normal 0 0 1
    outer loop
      vertex -9.11211 8.55684 125
      vertex -14.5794 13.6909 125
      vertex -9.31983 8.32122 125
    endloop
  endfacet
  facet normal -0 0 1
    outer loop
      vertex -15.4103 12.7485 125
      vertex -9.31983 8.32122 125
      vertex -14.5794 13.6909 125
    endloop
  endfacet
  facet normal 0 0 1
    outer loop
      vertex -9.31983 8.32122 125
      vertex -15.4103 12.7485 125
      vertex -9.63141 7.9678 125
    endloop
  endfacet
  facet normal 0 0 1
    outer loop
      vertex -9.63141 7.9678 125
      vertex -15.4103 12.7485 125
      vertex -9.92019 7.59551 125
    endloop
  endfacet
  facet normal -0 0 1
    outer loop
      vertex -16.1803 11.7557 125
      vertex -9.92019 7.59551 125
      vertex -15.4103 12.7485 125
    endloop
  endfacet
  facet normal 0 0 1
    outer loop
      vertex -9.92019 7.59551 125
      vertex -16.1803 11.7557 125
      vertex -10.1127 7.34732 125
    endloop
  endfacet
  facet normal 0 0 1
    outer loop
      vertex -10.1127 7.34732 125
      vertex -16.1803 11.7557 125
      vertex -10.2893 7.08752 125
    endloop
  endfacet
  facet normal -0 0 1
    outer loop
      vertex -16.8866 10.7165 125
      vertex -10.2893 7.08752 125
      vertex -16.1803 11.7557 125
    endloop
  endfacet
  facet normal 0 0 1
    outer loop
      vertex -10.2893 7.08752 125
      vertex -16.8866 10.7165 125
      vertex -10.5541 6.69783 125
    endloop
  endfacet
  facet normal 0 0 1
    outer loop
      vertex -10.5541 6.69783 125
      vertex -16.8866 10.7165 125
      vertex -10.9538 6.02192 125
    endloop
  endfacet
  facet normal -0 0 1
    outer loop
      vertex -17.5261 9.63507 125
      vertex -10.9538 6.02192 125
      vertex -16.8866 10.7165 125
    endloop
  endfacet
  facet normal 0 0 1
    outer loop
      vertex -10.9538 6.02192 125
      vertex -17.5261 9.63507 125
      vertex -11.1677 5.60211 125
    endloop
  endfacet
  facet normal -0 0 1
    outer loop
      vertex -18.0965 8.51558 125
      vertex -11.1677 5.60211 125
      vertex -17.5261 9.63507 125
    endloop
  endfacet
  facet normal 0 0 1
    outer loop
      vertex -11.1677 5.60211 125
      vertex -18.0965 8.51558 125
      vertex -11.3103 5.32224 125
    endloop
  endfacet
  facet normal 0 0 1
    outer loop
      vertex -11.3103 5.32224 125
      vertex -18.0965 8.51558 125
      vertex -11.4351 5.03397 125
    endloop
  endfacet
  facet normal -0 0 1
    outer loop
      vertex -18.5955 7.36249 125
      vertex -11.4351 5.03397 125
      vertex -18.0965 8.51558 125
    endloop
  endfacet
  facet normal 0 0 1
    outer loop
      vertex -11.4351 5.03397 125
      vertex -18.5955 7.36249 125
      vertex -11.6222 4.60156 125
    endloop
  endfacet
  facet normal 0 0 1
    outer loop
      vertex -19.9605 1.25581 125
      vertex -12.4901 0.313952 125
      vertex -12.4753 0.784881 125
    endloop
  endfacet
  facet normal -0 0 1
    outer loop
      vertex -19.0211 6.18034 125
      vertex -11.7818 4.15825 125
      vertex -18.5955 7.36249 125
    endloop
  endfacet
  facet normal 0 0 1
    outer loop
      vertex -11.6222 4.60156 125
      vertex -18.5955 7.36249 125
      vertex -11.7818 4.15825 125
    endloop
  endfacet
  facet normal -0 0 1
    outer loop
      vertex 11.7818 -4.15825 125
      vertex 19.0211 -6.18034 125
      vertex 11.8882 -3.86271 125
    endloop
  endfacet
  facet normal 0 0 1
    outer loop
      vertex 19.0211 -6.18034 125
      vertex 11.7818 -4.15825 125
      vertex 18.5955 -7.36249 125
    endloop
  endfacet
  facet normal -0 0 1
    outer loop
      vertex 11.6222 -4.60156 125
      vertex 18.5955 -7.36249 125
      vertex 11.7818 -4.15825 125
    endloop
  endfacet
  facet normal -0 0 1
    outer loop
      vertex 11.4351 -5.03397 125
      vertex 18.5955 -7.36249 125
      vertex 11.6222 -4.60156 125
    endloop
  endfacet
  facet normal 0 0 1
    outer loop
      vertex 18.5955 -7.36249 125
      vertex 11.4351 -5.03397 125
      vertex 18.0965 -8.51558 125
    endloop
  endfacet
  facet normal -0 0 1
    outer loop
      vertex 11.3103 -5.32224 125
      vertex 18.0965 -8.51558 125
      vertex 11.4351 -5.03397 125
    endloop
  endfacet
  facet normal -0 0 1
    outer loop
      vertex 11.1677 -5.60211 125
      vertex 18.0965 -8.51558 125
      vertex 11.3103 -5.32224 125
    endloop
  endfacet
  facet normal 0 0 1
    outer loop
      vertex 18.0965 -8.51558 125
      vertex 11.1677 -5.60211 125
      vertex 17.5261 -9.63507 125
    endloop
  endfacet
  facet normal -0 0 1
    outer loop
      vertex 10.9538 -6.02192 125
      vertex 17.5261 -9.63507 125
      vertex 11.1677 -5.60211 125
    endloop
  endfacet
  facet normal 0 0 1
    outer loop
      vertex 17.5261 -9.63507 125
      vertex 10.9538 -6.02192 125
      vertex 16.8866 -10.7165 125
    endloop
  endfacet
  facet normal -0 0 1
    outer loop
      vertex 10.5541 -6.69783 125
      vertex 16.8866 -10.7165 125
      vertex 10.9538 -6.02192 125
    endloop
  endfacet
  facet normal -0 0 1
    outer loop
      vertex 10.2893 -7.08752 125
      vertex 16.8866 -10.7165 125
      vertex 10.5541 -6.69783 125
    endloop
  endfacet
  facet normal 0 0 1
    outer loop
      vertex 16.8866 -10.7165 125
      vertex 10.2893 -7.08752 125
      vertex 16.1803 -11.7557 125
    endloop
  endfacet
  facet normal -0 0 1
    outer loop
      vertex 10.1127 -7.34732 125
      vertex 16.1803 -11.7557 125
      vertex 10.2893 -7.08752 125
    endloop
  endfacet
  facet normal -0 0 1
    outer loop
      vertex 9.92019 -7.59551 125
      vertex 16.1803 -11.7557 125
      vertex 10.1127 -7.34732 125
    endloop
  endfacet
  facet normal 0 0 1
    outer loop
      vertex 16.1803 -11.7557 125
      vertex 9.92019 -7.59551 125
      vertex 15.4103 -12.7485 125
    endloop
  endfacet
  facet normal -0 0 1
    outer loop
      vertex 9.63141 -7.9678 125
      vertex 15.4103 -12.7485 125
      vertex 9.92019 -7.59551 125
    endloop
  endfacet
  facet normal -0 0 1
    outer loop
      vertex 9.31983 -8.32122 125
      vertex 15.4103 -12.7485 125
      vertex 9.63141 -7.9678 125
    endloop
  endfacet
  facet normal 0 0 1
    outer loop
      vertex 15.4103 -12.7485 125
      vertex 9.31983 -8.32122 125
      vertex 14.5794 -13.6909 125
    endloop
  endfacet
  facet normal -0 0 1
    outer loop
      vertex 9.11211 -8.55684 125
      vertex 14.5794 -13.6909 125
      vertex 9.31983 -8.32122 125
    endloop
  endfacet
  facet normal 0 0 1
    outer loop
      vertex 14.5794 -13.6909 125
      vertex 9.11211 -8.55684 125
      vertex 13.6909 -14.5794 125
    endloop
  endfacet
  facet normal -0 0 1
    outer loop
      vertex 8.55684 -9.11211 125
      vertex 13.6909 -14.5794 125
      vertex 9.11211 -8.55684 125
    endloop
  endfacet
  facet normal -0 0 1
    outer loop
      vertex 8.32122 -9.31983 125
      vertex 13.6909 -14.5794 125
      vertex 8.55684 -9.11211 125
    endloop
  endfacet
  facet normal 0 0 1
    outer loop
      vertex 13.6909 -14.5794 125
      vertex 8.32122 -9.31983 125
      vertex 12.7485 -15.4103 125
    endloop
  endfacet
  facet normal -0 0 1
    outer loop
      vertex 7.9678 -9.63141 125
      vertex 12.7485 -15.4103 125
      vertex 8.32122 -9.31983 125
    endloop
  endfacet
  facet normal -0 0 1
    outer loop
      vertex 7.59551 -9.92019 125
      vertex 12.7485 -15.4103 125
      vertex 7.9678 -9.63141 125
    endloop
  endfacet
  facet normal 0 0 1
    outer loop
      vertex 12.7485 -15.4103 125
      vertex 7.59551 -9.92019 125
      vertex 11.7557 -16.1803 125
    endloop
  endfacet
  facet normal -0 0 1
    outer loop
      vertex 7.34732 -10.1127 125
      vertex 11.7557 -16.1803 125
      vertex 7.59551 -9.92019 125
    endloop
  endfacet
  facet normal -0 0 1
    outer loop
      vertex 7.08752 -10.2893 125
      vertex 11.7557 -16.1803 125
      vertex 7.34732 -10.1127 125
    endloop
  endfacet
  facet normal 0 0 1
    outer loop
      vertex 11.7557 -16.1803 125
      vertex 7.08752 -10.2893 125
      vertex 10.7165 -16.8866 125
    endloop
  endfacet
  facet normal -0 0 1
    outer loop
      vertex 6.69783 -10.5541 125
      vertex 10.7165 -16.8866 125
      vertex 7.08752 -10.2893 125
    endloop
  endfacet
  facet normal 0 0 1
    outer loop
      vertex 10.7165 -16.8866 125
      vertex 6.69783 -10.5541 125
      vertex 9.63507 -17.5261 125
    endloop
  endfacet
  facet normal -0 0 1
    outer loop
      vertex 6.02192 -10.9538 125
      vertex 9.63507 -17.5261 125
      vertex 6.69783 -10.5541 125
    endloop
  endfacet
  facet normal -0 0 1
    outer loop
      vertex 5.60211 -11.1677 125
      vertex 9.63507 -17.5261 125
      vertex 6.02192 -10.9538 125
    endloop
  endfacet
  facet normal 0 0 1
    outer loop
      vertex 9.63507 -17.5261 125
      vertex 5.60211 -11.1677 125
      vertex 8.51558 -18.0965 125
    endloop
  endfacet
  facet normal -0 0 1
    outer loop
      vertex 5.32224 -11.3103 125
      vertex 8.51558 -18.0965 125
      vertex 5.60211 -11.1677 125
    endloop
  endfacet
  facet normal -0 0 1
    outer loop
      vertex 5.03397 -11.4351 125
      vertex 8.51558 -18.0965 125
      vertex 5.32224 -11.3103 125
    endloop
  endfacet
  facet normal 0 0 1
    outer loop
      vertex 8.51558 -18.0965 125
      vertex 5.03397 -11.4351 125
      vertex 7.36249 -18.5955 125
    endloop
  endfacet
  facet normal -0 0 1
    outer loop
      vertex 4.60156 -11.6222 125
      vertex 7.36249 -18.5955 125
      vertex 5.03397 -11.4351 125
    endloop
  endfacet
  facet normal -0 0 1
    outer loop
      vertex 4.15825 -11.7818 125
      vertex 7.36249 -18.5955 125
      vertex 4.60156 -11.6222 125
    endloop
  endfacet
  facet normal 0 0 1
    outer loop
      vertex 7.36249 -18.5955 125
      vertex 4.15825 -11.7818 125
      vertex 6.18034 -19.0211 125
    endloop
  endfacet
  facet normal -0 0 1
    outer loop
      vertex 3.86271 -11.8882 125
      vertex 6.18034 -19.0211 125
      vertex 4.15825 -11.7818 125
    endloop
  endfacet
  facet normal -0 0 1
    outer loop
      vertex 3.56108 -11.9758 125
      vertex 6.18034 -19.0211 125
      vertex 3.86271 -11.8882 125
    endloop
  endfacet
  facet normal 0 0 1
    outer loop
      vertex 6.18034 -19.0211 125
      vertex 3.56108 -11.9758 125
      vertex 4.9738 -19.3717 125
    endloop
  endfacet
  facet normal -0 0 1
    outer loop
      vertex 3.10862 -12.1073 125
      vertex 4.9738 -19.3717 125
      vertex 3.56108 -11.9758 125
    endloop
  endfacet
  facet normal -0 0 1
    outer loop
      vertex 2.64881 -12.2101 125
      vertex 4.9738 -19.3717 125
      vertex 3.10862 -12.1073 125
    endloop
  endfacet
  facet normal 0 0 1
    outer loop
      vertex 4.9738 -19.3717 125
      vertex 2.64881 -12.2101 125
      vertex 3.74763 -19.6457 125
    endloop
  endfacet
  facet normal -0 0 1
    outer loop
      vertex 2.34227 -12.2786 125
      vertex 3.74763 -19.6457 125
      vertex 2.64881 -12.2101 125
    endloop
  endfacet
  facet normal -0 0 1
    outer loop
      vertex 2.03203 -12.3277 125
      vertex 3.74763 -19.6457 125
      vertex 2.34227 -12.2786 125
    endloop
  endfacet
  facet normal 0 0 1
    outer loop
      vertex 3.74763 -19.6457 125
      vertex 2.03203 -12.3277 125
      vertex 2.50666 -19.8423 125
    endloop
  endfacet
  facet normal -0 0 1
    outer loop
      vertex 1.56667 -12.4014 125
      vertex 2.50666 -19.8423 125
      vertex 2.03203 -12.3277 125
    endloop
  endfacet
  facet normal 0 0 1
    outer loop
      vertex 1.56667 -12.4014 125
      vertex 1.25581 -19.9605 125
      vertex 2.50666 -19.8423 125
    endloop
  endfacet
  facet normal -0 0 1
    outer loop
      vertex 0.784881 -12.4753 125
      vertex 1.25581 -19.9605 125
      vertex 1.56667 -12.4014 125
    endloop
  endfacet
  facet normal -0 0 1
    outer loop
      vertex 0.313952 -12.4901 125
      vertex 1.25581 -19.9605 125
      vertex 0.784881 -12.4753 125
    endloop
  endfacet
  facet normal 0 0 1
    outer loop
      vertex 0 -20 125
      vertex 0.313952 -12.4901 125
      vertex 0 -12.5 125
    endloop
  endfacet
  facet normal 0 0 1
    outer loop
      vertex 0.313952 -12.4901 125
      vertex 0 -20 125
      vertex 1.25581 -19.9605 125
    endloop
  endfacet
  facet normal 0 0 1
    outer loop
      vertex -0.313952 -12.4901 125
      vertex 0 -20 125
      vertex 0 -12.5 125
    endloop
  endfacet
  facet normal 0 0 1
    outer loop
      vertex -1.25581 -19.9605 125
      vertex -0.313952 -12.4901 125
      vertex -0.784881 -12.4753 125
    endloop
  endfacet
  facet normal 0 0 1
    outer loop
      vertex -0.313952 -12.4901 125
      vertex -1.25581 -19.9605 125
      vertex 0 -20 125
    endloop
  endfacet
  facet normal 0 0 1
    outer loop
      vertex -1.56667 -12.4014 125
      vertex -1.25581 -19.9605 125
      vertex -0.784881 -12.4753 125
    endloop
  endfacet
  facet normal 0 0 1
    outer loop
      vertex -2.50666 -19.8423 125
      vertex -1.56667 -12.4014 125
      vertex -2.03203 -12.3277 125
    endloop
  endfacet
  facet normal 0 0 1
    outer loop
      vertex -3.74763 -19.6457 125
      vertex -2.03203 -12.3277 125
      vertex -2.34227 -12.2786 125
    endloop
  endfacet
  facet normal 0 0 1
    outer loop
      vertex -1.56667 -12.4014 125
      vertex -2.50666 -19.8423 125
      vertex -1.25581 -19.9605 125
    endloop
  endfacet
  facet normal 0 0 1
    outer loop
      vertex -3.74763 -19.6457 125
      vertex -2.34227 -12.2786 125
      vertex -2.64881 -12.2101 125
    endloop
  endfacet
  facet normal 0 0 1
    outer loop
      vertex -4.9738 -19.3717 125
      vertex -2.64881 -12.2101 125
      vertex -3.10862 -12.1073 125
    endloop
  endfacet
  facet normal 0 0 1
    outer loop
      vertex -4.9738 -19.3717 125
      vertex -3.10862 -12.1073 125
      vertex -3.56108 -11.9758 125
    endloop
  endfacet
  facet normal 0 0 1
    outer loop
      vertex -2.03203 -12.3277 125
      vertex -3.74763 -19.6457 125
      vertex -2.50666 -19.8423 125
    endloop
  endfacet
  facet normal 0 0 1
    outer loop
      vertex -6.18034 -19.0211 125
      vertex -3.56108 -11.9758 125
      vertex -3.86271 -11.8882 125
    endloop
  endfacet
  facet normal 0 0 1
    outer loop
      vertex -6.18034 -19.0211 125
      vertex -3.86271 -11.8882 125
      vertex -4.15825 -11.7818 125
    endloop
  endfacet
  facet normal 0 0 1
    outer loop
      vertex -7.36249 -18.5955 125
      vertex -4.15825 -11.7818 125
      vertex -4.60156 -11.6222 125
    endloop
  endfacet
  facet normal 0 0 1
    outer loop
      vertex -2.64881 -12.2101 125
      vertex -4.9738 -19.3717 125
      vertex -3.74763 -19.6457 125
    endloop
  endfacet
  facet normal 0 0 1
    outer loop
      vertex -7.36249 -18.5955 125
      vertex -4.60156 -11.6222 125
      vertex -5.03397 -11.4351 125
    endloop
  endfacet
  facet normal 0 0 1
    outer loop
      vertex -8.51558 -18.0965 125
      vertex -5.03397 -11.4351 125
      vertex -5.32224 -11.3103 125
    endloop
  endfacet
  facet normal 0 0 1
    outer loop
      vertex -8.51558 -18.0965 125
      vertex -5.32224 -11.3103 125
      vertex -5.60211 -11.1677 125
    endloop
  endfacet
  facet normal 0 0 1
    outer loop
      vertex -9.63507 -17.5261 125
      vertex -5.60211 -11.1677 125
      vertex -6.02192 -10.9538 125
    endloop
  endfacet
  facet normal 0 0 1
    outer loop
      vertex -3.56108 -11.9758 125
      vertex -6.18034 -19.0211 125
      vertex -4.9738 -19.3717 125
    endloop
  endfacet
  facet normal 0 0 1
    outer loop
      vertex -9.63507 -17.5261 125
      vertex -6.02192 -10.9538 125
      vertex -6.69783 -10.5541 125
    endloop
  endfacet
  facet normal 0 0 1
    outer loop
      vertex -10.7165 -16.8866 125
      vertex -6.69783 -10.5541 125
      vertex -7.08752 -10.2893 125
    endloop
  endfacet
  facet normal 0 0 1
    outer loop
      vertex -11.7557 -16.1803 125
      vertex -7.08752 -10.2893 125
      vertex -7.34732 -10.1127 125
    endloop
  endfacet
  facet normal 0 0 1
    outer loop
      vertex -4.15825 -11.7818 125
      vertex -7.36249 -18.5955 125
      vertex -6.18034 -19.0211 125
    endloop
  endfacet
  facet normal 0 0 1
    outer loop
      vertex -11.7557 -16.1803 125
      vertex -7.34732 -10.1127 125
      vertex -7.59551 -9.92019 125
    endloop
  endfacet
  facet normal 0 0 1
    outer loop
      vertex -12.7485 -15.4103 125
      vertex -7.59551 -9.92019 125
      vertex -7.9678 -9.63141 125
    endloop
  endfacet
  facet normal 0 0 1
    outer loop
      vertex -12.7485 -15.4103 125
      vertex -7.9678 -9.63141 125
      vertex -8.32122 -9.31983 125
    endloop
  endfacet
  facet normal 0 0 1
    outer loop
      vertex -5.03397 -11.4351 125
      vertex -8.51558 -18.0965 125
      vertex -7.36249 -18.5955 125
    endloop
  endfacet
  facet normal 0 0 1
    outer loop
      vertex -13.6909 -14.5794 125
      vertex -8.32122 -9.31983 125
      vertex -8.55684 -9.11211 125
    endloop
  endfacet
  facet normal 0 0 1
    outer loop
      vertex -13.6909 -14.5794 125
      vertex -8.55684 -9.11211 125
      vertex -9.11211 -8.55684 125
    endloop
  endfacet
  facet normal 0 0 1
    outer loop
      vertex -14.5794 -13.6909 125
      vertex -9.11211 -8.55684 125
      vertex -9.31983 -8.32122 125
    endloop
  endfacet
  facet normal 0 0 1
    outer loop
      vertex -15.4103 -12.7485 125
      vertex -9.31983 -8.32122 125
      vertex -9.63141 -7.9678 125
    endloop
  endfacet
  facet normal 0 0 1
    outer loop
      vertex -5.60211 -11.1677 125
      vertex -9.63507 -17.5261 125
      vertex -8.51558 -18.0965 125
    endloop
  endfacet
  facet normal 0 0 1
    outer loop
      vertex -15.4103 -12.7485 125
      vertex -9.63141 -7.9678 125
      vertex -9.92019 -7.59551 125
    endloop
  endfacet
  facet normal 0 0 1
    outer loop
      vertex -16.1803 -11.7557 125
      vertex -9.92019 -7.59551 125
      vertex -10.1127 -7.34732 125
    endloop
  endfacet
  facet normal 0 0 1
    outer loop
      vertex -16.1803 -11.7557 125
      vertex -10.1127 -7.34732 125
      vertex -10.2893 -7.08752 125
    endloop
  endfacet
  facet normal 0 0 1
    outer loop
      vertex -16.8866 -10.7165 125
      vertex -10.2893 -7.08752 125
      vertex -10.5541 -6.69783 125
    endloop
  endfacet
  facet normal 0 0 1
    outer loop
      vertex -6.69783 -10.5541 125
      vertex -10.7165 -16.8866 125
      vertex -9.63507 -17.5261 125
    endloop
  endfacet
  facet normal 0 0 1
    outer loop
      vertex -16.8866 -10.7165 125
      vertex -10.5541 -6.69783 125
      vertex -10.9538 -6.02192 125
    endloop
  endfacet
  facet normal 0 0 1
    outer loop
      vertex -17.5261 -9.63507 125
      vertex -10.9538 -6.02192 125
      vertex -11.1677 -5.60211 125
    endloop
  endfacet
  facet normal 0 0 1
    outer loop
      vertex -18.0965 -8.51558 125
      vertex -11.1677 -5.60211 125
      vertex -11.3103 -5.32224 125
    endloop
  endfacet
  facet normal 0 0 1
    outer loop
      vertex -18.0965 -8.51558 125
      vertex -11.3103 -5.32224 125
      vertex -11.4351 -5.03397 125
    endloop
  endfacet
  facet normal 0 0 1
    outer loop
      vertex -18.5955 -7.36249 125
      vertex -11.4351 -5.03397 125
      vertex -11.6222 -4.60156 125
    endloop
  endfacet
  facet normal 0 0 1
    outer loop
      vertex -7.08752 -10.2893 125
      vertex -11.7557 -16.1803 125
      vertex -10.7165 -16.8866 125
    endloop
  endfacet
  facet normal 0 0 1
    outer loop
      vertex -18.5955 -7.36249 125
      vertex -11.6222 -4.60156 125
      vertex -11.7818 -4.15825 125
    endloop
  endfacet
  facet normal 0 0 1
    outer loop
      vertex -19.0211 -6.18034 125
      vertex -11.7818 -4.15825 125
      vertex -11.8882 -3.86271 125
    endloop
  endfacet
  facet normal 0 0 1
    outer loop
      vertex -19.0211 -6.18034 125
      vertex -11.8882 -3.86271 125
      vertex -11.9758 -3.56108 125
    endloop
  endfacet
  facet normal 0 0 1
    outer loop
      vertex -19.3717 -4.9738 125
      vertex -11.9758 -3.56108 125
      vertex -12.1073 -3.10862 125
    endloop
  endfacet
  facet normal 0 0 1
    outer loop
      vertex -19.3717 -4.9738 125
      vertex -12.1073 -3.10862 125
      vertex -12.2101 -2.64881 125
    endloop
  endfacet
  facet normal 0 0 1
    outer loop
      vertex -19.6457 -3.74763 125
      vertex -12.2101 -2.64881 125
      vertex -12.2786 -2.34227 125
    endloop
  endfacet
  facet normal 0 0 1
    outer loop
      vertex -19.6457 -3.74763 125
      vertex -12.2786 -2.34227 125
      vertex -12.3277 -2.03203 125
    endloop
  endfacet
  facet normal 0 0 1
    outer loop
      vertex -19.8423 -2.50666 125
      vertex -12.3277 -2.03203 125
      vertex -12.4014 -1.56667 125
    endloop
  endfacet
  facet normal 0 0 1
    outer loop
      vertex -19.8423 -2.50666 125
      vertex -12.4014 -1.56667 125
      vertex -12.4753 -0.784881 125
    endloop
  endfacet
  facet normal -0 0 1
    outer loop
      vertex -20 0 125
      vertex -12.4901 -0.313952 125
      vertex -12.5 0 125
    endloop
  endfacet
  facet normal 0 0 1
    outer loop
      vertex -7.59551 -9.92019 125
      vertex -12.7485 -15.4103 125
      vertex -11.7557 -16.1803 125
    endloop
  endfacet
  facet normal 0 0 1
    outer loop
      vertex -12.4901 -0.313952 125
      vertex -19.9605 -1.25581 125
      vertex -12.4753 -0.784881 125
    endloop
  endfacet
  facet normal 0 0 1
    outer loop
      vertex -11.7818 4.15825 125
      vertex -19.0211 6.18034 125
      vertex -11.8882 3.86271 125
    endloop
  endfacet
  facet normal 0 0 1
    outer loop
      vertex -11.8882 3.86271 125
      vertex -19.0211 6.18034 125
      vertex -11.9758 3.56108 125
    endloop
  endfacet
  facet normal 0 0 1
    outer loop
      vertex -8.32122 -9.31983 125
      vertex -13.6909 -14.5794 125
      vertex -12.7485 -15.4103 125
    endloop
  endfacet
  facet normal -0 0 1
    outer loop
      vertex -19.3717 4.9738 125
      vertex -11.9758 3.56108 125
      vertex -19.0211 6.18034 125
    endloop
  endfacet
  facet normal 0 0 1
    outer loop
      vertex -9.11211 -8.55684 125
      vertex -14.5794 -13.6909 125
      vertex -13.6909 -14.5794 125
    endloop
  endfacet
  facet normal 0 0 1
    outer loop
      vertex -11.9758 3.56108 125
      vertex -19.3717 4.9738 125
      vertex -12.1073 3.10862 125
    endloop
  endfacet
  facet normal 0 0 1
    outer loop
      vertex -9.31983 -8.32122 125
      vertex -15.4103 -12.7485 125
      vertex -14.5794 -13.6909 125
    endloop
  endfacet
  facet normal 0 0 1
    outer loop
      vertex -12.1073 3.10862 125
      vertex -19.3717 4.9738 125
      vertex -12.2101 2.64881 125
    endloop
  endfacet
  facet normal 0 0 1
    outer loop
      vertex -9.92019 -7.59551 125
      vertex -16.1803 -11.7557 125
      vertex -15.4103 -12.7485 125
    endloop
  endfacet
  facet normal -0 0 1
    outer loop
      vertex -19.6457 3.74763 125
      vertex -12.2101 2.64881 125
      vertex -19.3717 4.9738 125
    endloop
  endfacet
  facet normal 0 0 1
    outer loop
      vertex -10.2893 -7.08752 125
      vertex -16.8866 -10.7165 125
      vertex -16.1803 -11.7557 125
    endloop
  endfacet
  facet normal 0 0 1
    outer loop
      vertex -12.2101 2.64881 125
      vertex -19.6457 3.74763 125
      vertex -12.2786 2.34227 125
    endloop
  endfacet
  facet normal 0 0 1
    outer loop
      vertex -10.9538 -6.02192 125
      vertex -17.5261 -9.63507 125
      vertex -16.8866 -10.7165 125
    endloop
  endfacet
  facet normal 0 0 1
    outer loop
      vertex -12.2786 2.34227 125
      vertex -19.6457 3.74763 125
      vertex -12.3277 2.03203 125
    endloop
  endfacet
  facet normal 0 0 1
    outer loop
      vertex -11.1677 -5.60211 125
      vertex -18.0965 -8.51558 125
      vertex -17.5261 -9.63507 125
    endloop
  endfacet
  facet normal -0 0 1
    outer loop
      vertex -19.8423 2.50666 125
      vertex -12.3277 2.03203 125
      vertex -19.6457 3.74763 125
    endloop
  endfacet
  facet normal 0 0 1
    outer loop
      vertex -11.4351 -5.03397 125
      vertex -18.5955 -7.36249 125
      vertex -18.0965 -8.51558 125
    endloop
  endfacet
  facet normal 0 0 1
    outer loop
      vertex -12.3277 2.03203 125
      vertex -19.8423 2.50666 125
      vertex -12.4014 1.56667 125
    endloop
  endfacet
  facet normal 0 0 1
    outer loop
      vertex -11.7818 -4.15825 125
      vertex -19.0211 -6.18034 125
      vertex -18.5955 -7.36249 125
    endloop
  endfacet
  facet normal 0 0 1
    outer loop
      vertex -12.4014 1.56667 125
      vertex -19.8423 2.50666 125
      vertex -12.4753 0.784881 125
    endloop
  endfacet
  facet normal 0 0 1
    outer loop
      vertex -11.9758 -3.56108 125
      vertex -19.3717 -4.9738 125
      vertex -19.0211 -6.18034 125
    endloop
  endfacet
  facet normal -0 0 1
    outer loop
      vertex -19.9605 1.25581 125
      vertex -12.4753 0.784881 125
      vertex -19.8423 2.50666 125
    endloop
  endfacet
  facet normal 0 0 1
    outer loop
      vertex -12.2101 -2.64881 125
      vertex -19.6457 -3.74763 125
      vertex -19.3717 -4.9738 125
    endloop
  endfacet
  facet normal 0 0 1
    outer loop
      vertex -20 0 125
      vertex -12.4901 0.313952 125
      vertex -19.9605 1.25581 125
    endloop
  endfacet
  facet normal 0 0 1
    outer loop
      vertex -12.3277 -2.03203 125
      vertex -19.8423 -2.50666 125
      vertex -19.6457 -3.74763 125
    endloop
  endfacet
  facet normal 0 0 1
    outer loop
      vertex -12.4901 0.313952 125
      vertex -20 0 125
      vertex -12.5 0 125
    endloop
  endfacet
  facet normal 0 0 1
    outer loop
      vertex -12.4753 -0.784881 125
      vertex -19.9605 -1.25581 125
      vertex -19.8423 -2.50666 125
    endloop
  endfacet
  facet normal 0 0 1
    outer loop
      vertex -12.4901 -0.313952 125
      vertex -20 0 125
      vertex -19.9605 -1.25581 125
    endloop
  endfacet
  facet normal 0.156443 0.987687 -0
    outer loop
      vertex 4.68453 24.5572 110
      vertex 3.13333 24.8029 125
      vertex 4.68453 24.5572 125
    endloop
  endfacet
  facet normal 0.156443 0.987687 0
    outer loop
      vertex 3.13333 24.8029 125
      vertex 4.68453 24.5572 110
      vertex 3.13333 24.8029 110
    endloop
  endfacet
  facet normal -0.661299 0.750122 0
    outer loop
      vertex -15.9356 19.2628 110
      vertex -17.1137 18.2242 125
      vertex -15.9356 19.2628 125
    endloop
  endfacet
  facet normal -0.661299 0.750122 0
    outer loop
      vertex -17.1137 18.2242 125
      vertex -15.9356 19.2628 110
      vertex -17.1137 18.2242 110
    endloop
  endfacet
  facet normal 0.940881 -0.338737 0
    outer loop
      vertex 23.2444 -9.20311 125
      vertex 23.7764 -7.72542 110
      vertex 23.7764 -7.72542 125
    endloop
  endfacet
  facet normal 0.940881 -0.338737 0
    outer loop
      vertex 23.7764 -7.72542 110
      vertex 23.2444 -9.20311 125
      vertex 23.2444 -9.20311 110
    endloop
  endfacet
  facet normal 0.860745 0.509036 0
    outer loop
      vertex 21.9077 12.0438 125
      vertex 21.1082 13.3957 110
      vertex 21.1082 13.3957 125
    endloop
  endfacet
  facet normal 0.860745 0.509036 0
    outer loop
      vertex 21.1082 13.3957 110
      vertex 21.9077 12.0438 125
      vertex 21.9077 12.0438 110
    endloop
  endfacet
  facet normal -0.707107 -0.707107 0
    outer loop
      vertex -17.1137 -18.2242 110
      vertex -18.2242 -17.1137 125
      vertex -18.2242 -17.1137 110
    endloop
  endfacet
  facet normal -0.707107 -0.707107 0
    outer loop
      vertex -18.2242 -17.1137 125
      vertex -17.1137 -18.2242 110
      vertex -17.1137 -18.2242 125
    endloop
  endfacet
  facet normal -0.6129 0.790161 0
    outer loop
      vertex -14.6946 20.2254 110
      vertex -15.9356 19.2628 125
      vertex -14.6946 20.2254 125
    endloop
  endfacet
  facet normal -0.6129 0.790161 0
    outer loop
      vertex -15.9356 19.2628 125
      vertex -14.6946 20.2254 110
      vertex -15.9356 19.2628 110
    endloop
  endfacet
  facet normal -0.0941078 -0.995562 0
    outer loop
      vertex -3.13333 -24.8029 110
      vertex -1.56976 -24.9507 125
      vertex -3.13333 -24.8029 125
    endloop
  endfacet
  facet normal -0.0941078 -0.995562 -0
    outer loop
      vertex -1.56976 -24.9507 125
      vertex -3.13333 -24.8029 110
      vertex -1.56976 -24.9507 110
    endloop
  endfacet
  facet normal -0.279012 0.960288 0
    outer loop
      vertex -6.21725 24.2146 110
      vertex -7.72542 23.7764 125
      vertex -6.21725 24.2146 125
    endloop
  endfacet
  facet normal -0.279012 0.960288 0
    outer loop
      vertex -7.72542 23.7764 125
      vertex -6.21725 24.2146 110
      vertex -7.72542 23.7764 110
    endloop
  endfacet
  facet normal 0.707107 0.707107 0
    outer loop
      vertex 18.2242 17.1137 125
      vertex 17.1137 18.2242 110
      vertex 17.1137 18.2242 125
    endloop
  endfacet
  facet normal 0.707107 0.707107 0
    outer loop
      vertex 17.1137 18.2242 110
      vertex 18.2242 17.1137 125
      vertex 18.2242 17.1137 110
    endloop
  endfacet
  facet normal 0.338737 -0.940881 0
    outer loop
      vertex 7.72542 -23.7764 110
      vertex 9.20311 -23.2444 125
      vertex 7.72542 -23.7764 125
    endloop
  endfacet
  facet normal 0.338737 -0.940881 0
    outer loop
      vertex 9.20311 -23.2444 125
      vertex 7.72542 -23.7764 110
      vertex 9.20311 -23.2444 110
    endloop
  endfacet
  facet normal -0.509036 0.860745 0
    outer loop
      vertex -12.0438 21.9077 110
      vertex -13.3957 21.1082 125
      vertex -12.0438 21.9077 125
    endloop
  endfacet
  facet normal -0.509036 0.860745 0
    outer loop
      vertex -13.3957 21.1082 125
      vertex -12.0438 21.9077 110
      vertex -13.3957 21.1082 110
    endloop
  endfacet
  facet normal -0.995562 -0.0941078 0
    outer loop
      vertex -24.8029 -3.13333 110
      vertex -24.9507 -1.56976 125
      vertex -24.9507 -1.56976 110
    endloop
  endfacet
  facet normal -0.995562 -0.0941078 0
    outer loop
      vertex -24.9507 -1.56976 125
      vertex -24.8029 -3.13333 110
      vertex -24.8029 -3.13333 125
    endloop
  endfacet
  facet normal -0.999507 -0.0313906 0
    outer loop
      vertex -24.9507 -1.56976 110
      vertex -25 0 125
      vertex -25 0 110
    endloop
  endfacet
  facet normal -0.999507 -0.0313906 0
    outer loop
      vertex -25 0 125
      vertex -24.9507 -1.56976 110
      vertex -24.9507 -1.56976 125
    endloop
  endfacet
  facet normal 0.156443 -0.987687 0
    outer loop
      vertex 3.13333 -24.8029 110
      vertex 4.68453 -24.5572 125
      vertex 3.13333 -24.8029 125
    endloop
  endfacet
  facet normal 0.156443 -0.987687 0
    outer loop
      vertex 4.68453 -24.5572 125
      vertex 3.13333 -24.8029 110
      vertex 4.68453 -24.5572 110
    endloop
  endfacet
  facet normal -0.338737 -0.940881 0
    outer loop
      vertex -9.20311 -23.2444 110
      vertex -7.72542 -23.7764 125
      vertex -9.20311 -23.2444 125
    endloop
  endfacet
  facet normal -0.338737 -0.940881 -0
    outer loop
      vertex -7.72542 -23.7764 125
      vertex -9.20311 -23.2444 110
      vertex -7.72542 -23.7764 110
    endloop
  endfacet
  facet normal 0.82706 0.562113 0
    outer loop
      vertex 21.1082 13.3957 125
      vertex 20.2254 14.6946 110
      vertex 20.2254 14.6946 125
    endloop
  endfacet
  facet normal 0.82706 0.562113 0
    outer loop
      vertex 20.2254 14.6946 110
      vertex 21.1082 13.3957 125
      vertex 21.1082 13.3957 110
    endloop
  endfacet
  facet normal 0.891001 -0.454001 0
    outer loop
      vertex 21.9077 -12.0438 125
      vertex 22.6207 -10.6445 110
      vertex 22.6207 -10.6445 125
    endloop
  endfacet
  facet normal 0.891001 -0.454001 0
    outer loop
      vertex 22.6207 -10.6445 110
      vertex 21.9077 -12.0438 125
      vertex 21.9077 -12.0438 110
    endloop
  endfacet
  facet normal -0.975917 -0.218141 0
    outer loop
      vertex -24.2146 -6.21725 110
      vertex -24.5572 -4.68453 125
      vertex -24.5572 -4.68453 110
    endloop
  endfacet
  facet normal -0.975917 -0.218141 0
    outer loop
      vertex -24.5572 -4.68453 125
      vertex -24.2146 -6.21725 110
      vertex -24.2146 -6.21725 125
    endloop
  endfacet
  facet normal 0.397124 0.917765 -0
    outer loop
      vertex 10.6445 22.6207 110
      vertex 9.20311 23.2444 125
      vertex 10.6445 22.6207 125
    endloop
  endfacet
  facet normal 0.397124 0.917765 0
    outer loop
      vertex 9.20311 23.2444 125
      vertex 10.6445 22.6207 110
      vertex 9.20311 23.2444 110
    endloop
  endfacet
  facet normal -0.790161 0.6129 0
    outer loop
      vertex -20.2254 14.6946 110
      vertex -19.2628 15.9356 125
      vertex -19.2628 15.9356 110
    endloop
  endfacet
  facet normal -0.790161 0.6129 0
    outer loop
      vertex -19.2628 15.9356 125
      vertex -20.2254 14.6946 110
      vertex -20.2254 14.6946 125
    endloop
  endfacet
  facet normal 0.397124 -0.917765 0
    outer loop
      vertex 9.20311 -23.2444 110
      vertex 10.6445 -22.6207 125
      vertex 9.20311 -23.2444 125
    endloop
  endfacet
  facet normal 0.397124 -0.917765 0
    outer loop
      vertex 10.6445 -22.6207 125
      vertex 9.20311 -23.2444 110
      vertex 10.6445 -22.6207 110
    endloop
  endfacet
  facet normal 0.750122 -0.661299 0
    outer loop
      vertex 18.2242 -17.1137 125
      vertex 19.2628 -15.9356 110
      vertex 19.2628 -15.9356 125
    endloop
  endfacet
  facet normal 0.750122 -0.661299 0
    outer loop
      vertex 19.2628 -15.9356 110
      vertex 18.2242 -17.1137 125
      vertex 18.2242 -17.1137 110
    endloop
  endfacet
  facet normal -0.454001 -0.891001 0
    outer loop
      vertex -12.0438 -21.9077 110
      vertex -10.6445 -22.6207 125
      vertex -12.0438 -21.9077 125
    endloop
  endfacet
  facet normal -0.454001 -0.891001 -0
    outer loop
      vertex -10.6445 -22.6207 125
      vertex -12.0438 -21.9077 110
      vertex -10.6445 -22.6207 110
    endloop
  endfacet
  facet normal 0.987687 0.156443 0
    outer loop
      vertex 24.8029 3.13333 125
      vertex 24.5572 4.68453 110
      vertex 24.5572 4.68453 125
    endloop
  endfacet
  facet normal 0.987687 0.156443 0
    outer loop
      vertex 24.5572 4.68453 110
      vertex 24.8029 3.13333 125
      vertex 24.8029 3.13333 110
    endloop
  endfacet
  facet normal 0.917765 -0.397124 0
    outer loop
      vertex 22.6207 -10.6445 125
      vertex 23.2444 -9.20311 110
      vertex 23.2444 -9.20311 125
    endloop
  endfacet
  facet normal 0.917765 -0.397124 0
    outer loop
      vertex 23.2444 -9.20311 110
      vertex 22.6207 -10.6445 125
      vertex 22.6207 -10.6445 110
    endloop
  endfacet
  facet normal 0.661299 0.750122 -0
    outer loop
      vertex 17.1137 18.2242 110
      vertex 15.9356 19.2628 125
      vertex 17.1137 18.2242 125
    endloop
  endfacet
  facet normal 0.661299 0.750122 0
    outer loop
      vertex 15.9356 19.2628 125
      vertex 17.1137 18.2242 110
      vertex 15.9356 19.2628 110
    endloop
  endfacet
  facet normal 0.82706 -0.562113 0
    outer loop
      vertex 20.2254 -14.6946 125
      vertex 21.1082 -13.3957 110
      vertex 21.1082 -13.3957 125
    endloop
  endfacet
  facet normal 0.82706 -0.562113 0
    outer loop
      vertex 21.1082 -13.3957 110
      vertex 20.2254 -14.6946 125
      vertex 20.2254 -14.6946 110
    endloop
  endfacet
  facet normal -0.750122 -0.661299 0
    outer loop
      vertex -18.2242 -17.1137 110
      vertex -19.2628 -15.9356 125
      vertex -19.2628 -15.9356 110
    endloop
  endfacet
  facet normal -0.750122 -0.661299 0
    outer loop
      vertex -19.2628 -15.9356 125
      vertex -18.2242 -17.1137 110
      vertex -18.2242 -17.1137 125
    endloop
  endfacet
  facet normal -0.960288 -0.279012 0
    outer loop
      vertex -23.7764 -7.72542 110
      vertex -24.2146 -6.21725 125
      vertex -24.2146 -6.21725 110
    endloop
  endfacet
  facet normal -0.960288 -0.279012 0
    outer loop
      vertex -24.2146 -6.21725 125
      vertex -23.7764 -7.72542 110
      vertex -23.7764 -7.72542 125
    endloop
  endfacet
  facet normal -0.562113 0.82706 0
    outer loop
      vertex -13.3957 21.1082 110
      vertex -14.6946 20.2254 125
      vertex -13.3957 21.1082 125
    endloop
  endfacet
  facet normal -0.562113 0.82706 0
    outer loop
      vertex -14.6946 20.2254 125
      vertex -13.3957 21.1082 110
      vertex -14.6946 20.2254 110
    endloop
  endfacet
  facet normal 0.790161 -0.6129 0
    outer loop
      vertex 19.2628 -15.9356 125
      vertex 20.2254 -14.6946 110
      vertex 20.2254 -14.6946 125
    endloop
  endfacet
  facet normal 0.790161 -0.6129 0
    outer loop
      vertex 20.2254 -14.6946 110
      vertex 19.2628 -15.9356 125
      vertex 19.2628 -15.9356 110
    endloop
  endfacet
  facet normal 0.917765 0.397124 0
    outer loop
      vertex 23.2444 9.20311 125
      vertex 22.6207 10.6445 110
      vertex 22.6207 10.6445 125
    endloop
  endfacet
  facet normal 0.917765 0.397124 0
    outer loop
      vertex 22.6207 10.6445 110
      vertex 23.2444 9.20311 125
      vertex 23.2444 9.20311 110
    endloop
  endfacet
  facet normal 0.279012 0.960288 -0
    outer loop
      vertex 7.72542 23.7764 110
      vertex 6.21725 24.2146 125
      vertex 7.72542 23.7764 125
    endloop
  endfacet
  facet normal 0.279012 0.960288 0
    outer loop
      vertex 6.21725 24.2146 125
      vertex 7.72542 23.7764 110
      vertex 6.21725 24.2146 110
    endloop
  endfacet
  facet normal 0.891001 0.454001 0
    outer loop
      vertex 22.6207 10.6445 125
      vertex 21.9077 12.0438 110
      vertex 21.9077 12.0438 125
    endloop
  endfacet
  facet normal 0.891001 0.454001 0
    outer loop
      vertex 21.9077 12.0438 110
      vertex 22.6207 10.6445 125
      vertex 22.6207 10.6445 110
    endloop
  endfacet
  facet normal -0.0313906 -0.999507 0
    outer loop
      vertex -1.56976 -24.9507 110
      vertex 0 -25 125
      vertex -1.56976 -24.9507 125
    endloop
  endfacet
  facet normal -0.0313906 -0.999507 -0
    outer loop
      vertex 0 -25 125
      vertex -1.56976 -24.9507 110
      vertex 0 -25 110
    endloop
  endfacet
  facet normal 0.0941078 -0.995562 0
    outer loop
      vertex 1.56976 -24.9507 110
      vertex 3.13333 -24.8029 125
      vertex 1.56976 -24.9507 125
    endloop
  endfacet
  facet normal 0.0941078 -0.995562 0
    outer loop
      vertex 3.13333 -24.8029 125
      vertex 1.56976 -24.9507 110
      vertex 3.13333 -24.8029 110
    endloop
  endfacet
  facet normal -0.397124 0.917765 0
    outer loop
      vertex -9.20311 23.2444 110
      vertex -10.6445 22.6207 125
      vertex -9.20311 23.2444 125
    endloop
  endfacet
  facet normal -0.397124 0.917765 0
    outer loop
      vertex -10.6445 22.6207 125
      vertex -9.20311 23.2444 110
      vertex -10.6445 22.6207 110
    endloop
  endfacet
  facet normal -0.0941078 0.995562 0
    outer loop
      vertex -1.56976 24.9507 110
      vertex -3.13333 24.8029 125
      vertex -1.56976 24.9507 125
    endloop
  endfacet
  facet normal -0.0941078 0.995562 0
    outer loop
      vertex -3.13333 24.8029 125
      vertex -1.56976 24.9507 110
      vertex -3.13333 24.8029 110
    endloop
  endfacet
  facet normal -0.156443 0.987687 0
    outer loop
      vertex -3.13333 24.8029 110
      vertex -4.68453 24.5572 125
      vertex -3.13333 24.8029 125
    endloop
  endfacet
  facet normal -0.156443 0.987687 0
    outer loop
      vertex -4.68453 24.5572 125
      vertex -3.13333 24.8029 110
      vertex -4.68453 24.5572 110
    endloop
  endfacet
  facet normal 0.995562 -0.0941078 0
    outer loop
      vertex 24.8029 -3.13333 125
      vertex 24.9507 -1.56976 110
      vertex 24.9507 -1.56976 125
    endloop
  endfacet
  facet normal 0.995562 -0.0941078 0
    outer loop
      vertex 24.9507 -1.56976 110
      vertex 24.8029 -3.13333 125
      vertex 24.8029 -3.13333 110
    endloop
  endfacet
  facet normal 0.987687 -0.156443 0
    outer loop
      vertex 24.5572 -4.68453 125
      vertex 24.8029 -3.13333 110
      vertex 24.8029 -3.13333 125
    endloop
  endfacet
  facet normal 0.987687 -0.156443 0
    outer loop
      vertex 24.8029 -3.13333 110
      vertex 24.5572 -4.68453 125
      vertex 24.5572 -4.68453 110
    endloop
  endfacet
  facet normal -0.987687 -0.156443 0
    outer loop
      vertex -24.5572 -4.68453 110
      vertex -24.8029 -3.13333 125
      vertex -24.8029 -3.13333 110
    endloop
  endfacet
  facet normal -0.987687 -0.156443 0
    outer loop
      vertex -24.8029 -3.13333 125
      vertex -24.5572 -4.68453 110
      vertex -24.5572 -4.68453 125
    endloop
  endfacet
  facet normal 0.509036 0.860745 -0
    outer loop
      vertex 13.3957 21.1082 110
      vertex 12.0438 21.9077 125
      vertex 13.3957 21.1082 125
    endloop
  endfacet
  facet normal 0.509036 0.860745 0
    outer loop
      vertex 12.0438 21.9077 125
      vertex 13.3957 21.1082 110
      vertex 12.0438 21.9077 110
    endloop
  endfacet
  facet normal 0.0313906 0.999507 -0
    outer loop
      vertex 1.56976 24.9507 110
      vertex 0 25 125
      vertex 1.56976 24.9507 125
    endloop
  endfacet
  facet normal 0.0313906 0.999507 0
    outer loop
      vertex 0 25 125
      vertex 1.56976 24.9507 110
      vertex 0 25 110
    endloop
  endfacet
  facet normal 0.279012 -0.960288 0
    outer loop
      vertex 6.21725 -24.2146 110
      vertex 7.72542 -23.7764 125
      vertex 6.21725 -24.2146 125
    endloop
  endfacet
  facet normal 0.279012 -0.960288 0
    outer loop
      vertex 7.72542 -23.7764 125
      vertex 6.21725 -24.2146 110
      vertex 7.72542 -23.7764 110
    endloop
  endfacet
  facet normal 0.6129 0.790161 -0
    outer loop
      vertex 15.9356 19.2628 110
      vertex 14.6946 20.2254 125
      vertex 15.9356 19.2628 125
    endloop
  endfacet
  facet normal 0.6129 0.790161 0
    outer loop
      vertex 14.6946 20.2254 125
      vertex 15.9356 19.2628 110
      vertex 14.6946 20.2254 110
    endloop
  endfacet
  facet normal 0.6129 -0.790161 0
    outer loop
      vertex 14.6946 -20.2254 110
      vertex 15.9356 -19.2628 125
      vertex 14.6946 -20.2254 125
    endloop
  endfacet
  facet normal 0.6129 -0.790161 0
    outer loop
      vertex 15.9356 -19.2628 125
      vertex 14.6946 -20.2254 110
      vertex 15.9356 -19.2628 110
    endloop
  endfacet
  facet normal -0.82706 0.562113 0
    outer loop
      vertex -21.1082 13.3957 110
      vertex -20.2254 14.6946 125
      vertex -20.2254 14.6946 110
    endloop
  endfacet
  facet normal -0.82706 0.562113 0
    outer loop
      vertex -20.2254 14.6946 125
      vertex -21.1082 13.3957 110
      vertex -21.1082 13.3957 125
    endloop
  endfacet
  facet normal 0.661299 -0.750122 0
    outer loop
      vertex 15.9356 -19.2628 110
      vertex 17.1137 -18.2242 125
      vertex 15.9356 -19.2628 125
    endloop
  endfacet
  facet normal 0.661299 -0.750122 0
    outer loop
      vertex 17.1137 -18.2242 125
      vertex 15.9356 -19.2628 110
      vertex 17.1137 -18.2242 110
    endloop
  endfacet
  facet normal 0.960288 -0.279012 0
    outer loop
      vertex 23.7764 -7.72542 125
      vertex 24.2146 -6.21725 110
      vertex 24.2146 -6.21725 125
    endloop
  endfacet
  facet normal 0.960288 -0.279012 0
    outer loop
      vertex 24.2146 -6.21725 110
      vertex 23.7764 -7.72542 125
      vertex 23.7764 -7.72542 110
    endloop
  endfacet
  facet normal 0.509036 -0.860745 0
    outer loop
      vertex 12.0438 -21.9077 110
      vertex 13.3957 -21.1082 125
      vertex 12.0438 -21.9077 125
    endloop
  endfacet
  facet normal 0.509036 -0.860745 0
    outer loop
      vertex 13.3957 -21.1082 125
      vertex 12.0438 -21.9077 110
      vertex 13.3957 -21.1082 110
    endloop
  endfacet
  facet normal -0.790161 -0.6129 0
    outer loop
      vertex -19.2628 -15.9356 110
      vertex -20.2254 -14.6946 125
      vertex -20.2254 -14.6946 110
    endloop
  endfacet
  facet normal -0.790161 -0.6129 0
    outer loop
      vertex -20.2254 -14.6946 125
      vertex -19.2628 -15.9356 110
      vertex -19.2628 -15.9356 125
    endloop
  endfacet
  facet normal 0.454001 -0.891001 0
    outer loop
      vertex 10.6445 -22.6207 110
      vertex 12.0438 -21.9077 125
      vertex 10.6445 -22.6207 125
    endloop
  endfacet
  facet normal 0.454001 -0.891001 0
    outer loop
      vertex 12.0438 -21.9077 125
      vertex 10.6445 -22.6207 110
      vertex 12.0438 -21.9077 110
    endloop
  endfacet
  facet normal -0.750122 0.661299 0
    outer loop
      vertex -19.2628 15.9356 110
      vertex -18.2242 17.1137 125
      vertex -18.2242 17.1137 110
    endloop
  endfacet
  facet normal -0.750122 0.661299 0
    outer loop
      vertex -18.2242 17.1137 125
      vertex -19.2628 15.9356 110
      vertex -19.2628 15.9356 125
    endloop
  endfacet
  facet normal -0.940881 0.338737 0
    outer loop
      vertex -23.7764 7.72542 110
      vertex -23.2444 9.20311 125
      vertex -23.2444 9.20311 110
    endloop
  endfacet
  facet normal -0.940881 0.338737 0
    outer loop
      vertex -23.2444 9.20311 125
      vertex -23.7764 7.72542 110
      vertex -23.7764 7.72542 125
    endloop
  endfacet
  facet normal -0.562113 -0.82706 0
    outer loop
      vertex -14.6946 -20.2254 110
      vertex -13.3957 -21.1082 125
      vertex -14.6946 -20.2254 125
    endloop
  endfacet
  facet normal -0.562113 -0.82706 -0
    outer loop
      vertex -13.3957 -21.1082 125
      vertex -14.6946 -20.2254 110
      vertex -13.3957 -21.1082 110
    endloop
  endfacet
  facet normal -0.454001 0.891001 0
    outer loop
      vertex -10.6445 22.6207 110
      vertex -12.0438 21.9077 125
      vertex -10.6445 22.6207 125
    endloop
  endfacet
  facet normal -0.454001 0.891001 0
    outer loop
      vertex -12.0438 21.9077 125
      vertex -10.6445 22.6207 110
      vertex -12.0438 21.9077 110
    endloop
  endfacet
  facet normal -0.917765 -0.397124 0
    outer loop
      vertex -22.6207 -10.6445 110
      vertex -23.2444 -9.20311 125
      vertex -23.2444 -9.20311 110
    endloop
  endfacet
  facet normal -0.917765 -0.397124 0
    outer loop
      vertex -23.2444 -9.20311 125
      vertex -22.6207 -10.6445 110
      vertex -22.6207 -10.6445 125
    endloop
  endfacet
  facet normal -0.218141 -0.975917 0
    outer loop
      vertex -6.21725 -24.2146 110
      vertex -4.68453 -24.5572 125
      vertex -6.21725 -24.2146 125
    endloop
  endfacet
  facet normal -0.218141 -0.975917 -0
    outer loop
      vertex -4.68453 -24.5572 125
      vertex -6.21725 -24.2146 110
      vertex -4.68453 -24.5572 110
    endloop
  endfacet
  facet normal 0.975917 -0.218141 0
    outer loop
      vertex 24.2146 -6.21725 125
      vertex 24.5572 -4.68453 110
      vertex 24.5572 -4.68453 125
    endloop
  endfacet
  facet normal 0.975917 -0.218141 0
    outer loop
      vertex 24.5572 -4.68453 110
      vertex 24.2146 -6.21725 125
      vertex 24.2146 -6.21725 110
    endloop
  endfacet
  facet normal -0.975917 0.218141 0
    outer loop
      vertex -24.5572 4.68453 110
      vertex -24.2146 6.21725 125
      vertex -24.2146 6.21725 110
    endloop
  endfacet
  facet normal -0.975917 0.218141 0
    outer loop
      vertex -24.2146 6.21725 125
      vertex -24.5572 4.68453 110
      vertex -24.5572 4.68453 125
    endloop
  endfacet
  facet normal -0.338737 0.940881 0
    outer loop
      vertex -7.72542 23.7764 110
      vertex -9.20311 23.2444 125
      vertex -7.72542 23.7764 125
    endloop
  endfacet
  facet normal -0.338737 0.940881 0
    outer loop
      vertex -9.20311 23.2444 125
      vertex -7.72542 23.7764 110
      vertex -9.20311 23.2444 110
    endloop
  endfacet
  facet normal -0.999507 0.0313906 0
    outer loop
      vertex -25 0 110
      vertex -24.9507 1.56976 125
      vertex -24.9507 1.56976 110
    endloop
  endfacet
  facet normal -0.999507 0.0313906 0
    outer loop
      vertex -24.9507 1.56976 125
      vertex -25 0 110
      vertex -25 0 125
    endloop
  endfacet
  facet normal -0.960288 0.279012 0
    outer loop
      vertex -24.2146 6.21725 110
      vertex -23.7764 7.72542 125
      vertex -23.7764 7.72542 110
    endloop
  endfacet
  facet normal -0.960288 0.279012 0
    outer loop
      vertex -23.7764 7.72542 125
      vertex -24.2146 6.21725 110
      vertex -24.2146 6.21725 125
    endloop
  endfacet
  facet normal 0.975917 0.218141 0
    outer loop
      vertex 24.5572 4.68453 125
      vertex 24.2146 6.21725 110
      vertex 24.2146 6.21725 125
    endloop
  endfacet
  facet normal 0.975917 0.218141 0
    outer loop
      vertex 24.2146 6.21725 110
      vertex 24.5572 4.68453 125
      vertex 24.5572 4.68453 110
    endloop
  endfacet
  facet normal 0.940881 0.338737 0
    outer loop
      vertex 23.7764 7.72542 125
      vertex 23.2444 9.20311 110
      vertex 23.2444 9.20311 125
    endloop
  endfacet
  facet normal 0.940881 0.338737 0
    outer loop
      vertex 23.2444 9.20311 110
      vertex 23.7764 7.72542 125
      vertex 23.7764 7.72542 110
    endloop
  endfacet
  facet normal 0.454001 0.891001 -0
    outer loop
      vertex 12.0438 21.9077 110
      vertex 10.6445 22.6207 125
      vertex 12.0438 21.9077 125
    endloop
  endfacet
  facet normal 0.454001 0.891001 0
    outer loop
      vertex 10.6445 22.6207 125
      vertex 12.0438 21.9077 110
      vertex 10.6445 22.6207 110
    endloop
  endfacet
  facet normal 0.218141 0.975917 -0
    outer loop
      vertex 6.21725 24.2146 110
      vertex 4.68453 24.5572 125
      vertex 6.21725 24.2146 125
    endloop
  endfacet
  facet normal 0.218141 0.975917 0
    outer loop
      vertex 4.68453 24.5572 125
      vertex 6.21725 24.2146 110
      vertex 4.68453 24.5572 110
    endloop
  endfacet
  facet normal 0.999507 -0.0313906 0
    outer loop
      vertex 24.9507 -1.56976 125
      vertex 25 0 110
      vertex 25 0 125
    endloop
  endfacet
  facet normal 0.999507 -0.0313906 0
    outer loop
      vertex 25 0 110
      vertex 24.9507 -1.56976 125
      vertex 24.9507 -1.56976 110
    endloop
  endfacet
  facet normal 0.860745 -0.509036 0
    outer loop
      vertex 21.1082 -13.3957 125
      vertex 21.9077 -12.0438 110
      vertex 21.9077 -12.0438 125
    endloop
  endfacet
  facet normal 0.860745 -0.509036 0
    outer loop
      vertex 21.9077 -12.0438 110
      vertex 21.1082 -13.3957 125
      vertex 21.1082 -13.3957 110
    endloop
  endfacet
  facet normal -0.156443 -0.987687 0
    outer loop
      vertex -4.68453 -24.5572 110
      vertex -3.13333 -24.8029 125
      vertex -4.68453 -24.5572 125
    endloop
  endfacet
  facet normal -0.156443 -0.987687 -0
    outer loop
      vertex -3.13333 -24.8029 125
      vertex -4.68453 -24.5572 110
      vertex -3.13333 -24.8029 110
    endloop
  endfacet
  facet normal -0.397124 -0.917765 0
    outer loop
      vertex -10.6445 -22.6207 110
      vertex -9.20311 -23.2444 125
      vertex -10.6445 -22.6207 125
    endloop
  endfacet
  facet normal -0.397124 -0.917765 -0
    outer loop
      vertex -9.20311 -23.2444 125
      vertex -10.6445 -22.6207 110
      vertex -9.20311 -23.2444 110
    endloop
  endfacet
  facet normal 0 0 -1
    outer loop
      vertex 20 0 110
      vertex 25 0 110
      vertex 24.9507 -1.56976 110
    endloop
  endfacet
  facet normal 0 0 -1
    outer loop
      vertex 19.9605 -1.25581 110
      vertex 24.9507 -1.56976 110
      vertex 24.8029 -3.13333 110
    endloop
  endfacet
  facet normal 0 0 -1
    outer loop
      vertex 25 0 110
      vertex 20 0 110
      vertex 24.9507 1.56976 110
    endloop
  endfacet
  facet normal 0 0 -1
    outer loop
      vertex 19.8423 -2.50666 110
      vertex 24.8029 -3.13333 110
      vertex 24.5572 -4.68453 110
    endloop
  endfacet
  facet normal 0 0 -1
    outer loop
      vertex 19.9605 1.25581 110
      vertex 24.9507 1.56976 110
      vertex 20 0 110
    endloop
  endfacet
  facet normal 0 0 -1
    outer loop
      vertex 19.6457 -3.74763 110
      vertex 24.5572 -4.68453 110
      vertex 24.2146 -6.21725 110
    endloop
  endfacet
  facet normal -0 0 -1
    outer loop
      vertex 24.9507 1.56976 110
      vertex 19.9605 1.25581 110
      vertex 24.8029 3.13333 110
    endloop
  endfacet
  facet normal 0 0 -1
    outer loop
      vertex 19.3717 -4.9738 110
      vertex 24.2146 -6.21725 110
      vertex 23.7764 -7.72542 110
    endloop
  endfacet
  facet normal 0 0 -1
    outer loop
      vertex 19.8423 2.50666 110
      vertex 24.8029 3.13333 110
      vertex 19.9605 1.25581 110
    endloop
  endfacet
  facet normal 0 0 -1
    outer loop
      vertex 19.0211 -6.18034 110
      vertex 23.7764 -7.72542 110
      vertex 23.2444 -9.20311 110
    endloop
  endfacet
  facet normal -0 0 -1
    outer loop
      vertex 24.8029 3.13333 110
      vertex 19.8423 2.50666 110
      vertex 24.5572 4.68453 110
    endloop
  endfacet
  facet normal 0 0 -1
    outer loop
      vertex 18.5955 -7.36249 110
      vertex 23.2444 -9.20311 110
      vertex 22.6207 -10.6445 110
    endloop
  endfacet
  facet normal 0 0 -1
    outer loop
      vertex 19.6457 3.74763 110
      vertex 24.5572 4.68453 110
      vertex 19.8423 2.50666 110
    endloop
  endfacet
  facet normal 0 0 -1
    outer loop
      vertex 18.0965 -8.51558 110
      vertex 22.6207 -10.6445 110
      vertex 21.9077 -12.0438 110
    endloop
  endfacet
  facet normal -0 0 -1
    outer loop
      vertex 24.5572 4.68453 110
      vertex 19.6457 3.74763 110
      vertex 24.2146 6.21725 110
    endloop
  endfacet
  facet normal 0 0 -1
    outer loop
      vertex 17.5261 -9.63507 110
      vertex 21.9077 -12.0438 110
      vertex 21.1082 -13.3957 110
    endloop
  endfacet
  facet normal 0 0 -1
    outer loop
      vertex 19.3717 4.9738 110
      vertex 24.2146 6.21725 110
      vertex 19.6457 3.74763 110
    endloop
  endfacet
  facet normal 0 0 -1
    outer loop
      vertex 16.8866 -10.7165 110
      vertex 21.1082 -13.3957 110
      vertex 20.2254 -14.6946 110
    endloop
  endfacet
  facet normal -0 0 -1
    outer loop
      vertex 24.2146 6.21725 110
      vertex 19.3717 4.9738 110
      vertex 23.7764 7.72542 110
    endloop
  endfacet
  facet normal 0 0 -1
    outer loop
      vertex 19.0211 6.18034 110
      vertex 23.7764 7.72542 110
      vertex 19.3717 4.9738 110
    endloop
  endfacet
  facet normal 0 0 -1
    outer loop
      vertex 24.9507 -1.56976 110
      vertex 19.9605 -1.25581 110
      vertex 20 0 110
    endloop
  endfacet
  facet normal 0 0 -1
    outer loop
      vertex 24.8029 -3.13333 110
      vertex 19.8423 -2.50666 110
      vertex 19.9605 -1.25581 110
    endloop
  endfacet
  facet normal 0 0 -1
    outer loop
      vertex 24.5572 -4.68453 110
      vertex 19.6457 -3.74763 110
      vertex 19.8423 -2.50666 110
    endloop
  endfacet
  facet normal 0 0 -1
    outer loop
      vertex 24.2146 -6.21725 110
      vertex 19.3717 -4.9738 110
      vertex 19.6457 -3.74763 110
    endloop
  endfacet
  facet normal 0 0 -1
    outer loop
      vertex 16.1803 -11.7557 110
      vertex 20.2254 -14.6946 110
      vertex 19.2628 -15.9356 110
    endloop
  endfacet
  facet normal 0 0 -1
    outer loop
      vertex 23.7764 -7.72542 110
      vertex 19.0211 -6.18034 110
      vertex 19.3717 -4.9738 110
    endloop
  endfacet
  facet normal 0 0 -1
    outer loop
      vertex 23.2444 -9.20311 110
      vertex 18.5955 -7.36249 110
      vertex 19.0211 -6.18034 110
    endloop
  endfacet
  facet normal 0 0 -1
    outer loop
      vertex 15.4103 -12.7485 110
      vertex 19.2628 -15.9356 110
      vertex 18.2242 -17.1137 110
    endloop
  endfacet
  facet normal 0 0 -1
    outer loop
      vertex 22.6207 -10.6445 110
      vertex 18.0965 -8.51558 110
      vertex 18.5955 -7.36249 110
    endloop
  endfacet
  facet normal 0 0 -1
    outer loop
      vertex 21.9077 -12.0438 110
      vertex 17.5261 -9.63507 110
      vertex 18.0965 -8.51558 110
    endloop
  endfacet
  facet normal 0 0 -1
    outer loop
      vertex 14.5794 -13.6909 110
      vertex 18.2242 -17.1137 110
      vertex 17.1137 -18.2242 110
    endloop
  endfacet
  facet normal 0 0 -1
    outer loop
      vertex 21.1082 -13.3957 110
      vertex 16.8866 -10.7165 110
      vertex 17.5261 -9.63507 110
    endloop
  endfacet
  facet normal 0 0 -1
    outer loop
      vertex 20.2254 -14.6946 110
      vertex 16.1803 -11.7557 110
      vertex 16.8866 -10.7165 110
    endloop
  endfacet
  facet normal 0 0 -1
    outer loop
      vertex 13.6909 -14.5794 110
      vertex 17.1137 -18.2242 110
      vertex 15.9356 -19.2628 110
    endloop
  endfacet
  facet normal 0 0 -1
    outer loop
      vertex 19.2628 -15.9356 110
      vertex 15.4103 -12.7485 110
      vertex 16.1803 -11.7557 110
    endloop
  endfacet
  facet normal 0 0 -1
    outer loop
      vertex 12.7485 -15.4103 110
      vertex 15.9356 -19.2628 110
      vertex 14.6946 -20.2254 110
    endloop
  endfacet
  facet normal 0 0 -1
    outer loop
      vertex 18.2242 -17.1137 110
      vertex 14.5794 -13.6909 110
      vertex 15.4103 -12.7485 110
    endloop
  endfacet
  facet normal 0 0 -1
    outer loop
      vertex 17.1137 -18.2242 110
      vertex 13.6909 -14.5794 110
      vertex 14.5794 -13.6909 110
    endloop
  endfacet
  facet normal 0 0 -1
    outer loop
      vertex 11.7557 -16.1803 110
      vertex 14.6946 -20.2254 110
      vertex 13.3957 -21.1082 110
    endloop
  endfacet
  facet normal 0 0 -1
    outer loop
      vertex 15.9356 -19.2628 110
      vertex 12.7485 -15.4103 110
      vertex 13.6909 -14.5794 110
    endloop
  endfacet
  facet normal 0 0 -1
    outer loop
      vertex 10.7165 -16.8866 110
      vertex 13.3957 -21.1082 110
      vertex 12.0438 -21.9077 110
    endloop
  endfacet
  facet normal 0 0 -1
    outer loop
      vertex 14.6946 -20.2254 110
      vertex 11.7557 -16.1803 110
      vertex 12.7485 -15.4103 110
    endloop
  endfacet
  facet normal 0 0 -1
    outer loop
      vertex 13.3957 -21.1082 110
      vertex 10.7165 -16.8866 110
      vertex 11.7557 -16.1803 110
    endloop
  endfacet
  facet normal 0 0 -1
    outer loop
      vertex 9.63507 -17.5261 110
      vertex 12.0438 -21.9077 110
      vertex 10.6445 -22.6207 110
    endloop
  endfacet
  facet normal 0 0 -1
    outer loop
      vertex 12.0438 -21.9077 110
      vertex 9.63507 -17.5261 110
      vertex 10.7165 -16.8866 110
    endloop
  endfacet
  facet normal 0 0 -1
    outer loop
      vertex 8.51558 -18.0965 110
      vertex 10.6445 -22.6207 110
      vertex 9.20311 -23.2444 110
    endloop
  endfacet
  facet normal 0 0 -1
    outer loop
      vertex 10.6445 -22.6207 110
      vertex 8.51558 -18.0965 110
      vertex 9.63507 -17.5261 110
    endloop
  endfacet
  facet normal 0 0 -1
    outer loop
      vertex 7.36249 -18.5955 110
      vertex 9.20311 -23.2444 110
      vertex 7.72542 -23.7764 110
    endloop
  endfacet
  facet normal 0 0 -1
    outer loop
      vertex 9.20311 -23.2444 110
      vertex 7.36249 -18.5955 110
      vertex 8.51558 -18.0965 110
    endloop
  endfacet
  facet normal 0 0 -1
    outer loop
      vertex 6.18034 -19.0211 110
      vertex 7.72542 -23.7764 110
      vertex 6.21725 -24.2146 110
    endloop
  endfacet
  facet normal 0 0 -1
    outer loop
      vertex 7.72542 -23.7764 110
      vertex 6.18034 -19.0211 110
      vertex 7.36249 -18.5955 110
    endloop
  endfacet
  facet normal 0 0 -1
    outer loop
      vertex 6.21725 -24.2146 110
      vertex 4.9738 -19.3717 110
      vertex 6.18034 -19.0211 110
    endloop
  endfacet
  facet normal 0 0 -1
    outer loop
      vertex 4.68453 -24.5572 110
      vertex 4.9738 -19.3717 110
      vertex 6.21725 -24.2146 110
    endloop
  endfacet
  facet normal 0 0 -1
    outer loop
      vertex 4.68453 -24.5572 110
      vertex 3.74763 -19.6457 110
      vertex 4.9738 -19.3717 110
    endloop
  endfacet
  facet normal 0 0 -1
    outer loop
      vertex 3.13333 -24.8029 110
      vertex 3.74763 -19.6457 110
      vertex 4.68453 -24.5572 110
    endloop
  endfacet
  facet normal 0 0 -1
    outer loop
      vertex 3.13333 -24.8029 110
      vertex 2.50666 -19.8423 110
      vertex 3.74763 -19.6457 110
    endloop
  endfacet
  facet normal 0 0 -1
    outer loop
      vertex 1.56976 -24.9507 110
      vertex 2.50666 -19.8423 110
      vertex 3.13333 -24.8029 110
    endloop
  endfacet
  facet normal 0 0 -1
    outer loop
      vertex 1.56976 -24.9507 110
      vertex 1.25581 -19.9605 110
      vertex 2.50666 -19.8423 110
    endloop
  endfacet
  facet normal 0 0 -1
    outer loop
      vertex 0 -25 110
      vertex 1.25581 -19.9605 110
      vertex 1.56976 -24.9507 110
    endloop
  endfacet
  facet normal 0 0 -1
    outer loop
      vertex 0 -25 110
      vertex 0 -20 110
      vertex 1.25581 -19.9605 110
    endloop
  endfacet
  facet normal 0 0 -1
    outer loop
      vertex 0 -25 110
      vertex -1.25581 -19.9605 110
      vertex 0 -20 110
    endloop
  endfacet
  facet normal 0 0 -1
    outer loop
      vertex -1.56976 -24.9507 110
      vertex -1.25581 -19.9605 110
      vertex 0 -25 110
    endloop
  endfacet
  facet normal 0 0 -1
    outer loop
      vertex -1.56976 -24.9507 110
      vertex -2.50666 -19.8423 110
      vertex -1.25581 -19.9605 110
    endloop
  endfacet
  facet normal 0 0 -1
    outer loop
      vertex -3.13333 -24.8029 110
      vertex -2.50666 -19.8423 110
      vertex -1.56976 -24.9507 110
    endloop
  endfacet
  facet normal 0 0 -1
    outer loop
      vertex -3.13333 -24.8029 110
      vertex -3.74763 -19.6457 110
      vertex -2.50666 -19.8423 110
    endloop
  endfacet
  facet normal 0 0 -1
    outer loop
      vertex -4.68453 -24.5572 110
      vertex -3.74763 -19.6457 110
      vertex -3.13333 -24.8029 110
    endloop
  endfacet
  facet normal 0 0 -1
    outer loop
      vertex -4.68453 -24.5572 110
      vertex -4.9738 -19.3717 110
      vertex -3.74763 -19.6457 110
    endloop
  endfacet
  facet normal 0 0 -1
    outer loop
      vertex -6.21725 -24.2146 110
      vertex -4.9738 -19.3717 110
      vertex -4.68453 -24.5572 110
    endloop
  endfacet
  facet normal -0 0 -1
    outer loop
      vertex -4.9738 -19.3717 110
      vertex -6.21725 -24.2146 110
      vertex -6.18034 -19.0211 110
    endloop
  endfacet
  facet normal 0 0 -1
    outer loop
      vertex -7.72542 -23.7764 110
      vertex -6.18034 -19.0211 110
      vertex -6.21725 -24.2146 110
    endloop
  endfacet
  facet normal -0 0 -1
    outer loop
      vertex -6.18034 -19.0211 110
      vertex -7.72542 -23.7764 110
      vertex -7.36249 -18.5955 110
    endloop
  endfacet
  facet normal 0 0 -1
    outer loop
      vertex -9.20311 -23.2444 110
      vertex -7.36249 -18.5955 110
      vertex -7.72542 -23.7764 110
    endloop
  endfacet
  facet normal -0 0 -1
    outer loop
      vertex -7.36249 -18.5955 110
      vertex -9.20311 -23.2444 110
      vertex -8.51558 -18.0965 110
    endloop
  endfacet
  facet normal 0 0 -1
    outer loop
      vertex -10.6445 -22.6207 110
      vertex -8.51558 -18.0965 110
      vertex -9.20311 -23.2444 110
    endloop
  endfacet
  facet normal -0 0 -1
    outer loop
      vertex -8.51558 -18.0965 110
      vertex -10.6445 -22.6207 110
      vertex -9.63507 -17.5261 110
    endloop
  endfacet
  facet normal 0 0 -1
    outer loop
      vertex -12.0438 -21.9077 110
      vertex -9.63507 -17.5261 110
      vertex -10.6445 -22.6207 110
    endloop
  endfacet
  facet normal -0 0 -1
    outer loop
      vertex -9.63507 -17.5261 110
      vertex -12.0438 -21.9077 110
      vertex -10.7165 -16.8866 110
    endloop
  endfacet
  facet normal 0 0 -1
    outer loop
      vertex -13.3957 -21.1082 110
      vertex -10.7165 -16.8866 110
      vertex -12.0438 -21.9077 110
    endloop
  endfacet
  facet normal -0 0 -1
    outer loop
      vertex -10.7165 -16.8866 110
      vertex -13.3957 -21.1082 110
      vertex -11.7557 -16.1803 110
    endloop
  endfacet
  facet normal 0 0 -1
    outer loop
      vertex -14.6946 -20.2254 110
      vertex -11.7557 -16.1803 110
      vertex -13.3957 -21.1082 110
    endloop
  endfacet
  facet normal -0 0 -1
    outer loop
      vertex -11.7557 -16.1803 110
      vertex -14.6946 -20.2254 110
      vertex -12.7485 -15.4103 110
    endloop
  endfacet
  facet normal 0 0 -1
    outer loop
      vertex -15.9356 -19.2628 110
      vertex -12.7485 -15.4103 110
      vertex -14.6946 -20.2254 110
    endloop
  endfacet
  facet normal -0 0 -1
    outer loop
      vertex -12.7485 -15.4103 110
      vertex -15.9356 -19.2628 110
      vertex -13.6909 -14.5794 110
    endloop
  endfacet
  facet normal 0 0 -1
    outer loop
      vertex -17.1137 -18.2242 110
      vertex -13.6909 -14.5794 110
      vertex -15.9356 -19.2628 110
    endloop
  endfacet
  facet normal -0 0 -1
    outer loop
      vertex -13.6909 -14.5794 110
      vertex -17.1137 -18.2242 110
      vertex -14.5794 -13.6909 110
    endloop
  endfacet
  facet normal 0 0 -1
    outer loop
      vertex -18.2242 -17.1137 110
      vertex -14.5794 -13.6909 110
      vertex -17.1137 -18.2242 110
    endloop
  endfacet
  facet normal -0 0 -1
    outer loop
      vertex -14.5794 -13.6909 110
      vertex -18.2242 -17.1137 110
      vertex -15.4103 -12.7485 110
    endloop
  endfacet
  facet normal 0 0 -1
    outer loop
      vertex -19.2628 -15.9356 110
      vertex -15.4103 -12.7485 110
      vertex -18.2242 -17.1137 110
    endloop
  endfacet
  facet normal -0 0 -1
    outer loop
      vertex -15.4103 -12.7485 110
      vertex -19.2628 -15.9356 110
      vertex -16.1803 -11.7557 110
    endloop
  endfacet
  facet normal 0 0 -1
    outer loop
      vertex -20.2254 -14.6946 110
      vertex -16.1803 -11.7557 110
      vertex -19.2628 -15.9356 110
    endloop
  endfacet
  facet normal -0 0 -1
    outer loop
      vertex -16.1803 -11.7557 110
      vertex -20.2254 -14.6946 110
      vertex -16.8866 -10.7165 110
    endloop
  endfacet
  facet normal 0 0 -1
    outer loop
      vertex -21.1082 -13.3957 110
      vertex -16.8866 -10.7165 110
      vertex -20.2254 -14.6946 110
    endloop
  endfacet
  facet normal -0 0 -1
    outer loop
      vertex -16.8866 -10.7165 110
      vertex -21.1082 -13.3957 110
      vertex -17.5261 -9.63507 110
    endloop
  endfacet
  facet normal 0 0 -1
    outer loop
      vertex -21.9077 -12.0438 110
      vertex -17.5261 -9.63507 110
      vertex -21.1082 -13.3957 110
    endloop
  endfacet
  facet normal -0 0 -1
    outer loop
      vertex -17.5261 -9.63507 110
      vertex -21.9077 -12.0438 110
      vertex -18.0965 -8.51558 110
    endloop
  endfacet
  facet normal 0 0 -1
    outer loop
      vertex -22.6207 -10.6445 110
      vertex -18.0965 -8.51558 110
      vertex -21.9077 -12.0438 110
    endloop
  endfacet
  facet normal -0 0 -1
    outer loop
      vertex -18.0965 -8.51558 110
      vertex -22.6207 -10.6445 110
      vertex -18.5955 -7.36249 110
    endloop
  endfacet
  facet normal 0 0 -1
    outer loop
      vertex -23.2444 -9.20311 110
      vertex -18.5955 -7.36249 110
      vertex -22.6207 -10.6445 110
    endloop
  endfacet
  facet normal 0 0 -1
    outer loop
      vertex -23.7764 -7.72542 110
      vertex -19.0211 -6.18034 110
      vertex -23.2444 -9.20311 110
    endloop
  endfacet
  facet normal -0 0 -1
    outer loop
      vertex -18.5955 -7.36249 110
      vertex -23.2444 -9.20311 110
      vertex -19.0211 -6.18034 110
    endloop
  endfacet
  facet normal -0 0 -1
    outer loop
      vertex 23.7764 7.72542 110
      vertex 19.0211 6.18034 110
      vertex 23.2444 9.20311 110
    endloop
  endfacet
  facet normal 0 0 -1
    outer loop
      vertex 18.5955 7.36249 110
      vertex 23.2444 9.20311 110
      vertex 19.0211 6.18034 110
    endloop
  endfacet
  facet normal -0 0 -1
    outer loop
      vertex 23.2444 9.20311 110
      vertex 18.5955 7.36249 110
      vertex 22.6207 10.6445 110
    endloop
  endfacet
  facet normal 0 0 -1
    outer loop
      vertex 18.0965 8.51558 110
      vertex 22.6207 10.6445 110
      vertex 18.5955 7.36249 110
    endloop
  endfacet
  facet normal -0 0 -1
    outer loop
      vertex 22.6207 10.6445 110
      vertex 18.0965 8.51558 110
      vertex 21.9077 12.0438 110
    endloop
  endfacet
  facet normal 0 0 -1
    outer loop
      vertex 17.5261 9.63507 110
      vertex 21.9077 12.0438 110
      vertex 18.0965 8.51558 110
    endloop
  endfacet
  facet normal -0 0 -1
    outer loop
      vertex 21.9077 12.0438 110
      vertex 17.5261 9.63507 110
      vertex 21.1082 13.3957 110
    endloop
  endfacet
  facet normal 0 0 -1
    outer loop
      vertex 16.8866 10.7165 110
      vertex 21.1082 13.3957 110
      vertex 17.5261 9.63507 110
    endloop
  endfacet
  facet normal -0 0 -1
    outer loop
      vertex 21.1082 13.3957 110
      vertex 16.8866 10.7165 110
      vertex 20.2254 14.6946 110
    endloop
  endfacet
  facet normal 0 0 -1
    outer loop
      vertex 16.1803 11.7557 110
      vertex 20.2254 14.6946 110
      vertex 16.8866 10.7165 110
    endloop
  endfacet
  facet normal -0 0 -1
    outer loop
      vertex 20.2254 14.6946 110
      vertex 16.1803 11.7557 110
      vertex 19.2628 15.9356 110
    endloop
  endfacet
  facet normal 0 0 -1
    outer loop
      vertex 15.4103 12.7485 110
      vertex 19.2628 15.9356 110
      vertex 16.1803 11.7557 110
    endloop
  endfacet
  facet normal -0 0 -1
    outer loop
      vertex 19.2628 15.9356 110
      vertex 15.4103 12.7485 110
      vertex 18.2242 17.1137 110
    endloop
  endfacet
  facet normal 0 0 -1
    outer loop
      vertex 14.5794 13.6909 110
      vertex 18.2242 17.1137 110
      vertex 15.4103 12.7485 110
    endloop
  endfacet
  facet normal -0 0 -1
    outer loop
      vertex 18.2242 17.1137 110
      vertex 14.5794 13.6909 110
      vertex 17.1137 18.2242 110
    endloop
  endfacet
  facet normal 0 0 -1
    outer loop
      vertex 13.6909 14.5794 110
      vertex 17.1137 18.2242 110
      vertex 14.5794 13.6909 110
    endloop
  endfacet
  facet normal -0 0 -1
    outer loop
      vertex 17.1137 18.2242 110
      vertex 13.6909 14.5794 110
      vertex 15.9356 19.2628 110
    endloop
  endfacet
  facet normal 0 0 -1
    outer loop
      vertex 12.7485 15.4103 110
      vertex 15.9356 19.2628 110
      vertex 13.6909 14.5794 110
    endloop
  endfacet
  facet normal -0 0 -1
    outer loop
      vertex 15.9356 19.2628 110
      vertex 12.7485 15.4103 110
      vertex 14.6946 20.2254 110
    endloop
  endfacet
  facet normal 0 0 -1
    outer loop
      vertex 11.7557 16.1803 110
      vertex 14.6946 20.2254 110
      vertex 12.7485 15.4103 110
    endloop
  endfacet
  facet normal -0 0 -1
    outer loop
      vertex 14.6946 20.2254 110
      vertex 11.7557 16.1803 110
      vertex 13.3957 21.1082 110
    endloop
  endfacet
  facet normal 0 0 -1
    outer loop
      vertex 10.7165 16.8866 110
      vertex 13.3957 21.1082 110
      vertex 11.7557 16.1803 110
    endloop
  endfacet
  facet normal -0 0 -1
    outer loop
      vertex 13.3957 21.1082 110
      vertex 10.7165 16.8866 110
      vertex 12.0438 21.9077 110
    endloop
  endfacet
  facet normal 0 0 -1
    outer loop
      vertex 9.63507 17.5261 110
      vertex 12.0438 21.9077 110
      vertex 10.7165 16.8866 110
    endloop
  endfacet
  facet normal -0 0 -1
    outer loop
      vertex 12.0438 21.9077 110
      vertex 9.63507 17.5261 110
      vertex 10.6445 22.6207 110
    endloop
  endfacet
  facet normal 0 0 -1
    outer loop
      vertex 8.51558 18.0965 110
      vertex 10.6445 22.6207 110
      vertex 9.63507 17.5261 110
    endloop
  endfacet
  facet normal -0 0 -1
    outer loop
      vertex 10.6445 22.6207 110
      vertex 8.51558 18.0965 110
      vertex 9.20311 23.2444 110
    endloop
  endfacet
  facet normal 0 0 -1
    outer loop
      vertex 7.36249 18.5955 110
      vertex 9.20311 23.2444 110
      vertex 8.51558 18.0965 110
    endloop
  endfacet
  facet normal -0 0 -1
    outer loop
      vertex 9.20311 23.2444 110
      vertex 7.36249 18.5955 110
      vertex 7.72542 23.7764 110
    endloop
  endfacet
  facet normal 0 0 -1
    outer loop
      vertex 6.18034 19.0211 110
      vertex 7.72542 23.7764 110
      vertex 7.36249 18.5955 110
    endloop
  endfacet
  facet normal -0 0 -1
    outer loop
      vertex 7.72542 23.7764 110
      vertex 6.18034 19.0211 110
      vertex 6.21725 24.2146 110
    endloop
  endfacet
  facet normal 0 0 -1
    outer loop
      vertex 4.9738 19.3717 110
      vertex 6.21725 24.2146 110
      vertex 6.18034 19.0211 110
    endloop
  endfacet
  facet normal 0 0 -1
    outer loop
      vertex 4.9738 19.3717 110
      vertex 4.68453 24.5572 110
      vertex 6.21725 24.2146 110
    endloop
  endfacet
  facet normal 0 0 -1
    outer loop
      vertex 3.74763 19.6457 110
      vertex 4.68453 24.5572 110
      vertex 4.9738 19.3717 110
    endloop
  endfacet
  facet normal 0 0 -1
    outer loop
      vertex 3.74763 19.6457 110
      vertex 3.13333 24.8029 110
      vertex 4.68453 24.5572 110
    endloop
  endfacet
  facet normal 0 0 -1
    outer loop
      vertex 2.50666 19.8423 110
      vertex 3.13333 24.8029 110
      vertex 3.74763 19.6457 110
    endloop
  endfacet
  facet normal 0 0 -1
    outer loop
      vertex 2.50666 19.8423 110
      vertex 1.56976 24.9507 110
      vertex 3.13333 24.8029 110
    endloop
  endfacet
  facet normal 0 0 -1
    outer loop
      vertex 1.25581 19.9605 110
      vertex 1.56976 24.9507 110
      vertex 2.50666 19.8423 110
    endloop
  endfacet
  facet normal 0 0 -1
    outer loop
      vertex 0 20 110
      vertex 1.56976 24.9507 110
      vertex 1.25581 19.9605 110
    endloop
  endfacet
  facet normal 0 0 -1
    outer loop
      vertex 0 20 110
      vertex 0 25 110
      vertex 1.56976 24.9507 110
    endloop
  endfacet
  facet normal 0 0 -1
    outer loop
      vertex -1.25581 19.9605 110
      vertex 0 25 110
      vertex 0 20 110
    endloop
  endfacet
  facet normal 0 0 -1
    outer loop
      vertex -1.25581 19.9605 110
      vertex -1.56976 24.9507 110
      vertex 0 25 110
    endloop
  endfacet
  facet normal 0 0 -1
    outer loop
      vertex -2.50666 19.8423 110
      vertex -1.56976 24.9507 110
      vertex -1.25581 19.9605 110
    endloop
  endfacet
  facet normal 0 0 -1
    outer loop
      vertex -2.50666 19.8423 110
      vertex -3.13333 24.8029 110
      vertex -1.56976 24.9507 110
    endloop
  endfacet
  facet normal 0 0 -1
    outer loop
      vertex -3.74763 19.6457 110
      vertex -3.13333 24.8029 110
      vertex -2.50666 19.8423 110
    endloop
  endfacet
  facet normal 0 0 -1
    outer loop
      vertex -3.74763 19.6457 110
      vertex -4.68453 24.5572 110
      vertex -3.13333 24.8029 110
    endloop
  endfacet
  facet normal 0 0 -1
    outer loop
      vertex -4.9738 19.3717 110
      vertex -4.68453 24.5572 110
      vertex -3.74763 19.6457 110
    endloop
  endfacet
  facet normal 0 0 -1
    outer loop
      vertex -6.21725 24.2146 110
      vertex -4.9738 19.3717 110
      vertex -6.18034 19.0211 110
    endloop
  endfacet
  facet normal 0 0 -1
    outer loop
      vertex -4.9738 19.3717 110
      vertex -6.21725 24.2146 110
      vertex -4.68453 24.5572 110
    endloop
  endfacet
  facet normal 0 0 -1
    outer loop
      vertex -7.72542 23.7764 110
      vertex -6.18034 19.0211 110
      vertex -7.36249 18.5955 110
    endloop
  endfacet
  facet normal 0 0 -1
    outer loop
      vertex -6.18034 19.0211 110
      vertex -7.72542 23.7764 110
      vertex -6.21725 24.2146 110
    endloop
  endfacet
  facet normal 0 0 -1
    outer loop
      vertex -9.20311 23.2444 110
      vertex -7.36249 18.5955 110
      vertex -8.51558 18.0965 110
    endloop
  endfacet
  facet normal 0 0 -1
    outer loop
      vertex -7.36249 18.5955 110
      vertex -9.20311 23.2444 110
      vertex -7.72542 23.7764 110
    endloop
  endfacet
  facet normal 0 0 -1
    outer loop
      vertex -10.6445 22.6207 110
      vertex -8.51558 18.0965 110
      vertex -9.63507 17.5261 110
    endloop
  endfacet
  facet normal 0 0 -1
    outer loop
      vertex -8.51558 18.0965 110
      vertex -10.6445 22.6207 110
      vertex -9.20311 23.2444 110
    endloop
  endfacet
  facet normal 0 0 -1
    outer loop
      vertex -12.0438 21.9077 110
      vertex -9.63507 17.5261 110
      vertex -10.7165 16.8866 110
    endloop
  endfacet
  facet normal 0 0 -1
    outer loop
      vertex -13.3957 21.1082 110
      vertex -10.7165 16.8866 110
      vertex -11.7557 16.1803 110
    endloop
  endfacet
  facet normal 0 0 -1
    outer loop
      vertex -9.63507 17.5261 110
      vertex -12.0438 21.9077 110
      vertex -10.6445 22.6207 110
    endloop
  endfacet
  facet normal 0 0 -1
    outer loop
      vertex -14.6946 20.2254 110
      vertex -11.7557 16.1803 110
      vertex -12.7485 15.4103 110
    endloop
  endfacet
  facet normal 0 0 -1
    outer loop
      vertex -10.7165 16.8866 110
      vertex -13.3957 21.1082 110
      vertex -12.0438 21.9077 110
    endloop
  endfacet
  facet normal 0 0 -1
    outer loop
      vertex -15.9356 19.2628 110
      vertex -12.7485 15.4103 110
      vertex -13.6909 14.5794 110
    endloop
  endfacet
  facet normal 0 0 -1
    outer loop
      vertex -17.1137 18.2242 110
      vertex -13.6909 14.5794 110
      vertex -14.5794 13.6909 110
    endloop
  endfacet
  facet normal 0 0 -1
    outer loop
      vertex -11.7557 16.1803 110
      vertex -14.6946 20.2254 110
      vertex -13.3957 21.1082 110
    endloop
  endfacet
  facet normal 0 0 -1
    outer loop
      vertex -18.2242 17.1137 110
      vertex -14.5794 13.6909 110
      vertex -15.4103 12.7485 110
    endloop
  endfacet
  facet normal 0 0 -1
    outer loop
      vertex -12.7485 15.4103 110
      vertex -15.9356 19.2628 110
      vertex -14.6946 20.2254 110
    endloop
  endfacet
  facet normal 0 0 -1
    outer loop
      vertex -19.2628 15.9356 110
      vertex -15.4103 12.7485 110
      vertex -16.1803 11.7557 110
    endloop
  endfacet
  facet normal 0 0 -1
    outer loop
      vertex -20.2254 14.6946 110
      vertex -16.1803 11.7557 110
      vertex -16.8866 10.7165 110
    endloop
  endfacet
  facet normal 0 0 -1
    outer loop
      vertex -13.6909 14.5794 110
      vertex -17.1137 18.2242 110
      vertex -15.9356 19.2628 110
    endloop
  endfacet
  facet normal 0 0 -1
    outer loop
      vertex -21.1082 13.3957 110
      vertex -16.8866 10.7165 110
      vertex -17.5261 9.63507 110
    endloop
  endfacet
  facet normal 0 0 -1
    outer loop
      vertex -21.9077 12.0438 110
      vertex -17.5261 9.63507 110
      vertex -18.0965 8.51558 110
    endloop
  endfacet
  facet normal 0 0 -1
    outer loop
      vertex -14.5794 13.6909 110
      vertex -18.2242 17.1137 110
      vertex -17.1137 18.2242 110
    endloop
  endfacet
  facet normal 0 0 -1
    outer loop
      vertex -22.6207 10.6445 110
      vertex -18.0965 8.51558 110
      vertex -18.5955 7.36249 110
    endloop
  endfacet
  facet normal 0 0 -1
    outer loop
      vertex -23.2444 9.20311 110
      vertex -18.5955 7.36249 110
      vertex -19.0211 6.18034 110
    endloop
  endfacet
  facet normal 0 0 -1
    outer loop
      vertex -15.4103 12.7485 110
      vertex -19.2628 15.9356 110
      vertex -18.2242 17.1137 110
    endloop
  endfacet
  facet normal 0 0 -1
    outer loop
      vertex -23.7764 7.72542 110
      vertex -19.0211 6.18034 110
      vertex -19.3717 4.9738 110
    endloop
  endfacet
  facet normal 0 0 -1
    outer loop
      vertex -24.2146 6.21725 110
      vertex -19.3717 4.9738 110
      vertex -19.6457 3.74763 110
    endloop
  endfacet
  facet normal 0 0 -1
    outer loop
      vertex -24.5572 4.68453 110
      vertex -19.6457 3.74763 110
      vertex -19.8423 2.50666 110
    endloop
  endfacet
  facet normal 0 0 -1
    outer loop
      vertex -24.8029 3.13333 110
      vertex -19.8423 2.50666 110
      vertex -19.9605 1.25581 110
    endloop
  endfacet
  facet normal 0 0 -1
    outer loop
      vertex -16.1803 11.7557 110
      vertex -20.2254 14.6946 110
      vertex -19.2628 15.9356 110
    endloop
  endfacet
  facet normal 0 0 -1
    outer loop
      vertex -24.9507 1.56976 110
      vertex -19.9605 1.25581 110
      vertex -20 0 110
    endloop
  endfacet
  facet normal -0 0 -1
    outer loop
      vertex -19.0211 -6.18034 110
      vertex -23.7764 -7.72542 110
      vertex -19.3717 -4.9738 110
    endloop
  endfacet
  facet normal 0 0 -1
    outer loop
      vertex -24.2146 -6.21725 110
      vertex -19.3717 -4.9738 110
      vertex -23.7764 -7.72542 110
    endloop
  endfacet
  facet normal 0 0 -1
    outer loop
      vertex -16.8866 10.7165 110
      vertex -21.1082 13.3957 110
      vertex -20.2254 14.6946 110
    endloop
  endfacet
  facet normal -0 0 -1
    outer loop
      vertex -19.3717 -4.9738 110
      vertex -24.2146 -6.21725 110
      vertex -19.6457 -3.74763 110
    endloop
  endfacet
  facet normal 0 0 -1
    outer loop
      vertex -17.5261 9.63507 110
      vertex -21.9077 12.0438 110
      vertex -21.1082 13.3957 110
    endloop
  endfacet
  facet normal 0 0 -1
    outer loop
      vertex -24.5572 -4.68453 110
      vertex -19.6457 -3.74763 110
      vertex -24.2146 -6.21725 110
    endloop
  endfacet
  facet normal 0 0 -1
    outer loop
      vertex -18.0965 8.51558 110
      vertex -22.6207 10.6445 110
      vertex -21.9077 12.0438 110
    endloop
  endfacet
  facet normal -0 0 -1
    outer loop
      vertex -19.6457 -3.74763 110
      vertex -24.5572 -4.68453 110
      vertex -19.8423 -2.50666 110
    endloop
  endfacet
  facet normal 0 0 -1
    outer loop
      vertex -18.5955 7.36249 110
      vertex -23.2444 9.20311 110
      vertex -22.6207 10.6445 110
    endloop
  endfacet
  facet normal 0 0 -1
    outer loop
      vertex -24.8029 -3.13333 110
      vertex -19.8423 -2.50666 110
      vertex -24.5572 -4.68453 110
    endloop
  endfacet
  facet normal 0 0 -1
    outer loop
      vertex -19.0211 6.18034 110
      vertex -23.7764 7.72542 110
      vertex -23.2444 9.20311 110
    endloop
  endfacet
  facet normal -0 0 -1
    outer loop
      vertex -19.8423 -2.50666 110
      vertex -24.8029 -3.13333 110
      vertex -19.9605 -1.25581 110
    endloop
  endfacet
  facet normal 0 0 -1
    outer loop
      vertex -19.3717 4.9738 110
      vertex -24.2146 6.21725 110
      vertex -23.7764 7.72542 110
    endloop
  endfacet
  facet normal 0 0 -1
    outer loop
      vertex -24.9507 -1.56976 110
      vertex -19.9605 -1.25581 110
      vertex -24.8029 -3.13333 110
    endloop
  endfacet
  facet normal 0 0 -1
    outer loop
      vertex -19.6457 3.74763 110
      vertex -24.5572 4.68453 110
      vertex -24.2146 6.21725 110
    endloop
  endfacet
  facet normal -0 0 -1
    outer loop
      vertex -19.9605 -1.25581 110
      vertex -24.9507 -1.56976 110
      vertex -20 0 110
    endloop
  endfacet
  facet normal 0 0 -1
    outer loop
      vertex -19.8423 2.50666 110
      vertex -24.8029 3.13333 110
      vertex -24.5572 4.68453 110
    endloop
  endfacet
  facet normal 0 0 -1
    outer loop
      vertex -25 0 110
      vertex -20 0 110
      vertex -24.9507 -1.56976 110
    endloop
  endfacet
  facet normal 0 0 -1
    outer loop
      vertex -19.9605 1.25581 110
      vertex -24.9507 1.56976 110
      vertex -24.8029 3.13333 110
    endloop
  endfacet
  facet normal 0 0 -1
    outer loop
      vertex -20 0 110
      vertex -25 0 110
      vertex -24.9507 1.56976 110
    endloop
  endfacet
  facet normal -0.0313906 0.999507 0
    outer loop
      vertex 0 25 110
      vertex -1.56976 24.9507 125
      vertex 0 25 125
    endloop
  endfacet
  facet normal -0.0313906 0.999507 0
    outer loop
      vertex -1.56976 24.9507 125
      vertex 0 25 110
      vertex -1.56976 24.9507 110
    endloop
  endfacet
  facet normal 0.707107 -0.707107 0
    outer loop
      vertex 17.1137 -18.2242 125
      vertex 18.2242 -17.1137 110
      vertex 18.2242 -17.1137 125
    endloop
  endfacet
  facet normal 0.707107 -0.707107 0
    outer loop
      vertex 18.2242 -17.1137 110
      vertex 17.1137 -18.2242 125
      vertex 17.1137 -18.2242 110
    endloop
  endfacet
  facet normal 0.218141 -0.975917 0
    outer loop
      vertex 4.68453 -24.5572 110
      vertex 6.21725 -24.2146 125
      vertex 4.68453 -24.5572 125
    endloop
  endfacet
  facet normal 0.218141 -0.975917 0
    outer loop
      vertex 6.21725 -24.2146 125
      vertex 4.68453 -24.5572 110
      vertex 6.21725 -24.2146 110
    endloop
  endfacet
  facet normal -0.661299 -0.750122 0
    outer loop
      vertex -17.1137 -18.2242 110
      vertex -15.9356 -19.2628 125
      vertex -17.1137 -18.2242 125
    endloop
  endfacet
  facet normal -0.661299 -0.750122 -0
    outer loop
      vertex -15.9356 -19.2628 125
      vertex -17.1137 -18.2242 110
      vertex -15.9356 -19.2628 110
    endloop
  endfacet
  facet normal -0.707107 0.707107 0
    outer loop
      vertex -18.2242 17.1137 110
      vertex -17.1137 18.2242 125
      vertex -17.1137 18.2242 110
    endloop
  endfacet
  facet normal -0.707107 0.707107 0
    outer loop
      vertex -17.1137 18.2242 125
      vertex -18.2242 17.1137 110
      vertex -18.2242 17.1137 125
    endloop
  endfacet
  facet normal 0.0941078 0.995562 -0
    outer loop
      vertex 3.13333 24.8029 110
      vertex 1.56976 24.9507 125
      vertex 3.13333 24.8029 125
    endloop
  endfacet
  facet normal 0.0941078 0.995562 0
    outer loop
      vertex 1.56976 24.9507 125
      vertex 3.13333 24.8029 110
      vertex 1.56976 24.9507 110
    endloop
  endfacet
  facet normal 0.562113 -0.82706 0
    outer loop
      vertex 13.3957 -21.1082 110
      vertex 14.6946 -20.2254 125
      vertex 13.3957 -21.1082 125
    endloop
  endfacet
  facet normal 0.562113 -0.82706 0
    outer loop
      vertex 14.6946 -20.2254 125
      vertex 13.3957 -21.1082 110
      vertex 14.6946 -20.2254 110
    endloop
  endfacet
  facet normal -0.6129 -0.790161 0
    outer loop
      vertex -15.9356 -19.2628 110
      vertex -14.6946 -20.2254 125
      vertex -15.9356 -19.2628 125
    endloop
  endfacet
  facet normal -0.6129 -0.790161 -0
    outer loop
      vertex -14.6946 -20.2254 125
      vertex -15.9356 -19.2628 110
      vertex -14.6946 -20.2254 110
    endloop
  endfacet
  facet normal 0.750122 0.661299 0
    outer loop
      vertex 19.2628 15.9356 125
      vertex 18.2242 17.1137 110
      vertex 18.2242 17.1137 125
    endloop
  endfacet
  facet normal 0.750122 0.661299 0
    outer loop
      vertex 18.2242 17.1137 110
      vertex 19.2628 15.9356 125
      vertex 19.2628 15.9356 110
    endloop
  endfacet
  facet normal -0.891001 0.454001 0
    outer loop
      vertex -22.6207 10.6445 110
      vertex -21.9077 12.0438 125
      vertex -21.9077 12.0438 110
    endloop
  endfacet
  facet normal -0.891001 0.454001 0
    outer loop
      vertex -21.9077 12.0438 125
      vertex -22.6207 10.6445 110
      vertex -22.6207 10.6445 125
    endloop
  endfacet
  facet normal -0.987687 0.156443 0
    outer loop
      vertex -24.8029 3.13333 110
      vertex -24.5572 4.68453 125
      vertex -24.5572 4.68453 110
    endloop
  endfacet
  facet normal -0.987687 0.156443 0
    outer loop
      vertex -24.5572 4.68453 125
      vertex -24.8029 3.13333 110
      vertex -24.8029 3.13333 125
    endloop
  endfacet
  facet normal -0.891001 -0.454001 0
    outer loop
      vertex -21.9077 -12.0438 110
      vertex -22.6207 -10.6445 125
      vertex -22.6207 -10.6445 110
    endloop
  endfacet
  facet normal -0.891001 -0.454001 0
    outer loop
      vertex -22.6207 -10.6445 125
      vertex -21.9077 -12.0438 110
      vertex -21.9077 -12.0438 125
    endloop
  endfacet
  facet normal -0.860745 -0.509036 0
    outer loop
      vertex -21.1082 -13.3957 110
      vertex -21.9077 -12.0438 125
      vertex -21.9077 -12.0438 110
    endloop
  endfacet
  facet normal -0.860745 -0.509036 0
    outer loop
      vertex -21.9077 -12.0438 125
      vertex -21.1082 -13.3957 110
      vertex -21.1082 -13.3957 125
    endloop
  endfacet
  facet normal -0.995562 0.0941078 0
    outer loop
      vertex -24.9507 1.56976 110
      vertex -24.8029 3.13333 125
      vertex -24.8029 3.13333 110
    endloop
  endfacet
  facet normal -0.995562 0.0941078 0
    outer loop
      vertex -24.8029 3.13333 125
      vertex -24.9507 1.56976 110
      vertex -24.9507 1.56976 125
    endloop
  endfacet
  facet normal -0.279012 -0.960288 0
    outer loop
      vertex -7.72542 -23.7764 110
      vertex -6.21725 -24.2146 125
      vertex -7.72542 -23.7764 125
    endloop
  endfacet
  facet normal -0.279012 -0.960288 -0
    outer loop
      vertex -6.21725 -24.2146 125
      vertex -7.72542 -23.7764 110
      vertex -6.21725 -24.2146 110
    endloop
  endfacet
  facet normal -0.860745 0.509036 0
    outer loop
      vertex -21.9077 12.0438 110
      vertex -21.1082 13.3957 125
      vertex -21.1082 13.3957 110
    endloop
  endfacet
  facet normal -0.860745 0.509036 0
    outer loop
      vertex -21.1082 13.3957 125
      vertex -21.9077 12.0438 110
      vertex -21.9077 12.0438 125
    endloop
  endfacet
endsolid OpenSCAD_Model
