solid OpenSCAD_Model
  facet normal -0.750086 0.66134 0
    outer loop
      vertex -15.4103 12.7485 0
      vertex -14.5794 13.6909 10
      vertex -14.5794 13.6909 0
    endloop
  endfacet
  facet normal -0.750086 0.66134 0
    outer loop
      vertex -14.5794 13.6909 10
      vertex -15.4103 12.7485 0
      vertex -15.4103 12.7485 10
    endloop
  endfacet
  facet normal 0.995565 0.0940767 0
    outer loop
      vertex 19.9605 1.25581 10
      vertex 19.8423 2.50666 0
      vertex 19.8423 2.50666 10
    endloop
  endfacet
  facet normal 0.995565 0.0940767 0
    outer loop
      vertex 19.8423 2.50666 0
      vertex 19.9605 1.25581 10
      vertex 19.9605 1.25581 0
    endloop
  endfacet
  facet normal 0.999506 0.0314383 0
    outer loop
      vertex 20 0 10
      vertex 19.9605 1.25581 0
      vertex 19.9605 1.25581 10
    endloop
  endfacet
  facet normal 0.999506 0.0314383 0
    outer loop
      vertex 19.9605 1.25581 0
      vertex 20 0 10
      vertex 20 0 0
    endloop
  endfacet
  facet normal -0.562116 -0.827058 0
    outer loop
      vertex -11.7557 -16.1803 0
      vertex -10.7165 -16.8866 10
      vertex -11.7557 -16.1803 10
    endloop
  endfacet
  facet normal -0.562116 -0.827058 -0
    outer loop
      vertex -10.7165 -16.8866 10
      vertex -11.7557 -16.1803 0
      vertex -10.7165 -16.8866 0
    endloop
  endfacet
  facet normal 0.0314383 0.999506 -0
    outer loop
      vertex 1.25581 19.9605 0
      vertex 0 20 10
      vertex 1.25581 19.9605 10
    endloop
  endfacet
  facet normal 0.0314383 0.999506 0
    outer loop
      vertex 0 20 10
      vertex 1.25581 19.9605 0
      vertex 0 20 0
    endloop
  endfacet
  facet normal 0.562116 0.827058 -0
    outer loop
      vertex 11.7557 16.1803 0
      vertex 10.7165 16.8866 10
      vertex 11.7557 16.1803 10
    endloop
  endfacet
  facet normal 0.562116 0.827058 0
    outer loop
      vertex 10.7165 16.8866 10
      vertex 11.7557 16.1803 0
      vertex 10.7165 16.8866 0
    endloop
  endfacet
  facet normal -0.960279 -0.279041 0
    outer loop
      vertex -19.0211 -6.18034 0
      vertex -19.3717 -4.9738 10
      vertex -19.3717 -4.9738 0
    endloop
  endfacet
  facet normal -0.960279 -0.279041 0
    outer loop
      vertex -19.3717 -4.9738 10
      vertex -19.0211 -6.18034 0
      vertex -19.0211 -6.18034 10
    endloop
  endfacet
  facet normal -0.790191 -0.61286 0
    outer loop
      vertex -15.4103 -12.7485 0
      vertex -16.1803 -11.7557 10
      vertex -16.1803 -11.7557 0
    endloop
  endfacet
  facet normal -0.790191 -0.61286 0
    outer loop
      vertex -16.1803 -11.7557 10
      vertex -15.4103 -12.7485 0
      vertex -15.4103 -12.7485 10
    endloop
  endfacet
  facet normal 0.750086 -0.66134 0
    outer loop
      vertex 14.5794 -13.6909 10
      vertex 15.4103 -12.7485 0
      vertex 15.4103 -12.7485 10
    endloop
  endfacet
  facet normal 0.750086 -0.66134 0
    outer loop
      vertex 15.4103 -12.7485 0
      vertex 14.5794 -13.6909 10
      vertex 14.5794 -13.6909 0
    endloop
  endfacet
  facet normal -0.827058 -0.562116 0
    outer loop
      vertex -16.1803 -11.7557 0
      vertex -16.8866 -10.7165 10
      vertex -16.8866 -10.7165 0
    endloop
  endfacet
  facet normal -0.827058 -0.562116 0
    outer loop
      vertex -16.8866 -10.7165 10
      vertex -16.1803 -11.7557 0
      vertex -16.1803 -11.7557 10
    endloop
  endfacet
  facet normal -0.218081 0.975931 0
    outer loop
      vertex -3.74763 19.6457 0
      vertex -4.9738 19.3717 10
      vertex -3.74763 19.6457 10
    endloop
  endfacet
  facet normal -0.218081 0.975931 0
    outer loop
      vertex -4.9738 19.3717 10
      vertex -3.74763 19.6457 0
      vertex -4.9738 19.3717 0
    endloop
  endfacet
  facet normal 0.279041 -0.960279 0
    outer loop
      vertex 4.9738 -19.3717 0
      vertex 6.18034 -19.0211 10
      vertex 4.9738 -19.3717 10
    endloop
  endfacet
  facet normal 0.279041 -0.960279 0
    outer loop
      vertex 6.18034 -19.0211 10
      vertex 4.9738 -19.3717 0
      vertex 6.18034 -19.0211 0
    endloop
  endfacet
  facet normal 0.960279 0.279041 0
    outer loop
      vertex 19.3717 4.9738 10
      vertex 19.0211 6.18034 0
      vertex 19.0211 6.18034 10
    endloop
  endfacet
  facet normal 0.960279 0.279041 0
    outer loop
      vertex 19.0211 6.18034 0
      vertex 19.3717 4.9738 10
      vertex 19.3717 4.9738 0
    endloop
  endfacet
  facet normal 0.999506 -0.0314383 0
    outer loop
      vertex 19.9605 -1.25581 10
      vertex 20 0 0
      vertex 20 0 10
    endloop
  endfacet
  facet normal 0.999506 -0.0314383 0
    outer loop
      vertex 20 0 0
      vertex 19.9605 -1.25581 10
      vertex 19.9605 -1.25581 0
    endloop
  endfacet
  facet normal -0.397157 -0.917751 0
    outer loop
      vertex -8.51558 -18.0965 0
      vertex -7.36249 -18.5955 10
      vertex -8.51558 -18.0965 10
    endloop
  endfacet
  facet normal -0.397157 -0.917751 -0
    outer loop
      vertex -7.36249 -18.5955 10
      vertex -8.51558 -18.0965 0
      vertex -7.36249 -18.5955 0
    endloop
  endfacet
  facet normal -0.860762 -0.509008 0
    outer loop
      vertex -16.8866 -10.7165 0
      vertex -17.5261 -9.63507 10
      vertex -17.5261 -9.63507 0
    endloop
  endfacet
  facet normal -0.860762 -0.509008 0
    outer loop
      vertex -17.5261 -9.63507 10
      vertex -16.8866 -10.7165 0
      vertex -16.8866 -10.7165 10
    endloop
  endfacet
  facet normal -0.891009 0.453985 0
    outer loop
      vertex -18.0965 8.51558 0
      vertex -17.5261 9.63507 10
      vertex -17.5261 9.63507 0
    endloop
  endfacet
  facet normal -0.891009 0.453985 0
    outer loop
      vertex -17.5261 9.63507 10
      vertex -18.0965 8.51558 0
      vertex -18.0965 8.51558 10
    endloop
  endfacet
  facet normal 0.66134 0.750086 -0
    outer loop
      vertex 13.6909 14.5794 0
      vertex 12.7485 15.4103 10
      vertex 13.6909 14.5794 10
    endloop
  endfacet
  facet normal 0.66134 0.750086 0
    outer loop
      vertex 12.7485 15.4103 10
      vertex 13.6909 14.5794 0
      vertex 12.7485 15.4103 0
    endloop
  endfacet
  facet normal 0.61286 -0.790191 0
    outer loop
      vertex 11.7557 -16.1803 0
      vertex 12.7485 -15.4103 10
      vertex 11.7557 -16.1803 10
    endloop
  endfacet
  facet normal 0.61286 -0.790191 0
    outer loop
      vertex 12.7485 -15.4103 10
      vertex 11.7557 -16.1803 0
      vertex 12.7485 -15.4103 0
    endloop
  endfacet
  facet normal 0 0 1
    outer loop
      vertex 17 0 10
      vertex 20 0 10
      vertex 19.9605 1.25581 10
    endloop
  endfacet
  facet normal 0 0 1
    outer loop
      vertex 16.9665 1.06744 10
      vertex 19.9605 1.25581 10
      vertex 19.8423 2.50666 10
    endloop
  endfacet
  facet normal 0 0 1
    outer loop
      vertex 20 0 10
      vertex 17 0 10
      vertex 19.9605 -1.25581 10
    endloop
  endfacet
  facet normal 0 0 1
    outer loop
      vertex 16.8659 2.13066 10
      vertex 19.8423 2.50666 10
      vertex 19.6457 3.74763 10
    endloop
  endfacet
  facet normal -0 0 1
    outer loop
      vertex 16.9665 -1.06744 10
      vertex 19.9605 -1.25581 10
      vertex 17 0 10
    endloop
  endfacet
  facet normal 0 0 1
    outer loop
      vertex 16.6989 3.18548 10
      vertex 19.6457 3.74763 10
      vertex 19.3717 4.9738 10
    endloop
  endfacet
  facet normal 0 0 1
    outer loop
      vertex 19.9605 -1.25581 10
      vertex 16.9665 -1.06744 10
      vertex 19.8423 -2.50666 10
    endloop
  endfacet
  facet normal 0 0 1
    outer loop
      vertex 16.4659 4.22773 10
      vertex 19.3717 4.9738 10
      vertex 19.0211 6.18034 10
    endloop
  endfacet
  facet normal -0 0 1
    outer loop
      vertex 16.8659 -2.13066 10
      vertex 19.8423 -2.50666 10
      vertex 16.9665 -1.06744 10
    endloop
  endfacet
  facet normal 0 0 1
    outer loop
      vertex 16.168 5.25329 10
      vertex 19.0211 6.18034 10
      vertex 18.5955 7.36249 10
    endloop
  endfacet
  facet normal 0 0 1
    outer loop
      vertex 19.8423 -2.50666 10
      vertex 16.8659 -2.13066 10
      vertex 19.6457 -3.74763 10
    endloop
  endfacet
  facet normal 0 0 1
    outer loop
      vertex 15.8062 6.25812 10
      vertex 18.5955 7.36249 10
      vertex 18.0965 8.51558 10
    endloop
  endfacet
  facet normal -0 0 1
    outer loop
      vertex 16.6989 -3.18548 10
      vertex 19.6457 -3.74763 10
      vertex 16.8659 -2.13066 10
    endloop
  endfacet
  facet normal 0 0 1
    outer loop
      vertex 15.3821 7.23825 10
      vertex 18.0965 8.51558 10
      vertex 17.5261 9.63507 10
    endloop
  endfacet
  facet normal 0 0 1
    outer loop
      vertex 19.6457 -3.74763 10
      vertex 16.6989 -3.18548 10
      vertex 19.3717 -4.9738 10
    endloop
  endfacet
  facet normal -0 0 1
    outer loop
      vertex 16.4659 -4.22773 10
      vertex 19.3717 -4.9738 10
      vertex 16.6989 -3.18548 10
    endloop
  endfacet
  facet normal 0 0 1
    outer loop
      vertex 19.9605 1.25581 10
      vertex 16.9665 1.06744 10
      vertex 17 0 10
    endloop
  endfacet
  facet normal 0 0 1
    outer loop
      vertex 14.8972 8.18981 10
      vertex 17.5261 9.63507 10
      vertex 16.8866 10.7165 10
    endloop
  endfacet
  facet normal 0 0 1
    outer loop
      vertex 19.8423 2.50666 10
      vertex 16.8659 2.13066 10
      vertex 16.9665 1.06744 10
    endloop
  endfacet
  facet normal 0 0 1
    outer loop
      vertex 19.6457 3.74763 10
      vertex 16.6989 3.18548 10
      vertex 16.8659 2.13066 10
    endloop
  endfacet
  facet normal 0 0 1
    outer loop
      vertex 19.3717 4.9738 10
      vertex 16.4659 4.22773 10
      vertex 16.6989 3.18548 10
    endloop
  endfacet
  facet normal 0 0 1
    outer loop
      vertex 14.3536 9.10905 10
      vertex 16.8866 10.7165 10
      vertex 16.1803 11.7557 10
    endloop
  endfacet
  facet normal 0 0 1
    outer loop
      vertex 19.0211 6.18034 10
      vertex 16.168 5.25329 10
      vertex 16.4659 4.22773 10
    endloop
  endfacet
  facet normal 0 0 1
    outer loop
      vertex 18.5955 7.36249 10
      vertex 15.8062 6.25812 10
      vertex 16.168 5.25329 10
    endloop
  endfacet
  facet normal 0 0 1
    outer loop
      vertex 13.7533 9.99235 10
      vertex 16.1803 11.7557 10
      vertex 15.4103 12.7485 10
    endloop
  endfacet
  facet normal 0 0 1
    outer loop
      vertex 18.0965 8.51558 10
      vertex 15.3821 7.23825 10
      vertex 15.8062 6.25812 10
    endloop
  endfacet
  facet normal 0 0 1
    outer loop
      vertex 17.5261 9.63507 10
      vertex 14.8972 8.18981 10
      vertex 15.3821 7.23825 10
    endloop
  endfacet
  facet normal 0 0 1
    outer loop
      vertex 13.0987 10.8362 10
      vertex 15.4103 12.7485 10
      vertex 14.5794 13.6909 10
    endloop
  endfacet
  facet normal 0 0 1
    outer loop
      vertex 16.8866 10.7165 10
      vertex 14.3536 9.10905 10
      vertex 14.8972 8.18981 10
    endloop
  endfacet
  facet normal 0 0 1
    outer loop
      vertex 16.1803 11.7557 10
      vertex 13.7533 9.99235 10
      vertex 14.3536 9.10905 10
    endloop
  endfacet
  facet normal 0 0 1
    outer loop
      vertex 12.3925 11.6373 10
      vertex 14.5794 13.6909 10
      vertex 13.6909 14.5794 10
    endloop
  endfacet
  facet normal 0 0 1
    outer loop
      vertex 15.4103 12.7485 10
      vertex 13.0987 10.8362 10
      vertex 13.7533 9.99235 10
    endloop
  endfacet
  facet normal 0 0 1
    outer loop
      vertex 11.6373 12.3925 10
      vertex 13.6909 14.5794 10
      vertex 12.7485 15.4103 10
    endloop
  endfacet
  facet normal 0 0 1
    outer loop
      vertex 14.5794 13.6909 10
      vertex 12.3925 11.6373 10
      vertex 13.0987 10.8362 10
    endloop
  endfacet
  facet normal 0 0 1
    outer loop
      vertex 10.8362 13.0987 10
      vertex 12.7485 15.4103 10
      vertex 11.7557 16.1803 10
    endloop
  endfacet
  facet normal 0 0 1
    outer loop
      vertex 13.6909 14.5794 10
      vertex 11.6373 12.3925 10
      vertex 12.3925 11.6373 10
    endloop
  endfacet
  facet normal 0 0 1
    outer loop
      vertex 12.7485 15.4103 10
      vertex 10.8362 13.0987 10
      vertex 11.6373 12.3925 10
    endloop
  endfacet
  facet normal 0 0 1
    outer loop
      vertex 9.99235 13.7533 10
      vertex 11.7557 16.1803 10
      vertex 10.7165 16.8866 10
    endloop
  endfacet
  facet normal 0 0 1
    outer loop
      vertex 11.7557 16.1803 10
      vertex 9.99235 13.7533 10
      vertex 10.8362 13.0987 10
    endloop
  endfacet
  facet normal 0 0 1
    outer loop
      vertex 9.10905 14.3536 10
      vertex 10.7165 16.8866 10
      vertex 9.63507 17.5261 10
    endloop
  endfacet
  facet normal 0 0 1
    outer loop
      vertex 10.7165 16.8866 10
      vertex 9.10905 14.3536 10
      vertex 9.99235 13.7533 10
    endloop
  endfacet
  facet normal 0 0 1
    outer loop
      vertex 8.18981 14.8972 10
      vertex 9.63507 17.5261 10
      vertex 8.51558 18.0965 10
    endloop
  endfacet
  facet normal 0 0 1
    outer loop
      vertex 9.63507 17.5261 10
      vertex 8.18981 14.8972 10
      vertex 9.10905 14.3536 10
    endloop
  endfacet
  facet normal 0 0 1
    outer loop
      vertex 7.23825 15.3821 10
      vertex 8.51558 18.0965 10
      vertex 7.36249 18.5955 10
    endloop
  endfacet
  facet normal 0 0 1
    outer loop
      vertex 8.51558 18.0965 10
      vertex 7.23825 15.3821 10
      vertex 8.18981 14.8972 10
    endloop
  endfacet
  facet normal 0 0 1
    outer loop
      vertex 7.36249 18.5955 10
      vertex 6.25812 15.8062 10
      vertex 7.23825 15.3821 10
    endloop
  endfacet
  facet normal 0 0 1
    outer loop
      vertex 6.18034 19.0211 10
      vertex 6.25812 15.8062 10
      vertex 7.36249 18.5955 10
    endloop
  endfacet
  facet normal 0 0 1
    outer loop
      vertex 6.18034 19.0211 10
      vertex 5.25329 16.168 10
      vertex 6.25812 15.8062 10
    endloop
  endfacet
  facet normal 0 0 1
    outer loop
      vertex 4.9738 19.3717 10
      vertex 5.25329 16.168 10
      vertex 6.18034 19.0211 10
    endloop
  endfacet
  facet normal 0 0 1
    outer loop
      vertex 4.9738 19.3717 10
      vertex 4.22773 16.4659 10
      vertex 5.25329 16.168 10
    endloop
  endfacet
  facet normal 0 0 1
    outer loop
      vertex 3.74763 19.6457 10
      vertex 4.22773 16.4659 10
      vertex 4.9738 19.3717 10
    endloop
  endfacet
  facet normal 0 0 1
    outer loop
      vertex 3.74763 19.6457 10
      vertex 3.18548 16.6989 10
      vertex 4.22773 16.4659 10
    endloop
  endfacet
  facet normal 0 0 1
    outer loop
      vertex 2.50666 19.8423 10
      vertex 3.18548 16.6989 10
      vertex 3.74763 19.6457 10
    endloop
  endfacet
  facet normal 0 0 1
    outer loop
      vertex 2.50666 19.8423 10
      vertex 2.13066 16.8659 10
      vertex 3.18548 16.6989 10
    endloop
  endfacet
  facet normal 0 0 1
    outer loop
      vertex 1.25581 19.9605 10
      vertex 2.13066 16.8659 10
      vertex 2.50666 19.8423 10
    endloop
  endfacet
  facet normal 0 0 1
    outer loop
      vertex 1.25581 19.9605 10
      vertex 1.06744 16.9665 10
      vertex 2.13066 16.8659 10
    endloop
  endfacet
  facet normal 0 0 1
    outer loop
      vertex 0 20 10
      vertex 1.06744 16.9665 10
      vertex 1.25581 19.9605 10
    endloop
  endfacet
  facet normal 0 0 1
    outer loop
      vertex 0 20 10
      vertex 0 17 10
      vertex 1.06744 16.9665 10
    endloop
  endfacet
  facet normal 0 0 1
    outer loop
      vertex 0 20 10
      vertex -1.06744 16.9665 10
      vertex 0 17 10
    endloop
  endfacet
  facet normal -0 0 1
    outer loop
      vertex -1.25581 19.9605 10
      vertex -1.06744 16.9665 10
      vertex 0 20 10
    endloop
  endfacet
  facet normal 0 0 1
    outer loop
      vertex -1.25581 19.9605 10
      vertex -2.13066 16.8659 10
      vertex -1.06744 16.9665 10
    endloop
  endfacet
  facet normal -0 0 1
    outer loop
      vertex -2.50666 19.8423 10
      vertex -2.13066 16.8659 10
      vertex -1.25581 19.9605 10
    endloop
  endfacet
  facet normal 0 0 1
    outer loop
      vertex -2.50666 19.8423 10
      vertex -3.18548 16.6989 10
      vertex -2.13066 16.8659 10
    endloop
  endfacet
  facet normal -0 0 1
    outer loop
      vertex -3.74763 19.6457 10
      vertex -3.18548 16.6989 10
      vertex -2.50666 19.8423 10
    endloop
  endfacet
  facet normal 0 0 1
    outer loop
      vertex -3.74763 19.6457 10
      vertex -4.22773 16.4659 10
      vertex -3.18548 16.6989 10
    endloop
  endfacet
  facet normal -0 0 1
    outer loop
      vertex -4.9738 19.3717 10
      vertex -4.22773 16.4659 10
      vertex -3.74763 19.6457 10
    endloop
  endfacet
  facet normal 0 0 1
    outer loop
      vertex -4.9738 19.3717 10
      vertex -5.25329 16.168 10
      vertex -4.22773 16.4659 10
    endloop
  endfacet
  facet normal -0 0 1
    outer loop
      vertex -6.18034 19.0211 10
      vertex -5.25329 16.168 10
      vertex -4.9738 19.3717 10
    endloop
  endfacet
  facet normal 0 0 1
    outer loop
      vertex -6.18034 19.0211 10
      vertex -6.25812 15.8062 10
      vertex -5.25329 16.168 10
    endloop
  endfacet
  facet normal -0 0 1
    outer loop
      vertex -7.36249 18.5955 10
      vertex -6.25812 15.8062 10
      vertex -6.18034 19.0211 10
    endloop
  endfacet
  facet normal 0 0 1
    outer loop
      vertex -6.25812 15.8062 10
      vertex -7.36249 18.5955 10
      vertex -7.23825 15.3821 10
    endloop
  endfacet
  facet normal -0 0 1
    outer loop
      vertex -8.51558 18.0965 10
      vertex -7.23825 15.3821 10
      vertex -7.36249 18.5955 10
    endloop
  endfacet
  facet normal 0 0 1
    outer loop
      vertex -7.23825 15.3821 10
      vertex -8.51558 18.0965 10
      vertex -8.18981 14.8972 10
    endloop
  endfacet
  facet normal -0 0 1
    outer loop
      vertex -9.63507 17.5261 10
      vertex -8.18981 14.8972 10
      vertex -8.51558 18.0965 10
    endloop
  endfacet
  facet normal 0 0 1
    outer loop
      vertex -8.18981 14.8972 10
      vertex -9.63507 17.5261 10
      vertex -9.10905 14.3536 10
    endloop
  endfacet
  facet normal -0 0 1
    outer loop
      vertex -10.7165 16.8866 10
      vertex -9.10905 14.3536 10
      vertex -9.63507 17.5261 10
    endloop
  endfacet
  facet normal 0 0 1
    outer loop
      vertex -9.10905 14.3536 10
      vertex -10.7165 16.8866 10
      vertex -9.99235 13.7533 10
    endloop
  endfacet
  facet normal -0 0 1
    outer loop
      vertex -11.7557 16.1803 10
      vertex -9.99235 13.7533 10
      vertex -10.7165 16.8866 10
    endloop
  endfacet
  facet normal 0 0 1
    outer loop
      vertex -9.99235 13.7533 10
      vertex -11.7557 16.1803 10
      vertex -10.8362 13.0987 10
    endloop
  endfacet
  facet normal -0 0 1
    outer loop
      vertex -12.7485 15.4103 10
      vertex -10.8362 13.0987 10
      vertex -11.7557 16.1803 10
    endloop
  endfacet
  facet normal 0 0 1
    outer loop
      vertex -10.8362 13.0987 10
      vertex -12.7485 15.4103 10
      vertex -11.6373 12.3925 10
    endloop
  endfacet
  facet normal -0 0 1
    outer loop
      vertex -13.6909 14.5794 10
      vertex -11.6373 12.3925 10
      vertex -12.7485 15.4103 10
    endloop
  endfacet
  facet normal 0 0 1
    outer loop
      vertex -11.6373 12.3925 10
      vertex -13.6909 14.5794 10
      vertex -12.3925 11.6373 10
    endloop
  endfacet
  facet normal -0 0 1
    outer loop
      vertex -14.5794 13.6909 10
      vertex -12.3925 11.6373 10
      vertex -13.6909 14.5794 10
    endloop
  endfacet
  facet normal 0 0 1
    outer loop
      vertex -12.3925 11.6373 10
      vertex -14.5794 13.6909 10
      vertex -13.0987 10.8362 10
    endloop
  endfacet
  facet normal -0 0 1
    outer loop
      vertex -15.4103 12.7485 10
      vertex -13.0987 10.8362 10
      vertex -14.5794 13.6909 10
    endloop
  endfacet
  facet normal 0 0 1
    outer loop
      vertex -13.0987 10.8362 10
      vertex -15.4103 12.7485 10
      vertex -13.7533 9.99235 10
    endloop
  endfacet
  facet normal -0 0 1
    outer loop
      vertex -16.1803 11.7557 10
      vertex -13.7533 9.99235 10
      vertex -15.4103 12.7485 10
    endloop
  endfacet
  facet normal 0 0 1
    outer loop
      vertex -13.7533 9.99235 10
      vertex -16.1803 11.7557 10
      vertex -14.3536 9.10905 10
    endloop
  endfacet
  facet normal -0 0 1
    outer loop
      vertex -16.8866 10.7165 10
      vertex -14.3536 9.10905 10
      vertex -16.1803 11.7557 10
    endloop
  endfacet
  facet normal 0 0 1
    outer loop
      vertex -14.3536 9.10905 10
      vertex -16.8866 10.7165 10
      vertex -14.8972 8.18981 10
    endloop
  endfacet
  facet normal -0 0 1
    outer loop
      vertex -17.5261 9.63507 10
      vertex -14.8972 8.18981 10
      vertex -16.8866 10.7165 10
    endloop
  endfacet
  facet normal 0 0 1
    outer loop
      vertex -14.8972 8.18981 10
      vertex -17.5261 9.63507 10
      vertex -15.3821 7.23825 10
    endloop
  endfacet
  facet normal -0 0 1
    outer loop
      vertex -18.0965 8.51558 10
      vertex -15.3821 7.23825 10
      vertex -17.5261 9.63507 10
    endloop
  endfacet
  facet normal 0 0 1
    outer loop
      vertex -15.3821 7.23825 10
      vertex -18.0965 8.51558 10
      vertex -15.8062 6.25812 10
    endloop
  endfacet
  facet normal -0 0 1
    outer loop
      vertex -18.5955 7.36249 10
      vertex -15.8062 6.25812 10
      vertex -18.0965 8.51558 10
    endloop
  endfacet
  facet normal 0 0 1
    outer loop
      vertex -15.8062 6.25812 10
      vertex -18.5955 7.36249 10
      vertex -16.168 5.25329 10
    endloop
  endfacet
  facet normal -0 0 1
    outer loop
      vertex -19.0211 6.18034 10
      vertex -16.168 5.25329 10
      vertex -18.5955 7.36249 10
    endloop
  endfacet
  facet normal 0 0 1
    outer loop
      vertex -16.168 5.25329 10
      vertex -19.0211 6.18034 10
      vertex -16.4659 4.22773 10
    endloop
  endfacet
  facet normal -0 0 1
    outer loop
      vertex -19.3717 4.9738 10
      vertex -16.4659 4.22773 10
      vertex -19.0211 6.18034 10
    endloop
  endfacet
  facet normal 0 0 1
    outer loop
      vertex 19.3717 -4.9738 10
      vertex 16.4659 -4.22773 10
      vertex 19.0211 -6.18034 10
    endloop
  endfacet
  facet normal -0 0 1
    outer loop
      vertex 16.168 -5.25329 10
      vertex 19.0211 -6.18034 10
      vertex 16.4659 -4.22773 10
    endloop
  endfacet
  facet normal 0 0 1
    outer loop
      vertex 19.0211 -6.18034 10
      vertex 16.168 -5.25329 10
      vertex 18.5955 -7.36249 10
    endloop
  endfacet
  facet normal -0 0 1
    outer loop
      vertex 15.8062 -6.25812 10
      vertex 18.5955 -7.36249 10
      vertex 16.168 -5.25329 10
    endloop
  endfacet
  facet normal 0 0 1
    outer loop
      vertex 18.5955 -7.36249 10
      vertex 15.8062 -6.25812 10
      vertex 18.0965 -8.51558 10
    endloop
  endfacet
  facet normal -0 0 1
    outer loop
      vertex 15.3821 -7.23825 10
      vertex 18.0965 -8.51558 10
      vertex 15.8062 -6.25812 10
    endloop
  endfacet
  facet normal 0 0 1
    outer loop
      vertex 18.0965 -8.51558 10
      vertex 15.3821 -7.23825 10
      vertex 17.5261 -9.63507 10
    endloop
  endfacet
  facet normal -0 0 1
    outer loop
      vertex 14.8972 -8.18981 10
      vertex 17.5261 -9.63507 10
      vertex 15.3821 -7.23825 10
    endloop
  endfacet
  facet normal 0 0 1
    outer loop
      vertex 17.5261 -9.63507 10
      vertex 14.8972 -8.18981 10
      vertex 16.8866 -10.7165 10
    endloop
  endfacet
  facet normal -0 0 1
    outer loop
      vertex 14.3536 -9.10905 10
      vertex 16.8866 -10.7165 10
      vertex 14.8972 -8.18981 10
    endloop
  endfacet
  facet normal 0 0 1
    outer loop
      vertex 16.8866 -10.7165 10
      vertex 14.3536 -9.10905 10
      vertex 16.1803 -11.7557 10
    endloop
  endfacet
  facet normal -0 0 1
    outer loop
      vertex 13.7533 -9.99235 10
      vertex 16.1803 -11.7557 10
      vertex 14.3536 -9.10905 10
    endloop
  endfacet
  facet normal 0 0 1
    outer loop
      vertex 16.1803 -11.7557 10
      vertex 13.7533 -9.99235 10
      vertex 15.4103 -12.7485 10
    endloop
  endfacet
  facet normal -0 0 1
    outer loop
      vertex 13.0987 -10.8362 10
      vertex 15.4103 -12.7485 10
      vertex 13.7533 -9.99235 10
    endloop
  endfacet
  facet normal 0 0 1
    outer loop
      vertex 15.4103 -12.7485 10
      vertex 13.0987 -10.8362 10
      vertex 14.5794 -13.6909 10
    endloop
  endfacet
  facet normal -0 0 1
    outer loop
      vertex 12.3925 -11.6373 10
      vertex 14.5794 -13.6909 10
      vertex 13.0987 -10.8362 10
    endloop
  endfacet
  facet normal 0 0 1
    outer loop
      vertex 14.5794 -13.6909 10
      vertex 12.3925 -11.6373 10
      vertex 13.6909 -14.5794 10
    endloop
  endfacet
  facet normal -0 0 1
    outer loop
      vertex 11.6373 -12.3925 10
      vertex 13.6909 -14.5794 10
      vertex 12.3925 -11.6373 10
    endloop
  endfacet
  facet normal 0 0 1
    outer loop
      vertex 13.6909 -14.5794 10
      vertex 11.6373 -12.3925 10
      vertex 12.7485 -15.4103 10
    endloop
  endfacet
  facet normal -0 0 1
    outer loop
      vertex 10.8362 -13.0987 10
      vertex 12.7485 -15.4103 10
      vertex 11.6373 -12.3925 10
    endloop
  endfacet
  facet normal 0 0 1
    outer loop
      vertex 12.7485 -15.4103 10
      vertex 10.8362 -13.0987 10
      vertex 11.7557 -16.1803 10
    endloop
  endfacet
  facet normal -0 0 1
    outer loop
      vertex 9.99235 -13.7533 10
      vertex 11.7557 -16.1803 10
      vertex 10.8362 -13.0987 10
    endloop
  endfacet
  facet normal 0 0 1
    outer loop
      vertex 11.7557 -16.1803 10
      vertex 9.99235 -13.7533 10
      vertex 10.7165 -16.8866 10
    endloop
  endfacet
  facet normal -0 0 1
    outer loop
      vertex 9.10905 -14.3536 10
      vertex 10.7165 -16.8866 10
      vertex 9.99235 -13.7533 10
    endloop
  endfacet
  facet normal 0 0 1
    outer loop
      vertex 10.7165 -16.8866 10
      vertex 9.10905 -14.3536 10
      vertex 9.63507 -17.5261 10
    endloop
  endfacet
  facet normal -0 0 1
    outer loop
      vertex 8.18981 -14.8972 10
      vertex 9.63507 -17.5261 10
      vertex 9.10905 -14.3536 10
    endloop
  endfacet
  facet normal 0 0 1
    outer loop
      vertex 9.63507 -17.5261 10
      vertex 8.18981 -14.8972 10
      vertex 8.51558 -18.0965 10
    endloop
  endfacet
  facet normal -0 0 1
    outer loop
      vertex 7.23825 -15.3821 10
      vertex 8.51558 -18.0965 10
      vertex 8.18981 -14.8972 10
    endloop
  endfacet
  facet normal 0 0 1
    outer loop
      vertex 8.51558 -18.0965 10
      vertex 7.23825 -15.3821 10
      vertex 7.36249 -18.5955 10
    endloop
  endfacet
  facet normal -0 0 1
    outer loop
      vertex 6.25812 -15.8062 10
      vertex 7.36249 -18.5955 10
      vertex 7.23825 -15.3821 10
    endloop
  endfacet
  facet normal 0 0 1
    outer loop
      vertex 6.25812 -15.8062 10
      vertex 6.18034 -19.0211 10
      vertex 7.36249 -18.5955 10
    endloop
  endfacet
  facet normal -0 0 1
    outer loop
      vertex 5.25329 -16.168 10
      vertex 6.18034 -19.0211 10
      vertex 6.25812 -15.8062 10
    endloop
  endfacet
  facet normal 0 0 1
    outer loop
      vertex 5.25329 -16.168 10
      vertex 4.9738 -19.3717 10
      vertex 6.18034 -19.0211 10
    endloop
  endfacet
  facet normal -0 0 1
    outer loop
      vertex 4.22773 -16.4659 10
      vertex 4.9738 -19.3717 10
      vertex 5.25329 -16.168 10
    endloop
  endfacet
  facet normal 0 0 1
    outer loop
      vertex 4.22773 -16.4659 10
      vertex 3.74763 -19.6457 10
      vertex 4.9738 -19.3717 10
    endloop
  endfacet
  facet normal -0 0 1
    outer loop
      vertex 3.18548 -16.6989 10
      vertex 3.74763 -19.6457 10
      vertex 4.22773 -16.4659 10
    endloop
  endfacet
  facet normal 0 0 1
    outer loop
      vertex 3.18548 -16.6989 10
      vertex 2.50666 -19.8423 10
      vertex 3.74763 -19.6457 10
    endloop
  endfacet
  facet normal -0 0 1
    outer loop
      vertex 2.13066 -16.8659 10
      vertex 2.50666 -19.8423 10
      vertex 3.18548 -16.6989 10
    endloop
  endfacet
  facet normal 0 0 1
    outer loop
      vertex 2.13066 -16.8659 10
      vertex 1.25581 -19.9605 10
      vertex 2.50666 -19.8423 10
    endloop
  endfacet
  facet normal -0 0 1
    outer loop
      vertex 1.06744 -16.9665 10
      vertex 1.25581 -19.9605 10
      vertex 2.13066 -16.8659 10
    endloop
  endfacet
  facet normal -0 0 1
    outer loop
      vertex 0 -17 10
      vertex 1.25581 -19.9605 10
      vertex 1.06744 -16.9665 10
    endloop
  endfacet
  facet normal 0 0 1
    outer loop
      vertex 0 -17 10
      vertex 0 -20 10
      vertex 1.25581 -19.9605 10
    endloop
  endfacet
  facet normal 0 0 1
    outer loop
      vertex -1.06744 -16.9665 10
      vertex 0 -20 10
      vertex 0 -17 10
    endloop
  endfacet
  facet normal 0 0 1
    outer loop
      vertex -1.06744 -16.9665 10
      vertex -1.25581 -19.9605 10
      vertex 0 -20 10
    endloop
  endfacet
  facet normal 0 0 1
    outer loop
      vertex -2.13066 -16.8659 10
      vertex -1.25581 -19.9605 10
      vertex -1.06744 -16.9665 10
    endloop
  endfacet
  facet normal 0 0 1
    outer loop
      vertex -2.13066 -16.8659 10
      vertex -2.50666 -19.8423 10
      vertex -1.25581 -19.9605 10
    endloop
  endfacet
  facet normal 0 0 1
    outer loop
      vertex -3.18548 -16.6989 10
      vertex -2.50666 -19.8423 10
      vertex -2.13066 -16.8659 10
    endloop
  endfacet
  facet normal 0 0 1
    outer loop
      vertex -3.18548 -16.6989 10
      vertex -3.74763 -19.6457 10
      vertex -2.50666 -19.8423 10
    endloop
  endfacet
  facet normal 0 0 1
    outer loop
      vertex -4.22773 -16.4659 10
      vertex -3.74763 -19.6457 10
      vertex -3.18548 -16.6989 10
    endloop
  endfacet
  facet normal 0 0 1
    outer loop
      vertex -4.22773 -16.4659 10
      vertex -4.9738 -19.3717 10
      vertex -3.74763 -19.6457 10
    endloop
  endfacet
  facet normal 0 0 1
    outer loop
      vertex -5.25329 -16.168 10
      vertex -4.9738 -19.3717 10
      vertex -4.22773 -16.4659 10
    endloop
  endfacet
  facet normal 0 0 1
    outer loop
      vertex -5.25329 -16.168 10
      vertex -6.18034 -19.0211 10
      vertex -4.9738 -19.3717 10
    endloop
  endfacet
  facet normal 0 0 1
    outer loop
      vertex -6.25812 -15.8062 10
      vertex -6.18034 -19.0211 10
      vertex -5.25329 -16.168 10
    endloop
  endfacet
  facet normal 0 0 1
    outer loop
      vertex -7.36249 -18.5955 10
      vertex -6.25812 -15.8062 10
      vertex -7.23825 -15.3821 10
    endloop
  endfacet
  facet normal 0 0 1
    outer loop
      vertex -6.25812 -15.8062 10
      vertex -7.36249 -18.5955 10
      vertex -6.18034 -19.0211 10
    endloop
  endfacet
  facet normal 0 0 1
    outer loop
      vertex -8.51558 -18.0965 10
      vertex -7.23825 -15.3821 10
      vertex -8.18981 -14.8972 10
    endloop
  endfacet
  facet normal 0 0 1
    outer loop
      vertex -7.23825 -15.3821 10
      vertex -8.51558 -18.0965 10
      vertex -7.36249 -18.5955 10
    endloop
  endfacet
  facet normal 0 0 1
    outer loop
      vertex -9.63507 -17.5261 10
      vertex -8.18981 -14.8972 10
      vertex -9.10905 -14.3536 10
    endloop
  endfacet
  facet normal 0 0 1
    outer loop
      vertex -8.18981 -14.8972 10
      vertex -9.63507 -17.5261 10
      vertex -8.51558 -18.0965 10
    endloop
  endfacet
  facet normal 0 0 1
    outer loop
      vertex -10.7165 -16.8866 10
      vertex -9.10905 -14.3536 10
      vertex -9.99235 -13.7533 10
    endloop
  endfacet
  facet normal 0 0 1
    outer loop
      vertex -9.10905 -14.3536 10
      vertex -10.7165 -16.8866 10
      vertex -9.63507 -17.5261 10
    endloop
  endfacet
  facet normal 0 0 1
    outer loop
      vertex -11.7557 -16.1803 10
      vertex -9.99235 -13.7533 10
      vertex -10.8362 -13.0987 10
    endloop
  endfacet
  facet normal 0 0 1
    outer loop
      vertex -12.7485 -15.4103 10
      vertex -10.8362 -13.0987 10
      vertex -11.6373 -12.3925 10
    endloop
  endfacet
  facet normal 0 0 1
    outer loop
      vertex -9.99235 -13.7533 10
      vertex -11.7557 -16.1803 10
      vertex -10.7165 -16.8866 10
    endloop
  endfacet
  facet normal 0 0 1
    outer loop
      vertex -13.6909 -14.5794 10
      vertex -11.6373 -12.3925 10
      vertex -12.3925 -11.6373 10
    endloop
  endfacet
  facet normal 0 0 1
    outer loop
      vertex -10.8362 -13.0987 10
      vertex -12.7485 -15.4103 10
      vertex -11.7557 -16.1803 10
    endloop
  endfacet
  facet normal 0 0 1
    outer loop
      vertex -14.5794 -13.6909 10
      vertex -12.3925 -11.6373 10
      vertex -13.0987 -10.8362 10
    endloop
  endfacet
  facet normal 0 0 1
    outer loop
      vertex -11.6373 -12.3925 10
      vertex -13.6909 -14.5794 10
      vertex -12.7485 -15.4103 10
    endloop
  endfacet
  facet normal 0 0 1
    outer loop
      vertex -15.4103 -12.7485 10
      vertex -13.0987 -10.8362 10
      vertex -13.7533 -9.99235 10
    endloop
  endfacet
  facet normal 0 0 1
    outer loop
      vertex -16.1803 -11.7557 10
      vertex -13.7533 -9.99235 10
      vertex -14.3536 -9.10905 10
    endloop
  endfacet
  facet normal 0 0 1
    outer loop
      vertex -12.3925 -11.6373 10
      vertex -14.5794 -13.6909 10
      vertex -13.6909 -14.5794 10
    endloop
  endfacet
  facet normal 0 0 1
    outer loop
      vertex -16.8866 -10.7165 10
      vertex -14.3536 -9.10905 10
      vertex -14.8972 -8.18981 10
    endloop
  endfacet
  facet normal 0 0 1
    outer loop
      vertex -17.5261 -9.63507 10
      vertex -14.8972 -8.18981 10
      vertex -15.3821 -7.23825 10
    endloop
  endfacet
  facet normal 0 0 1
    outer loop
      vertex -13.0987 -10.8362 10
      vertex -15.4103 -12.7485 10
      vertex -14.5794 -13.6909 10
    endloop
  endfacet
  facet normal 0 0 1
    outer loop
      vertex -18.0965 -8.51558 10
      vertex -15.3821 -7.23825 10
      vertex -15.8062 -6.25812 10
    endloop
  endfacet
  facet normal 0 0 1
    outer loop
      vertex -18.5955 -7.36249 10
      vertex -15.8062 -6.25812 10
      vertex -16.168 -5.25329 10
    endloop
  endfacet
  facet normal 0 0 1
    outer loop
      vertex -13.7533 -9.99235 10
      vertex -16.1803 -11.7557 10
      vertex -15.4103 -12.7485 10
    endloop
  endfacet
  facet normal 0 0 1
    outer loop
      vertex -19.0211 -6.18034 10
      vertex -16.168 -5.25329 10
      vertex -16.4659 -4.22773 10
    endloop
  endfacet
  facet normal 0 0 1
    outer loop
      vertex -19.3717 -4.9738 10
      vertex -16.4659 -4.22773 10
      vertex -16.6989 -3.18548 10
    endloop
  endfacet
  facet normal 0 0 1
    outer loop
      vertex -19.6457 -3.74763 10
      vertex -16.6989 -3.18548 10
      vertex -16.8659 -2.13066 10
    endloop
  endfacet
  facet normal 0 0 1
    outer loop
      vertex -14.3536 -9.10905 10
      vertex -16.8866 -10.7165 10
      vertex -16.1803 -11.7557 10
    endloop
  endfacet
  facet normal 0 0 1
    outer loop
      vertex -19.8423 -2.50666 10
      vertex -16.8659 -2.13066 10
      vertex -16.9665 -1.06744 10
    endloop
  endfacet
  facet normal 0 0 1
    outer loop
      vertex -19.9605 -1.25581 10
      vertex -16.9665 -1.06744 10
      vertex -17 0 10
    endloop
  endfacet
  facet normal 0 0 1
    outer loop
      vertex -16.4659 4.22773 10
      vertex -19.3717 4.9738 10
      vertex -16.6989 3.18548 10
    endloop
  endfacet
  facet normal 0 0 1
    outer loop
      vertex -14.8972 -8.18981 10
      vertex -17.5261 -9.63507 10
      vertex -16.8866 -10.7165 10
    endloop
  endfacet
  facet normal -0 0 1
    outer loop
      vertex -19.6457 3.74763 10
      vertex -16.6989 3.18548 10
      vertex -19.3717 4.9738 10
    endloop
  endfacet
  facet normal 0 0 1
    outer loop
      vertex -15.3821 -7.23825 10
      vertex -18.0965 -8.51558 10
      vertex -17.5261 -9.63507 10
    endloop
  endfacet
  facet normal 0 0 1
    outer loop
      vertex -16.6989 3.18548 10
      vertex -19.6457 3.74763 10
      vertex -16.8659 2.13066 10
    endloop
  endfacet
  facet normal 0 0 1
    outer loop
      vertex -15.8062 -6.25812 10
      vertex -18.5955 -7.36249 10
      vertex -18.0965 -8.51558 10
    endloop
  endfacet
  facet normal -0 0 1
    outer loop
      vertex -19.8423 2.50666 10
      vertex -16.8659 2.13066 10
      vertex -19.6457 3.74763 10
    endloop
  endfacet
  facet normal 0 0 1
    outer loop
      vertex -16.168 -5.25329 10
      vertex -19.0211 -6.18034 10
      vertex -18.5955 -7.36249 10
    endloop
  endfacet
  facet normal 0 0 1
    outer loop
      vertex -16.8659 2.13066 10
      vertex -19.8423 2.50666 10
      vertex -16.9665 1.06744 10
    endloop
  endfacet
  facet normal 0 0 1
    outer loop
      vertex -16.4659 -4.22773 10
      vertex -19.3717 -4.9738 10
      vertex -19.0211 -6.18034 10
    endloop
  endfacet
  facet normal -0 0 1
    outer loop
      vertex -19.9605 1.25581 10
      vertex -16.9665 1.06744 10
      vertex -19.8423 2.50666 10
    endloop
  endfacet
  facet normal 0 0 1
    outer loop
      vertex -16.6989 -3.18548 10
      vertex -19.6457 -3.74763 10
      vertex -19.3717 -4.9738 10
    endloop
  endfacet
  facet normal 0 0 1
    outer loop
      vertex -16.9665 1.06744 10
      vertex -19.9605 1.25581 10
      vertex -17 0 10
    endloop
  endfacet
  facet normal 0 0 1
    outer loop
      vertex -16.8659 -2.13066 10
      vertex -19.8423 -2.50666 10
      vertex -19.6457 -3.74763 10
    endloop
  endfacet
  facet normal 0 0 1
    outer loop
      vertex -20 0 10
      vertex -17 0 10
      vertex -19.9605 1.25581 10
    endloop
  endfacet
  facet normal 0 0 1
    outer loop
      vertex -16.9665 -1.06744 10
      vertex -19.9605 -1.25581 10
      vertex -19.8423 -2.50666 10
    endloop
  endfacet
  facet normal 0 0 1
    outer loop
      vertex -17 0 10
      vertex -20 0 10
      vertex -19.9605 -1.25581 10
    endloop
  endfacet
  facet normal -0.827058 0.562116 0
    outer loop
      vertex -16.8866 10.7165 0
      vertex -16.1803 11.7557 10
      vertex -16.1803 11.7557 0
    endloop
  endfacet
  facet normal -0.827058 0.562116 0
    outer loop
      vertex -16.1803 11.7557 10
      vertex -16.8866 10.7165 0
      vertex -16.8866 10.7165 10
    endloop
  endfacet
  facet normal 0.453985 0.891009 -0
    outer loop
      vertex 9.63507 17.5261 0
      vertex 8.51558 18.0965 10
      vertex 9.63507 17.5261 10
    endloop
  endfacet
  facet normal 0.453985 0.891009 0
    outer loop
      vertex 8.51558 18.0965 10
      vertex 9.63507 17.5261 0
      vertex 8.51558 18.0965 0
    endloop
  endfacet
  facet normal -0.338738 -0.940881 0
    outer loop
      vertex -7.36249 -18.5955 0
      vertex -6.18034 -19.0211 10
      vertex -7.36249 -18.5955 10
    endloop
  endfacet
  facet normal -0.338738 -0.940881 -0
    outer loop
      vertex -6.18034 -19.0211 10
      vertex -7.36249 -18.5955 0
      vertex -6.18034 -19.0211 0
    endloop
  endfacet
  facet normal -0.66134 0.750086 0
    outer loop
      vertex -12.7485 15.4103 0
      vertex -13.6909 14.5794 10
      vertex -12.7485 15.4103 10
    endloop
  endfacet
  facet normal -0.66134 0.750086 0
    outer loop
      vertex -13.6909 14.5794 10
      vertex -12.7485 15.4103 0
      vertex -13.6909 14.5794 0
    endloop
  endfacet
  facet normal 0.156473 0.987682 -0
    outer loop
      vertex 3.74763 19.6457 0
      vertex 2.50666 19.8423 10
      vertex 3.74763 19.6457 10
    endloop
  endfacet
  facet normal 0.156473 0.987682 0
    outer loop
      vertex 2.50666 19.8423 10
      vertex 3.74763 19.6457 0
      vertex 2.50666 19.8423 0
    endloop
  endfacet
  facet normal 0.397157 -0.917751 0
    outer loop
      vertex 7.36249 -18.5955 0
      vertex 8.51558 -18.0965 10
      vertex 7.36249 -18.5955 10
    endloop
  endfacet
  facet normal 0.397157 -0.917751 0
    outer loop
      vertex 8.51558 -18.0965 10
      vertex 7.36249 -18.5955 0
      vertex 8.51558 -18.0965 0
    endloop
  endfacet
  facet normal 0.860762 0.509008 0
    outer loop
      vertex 17.5261 9.63507 10
      vertex 16.8866 10.7165 0
      vertex 16.8866 10.7165 10
    endloop
  endfacet
  facet normal 0.860762 0.509008 0
    outer loop
      vertex 16.8866 10.7165 0
      vertex 17.5261 9.63507 10
      vertex 17.5261 9.63507 0
    endloop
  endfacet
  facet normal 0.509008 0.860762 -0
    outer loop
      vertex 10.7165 16.8866 0
      vertex 9.63507 17.5261 10
      vertex 10.7165 16.8866 10
    endloop
  endfacet
  facet normal 0.509008 0.860762 0
    outer loop
      vertex 9.63507 17.5261 10
      vertex 10.7165 16.8866 0
      vertex 9.63507 17.5261 0
    endloop
  endfacet
  facet normal -0.790191 0.61286 0
    outer loop
      vertex -16.1803 11.7557 0
      vertex -15.4103 12.7485 10
      vertex -15.4103 12.7485 0
    endloop
  endfacet
  facet normal -0.790191 0.61286 0
    outer loop
      vertex -15.4103 12.7485 10
      vertex -16.1803 11.7557 0
      vertex -16.1803 11.7557 10
    endloop
  endfacet
  facet normal -0.0940767 0.995565 0
    outer loop
      vertex -1.25581 19.9605 0
      vertex -2.50666 19.8423 10
      vertex -1.25581 19.9605 10
    endloop
  endfacet
  facet normal -0.0940767 0.995565 0
    outer loop
      vertex -2.50666 19.8423 10
      vertex -1.25581 19.9605 0
      vertex -2.50666 19.8423 0
    endloop
  endfacet
  facet normal 0.707107 0.707107 0
    outer loop
      vertex 14.5794 13.6909 10
      vertex 13.6909 14.5794 0
      vertex 13.6909 14.5794 10
    endloop
  endfacet
  facet normal 0.707107 0.707107 0
    outer loop
      vertex 13.6909 14.5794 0
      vertex 14.5794 13.6909 10
      vertex 14.5794 13.6909 0
    endloop
  endfacet
  facet normal 0.995565 -0.0940767 0
    outer loop
      vertex 19.8423 -2.50666 10
      vertex 19.9605 -1.25581 0
      vertex 19.9605 -1.25581 10
    endloop
  endfacet
  facet normal 0.995565 -0.0940767 0
    outer loop
      vertex 19.9605 -1.25581 0
      vertex 19.8423 -2.50666 10
      vertex 19.8423 -2.50666 0
    endloop
  endfacet
  facet normal 0.61286 0.790191 -0
    outer loop
      vertex 12.7485 15.4103 0
      vertex 11.7557 16.1803 10
      vertex 12.7485 15.4103 10
    endloop
  endfacet
  facet normal 0.61286 0.790191 0
    outer loop
      vertex 11.7557 16.1803 10
      vertex 12.7485 15.4103 0
      vertex 11.7557 16.1803 0
    endloop
  endfacet
  facet normal 0.156473 -0.987682 0
    outer loop
      vertex 2.50666 -19.8423 0
      vertex 3.74763 -19.6457 10
      vertex 2.50666 -19.8423 10
    endloop
  endfacet
  facet normal 0.156473 -0.987682 0
    outer loop
      vertex 3.74763 -19.6457 10
      vertex 2.50666 -19.8423 0
      vertex 3.74763 -19.6457 0
    endloop
  endfacet
  facet normal 0.827058 0.562116 0
    outer loop
      vertex 16.8866 10.7165 10
      vertex 16.1803 11.7557 0
      vertex 16.1803 11.7557 10
    endloop
  endfacet
  facet normal 0.827058 0.562116 0
    outer loop
      vertex 16.1803 11.7557 0
      vertex 16.8866 10.7165 10
      vertex 16.8866 10.7165 0
    endloop
  endfacet
  facet normal 0.279041 0.960279 -0
    outer loop
      vertex 6.18034 19.0211 0
      vertex 4.9738 19.3717 10
      vertex 6.18034 19.0211 10
    endloop
  endfacet
  facet normal 0.279041 0.960279 0
    outer loop
      vertex 4.9738 19.3717 10
      vertex 6.18034 19.0211 0
      vertex 4.9738 19.3717 0
    endloop
  endfacet
  facet normal -0.975931 -0.218081 0
    outer loop
      vertex -19.3717 -4.9738 0
      vertex -19.6457 -3.74763 10
      vertex -19.6457 -3.74763 0
    endloop
  endfacet
  facet normal -0.975931 -0.218081 0
    outer loop
      vertex -19.6457 -3.74763 10
      vertex -19.3717 -4.9738 0
      vertex -19.3717 -4.9738 10
    endloop
  endfacet
  facet normal -0.156473 -0.987682 0
    outer loop
      vertex -3.74763 -19.6457 0
      vertex -2.50666 -19.8423 10
      vertex -3.74763 -19.6457 10
    endloop
  endfacet
  facet normal -0.156473 -0.987682 -0
    outer loop
      vertex -2.50666 -19.8423 10
      vertex -3.74763 -19.6457 0
      vertex -2.50666 -19.8423 0
    endloop
  endfacet
  facet normal -0.338738 0.940881 0
    outer loop
      vertex -6.18034 19.0211 0
      vertex -7.36249 18.5955 10
      vertex -6.18034 19.0211 10
    endloop
  endfacet
  facet normal -0.338738 0.940881 0
    outer loop
      vertex -7.36249 18.5955 10
      vertex -6.18034 19.0211 0
      vertex -7.36249 18.5955 0
    endloop
  endfacet
  facet normal 0.960279 -0.279041 0
    outer loop
      vertex 19.0211 -6.18034 10
      vertex 19.3717 -4.9738 0
      vertex 19.3717 -4.9738 10
    endloop
  endfacet
  facet normal 0.960279 -0.279041 0
    outer loop
      vertex 19.3717 -4.9738 0
      vertex 19.0211 -6.18034 10
      vertex 19.0211 -6.18034 0
    endloop
  endfacet
  facet normal 0.509008 -0.860762 0
    outer loop
      vertex 9.63507 -17.5261 0
      vertex 10.7165 -16.8866 10
      vertex 9.63507 -17.5261 10
    endloop
  endfacet
  facet normal 0.509008 -0.860762 0
    outer loop
      vertex 10.7165 -16.8866 10
      vertex 9.63507 -17.5261 0
      vertex 10.7165 -16.8866 0
    endloop
  endfacet
  facet normal 0.0314383 -0.999506 0
    outer loop
      vertex 0 -20 0
      vertex 1.25581 -19.9605 10
      vertex 0 -20 10
    endloop
  endfacet
  facet normal 0.0314383 -0.999506 0
    outer loop
      vertex 1.25581 -19.9605 10
      vertex 0 -20 0
      vertex 1.25581 -19.9605 0
    endloop
  endfacet
  facet normal 0.0940767 -0.995565 0
    outer loop
      vertex 1.25581 -19.9605 0
      vertex 2.50666 -19.8423 10
      vertex 1.25581 -19.9605 10
    endloop
  endfacet
  facet normal 0.0940767 -0.995565 0
    outer loop
      vertex 2.50666 -19.8423 10
      vertex 1.25581 -19.9605 0
      vertex 2.50666 -19.8423 0
    endloop
  endfacet
  facet normal -0.279041 0.960279 0
    outer loop
      vertex -4.9738 19.3717 0
      vertex -6.18034 19.0211 10
      vertex -4.9738 19.3717 10
    endloop
  endfacet
  facet normal -0.279041 0.960279 0
    outer loop
      vertex -6.18034 19.0211 10
      vertex -4.9738 19.3717 0
      vertex -6.18034 19.0211 0
    endloop
  endfacet
  facet normal -0.707107 -0.707107 0
    outer loop
      vertex -13.6909 -14.5794 0
      vertex -14.5794 -13.6909 10
      vertex -14.5794 -13.6909 0
    endloop
  endfacet
  facet normal -0.707107 -0.707107 0
    outer loop
      vertex -14.5794 -13.6909 10
      vertex -13.6909 -14.5794 0
      vertex -13.6909 -14.5794 10
    endloop
  endfacet
  facet normal 0.827058 -0.562116 0
    outer loop
      vertex 16.1803 -11.7557 10
      vertex 16.8866 -10.7165 0
      vertex 16.8866 -10.7165 10
    endloop
  endfacet
  facet normal 0.827058 -0.562116 0
    outer loop
      vertex 16.8866 -10.7165 0
      vertex 16.1803 -11.7557 10
      vertex 16.1803 -11.7557 0
    endloop
  endfacet
  facet normal 0.707107 -0.707107 0
    outer loop
      vertex 13.6909 -14.5794 10
      vertex 14.5794 -13.6909 0
      vertex 14.5794 -13.6909 10
    endloop
  endfacet
  facet normal 0.707107 -0.707107 0
    outer loop
      vertex 14.5794 -13.6909 0
      vertex 13.6909 -14.5794 10
      vertex 13.6909 -14.5794 0
    endloop
  endfacet
  facet normal -0.940881 -0.338738 0
    outer loop
      vertex -18.5955 -7.36249 0
      vertex -19.0211 -6.18034 10
      vertex -19.0211 -6.18034 0
    endloop
  endfacet
  facet normal -0.940881 -0.338738 0
    outer loop
      vertex -19.0211 -6.18034 10
      vertex -18.5955 -7.36249 0
      vertex -18.5955 -7.36249 10
    endloop
  endfacet
  facet normal -0.562116 0.827058 0
    outer loop
      vertex -10.7165 16.8866 0
      vertex -11.7557 16.1803 10
      vertex -10.7165 16.8866 10
    endloop
  endfacet
  facet normal -0.562116 0.827058 0
    outer loop
      vertex -11.7557 16.1803 10
      vertex -10.7165 16.8866 0
      vertex -11.7557 16.1803 0
    endloop
  endfacet
  facet normal 0.917751 0.397157 0
    outer loop
      vertex 18.5955 7.36249 10
      vertex 18.0965 8.51558 0
      vertex 18.0965 8.51558 10
    endloop
  endfacet
  facet normal 0.917751 0.397157 0
    outer loop
      vertex 18.0965 8.51558 0
      vertex 18.5955 7.36249 10
      vertex 18.5955 7.36249 0
    endloop
  endfacet
  facet normal 0.0940767 0.995565 -0
    outer loop
      vertex 2.50666 19.8423 0
      vertex 1.25581 19.9605 10
      vertex 2.50666 19.8423 10
    endloop
  endfacet
  facet normal 0.0940767 0.995565 0
    outer loop
      vertex 1.25581 19.9605 10
      vertex 2.50666 19.8423 0
      vertex 1.25581 19.9605 0
    endloop
  endfacet
  facet normal 0.453985 -0.891009 0
    outer loop
      vertex 8.51558 -18.0965 0
      vertex 9.63507 -17.5261 10
      vertex 8.51558 -18.0965 10
    endloop
  endfacet
  facet normal 0.453985 -0.891009 0
    outer loop
      vertex 9.63507 -17.5261 10
      vertex 8.51558 -18.0965 0
      vertex 9.63507 -17.5261 0
    endloop
  endfacet
  facet normal 0.891009 0.453985 0
    outer loop
      vertex 18.0965 8.51558 10
      vertex 17.5261 9.63507 0
      vertex 17.5261 9.63507 10
    endloop
  endfacet
  facet normal 0.891009 0.453985 0
    outer loop
      vertex 17.5261 9.63507 0
      vertex 18.0965 8.51558 10
      vertex 18.0965 8.51558 0
    endloop
  endfacet
  facet normal -0.509008 0.860762 0
    outer loop
      vertex -9.63507 17.5261 0
      vertex -10.7165 16.8866 10
      vertex -9.63507 17.5261 10
    endloop
  endfacet
  facet normal -0.509008 0.860762 0
    outer loop
      vertex -10.7165 16.8866 10
      vertex -9.63507 17.5261 0
      vertex -10.7165 16.8866 0
    endloop
  endfacet
  facet normal -0.995565 0.0940767 0
    outer loop
      vertex -19.9605 1.25581 0
      vertex -19.8423 2.50666 10
      vertex -19.8423 2.50666 0
    endloop
  endfacet
  facet normal -0.995565 0.0940767 0
    outer loop
      vertex -19.8423 2.50666 10
      vertex -19.9605 1.25581 0
      vertex -19.9605 1.25581 10
    endloop
  endfacet
  facet normal -0.975931 0.218081 0
    outer loop
      vertex -19.6457 3.74763 0
      vertex -19.3717 4.9738 10
      vertex -19.3717 4.9738 0
    endloop
  endfacet
  facet normal -0.975931 0.218081 0
    outer loop
      vertex -19.3717 4.9738 10
      vertex -19.6457 3.74763 0
      vertex -19.6457 3.74763 10
    endloop
  endfacet
  facet normal -0.156473 0.987682 0
    outer loop
      vertex -2.50666 19.8423 0
      vertex -3.74763 19.6457 10
      vertex -2.50666 19.8423 10
    endloop
  endfacet
  facet normal -0.156473 0.987682 0
    outer loop
      vertex -3.74763 19.6457 10
      vertex -2.50666 19.8423 0
      vertex -3.74763 19.6457 0
    endloop
  endfacet
  facet normal -0.987682 -0.156473 0
    outer loop
      vertex -19.6457 -3.74763 0
      vertex -19.8423 -2.50666 10
      vertex -19.8423 -2.50666 0
    endloop
  endfacet
  facet normal -0.987682 -0.156473 0
    outer loop
      vertex -19.8423 -2.50666 10
      vertex -19.6457 -3.74763 0
      vertex -19.6457 -3.74763 10
    endloop
  endfacet
  facet normal 0.790191 0.61286 0
    outer loop
      vertex 16.1803 11.7557 10
      vertex 15.4103 12.7485 0
      vertex 15.4103 12.7485 10
    endloop
  endfacet
  facet normal 0.790191 0.61286 0
    outer loop
      vertex 15.4103 12.7485 0
      vertex 16.1803 11.7557 10
      vertex 16.1803 11.7557 0
    endloop
  endfacet
  facet normal 0.750086 0.66134 0
    outer loop
      vertex 15.4103 12.7485 10
      vertex 14.5794 13.6909 0
      vertex 14.5794 13.6909 10
    endloop
  endfacet
  facet normal 0.750086 0.66134 0
    outer loop
      vertex 14.5794 13.6909 0
      vertex 15.4103 12.7485 10
      vertex 15.4103 12.7485 0
    endloop
  endfacet
  facet normal -0.509008 -0.860762 0
    outer loop
      vertex -10.7165 -16.8866 0
      vertex -9.63507 -17.5261 10
      vertex -10.7165 -16.8866 10
    endloop
  endfacet
  facet normal -0.509008 -0.860762 -0
    outer loop
      vertex -9.63507 -17.5261 10
      vertex -10.7165 -16.8866 0
      vertex -9.63507 -17.5261 0
    endloop
  endfacet
  facet normal 0.338738 -0.940881 0
    outer loop
      vertex 6.18034 -19.0211 0
      vertex 7.36249 -18.5955 10
      vertex 6.18034 -19.0211 10
    endloop
  endfacet
  facet normal 0.338738 -0.940881 0
    outer loop
      vertex 7.36249 -18.5955 10
      vertex 6.18034 -19.0211 0
      vertex 7.36249 -18.5955 0
    endloop
  endfacet
  facet normal -0.0314383 -0.999506 0
    outer loop
      vertex -1.25581 -19.9605 0
      vertex 0 -20 10
      vertex -1.25581 -19.9605 10
    endloop
  endfacet
  facet normal -0.0314383 -0.999506 -0
    outer loop
      vertex 0 -20 10
      vertex -1.25581 -19.9605 0
      vertex 0 -20 0
    endloop
  endfacet
  facet normal -0.61286 0.790191 0
    outer loop
      vertex -11.7557 16.1803 0
      vertex -12.7485 15.4103 10
      vertex -11.7557 16.1803 10
    endloop
  endfacet
  facet normal -0.61286 0.790191 0
    outer loop
      vertex -12.7485 15.4103 10
      vertex -11.7557 16.1803 0
      vertex -12.7485 15.4103 0
    endloop
  endfacet
  facet normal 0.860762 -0.509008 0
    outer loop
      vertex 16.8866 -10.7165 10
      vertex 17.5261 -9.63507 0
      vertex 17.5261 -9.63507 10
    endloop
  endfacet
  facet normal 0.860762 -0.509008 0
    outer loop
      vertex 17.5261 -9.63507 0
      vertex 16.8866 -10.7165 10
      vertex 16.8866 -10.7165 0
    endloop
  endfacet
  facet normal 0.987682 -0.156473 0
    outer loop
      vertex 19.6457 -3.74763 10
      vertex 19.8423 -2.50666 0
      vertex 19.8423 -2.50666 10
    endloop
  endfacet
  facet normal 0.987682 -0.156473 0
    outer loop
      vertex 19.8423 -2.50666 0
      vertex 19.6457 -3.74763 10
      vertex 19.6457 -3.74763 0
    endloop
  endfacet
  facet normal 0.218081 -0.975931 0
    outer loop
      vertex 3.74763 -19.6457 0
      vertex 4.9738 -19.3717 10
      vertex 3.74763 -19.6457 10
    endloop
  endfacet
  facet normal 0.218081 -0.975931 0
    outer loop
      vertex 4.9738 -19.3717 10
      vertex 3.74763 -19.6457 0
      vertex 4.9738 -19.3717 0
    endloop
  endfacet
  facet normal 0.790191 -0.61286 0
    outer loop
      vertex 15.4103 -12.7485 10
      vertex 16.1803 -11.7557 0
      vertex 16.1803 -11.7557 10
    endloop
  endfacet
  facet normal 0.790191 -0.61286 0
    outer loop
      vertex 16.1803 -11.7557 0
      vertex 15.4103 -12.7485 10
      vertex 15.4103 -12.7485 0
    endloop
  endfacet
  facet normal 0.975931 -0.218081 0
    outer loop
      vertex 19.3717 -4.9738 10
      vertex 19.6457 -3.74763 0
      vertex 19.6457 -3.74763 10
    endloop
  endfacet
  facet normal 0.975931 -0.218081 0
    outer loop
      vertex 19.6457 -3.74763 0
      vertex 19.3717 -4.9738 10
      vertex 19.3717 -4.9738 0
    endloop
  endfacet
  facet normal 0.397157 0.917751 -0
    outer loop
      vertex 8.51558 18.0965 0
      vertex 7.36249 18.5955 10
      vertex 8.51558 18.0965 10
    endloop
  endfacet
  facet normal 0.397157 0.917751 0
    outer loop
      vertex 7.36249 18.5955 10
      vertex 8.51558 18.0965 0
      vertex 7.36249 18.5955 0
    endloop
  endfacet
  facet normal 0.940881 -0.338738 0
    outer loop
      vertex 18.5955 -7.36249 10
      vertex 19.0211 -6.18034 0
      vertex 19.0211 -6.18034 10
    endloop
  endfacet
  facet normal 0.940881 -0.338738 0
    outer loop
      vertex 19.0211 -6.18034 0
      vertex 18.5955 -7.36249 10
      vertex 18.5955 -7.36249 0
    endloop
  endfacet
  facet normal 0.66134 -0.750086 0
    outer loop
      vertex 12.7485 -15.4103 0
      vertex 13.6909 -14.5794 10
      vertex 12.7485 -15.4103 10
    endloop
  endfacet
  facet normal 0.66134 -0.750086 0
    outer loop
      vertex 13.6909 -14.5794 10
      vertex 12.7485 -15.4103 0
      vertex 13.6909 -14.5794 0
    endloop
  endfacet
  facet normal -0.397157 0.917751 0
    outer loop
      vertex -7.36249 18.5955 0
      vertex -8.51558 18.0965 10
      vertex -7.36249 18.5955 10
    endloop
  endfacet
  facet normal -0.397157 0.917751 0
    outer loop
      vertex -8.51558 18.0965 10
      vertex -7.36249 18.5955 0
      vertex -8.51558 18.0965 0
    endloop
  endfacet
  facet normal 0.975931 0.218081 0
    outer loop
      vertex 19.6457 3.74763 10
      vertex 19.3717 4.9738 0
      vertex 19.3717 4.9738 10
    endloop
  endfacet
  facet normal 0.975931 0.218081 0
    outer loop
      vertex 19.3717 4.9738 0
      vertex 19.6457 3.74763 10
      vertex 19.6457 3.74763 0
    endloop
  endfacet
  facet normal -0.707107 0.707107 0
    outer loop
      vertex -14.5794 13.6909 0
      vertex -13.6909 14.5794 10
      vertex -13.6909 14.5794 0
    endloop
  endfacet
  facet normal -0.707107 0.707107 0
    outer loop
      vertex -13.6909 14.5794 10
      vertex -14.5794 13.6909 0
      vertex -14.5794 13.6909 10
    endloop
  endfacet
  facet normal 0.940881 0.338738 0
    outer loop
      vertex 19.0211 6.18034 10
      vertex 18.5955 7.36249 0
      vertex 18.5955 7.36249 10
    endloop
  endfacet
  facet normal 0.940881 0.338738 0
    outer loop
      vertex 18.5955 7.36249 0
      vertex 19.0211 6.18034 10
      vertex 19.0211 6.18034 0
    endloop
  endfacet
  facet normal -0.218081 -0.975931 0
    outer loop
      vertex -4.9738 -19.3717 0
      vertex -3.74763 -19.6457 10
      vertex -4.9738 -19.3717 10
    endloop
  endfacet
  facet normal -0.218081 -0.975931 -0
    outer loop
      vertex -3.74763 -19.6457 10
      vertex -4.9738 -19.3717 0
      vertex -3.74763 -19.6457 0
    endloop
  endfacet
  facet normal 0.987682 0.156473 0
    outer loop
      vertex 19.8423 2.50666 10
      vertex 19.6457 3.74763 0
      vertex 19.6457 3.74763 10
    endloop
  endfacet
  facet normal 0.987682 0.156473 0
    outer loop
      vertex 19.6457 3.74763 0
      vertex 19.8423 2.50666 10
      vertex 19.8423 2.50666 0
    endloop
  endfacet
  facet normal -0.917751 0.397157 0
    outer loop
      vertex -18.5955 7.36249 0
      vertex -18.0965 8.51558 10
      vertex -18.0965 8.51558 0
    endloop
  endfacet
  facet normal -0.917751 0.397157 0
    outer loop
      vertex -18.0965 8.51558 10
      vertex -18.5955 7.36249 0
      vertex -18.5955 7.36249 10
    endloop
  endfacet
  facet normal 0.917751 -0.397157 0
    outer loop
      vertex 18.0965 -8.51558 10
      vertex 18.5955 -7.36249 0
      vertex 18.5955 -7.36249 10
    endloop
  endfacet
  facet normal 0.917751 -0.397157 0
    outer loop
      vertex 18.5955 -7.36249 0
      vertex 18.0965 -8.51558 10
      vertex 18.0965 -8.51558 0
    endloop
  endfacet
  facet normal -0.860762 0.509008 0
    outer loop
      vertex -17.5261 9.63507 0
      vertex -16.8866 10.7165 10
      vertex -16.8866 10.7165 0
    endloop
  endfacet
  facet normal -0.860762 0.509008 0
    outer loop
      vertex -16.8866 10.7165 10
      vertex -17.5261 9.63507 0
      vertex -17.5261 9.63507 10
    endloop
  endfacet
  facet normal -0.0314383 0.999506 0
    outer loop
      vertex 0 20 0
      vertex -1.25581 19.9605 10
      vertex 0 20 10
    endloop
  endfacet
  facet normal -0.0314383 0.999506 0
    outer loop
      vertex -1.25581 19.9605 10
      vertex 0 20 0
      vertex -1.25581 19.9605 0
    endloop
  endfacet
  facet normal 0.562116 -0.827058 0
    outer loop
      vertex 10.7165 -16.8866 0
      vertex 11.7557 -16.1803 10
      vertex 10.7165 -16.8866 10
    endloop
  endfacet
  facet normal 0.562116 -0.827058 0
    outer loop
      vertex 11.7557 -16.1803 10
      vertex 10.7165 -16.8866 0
      vertex 11.7557 -16.1803 0
    endloop
  endfacet
  facet normal -0.995565 -0.0940767 0
    outer loop
      vertex -19.8423 -2.50666 0
      vertex -19.9605 -1.25581 10
      vertex -19.9605 -1.25581 0
    endloop
  endfacet
  facet normal -0.995565 -0.0940767 0
    outer loop
      vertex -19.9605 -1.25581 10
      vertex -19.8423 -2.50666 0
      vertex -19.8423 -2.50666 10
    endloop
  endfacet
  facet normal 0.338738 0.940881 -0
    outer loop
      vertex 7.36249 18.5955 0
      vertex 6.18034 19.0211 10
      vertex 7.36249 18.5955 10
    endloop
  endfacet
  facet normal 0.338738 0.940881 0
    outer loop
      vertex 6.18034 19.0211 10
      vertex 7.36249 18.5955 0
      vertex 6.18034 19.0211 0
    endloop
  endfacet
  facet normal -0.987682 0.156473 0
    outer loop
      vertex -19.8423 2.50666 0
      vertex -19.6457 3.74763 10
      vertex -19.6457 3.74763 0
    endloop
  endfacet
  facet normal -0.987682 0.156473 0
    outer loop
      vertex -19.6457 3.74763 10
      vertex -19.8423 2.50666 0
      vertex -19.8423 2.50666 10
    endloop
  endfacet
  facet normal -0.750086 -0.66134 0
    outer loop
      vertex -14.5794 -13.6909 0
      vertex -15.4103 -12.7485 10
      vertex -15.4103 -12.7485 0
    endloop
  endfacet
  facet normal -0.750086 -0.66134 0
    outer loop
      vertex -15.4103 -12.7485 10
      vertex -14.5794 -13.6909 0
      vertex -14.5794 -13.6909 10
    endloop
  endfacet
  facet normal -0.66134 -0.750086 0
    outer loop
      vertex -13.6909 -14.5794 0
      vertex -12.7485 -15.4103 10
      vertex -13.6909 -14.5794 10
    endloop
  endfacet
  facet normal -0.66134 -0.750086 -0
    outer loop
      vertex -12.7485 -15.4103 10
      vertex -13.6909 -14.5794 0
      vertex -12.7485 -15.4103 0
    endloop
  endfacet
  facet normal -0.999506 -0.0314383 0
    outer loop
      vertex -19.9605 -1.25581 0
      vertex -20 0 10
      vertex -20 0 0
    endloop
  endfacet
  facet normal -0.999506 -0.0314383 0
    outer loop
      vertex -20 0 10
      vertex -19.9605 -1.25581 0
      vertex -19.9605 -1.25581 10
    endloop
  endfacet
  facet normal 0.891009 -0.453985 0
    outer loop
      vertex 17.5261 -9.63507 10
      vertex 18.0965 -8.51558 0
      vertex 18.0965 -8.51558 10
    endloop
  endfacet
  facet normal 0.891009 -0.453985 0
    outer loop
      vertex 18.0965 -8.51558 0
      vertex 17.5261 -9.63507 10
      vertex 17.5261 -9.63507 0
    endloop
  endfacet
  facet normal -0.61286 -0.790191 0
    outer loop
      vertex -12.7485 -15.4103 0
      vertex -11.7557 -16.1803 10
      vertex -12.7485 -15.4103 10
    endloop
  endfacet
  facet normal -0.61286 -0.790191 -0
    outer loop
      vertex -11.7557 -16.1803 10
      vertex -12.7485 -15.4103 0
      vertex -11.7557 -16.1803 0
    endloop
  endfacet
  facet normal 0.218081 0.975931 -0
    outer loop
      vertex 4.9738 19.3717 0
      vertex 3.74763 19.6457 10
      vertex 4.9738 19.3717 10
    endloop
  endfacet
  facet normal 0.218081 0.975931 0
    outer loop
      vertex 3.74763 19.6457 10
      vertex 4.9738 19.3717 0
      vertex 3.74763 19.6457 0
    endloop
  endfacet
  facet normal -0.940881 0.338738 0
    outer loop
      vertex -19.0211 6.18034 0
      vertex -18.5955 7.36249 10
      vertex -18.5955 7.36249 0
    endloop
  endfacet
  facet normal -0.940881 0.338738 0
    outer loop
      vertex -18.5955 7.36249 10
      vertex -19.0211 6.18034 0
      vertex -19.0211 6.18034 10
    endloop
  endfacet
  facet normal -0.960279 0.279041 0
    outer loop
      vertex -19.3717 4.9738 0
      vertex -19.0211 6.18034 10
      vertex -19.0211 6.18034 0
    endloop
  endfacet
  facet normal -0.960279 0.279041 0
    outer loop
      vertex -19.0211 6.18034 10
      vertex -19.3717 4.9738 0
      vertex -19.3717 4.9738 10
    endloop
  endfacet
  facet normal -0.279041 -0.960279 0
    outer loop
      vertex -6.18034 -19.0211 0
      vertex -4.9738 -19.3717 10
      vertex -6.18034 -19.0211 10
    endloop
  endfacet
  facet normal -0.279041 -0.960279 -0
    outer loop
      vertex -4.9738 -19.3717 10
      vertex -6.18034 -19.0211 0
      vertex -4.9738 -19.3717 0
    endloop
  endfacet
  facet normal -0.453985 0.891009 0
    outer loop
      vertex -8.51558 18.0965 0
      vertex -9.63507 17.5261 10
      vertex -8.51558 18.0965 10
    endloop
  endfacet
  facet normal -0.453985 0.891009 0
    outer loop
      vertex -9.63507 17.5261 10
      vertex -8.51558 18.0965 0
      vertex -9.63507 17.5261 0
    endloop
  endfacet
  facet normal -0.0940767 -0.995565 0
    outer loop
      vertex -2.50666 -19.8423 0
      vertex -1.25581 -19.9605 10
      vertex -2.50666 -19.8423 10
    endloop
  endfacet
  facet normal -0.0940767 -0.995565 -0
    outer loop
      vertex -1.25581 -19.9605 10
      vertex -2.50666 -19.8423 0
      vertex -1.25581 -19.9605 0
    endloop
  endfacet
  facet normal 0 0 -1
    outer loop
      vertex 17 0 0
      vertex 20 0 0
      vertex 19.9605 -1.25581 0
    endloop
  endfacet
  facet normal 0 0 -1
    outer loop
      vertex 16.9665 -1.06744 0
      vertex 19.9605 -1.25581 0
      vertex 19.8423 -2.50666 0
    endloop
  endfacet
  facet normal 0 0 -1
    outer loop
      vertex 20 0 0
      vertex 17 0 0
      vertex 19.9605 1.25581 0
    endloop
  endfacet
  facet normal 0 0 -1
    outer loop
      vertex 16.8659 -2.13066 0
      vertex 19.8423 -2.50666 0
      vertex 19.6457 -3.74763 0
    endloop
  endfacet
  facet normal 0 0 -1
    outer loop
      vertex 16.9665 1.06744 0
      vertex 19.9605 1.25581 0
      vertex 17 0 0
    endloop
  endfacet
  facet normal 0 0 -1
    outer loop
      vertex 16.6989 -3.18548 0
      vertex 19.6457 -3.74763 0
      vertex 19.3717 -4.9738 0
    endloop
  endfacet
  facet normal -0 0 -1
    outer loop
      vertex 19.9605 1.25581 0
      vertex 16.9665 1.06744 0
      vertex 19.8423 2.50666 0
    endloop
  endfacet
  facet normal 0 0 -1
    outer loop
      vertex 16.4659 -4.22773 0
      vertex 19.3717 -4.9738 0
      vertex 19.0211 -6.18034 0
    endloop
  endfacet
  facet normal 0 0 -1
    outer loop
      vertex 16.8659 2.13066 0
      vertex 19.8423 2.50666 0
      vertex 16.9665 1.06744 0
    endloop
  endfacet
  facet normal 0 0 -1
    outer loop
      vertex 16.168 -5.25329 0
      vertex 19.0211 -6.18034 0
      vertex 18.5955 -7.36249 0
    endloop
  endfacet
  facet normal -0 0 -1
    outer loop
      vertex 19.8423 2.50666 0
      vertex 16.8659 2.13066 0
      vertex 19.6457 3.74763 0
    endloop
  endfacet
  facet normal 0 0 -1
    outer loop
      vertex 15.8062 -6.25812 0
      vertex 18.5955 -7.36249 0
      vertex 18.0965 -8.51558 0
    endloop
  endfacet
  facet normal 0 0 -1
    outer loop
      vertex 16.6989 3.18548 0
      vertex 19.6457 3.74763 0
      vertex 16.8659 2.13066 0
    endloop
  endfacet
  facet normal 0 0 -1
    outer loop
      vertex 15.3821 -7.23825 0
      vertex 18.0965 -8.51558 0
      vertex 17.5261 -9.63507 0
    endloop
  endfacet
  facet normal -0 0 -1
    outer loop
      vertex 19.6457 3.74763 0
      vertex 16.6989 3.18548 0
      vertex 19.3717 4.9738 0
    endloop
  endfacet
  facet normal 0 0 -1
    outer loop
      vertex 16.4659 4.22773 0
      vertex 19.3717 4.9738 0
      vertex 16.6989 3.18548 0
    endloop
  endfacet
  facet normal 0 0 -1
    outer loop
      vertex 19.9605 -1.25581 0
      vertex 16.9665 -1.06744 0
      vertex 17 0 0
    endloop
  endfacet
  facet normal 0 0 -1
    outer loop
      vertex 14.8972 -8.18981 0
      vertex 17.5261 -9.63507 0
      vertex 16.8866 -10.7165 0
    endloop
  endfacet
  facet normal 0 0 -1
    outer loop
      vertex 19.8423 -2.50666 0
      vertex 16.8659 -2.13066 0
      vertex 16.9665 -1.06744 0
    endloop
  endfacet
  facet normal 0 0 -1
    outer loop
      vertex 19.6457 -3.74763 0
      vertex 16.6989 -3.18548 0
      vertex 16.8659 -2.13066 0
    endloop
  endfacet
  facet normal 0 0 -1
    outer loop
      vertex 19.3717 -4.9738 0
      vertex 16.4659 -4.22773 0
      vertex 16.6989 -3.18548 0
    endloop
  endfacet
  facet normal 0 0 -1
    outer loop
      vertex 14.3536 -9.10905 0
      vertex 16.8866 -10.7165 0
      vertex 16.1803 -11.7557 0
    endloop
  endfacet
  facet normal 0 0 -1
    outer loop
      vertex 19.0211 -6.18034 0
      vertex 16.168 -5.25329 0
      vertex 16.4659 -4.22773 0
    endloop
  endfacet
  facet normal 0 0 -1
    outer loop
      vertex 18.5955 -7.36249 0
      vertex 15.8062 -6.25812 0
      vertex 16.168 -5.25329 0
    endloop
  endfacet
  facet normal 0 0 -1
    outer loop
      vertex 13.7533 -9.99235 0
      vertex 16.1803 -11.7557 0
      vertex 15.4103 -12.7485 0
    endloop
  endfacet
  facet normal 0 0 -1
    outer loop
      vertex 18.0965 -8.51558 0
      vertex 15.3821 -7.23825 0
      vertex 15.8062 -6.25812 0
    endloop
  endfacet
  facet normal 0 0 -1
    outer loop
      vertex 17.5261 -9.63507 0
      vertex 14.8972 -8.18981 0
      vertex 15.3821 -7.23825 0
    endloop
  endfacet
  facet normal 0 0 -1
    outer loop
      vertex 13.0987 -10.8362 0
      vertex 15.4103 -12.7485 0
      vertex 14.5794 -13.6909 0
    endloop
  endfacet
  facet normal 0 0 -1
    outer loop
      vertex 16.8866 -10.7165 0
      vertex 14.3536 -9.10905 0
      vertex 14.8972 -8.18981 0
    endloop
  endfacet
  facet normal 0 0 -1
    outer loop
      vertex 16.1803 -11.7557 0
      vertex 13.7533 -9.99235 0
      vertex 14.3536 -9.10905 0
    endloop
  endfacet
  facet normal 0 0 -1
    outer loop
      vertex 12.3925 -11.6373 0
      vertex 14.5794 -13.6909 0
      vertex 13.6909 -14.5794 0
    endloop
  endfacet
  facet normal 0 0 -1
    outer loop
      vertex 15.4103 -12.7485 0
      vertex 13.0987 -10.8362 0
      vertex 13.7533 -9.99235 0
    endloop
  endfacet
  facet normal 0 0 -1
    outer loop
      vertex 11.6373 -12.3925 0
      vertex 13.6909 -14.5794 0
      vertex 12.7485 -15.4103 0
    endloop
  endfacet
  facet normal 0 0 -1
    outer loop
      vertex 14.5794 -13.6909 0
      vertex 12.3925 -11.6373 0
      vertex 13.0987 -10.8362 0
    endloop
  endfacet
  facet normal 0 0 -1
    outer loop
      vertex 10.8362 -13.0987 0
      vertex 12.7485 -15.4103 0
      vertex 11.7557 -16.1803 0
    endloop
  endfacet
  facet normal 0 0 -1
    outer loop
      vertex 13.6909 -14.5794 0
      vertex 11.6373 -12.3925 0
      vertex 12.3925 -11.6373 0
    endloop
  endfacet
  facet normal 0 0 -1
    outer loop
      vertex 12.7485 -15.4103 0
      vertex 10.8362 -13.0987 0
      vertex 11.6373 -12.3925 0
    endloop
  endfacet
  facet normal 0 0 -1
    outer loop
      vertex 9.99235 -13.7533 0
      vertex 11.7557 -16.1803 0
      vertex 10.7165 -16.8866 0
    endloop
  endfacet
  facet normal 0 0 -1
    outer loop
      vertex 11.7557 -16.1803 0
      vertex 9.99235 -13.7533 0
      vertex 10.8362 -13.0987 0
    endloop
  endfacet
  facet normal 0 0 -1
    outer loop
      vertex 9.10905 -14.3536 0
      vertex 10.7165 -16.8866 0
      vertex 9.63507 -17.5261 0
    endloop
  endfacet
  facet normal 0 0 -1
    outer loop
      vertex 10.7165 -16.8866 0
      vertex 9.10905 -14.3536 0
      vertex 9.99235 -13.7533 0
    endloop
  endfacet
  facet normal 0 0 -1
    outer loop
      vertex 8.18981 -14.8972 0
      vertex 9.63507 -17.5261 0
      vertex 8.51558 -18.0965 0
    endloop
  endfacet
  facet normal 0 0 -1
    outer loop
      vertex 9.63507 -17.5261 0
      vertex 8.18981 -14.8972 0
      vertex 9.10905 -14.3536 0
    endloop
  endfacet
  facet normal 0 0 -1
    outer loop
      vertex 7.23825 -15.3821 0
      vertex 8.51558 -18.0965 0
      vertex 7.36249 -18.5955 0
    endloop
  endfacet
  facet normal 0 0 -1
    outer loop
      vertex 8.51558 -18.0965 0
      vertex 7.23825 -15.3821 0
      vertex 8.18981 -14.8972 0
    endloop
  endfacet
  facet normal 0 0 -1
    outer loop
      vertex 7.36249 -18.5955 0
      vertex 6.25812 -15.8062 0
      vertex 7.23825 -15.3821 0
    endloop
  endfacet
  facet normal 0 0 -1
    outer loop
      vertex 6.18034 -19.0211 0
      vertex 6.25812 -15.8062 0
      vertex 7.36249 -18.5955 0
    endloop
  endfacet
  facet normal 0 0 -1
    outer loop
      vertex 6.18034 -19.0211 0
      vertex 5.25329 -16.168 0
      vertex 6.25812 -15.8062 0
    endloop
  endfacet
  facet normal 0 0 -1
    outer loop
      vertex 4.9738 -19.3717 0
      vertex 5.25329 -16.168 0
      vertex 6.18034 -19.0211 0
    endloop
  endfacet
  facet normal 0 0 -1
    outer loop
      vertex 4.9738 -19.3717 0
      vertex 4.22773 -16.4659 0
      vertex 5.25329 -16.168 0
    endloop
  endfacet
  facet normal 0 0 -1
    outer loop
      vertex 3.74763 -19.6457 0
      vertex 4.22773 -16.4659 0
      vertex 4.9738 -19.3717 0
    endloop
  endfacet
  facet normal 0 0 -1
    outer loop
      vertex 3.74763 -19.6457 0
      vertex 3.18548 -16.6989 0
      vertex 4.22773 -16.4659 0
    endloop
  endfacet
  facet normal 0 0 -1
    outer loop
      vertex 2.50666 -19.8423 0
      vertex 3.18548 -16.6989 0
      vertex 3.74763 -19.6457 0
    endloop
  endfacet
  facet normal 0 0 -1
    outer loop
      vertex 2.50666 -19.8423 0
      vertex 2.13066 -16.8659 0
      vertex 3.18548 -16.6989 0
    endloop
  endfacet
  facet normal 0 0 -1
    outer loop
      vertex 1.25581 -19.9605 0
      vertex 2.13066 -16.8659 0
      vertex 2.50666 -19.8423 0
    endloop
  endfacet
  facet normal 0 0 -1
    outer loop
      vertex 1.25581 -19.9605 0
      vertex 1.06744 -16.9665 0
      vertex 2.13066 -16.8659 0
    endloop
  endfacet
  facet normal 0 0 -1
    outer loop
      vertex 0 -20 0
      vertex 1.06744 -16.9665 0
      vertex 1.25581 -19.9605 0
    endloop
  endfacet
  facet normal 0 0 -1
    outer loop
      vertex 0 -20 0
      vertex 0 -17 0
      vertex 1.06744 -16.9665 0
    endloop
  endfacet
  facet normal 0 0 -1
    outer loop
      vertex 0 -20 0
      vertex -1.06744 -16.9665 0
      vertex 0 -17 0
    endloop
  endfacet
  facet normal 0 0 -1
    outer loop
      vertex -1.25581 -19.9605 0
      vertex -1.06744 -16.9665 0
      vertex 0 -20 0
    endloop
  endfacet
  facet normal 0 0 -1
    outer loop
      vertex -1.25581 -19.9605 0
      vertex -2.13066 -16.8659 0
      vertex -1.06744 -16.9665 0
    endloop
  endfacet
  facet normal 0 0 -1
    outer loop
      vertex -2.50666 -19.8423 0
      vertex -2.13066 -16.8659 0
      vertex -1.25581 -19.9605 0
    endloop
  endfacet
  facet normal 0 0 -1
    outer loop
      vertex -2.50666 -19.8423 0
      vertex -3.18548 -16.6989 0
      vertex -2.13066 -16.8659 0
    endloop
  endfacet
  facet normal 0 0 -1
    outer loop
      vertex -3.74763 -19.6457 0
      vertex -3.18548 -16.6989 0
      vertex -2.50666 -19.8423 0
    endloop
  endfacet
  facet normal 0 0 -1
    outer loop
      vertex -3.74763 -19.6457 0
      vertex -4.22773 -16.4659 0
      vertex -3.18548 -16.6989 0
    endloop
  endfacet
  facet normal 0 0 -1
    outer loop
      vertex -4.9738 -19.3717 0
      vertex -4.22773 -16.4659 0
      vertex -3.74763 -19.6457 0
    endloop
  endfacet
  facet normal 0 0 -1
    outer loop
      vertex -4.9738 -19.3717 0
      vertex -5.25329 -16.168 0
      vertex -4.22773 -16.4659 0
    endloop
  endfacet
  facet normal 0 0 -1
    outer loop
      vertex -6.18034 -19.0211 0
      vertex -5.25329 -16.168 0
      vertex -4.9738 -19.3717 0
    endloop
  endfacet
  facet normal 0 0 -1
    outer loop
      vertex -6.18034 -19.0211 0
      vertex -6.25812 -15.8062 0
      vertex -5.25329 -16.168 0
    endloop
  endfacet
  facet normal 0 0 -1
    outer loop
      vertex -7.36249 -18.5955 0
      vertex -6.25812 -15.8062 0
      vertex -6.18034 -19.0211 0
    endloop
  endfacet
  facet normal -0 0 -1
    outer loop
      vertex -6.25812 -15.8062 0
      vertex -7.36249 -18.5955 0
      vertex -7.23825 -15.3821 0
    endloop
  endfacet
  facet normal 0 0 -1
    outer loop
      vertex -8.51558 -18.0965 0
      vertex -7.23825 -15.3821 0
      vertex -7.36249 -18.5955 0
    endloop
  endfacet
  facet normal -0 0 -1
    outer loop
      vertex -7.23825 -15.3821 0
      vertex -8.51558 -18.0965 0
      vertex -8.18981 -14.8972 0
    endloop
  endfacet
  facet normal 0 0 -1
    outer loop
      vertex -9.63507 -17.5261 0
      vertex -8.18981 -14.8972 0
      vertex -8.51558 -18.0965 0
    endloop
  endfacet
  facet normal -0 0 -1
    outer loop
      vertex -8.18981 -14.8972 0
      vertex -9.63507 -17.5261 0
      vertex -9.10905 -14.3536 0
    endloop
  endfacet
  facet normal 0 0 -1
    outer loop
      vertex -10.7165 -16.8866 0
      vertex -9.10905 -14.3536 0
      vertex -9.63507 -17.5261 0
    endloop
  endfacet
  facet normal -0 0 -1
    outer loop
      vertex -9.10905 -14.3536 0
      vertex -10.7165 -16.8866 0
      vertex -9.99235 -13.7533 0
    endloop
  endfacet
  facet normal 0 0 -1
    outer loop
      vertex -11.7557 -16.1803 0
      vertex -9.99235 -13.7533 0
      vertex -10.7165 -16.8866 0
    endloop
  endfacet
  facet normal -0 0 -1
    outer loop
      vertex -9.99235 -13.7533 0
      vertex -11.7557 -16.1803 0
      vertex -10.8362 -13.0987 0
    endloop
  endfacet
  facet normal 0 0 -1
    outer loop
      vertex -12.7485 -15.4103 0
      vertex -10.8362 -13.0987 0
      vertex -11.7557 -16.1803 0
    endloop
  endfacet
  facet normal -0 0 -1
    outer loop
      vertex -10.8362 -13.0987 0
      vertex -12.7485 -15.4103 0
      vertex -11.6373 -12.3925 0
    endloop
  endfacet
  facet normal 0 0 -1
    outer loop
      vertex -13.6909 -14.5794 0
      vertex -11.6373 -12.3925 0
      vertex -12.7485 -15.4103 0
    endloop
  endfacet
  facet normal -0 0 -1
    outer loop
      vertex -11.6373 -12.3925 0
      vertex -13.6909 -14.5794 0
      vertex -12.3925 -11.6373 0
    endloop
  endfacet
  facet normal 0 0 -1
    outer loop
      vertex -14.5794 -13.6909 0
      vertex -12.3925 -11.6373 0
      vertex -13.6909 -14.5794 0
    endloop
  endfacet
  facet normal -0 0 -1
    outer loop
      vertex -12.3925 -11.6373 0
      vertex -14.5794 -13.6909 0
      vertex -13.0987 -10.8362 0
    endloop
  endfacet
  facet normal 0 0 -1
    outer loop
      vertex -15.4103 -12.7485 0
      vertex -13.0987 -10.8362 0
      vertex -14.5794 -13.6909 0
    endloop
  endfacet
  facet normal -0 0 -1
    outer loop
      vertex -13.0987 -10.8362 0
      vertex -15.4103 -12.7485 0
      vertex -13.7533 -9.99235 0
    endloop
  endfacet
  facet normal 0 0 -1
    outer loop
      vertex -16.1803 -11.7557 0
      vertex -13.7533 -9.99235 0
      vertex -15.4103 -12.7485 0
    endloop
  endfacet
  facet normal -0 0 -1
    outer loop
      vertex -13.7533 -9.99235 0
      vertex -16.1803 -11.7557 0
      vertex -14.3536 -9.10905 0
    endloop
  endfacet
  facet normal 0 0 -1
    outer loop
      vertex -16.8866 -10.7165 0
      vertex -14.3536 -9.10905 0
      vertex -16.1803 -11.7557 0
    endloop
  endfacet
  facet normal -0 0 -1
    outer loop
      vertex -14.3536 -9.10905 0
      vertex -16.8866 -10.7165 0
      vertex -14.8972 -8.18981 0
    endloop
  endfacet
  facet normal 0 0 -1
    outer loop
      vertex -17.5261 -9.63507 0
      vertex -14.8972 -8.18981 0
      vertex -16.8866 -10.7165 0
    endloop
  endfacet
  facet normal -0 0 -1
    outer loop
      vertex -14.8972 -8.18981 0
      vertex -17.5261 -9.63507 0
      vertex -15.3821 -7.23825 0
    endloop
  endfacet
  facet normal 0 0 -1
    outer loop
      vertex -18.0965 -8.51558 0
      vertex -15.3821 -7.23825 0
      vertex -17.5261 -9.63507 0
    endloop
  endfacet
  facet normal -0 0 -1
    outer loop
      vertex -15.3821 -7.23825 0
      vertex -18.0965 -8.51558 0
      vertex -15.8062 -6.25812 0
    endloop
  endfacet
  facet normal 0 0 -1
    outer loop
      vertex -18.5955 -7.36249 0
      vertex -15.8062 -6.25812 0
      vertex -18.0965 -8.51558 0
    endloop
  endfacet
  facet normal -0 0 -1
    outer loop
      vertex -15.8062 -6.25812 0
      vertex -18.5955 -7.36249 0
      vertex -16.168 -5.25329 0
    endloop
  endfacet
  facet normal 0 0 -1
    outer loop
      vertex -19.0211 -6.18034 0
      vertex -16.168 -5.25329 0
      vertex -18.5955 -7.36249 0
    endloop
  endfacet
  facet normal -0 0 -1
    outer loop
      vertex -16.168 -5.25329 0
      vertex -19.0211 -6.18034 0
      vertex -16.4659 -4.22773 0
    endloop
  endfacet
  facet normal 0 0 -1
    outer loop
      vertex -19.3717 -4.9738 0
      vertex -16.4659 -4.22773 0
      vertex -19.0211 -6.18034 0
    endloop
  endfacet
  facet normal -0 0 -1
    outer loop
      vertex 19.3717 4.9738 0
      vertex 16.4659 4.22773 0
      vertex 19.0211 6.18034 0
    endloop
  endfacet
  facet normal 0 0 -1
    outer loop
      vertex 16.168 5.25329 0
      vertex 19.0211 6.18034 0
      vertex 16.4659 4.22773 0
    endloop
  endfacet
  facet normal -0 0 -1
    outer loop
      vertex 19.0211 6.18034 0
      vertex 16.168 5.25329 0
      vertex 18.5955 7.36249 0
    endloop
  endfacet
  facet normal 0 0 -1
    outer loop
      vertex 15.8062 6.25812 0
      vertex 18.5955 7.36249 0
      vertex 16.168 5.25329 0
    endloop
  endfacet
  facet normal -0 0 -1
    outer loop
      vertex 18.5955 7.36249 0
      vertex 15.8062 6.25812 0
      vertex 18.0965 8.51558 0
    endloop
  endfacet
  facet normal 0 0 -1
    outer loop
      vertex 15.3821 7.23825 0
      vertex 18.0965 8.51558 0
      vertex 15.8062 6.25812 0
    endloop
  endfacet
  facet normal -0 0 -1
    outer loop
      vertex 18.0965 8.51558 0
      vertex 15.3821 7.23825 0
      vertex 17.5261 9.63507 0
    endloop
  endfacet
  facet normal 0 0 -1
    outer loop
      vertex 14.8972 8.18981 0
      vertex 17.5261 9.63507 0
      vertex 15.3821 7.23825 0
    endloop
  endfacet
  facet normal -0 0 -1
    outer loop
      vertex 17.5261 9.63507 0
      vertex 14.8972 8.18981 0
      vertex 16.8866 10.7165 0
    endloop
  endfacet
  facet normal 0 0 -1
    outer loop
      vertex 14.3536 9.10905 0
      vertex 16.8866 10.7165 0
      vertex 14.8972 8.18981 0
    endloop
  endfacet
  facet normal -0 0 -1
    outer loop
      vertex 16.8866 10.7165 0
      vertex 14.3536 9.10905 0
      vertex 16.1803 11.7557 0
    endloop
  endfacet
  facet normal 0 0 -1
    outer loop
      vertex 13.7533 9.99235 0
      vertex 16.1803 11.7557 0
      vertex 14.3536 9.10905 0
    endloop
  endfacet
  facet normal -0 0 -1
    outer loop
      vertex 16.1803 11.7557 0
      vertex 13.7533 9.99235 0
      vertex 15.4103 12.7485 0
    endloop
  endfacet
  facet normal 0 0 -1
    outer loop
      vertex 13.0987 10.8362 0
      vertex 15.4103 12.7485 0
      vertex 13.7533 9.99235 0
    endloop
  endfacet
  facet normal -0 0 -1
    outer loop
      vertex 15.4103 12.7485 0
      vertex 13.0987 10.8362 0
      vertex 14.5794 13.6909 0
    endloop
  endfacet
  facet normal 0 0 -1
    outer loop
      vertex 12.3925 11.6373 0
      vertex 14.5794 13.6909 0
      vertex 13.0987 10.8362 0
    endloop
  endfacet
  facet normal -0 0 -1
    outer loop
      vertex 14.5794 13.6909 0
      vertex 12.3925 11.6373 0
      vertex 13.6909 14.5794 0
    endloop
  endfacet
  facet normal 0 0 -1
    outer loop
      vertex 11.6373 12.3925 0
      vertex 13.6909 14.5794 0
      vertex 12.3925 11.6373 0
    endloop
  endfacet
  facet normal -0 0 -1
    outer loop
      vertex 13.6909 14.5794 0
      vertex 11.6373 12.3925 0
      vertex 12.7485 15.4103 0
    endloop
  endfacet
  facet normal 0 0 -1
    outer loop
      vertex 10.8362 13.0987 0
      vertex 12.7485 15.4103 0
      vertex 11.6373 12.3925 0
    endloop
  endfacet
  facet normal -0 0 -1
    outer loop
      vertex 12.7485 15.4103 0
      vertex 10.8362 13.0987 0
      vertex 11.7557 16.1803 0
    endloop
  endfacet
  facet normal 0 0 -1
    outer loop
      vertex 9.99235 13.7533 0
      vertex 11.7557 16.1803 0
      vertex 10.8362 13.0987 0
    endloop
  endfacet
  facet normal -0 0 -1
    outer loop
      vertex 11.7557 16.1803 0
      vertex 9.99235 13.7533 0
      vertex 10.7165 16.8866 0
    endloop
  endfacet
  facet normal 0 0 -1
    outer loop
      vertex 9.10905 14.3536 0
      vertex 10.7165 16.8866 0
      vertex 9.99235 13.7533 0
    endloop
  endfacet
  facet normal -0 0 -1
    outer loop
      vertex 10.7165 16.8866 0
      vertex 9.10905 14.3536 0
      vertex 9.63507 17.5261 0
    endloop
  endfacet
  facet normal 0 0 -1
    outer loop
      vertex 8.18981 14.8972 0
      vertex 9.63507 17.5261 0
      vertex 9.10905 14.3536 0
    endloop
  endfacet
  facet normal -0 0 -1
    outer loop
      vertex 9.63507 17.5261 0
      vertex 8.18981 14.8972 0
      vertex 8.51558 18.0965 0
    endloop
  endfacet
  facet normal 0 0 -1
    outer loop
      vertex 7.23825 15.3821 0
      vertex 8.51558 18.0965 0
      vertex 8.18981 14.8972 0
    endloop
  endfacet
  facet normal -0 0 -1
    outer loop
      vertex 8.51558 18.0965 0
      vertex 7.23825 15.3821 0
      vertex 7.36249 18.5955 0
    endloop
  endfacet
  facet normal 0 0 -1
    outer loop
      vertex 6.25812 15.8062 0
      vertex 7.36249 18.5955 0
      vertex 7.23825 15.3821 0
    endloop
  endfacet
  facet normal 0 0 -1
    outer loop
      vertex 6.25812 15.8062 0
      vertex 6.18034 19.0211 0
      vertex 7.36249 18.5955 0
    endloop
  endfacet
  facet normal 0 0 -1
    outer loop
      vertex 5.25329 16.168 0
      vertex 6.18034 19.0211 0
      vertex 6.25812 15.8062 0
    endloop
  endfacet
  facet normal 0 0 -1
    outer loop
      vertex 5.25329 16.168 0
      vertex 4.9738 19.3717 0
      vertex 6.18034 19.0211 0
    endloop
  endfacet
  facet normal 0 0 -1
    outer loop
      vertex 4.22773 16.4659 0
      vertex 4.9738 19.3717 0
      vertex 5.25329 16.168 0
    endloop
  endfacet
  facet normal 0 0 -1
    outer loop
      vertex 4.22773 16.4659 0
      vertex 3.74763 19.6457 0
      vertex 4.9738 19.3717 0
    endloop
  endfacet
  facet normal 0 0 -1
    outer loop
      vertex 3.18548 16.6989 0
      vertex 3.74763 19.6457 0
      vertex 4.22773 16.4659 0
    endloop
  endfacet
  facet normal 0 0 -1
    outer loop
      vertex 3.18548 16.6989 0
      vertex 2.50666 19.8423 0
      vertex 3.74763 19.6457 0
    endloop
  endfacet
  facet normal 0 0 -1
    outer loop
      vertex 2.13066 16.8659 0
      vertex 2.50666 19.8423 0
      vertex 3.18548 16.6989 0
    endloop
  endfacet
  facet normal 0 0 -1
    outer loop
      vertex 2.13066 16.8659 0
      vertex 1.25581 19.9605 0
      vertex 2.50666 19.8423 0
    endloop
  endfacet
  facet normal 0 0 -1
    outer loop
      vertex 1.06744 16.9665 0
      vertex 1.25581 19.9605 0
      vertex 2.13066 16.8659 0
    endloop
  endfacet
  facet normal 0 0 -1
    outer loop
      vertex 0 17 0
      vertex 1.25581 19.9605 0
      vertex 1.06744 16.9665 0
    endloop
  endfacet
  facet normal 0 0 -1
    outer loop
      vertex 0 17 0
      vertex 0 20 0
      vertex 1.25581 19.9605 0
    endloop
  endfacet
  facet normal 0 0 -1
    outer loop
      vertex -1.06744 16.9665 0
      vertex 0 20 0
      vertex 0 17 0
    endloop
  endfacet
  facet normal 0 0 -1
    outer loop
      vertex -1.06744 16.9665 0
      vertex -1.25581 19.9605 0
      vertex 0 20 0
    endloop
  endfacet
  facet normal 0 0 -1
    outer loop
      vertex -2.13066 16.8659 0
      vertex -1.25581 19.9605 0
      vertex -1.06744 16.9665 0
    endloop
  endfacet
  facet normal 0 0 -1
    outer loop
      vertex -2.13066 16.8659 0
      vertex -2.50666 19.8423 0
      vertex -1.25581 19.9605 0
    endloop
  endfacet
  facet normal 0 0 -1
    outer loop
      vertex -3.18548 16.6989 0
      vertex -2.50666 19.8423 0
      vertex -2.13066 16.8659 0
    endloop
  endfacet
  facet normal 0 0 -1
    outer loop
      vertex -3.18548 16.6989 0
      vertex -3.74763 19.6457 0
      vertex -2.50666 19.8423 0
    endloop
  endfacet
  facet normal 0 0 -1
    outer loop
      vertex -4.22773 16.4659 0
      vertex -3.74763 19.6457 0
      vertex -3.18548 16.6989 0
    endloop
  endfacet
  facet normal 0 0 -1
    outer loop
      vertex -4.22773 16.4659 0
      vertex -4.9738 19.3717 0
      vertex -3.74763 19.6457 0
    endloop
  endfacet
  facet normal 0 0 -1
    outer loop
      vertex -5.25329 16.168 0
      vertex -4.9738 19.3717 0
      vertex -4.22773 16.4659 0
    endloop
  endfacet
  facet normal 0 0 -1
    outer loop
      vertex -5.25329 16.168 0
      vertex -6.18034 19.0211 0
      vertex -4.9738 19.3717 0
    endloop
  endfacet
  facet normal 0 0 -1
    outer loop
      vertex -6.25812 15.8062 0
      vertex -6.18034 19.0211 0
      vertex -5.25329 16.168 0
    endloop
  endfacet
  facet normal 0 0 -1
    outer loop
      vertex -7.36249 18.5955 0
      vertex -6.25812 15.8062 0
      vertex -7.23825 15.3821 0
    endloop
  endfacet
  facet normal 0 0 -1
    outer loop
      vertex -6.25812 15.8062 0
      vertex -7.36249 18.5955 0
      vertex -6.18034 19.0211 0
    endloop
  endfacet
  facet normal 0 0 -1
    outer loop
      vertex -8.51558 18.0965 0
      vertex -7.23825 15.3821 0
      vertex -8.18981 14.8972 0
    endloop
  endfacet
  facet normal 0 0 -1
    outer loop
      vertex -7.23825 15.3821 0
      vertex -8.51558 18.0965 0
      vertex -7.36249 18.5955 0
    endloop
  endfacet
  facet normal 0 0 -1
    outer loop
      vertex -9.63507 17.5261 0
      vertex -8.18981 14.8972 0
      vertex -9.10905 14.3536 0
    endloop
  endfacet
  facet normal 0 0 -1
    outer loop
      vertex -8.18981 14.8972 0
      vertex -9.63507 17.5261 0
      vertex -8.51558 18.0965 0
    endloop
  endfacet
  facet normal 0 0 -1
    outer loop
      vertex -10.7165 16.8866 0
      vertex -9.10905 14.3536 0
      vertex -9.99235 13.7533 0
    endloop
  endfacet
  facet normal 0 0 -1
    outer loop
      vertex -9.10905 14.3536 0
      vertex -10.7165 16.8866 0
      vertex -9.63507 17.5261 0
    endloop
  endfacet
  facet normal 0 0 -1
    outer loop
      vertex -11.7557 16.1803 0
      vertex -9.99235 13.7533 0
      vertex -10.8362 13.0987 0
    endloop
  endfacet
  facet normal 0 0 -1
    outer loop
      vertex -12.7485 15.4103 0
      vertex -10.8362 13.0987 0
      vertex -11.6373 12.3925 0
    endloop
  endfacet
  facet normal 0 0 -1
    outer loop
      vertex -9.99235 13.7533 0
      vertex -11.7557 16.1803 0
      vertex -10.7165 16.8866 0
    endloop
  endfacet
  facet normal 0 0 -1
    outer loop
      vertex -13.6909 14.5794 0
      vertex -11.6373 12.3925 0
      vertex -12.3925 11.6373 0
    endloop
  endfacet
  facet normal 0 0 -1
    outer loop
      vertex -10.8362 13.0987 0
      vertex -12.7485 15.4103 0
      vertex -11.7557 16.1803 0
    endloop
  endfacet
  facet normal 0 0 -1
    outer loop
      vertex -14.5794 13.6909 0
      vertex -12.3925 11.6373 0
      vertex -13.0987 10.8362 0
    endloop
  endfacet
  facet normal 0 0 -1
    outer loop
      vertex -11.6373 12.3925 0
      vertex -13.6909 14.5794 0
      vertex -12.7485 15.4103 0
    endloop
  endfacet
  facet normal 0 0 -1
    outer loop
      vertex -15.4103 12.7485 0
      vertex -13.0987 10.8362 0
      vertex -13.7533 9.99235 0
    endloop
  endfacet
  facet normal 0 0 -1
    outer loop
      vertex -16.1803 11.7557 0
      vertex -13.7533 9.99235 0
      vertex -14.3536 9.10905 0
    endloop
  endfacet
  facet normal 0 0 -1
    outer loop
      vertex -12.3925 11.6373 0
      vertex -14.5794 13.6909 0
      vertex -13.6909 14.5794 0
    endloop
  endfacet
  facet normal 0 0 -1
    outer loop
      vertex -16.8866 10.7165 0
      vertex -14.3536 9.10905 0
      vertex -14.8972 8.18981 0
    endloop
  endfacet
  facet normal 0 0 -1
    outer loop
      vertex -17.5261 9.63507 0
      vertex -14.8972 8.18981 0
      vertex -15.3821 7.23825 0
    endloop
  endfacet
  facet normal 0 0 -1
    outer loop
      vertex -13.0987 10.8362 0
      vertex -15.4103 12.7485 0
      vertex -14.5794 13.6909 0
    endloop
  endfacet
  facet normal 0 0 -1
    outer loop
      vertex -18.0965 8.51558 0
      vertex -15.3821 7.23825 0
      vertex -15.8062 6.25812 0
    endloop
  endfacet
  facet normal 0 0 -1
    outer loop
      vertex -18.5955 7.36249 0
      vertex -15.8062 6.25812 0
      vertex -16.168 5.25329 0
    endloop
  endfacet
  facet normal 0 0 -1
    outer loop
      vertex -13.7533 9.99235 0
      vertex -16.1803 11.7557 0
      vertex -15.4103 12.7485 0
    endloop
  endfacet
  facet normal 0 0 -1
    outer loop
      vertex -19.0211 6.18034 0
      vertex -16.168 5.25329 0
      vertex -16.4659 4.22773 0
    endloop
  endfacet
  facet normal 0 0 -1
    outer loop
      vertex -19.3717 4.9738 0
      vertex -16.4659 4.22773 0
      vertex -16.6989 3.18548 0
    endloop
  endfacet
  facet normal 0 0 -1
    outer loop
      vertex -19.6457 3.74763 0
      vertex -16.6989 3.18548 0
      vertex -16.8659 2.13066 0
    endloop
  endfacet
  facet normal 0 0 -1
    outer loop
      vertex -14.3536 9.10905 0
      vertex -16.8866 10.7165 0
      vertex -16.1803 11.7557 0
    endloop
  endfacet
  facet normal 0 0 -1
    outer loop
      vertex -19.8423 2.50666 0
      vertex -16.8659 2.13066 0
      vertex -16.9665 1.06744 0
    endloop
  endfacet
  facet normal 0 0 -1
    outer loop
      vertex -19.9605 1.25581 0
      vertex -16.9665 1.06744 0
      vertex -17 0 0
    endloop
  endfacet
  facet normal -0 0 -1
    outer loop
      vertex -16.4659 -4.22773 0
      vertex -19.3717 -4.9738 0
      vertex -16.6989 -3.18548 0
    endloop
  endfacet
  facet normal 0 0 -1
    outer loop
      vertex -14.8972 8.18981 0
      vertex -17.5261 9.63507 0
      vertex -16.8866 10.7165 0
    endloop
  endfacet
  facet normal 0 0 -1
    outer loop
      vertex -19.6457 -3.74763 0
      vertex -16.6989 -3.18548 0
      vertex -19.3717 -4.9738 0
    endloop
  endfacet
  facet normal 0 0 -1
    outer loop
      vertex -15.3821 7.23825 0
      vertex -18.0965 8.51558 0
      vertex -17.5261 9.63507 0
    endloop
  endfacet
  facet normal -0 0 -1
    outer loop
      vertex -16.6989 -3.18548 0
      vertex -19.6457 -3.74763 0
      vertex -16.8659 -2.13066 0
    endloop
  endfacet
  facet normal 0 0 -1
    outer loop
      vertex -15.8062 6.25812 0
      vertex -18.5955 7.36249 0
      vertex -18.0965 8.51558 0
    endloop
  endfacet
  facet normal 0 0 -1
    outer loop
      vertex -19.8423 -2.50666 0
      vertex -16.8659 -2.13066 0
      vertex -19.6457 -3.74763 0
    endloop
  endfacet
  facet normal 0 0 -1
    outer loop
      vertex -16.168 5.25329 0
      vertex -19.0211 6.18034 0
      vertex -18.5955 7.36249 0
    endloop
  endfacet
  facet normal -0 0 -1
    outer loop
      vertex -16.8659 -2.13066 0
      vertex -19.8423 -2.50666 0
      vertex -16.9665 -1.06744 0
    endloop
  endfacet
  facet normal 0 0 -1
    outer loop
      vertex -16.4659 4.22773 0
      vertex -19.3717 4.9738 0
      vertex -19.0211 6.18034 0
    endloop
  endfacet
  facet normal 0 0 -1
    outer loop
      vertex -19.9605 -1.25581 0
      vertex -16.9665 -1.06744 0
      vertex -19.8423 -2.50666 0
    endloop
  endfacet
  facet normal 0 0 -1
    outer loop
      vertex -16.6989 3.18548 0
      vertex -19.6457 3.74763 0
      vertex -19.3717 4.9738 0
    endloop
  endfacet
  facet normal -0 0 -1
    outer loop
      vertex -16.9665 -1.06744 0
      vertex -19.9605 -1.25581 0
      vertex -17 0 0
    endloop
  endfacet
  facet normal 0 0 -1
    outer loop
      vertex -16.8659 2.13066 0
      vertex -19.8423 2.50666 0
      vertex -19.6457 3.74763 0
    endloop
  endfacet
  facet normal 0 0 -1
    outer loop
      vertex -20 0 0
      vertex -17 0 0
      vertex -19.9605 -1.25581 0
    endloop
  endfacet
  facet normal 0 0 -1
    outer loop
      vertex -16.9665 1.06744 0
      vertex -19.9605 1.25581 0
      vertex -19.8423 2.50666 0
    endloop
  endfacet
  facet normal 0 0 -1
    outer loop
      vertex -17 0 0
      vertex -20 0 0
      vertex -19.9605 1.25581 0
    endloop
  endfacet
  facet normal -0.999506 0.0314383 0
    outer loop
      vertex -20 0 0
      vertex -19.9605 1.25581 10
      vertex -19.9605 1.25581 0
    endloop
  endfacet
  facet normal -0.999506 0.0314383 0
    outer loop
      vertex -19.9605 1.25581 10
      vertex -20 0 0
      vertex -20 0 10
    endloop
  endfacet
  facet normal -0.453985 -0.891009 0
    outer loop
      vertex -9.63507 -17.5261 0
      vertex -8.51558 -18.0965 10
      vertex -9.63507 -17.5261 10
    endloop
  endfacet
  facet normal -0.453985 -0.891009 -0
    outer loop
      vertex -8.51558 -18.0965 10
      vertex -9.63507 -17.5261 0
      vertex -8.51558 -18.0965 0
    endloop
  endfacet
  facet normal -0.891009 -0.453985 0
    outer loop
      vertex -17.5261 -9.63507 0
      vertex -18.0965 -8.51558 10
      vertex -18.0965 -8.51558 0
    endloop
  endfacet
  facet normal -0.891009 -0.453985 0
    outer loop
      vertex -18.0965 -8.51558 10
      vertex -17.5261 -9.63507 0
      vertex -17.5261 -9.63507 10
    endloop
  endfacet
  facet normal -0.917751 -0.397157 0
    outer loop
      vertex -18.0965 -8.51558 0
      vertex -18.5955 -7.36249 10
      vertex -18.5955 -7.36249 0
    endloop
  endfacet
  facet normal -0.917751 -0.397157 0
    outer loop
      vertex -18.5955 -7.36249 10
      vertex -18.0965 -8.51558 0
      vertex -18.0965 -8.51558 10
    endloop
  endfacet
  facet normal -0.278946 0.960307 0
    outer loop
      vertex -4.22773 16.4659 -2
      vertex -5.25329 16.168 0
      vertex -4.22773 16.4659 0
    endloop
  endfacet
  facet normal -0.278946 0.960307 0
    outer loop
      vertex -5.25329 16.168 0
      vertex -4.22773 16.4659 -2
      vertex -5.25329 16.168 -2
    endloop
  endfacet
  facet normal -0.278946 0.960307 0
    outer loop
      vertex -4.22773 16.4659 10
      vertex -5.25329 16.168 12
      vertex -4.22773 16.4659 12
    endloop
  endfacet
  facet normal -0.278946 0.960307 0
    outer loop
      vertex -5.25329 16.168 12
      vertex -4.22773 16.4659 10
      vertex -5.25329 16.168 10
    endloop
  endfacet
  facet normal 0.995554 0.0941975 0
    outer loop
      vertex 16.9665 1.06744 0
      vertex 16.8659 2.13066 -2
      vertex 16.8659 2.13066 0
    endloop
  endfacet
  facet normal 0.995554 0.0941975 0
    outer loop
      vertex 16.8659 2.13066 -2
      vertex 16.9665 1.06744 0
      vertex 16.9665 1.06744 -2
    endloop
  endfacet
  facet normal 0.995554 0.0941975 0
    outer loop
      vertex 16.9665 1.06744 12
      vertex 16.8659 2.13066 10
      vertex 16.8659 2.13066 12
    endloop
  endfacet
  facet normal 0.995554 0.0941975 0
    outer loop
      vertex 16.8659 2.13066 10
      vertex 16.9665 1.06744 12
      vertex 16.9665 1.06744 10
    endloop
  endfacet
  facet normal 0.999508 0.0313681 0
    outer loop
      vertex 17 0 0
      vertex 16.9665 1.06744 -2
      vertex 16.9665 1.06744 0
    endloop
  endfacet
  facet normal 0.999508 0.0313681 0
    outer loop
      vertex 16.9665 1.06744 -2
      vertex 17 0 0
      vertex 17 0 -2
    endloop
  endfacet
  facet normal 0.999508 0.0313681 0
    outer loop
      vertex 17 0 12
      vertex 16.9665 1.06744 10
      vertex 16.9665 1.06744 12
    endloop
  endfacet
  facet normal 0.999508 0.0313681 0
    outer loop
      vertex 16.9665 1.06744 10
      vertex 17 0 12
      vertex 17 0 10
    endloop
  endfacet
  facet normal 0.987698 0.156373 0
    outer loop
      vertex 16.8659 2.13066 0
      vertex 16.6989 3.18548 -2
      vertex 16.6989 3.18548 0
    endloop
  endfacet
  facet normal 0.987698 0.156373 0
    outer loop
      vertex 16.6989 3.18548 -2
      vertex 16.8659 2.13066 0
      vertex 16.8659 2.13066 -2
    endloop
  endfacet
  facet normal 0.987698 0.156373 0
    outer loop
      vertex 16.8659 2.13066 12
      vertex 16.6989 3.18548 10
      vertex 16.6989 3.18548 12
    endloop
  endfacet
  facet normal 0.987698 0.156373 0
    outer loop
      vertex 16.6989 3.18548 10
      vertex 16.8659 2.13066 12
      vertex 16.8659 2.13066 10
    endloop
  endfacet
  facet normal 0.975911 0.21817 0
    outer loop
      vertex 16.6989 3.18548 0
      vertex 16.4659 4.22773 -2
      vertex 16.4659 4.22773 0
    endloop
  endfacet
  facet normal 0.975911 0.21817 0
    outer loop
      vertex 16.4659 4.22773 -2
      vertex 16.6989 3.18548 0
      vertex 16.6989 3.18548 -2
    endloop
  endfacet
  facet normal 0.975911 0.21817 0
    outer loop
      vertex 16.6989 3.18548 12
      vertex 16.4659 4.22773 10
      vertex 16.4659 4.22773 12
    endloop
  endfacet
  facet normal 0.975911 0.21817 0
    outer loop
      vertex 16.4659 4.22773 10
      vertex 16.6989 3.18548 12
      vertex 16.6989 3.18548 10
    endloop
  endfacet
  facet normal 0.278946 -0.960307 0
    outer loop
      vertex 4.22773 -16.4659 10
      vertex 5.25329 -16.168 12
      vertex 4.22773 -16.4659 12
    endloop
  endfacet
  facet normal 0.278946 -0.960307 0
    outer loop
      vertex 5.25329 -16.168 12
      vertex 4.22773 -16.4659 10
      vertex 5.25329 -16.168 10
    endloop
  endfacet
  facet normal 0.278946 -0.960307 0
    outer loop
      vertex 4.22773 -16.4659 -2
      vertex 5.25329 -16.168 0
      vertex 4.22773 -16.4659 0
    endloop
  endfacet
  facet normal 0.278946 -0.960307 0
    outer loop
      vertex 5.25329 -16.168 0
      vertex 4.22773 -16.4659 -2
      vertex 5.25329 -16.168 -2
    endloop
  endfacet
  facet normal -0.509016 -0.860757 0
    outer loop
      vertex -9.10905 -14.3536 10
      vertex -8.18981 -14.8972 12
      vertex -9.10905 -14.3536 12
    endloop
  endfacet
  facet normal -0.509016 -0.860757 -0
    outer loop
      vertex -8.18981 -14.8972 12
      vertex -9.10905 -14.3536 10
      vertex -8.18981 -14.8972 10
    endloop
  endfacet
  facet normal -0.509016 -0.860757 0
    outer loop
      vertex -9.10905 -14.3536 -2
      vertex -8.18981 -14.8972 0
      vertex -9.10905 -14.3536 0
    endloop
  endfacet
  facet normal -0.509016 -0.860757 -0
    outer loop
      vertex -8.18981 -14.8972 0
      vertex -9.10905 -14.3536 -2
      vertex -8.18981 -14.8972 -2
    endloop
  endfacet
  facet normal 0.750141 -0.661278 0
    outer loop
      vertex 12.3925 -11.6373 12
      vertex 13.0987 -10.8362 10
      vertex 13.0987 -10.8362 12
    endloop
  endfacet
  facet normal 0.750141 -0.661278 0
    outer loop
      vertex 13.0987 -10.8362 10
      vertex 12.3925 -11.6373 12
      vertex 12.3925 -11.6373 10
    endloop
  endfacet
  facet normal 0.750141 -0.661278 0
    outer loop
      vertex 12.3925 -11.6373 0
      vertex 13.0987 -10.8362 -2
      vertex 13.0987 -10.8362 0
    endloop
  endfacet
  facet normal 0.750141 -0.661278 0
    outer loop
      vertex 13.0987 -10.8362 -2
      vertex 12.3925 -11.6373 0
      vertex 12.3925 -11.6373 -2
    endloop
  endfacet
  facet normal 0 0 1
    outer loop
      vertex 16.9665 1.06744 12
      vertex 16.9665 -1.06744 12
      vertex 17 0 12
    endloop
  endfacet
  facet normal 0 0 1
    outer loop
      vertex 16.8659 2.13066 12
      vertex 16.9665 -1.06744 12
      vertex 16.9665 1.06744 12
    endloop
  endfacet
  facet normal 0 0 1
    outer loop
      vertex 16.8659 2.13066 12
      vertex 16.8659 -2.13066 12
      vertex 16.9665 -1.06744 12
    endloop
  endfacet
  facet normal 0 0 1
    outer loop
      vertex 16.6989 3.18548 12
      vertex 16.8659 -2.13066 12
      vertex 16.8659 2.13066 12
    endloop
  endfacet
  facet normal 0 0 1
    outer loop
      vertex 16.6989 3.18548 12
      vertex 16.6989 -3.18548 12
      vertex 16.8659 -2.13066 12
    endloop
  endfacet
  facet normal 0 0 1
    outer loop
      vertex 16.4659 4.22773 12
      vertex 16.6989 -3.18548 12
      vertex 16.6989 3.18548 12
    endloop
  endfacet
  facet normal 0 0 1
    outer loop
      vertex 16.4659 4.22773 12
      vertex 16.4659 -4.22773 12
      vertex 16.6989 -3.18548 12
    endloop
  endfacet
  facet normal 0 0 1
    outer loop
      vertex 16.168 5.25329 12
      vertex 16.4659 -4.22773 12
      vertex 16.4659 4.22773 12
    endloop
  endfacet
  facet normal 0 0 1
    outer loop
      vertex 16.168 5.25329 12
      vertex 16.168 -5.25329 12
      vertex 16.4659 -4.22773 12
    endloop
  endfacet
  facet normal 0 0 1
    outer loop
      vertex 15.8062 6.25812 12
      vertex 16.168 -5.25329 12
      vertex 16.168 5.25329 12
    endloop
  endfacet
  facet normal 0 0 1
    outer loop
      vertex 15.8062 6.25812 12
      vertex 15.8062 -6.25812 12
      vertex 16.168 -5.25329 12
    endloop
  endfacet
  facet normal 0 0 1
    outer loop
      vertex 15.3821 7.23825 12
      vertex 15.8062 -6.25812 12
      vertex 15.8062 6.25812 12
    endloop
  endfacet
  facet normal 0 0 1
    outer loop
      vertex 15.3821 7.23825 12
      vertex 15.3821 -7.23825 12
      vertex 15.8062 -6.25812 12
    endloop
  endfacet
  facet normal 0 0 1
    outer loop
      vertex 14.8972 8.18981 12
      vertex 15.3821 -7.23825 12
      vertex 15.3821 7.23825 12
    endloop
  endfacet
  facet normal 0 0 1
    outer loop
      vertex 14.8972 8.18981 12
      vertex 14.8972 -8.18981 12
      vertex 15.3821 -7.23825 12
    endloop
  endfacet
  facet normal 0 0 1
    outer loop
      vertex 14.3536 9.10905 12
      vertex 14.8972 -8.18981 12
      vertex 14.8972 8.18981 12
    endloop
  endfacet
  facet normal 0 0 1
    outer loop
      vertex 14.3536 9.10905 12
      vertex 14.3536 -9.10905 12
      vertex 14.8972 -8.18981 12
    endloop
  endfacet
  facet normal 0 0 1
    outer loop
      vertex 13.7533 9.99235 12
      vertex 14.3536 -9.10905 12
      vertex 14.3536 9.10905 12
    endloop
  endfacet
  facet normal 0 0 1
    outer loop
      vertex 13.7533 9.99235 12
      vertex 13.7533 -9.99235 12
      vertex 14.3536 -9.10905 12
    endloop
  endfacet
  facet normal 0 0 1
    outer loop
      vertex 13.0987 10.8362 12
      vertex 13.7533 -9.99235 12
      vertex 13.7533 9.99235 12
    endloop
  endfacet
  facet normal 0 0 1
    outer loop
      vertex 13.0987 10.8362 12
      vertex 13.0987 -10.8362 12
      vertex 13.7533 -9.99235 12
    endloop
  endfacet
  facet normal 0 0 1
    outer loop
      vertex 12.3925 11.6373 12
      vertex 13.0987 -10.8362 12
      vertex 13.0987 10.8362 12
    endloop
  endfacet
  facet normal 0 0 1
    outer loop
      vertex 12.3925 11.6373 12
      vertex 12.3925 -11.6373 12
      vertex 13.0987 -10.8362 12
    endloop
  endfacet
  facet normal 0 0 1
    outer loop
      vertex 11.6373 12.3925 12
      vertex 12.3925 -11.6373 12
      vertex 12.3925 11.6373 12
    endloop
  endfacet
  facet normal 0 0 1
    outer loop
      vertex 11.6373 12.3925 12
      vertex 11.6373 -12.3925 12
      vertex 12.3925 -11.6373 12
    endloop
  endfacet
  facet normal 0 0 1
    outer loop
      vertex 10.8362 13.0987 12
      vertex 11.6373 -12.3925 12
      vertex 11.6373 12.3925 12
    endloop
  endfacet
  facet normal 0 0 1
    outer loop
      vertex 10.8362 13.0987 12
      vertex 10.8362 -13.0987 12
      vertex 11.6373 -12.3925 12
    endloop
  endfacet
  facet normal 0 0 1
    outer loop
      vertex 9.99235 13.7533 12
      vertex 10.8362 -13.0987 12
      vertex 10.8362 13.0987 12
    endloop
  endfacet
  facet normal 0 0 1
    outer loop
      vertex 9.99235 13.7533 12
      vertex 9.99235 -13.7533 12
      vertex 10.8362 -13.0987 12
    endloop
  endfacet
  facet normal 0 0 1
    outer loop
      vertex 9.10905 14.3536 12
      vertex 9.99235 -13.7533 12
      vertex 9.99235 13.7533 12
    endloop
  endfacet
  facet normal 0 0 1
    outer loop
      vertex 9.10905 14.3536 12
      vertex 9.10905 -14.3536 12
      vertex 9.99235 -13.7533 12
    endloop
  endfacet
  facet normal 0 0 1
    outer loop
      vertex 8.18981 14.8972 12
      vertex 9.10905 -14.3536 12
      vertex 9.10905 14.3536 12
    endloop
  endfacet
  facet normal 0 0 1
    outer loop
      vertex 8.18981 14.8972 12
      vertex 8.18981 -14.8972 12
      vertex 9.10905 -14.3536 12
    endloop
  endfacet
  facet normal 0 0 1
    outer loop
      vertex 7.23825 15.3821 12
      vertex 8.18981 -14.8972 12
      vertex 8.18981 14.8972 12
    endloop
  endfacet
  facet normal 0 0 1
    outer loop
      vertex 7.23825 15.3821 12
      vertex 7.23825 -15.3821 12
      vertex 8.18981 -14.8972 12
    endloop
  endfacet
  facet normal 0 0 1
    outer loop
      vertex 6.25812 15.8062 12
      vertex 7.23825 -15.3821 12
      vertex 7.23825 15.3821 12
    endloop
  endfacet
  facet normal 0 0 1
    outer loop
      vertex 6.25812 15.8062 12
      vertex 6.25812 -15.8062 12
      vertex 7.23825 -15.3821 12
    endloop
  endfacet
  facet normal 0 0 1
    outer loop
      vertex 5.25329 16.168 12
      vertex 6.25812 -15.8062 12
      vertex 6.25812 15.8062 12
    endloop
  endfacet
  facet normal 0 0 1
    outer loop
      vertex 5.25329 16.168 12
      vertex 5.25329 -16.168 12
      vertex 6.25812 -15.8062 12
    endloop
  endfacet
  facet normal 0 0 1
    outer loop
      vertex 4.22773 16.4659 12
      vertex 5.25329 -16.168 12
      vertex 5.25329 16.168 12
    endloop
  endfacet
  facet normal 0 0 1
    outer loop
      vertex 4.22773 16.4659 12
      vertex 4.22773 -16.4659 12
      vertex 5.25329 -16.168 12
    endloop
  endfacet
  facet normal 0 0 1
    outer loop
      vertex 3.18548 16.6989 12
      vertex 4.22773 -16.4659 12
      vertex 4.22773 16.4659 12
    endloop
  endfacet
  facet normal 0 0 1
    outer loop
      vertex 3.18548 16.6989 12
      vertex 3.18548 -16.6989 12
      vertex 4.22773 -16.4659 12
    endloop
  endfacet
  facet normal 0 0 1
    outer loop
      vertex 2.13066 16.8659 12
      vertex 3.18548 -16.6989 12
      vertex 3.18548 16.6989 12
    endloop
  endfacet
  facet normal 0 0 1
    outer loop
      vertex 2.13066 16.8659 12
      vertex 2.13066 -16.8659 12
      vertex 3.18548 -16.6989 12
    endloop
  endfacet
  facet normal 0 0 1
    outer loop
      vertex 1.06744 16.9665 12
      vertex 2.13066 -16.8659 12
      vertex 2.13066 16.8659 12
    endloop
  endfacet
  facet normal 0 0 1
    outer loop
      vertex 1.06744 16.9665 12
      vertex 1.06744 -16.9665 12
      vertex 2.13066 -16.8659 12
    endloop
  endfacet
  facet normal 0 0 1
    outer loop
      vertex 0 17 12
      vertex 1.06744 -16.9665 12
      vertex 1.06744 16.9665 12
    endloop
  endfacet
  facet normal 0 0 1
    outer loop
      vertex 0 17 12
      vertex 0 -17 12
      vertex 1.06744 -16.9665 12
    endloop
  endfacet
  facet normal -0 0 1
    outer loop
      vertex -1.06744 16.9665 12
      vertex 0 -17 12
      vertex 0 17 12
    endloop
  endfacet
  facet normal 0 0 1
    outer loop
      vertex -1.06744 16.9665 12
      vertex -1.06744 -16.9665 12
      vertex 0 -17 12
    endloop
  endfacet
  facet normal -0 0 1
    outer loop
      vertex -2.13066 16.8659 12
      vertex -1.06744 -16.9665 12
      vertex -1.06744 16.9665 12
    endloop
  endfacet
  facet normal 0 0 1
    outer loop
      vertex -2.13066 16.8659 12
      vertex -2.13066 -16.8659 12
      vertex -1.06744 -16.9665 12
    endloop
  endfacet
  facet normal -0 0 1
    outer loop
      vertex -3.18548 16.6989 12
      vertex -2.13066 -16.8659 12
      vertex -2.13066 16.8659 12
    endloop
  endfacet
  facet normal 0 0 1
    outer loop
      vertex -3.18548 16.6989 12
      vertex -3.18548 -16.6989 12
      vertex -2.13066 -16.8659 12
    endloop
  endfacet
  facet normal -0 0 1
    outer loop
      vertex -4.22773 16.4659 12
      vertex -3.18548 -16.6989 12
      vertex -3.18548 16.6989 12
    endloop
  endfacet
  facet normal 0 0 1
    outer loop
      vertex -4.22773 16.4659 12
      vertex -4.22773 -16.4659 12
      vertex -3.18548 -16.6989 12
    endloop
  endfacet
  facet normal -0 0 1
    outer loop
      vertex -5.25329 16.168 12
      vertex -4.22773 -16.4659 12
      vertex -4.22773 16.4659 12
    endloop
  endfacet
  facet normal 0 0 1
    outer loop
      vertex -5.25329 16.168 12
      vertex -5.25329 -16.168 12
      vertex -4.22773 -16.4659 12
    endloop
  endfacet
  facet normal -0 0 1
    outer loop
      vertex -6.25812 15.8062 12
      vertex -5.25329 -16.168 12
      vertex -5.25329 16.168 12
    endloop
  endfacet
  facet normal 0 0 1
    outer loop
      vertex -6.25812 15.8062 12
      vertex -6.25812 -15.8062 12
      vertex -5.25329 -16.168 12
    endloop
  endfacet
  facet normal -0 0 1
    outer loop
      vertex -7.23825 15.3821 12
      vertex -6.25812 -15.8062 12
      vertex -6.25812 15.8062 12
    endloop
  endfacet
  facet normal 0 0 1
    outer loop
      vertex -7.23825 15.3821 12
      vertex -7.23825 -15.3821 12
      vertex -6.25812 -15.8062 12
    endloop
  endfacet
  facet normal -0 0 1
    outer loop
      vertex -8.18981 14.8972 12
      vertex -7.23825 -15.3821 12
      vertex -7.23825 15.3821 12
    endloop
  endfacet
  facet normal 0 0 1
    outer loop
      vertex -8.18981 14.8972 12
      vertex -8.18981 -14.8972 12
      vertex -7.23825 -15.3821 12
    endloop
  endfacet
  facet normal -0 0 1
    outer loop
      vertex -9.10905 14.3536 12
      vertex -8.18981 -14.8972 12
      vertex -8.18981 14.8972 12
    endloop
  endfacet
  facet normal 0 0 1
    outer loop
      vertex -9.10905 14.3536 12
      vertex -9.10905 -14.3536 12
      vertex -8.18981 -14.8972 12
    endloop
  endfacet
  facet normal -0 0 1
    outer loop
      vertex -9.99235 13.7533 12
      vertex -9.10905 -14.3536 12
      vertex -9.10905 14.3536 12
    endloop
  endfacet
  facet normal 0 0 1
    outer loop
      vertex -9.99235 13.7533 12
      vertex -9.99235 -13.7533 12
      vertex -9.10905 -14.3536 12
    endloop
  endfacet
  facet normal -0 0 1
    outer loop
      vertex -10.8362 13.0987 12
      vertex -9.99235 -13.7533 12
      vertex -9.99235 13.7533 12
    endloop
  endfacet
  facet normal 0 0 1
    outer loop
      vertex -10.8362 13.0987 12
      vertex -10.8362 -13.0987 12
      vertex -9.99235 -13.7533 12
    endloop
  endfacet
  facet normal -0 0 1
    outer loop
      vertex -11.6373 12.3925 12
      vertex -10.8362 -13.0987 12
      vertex -10.8362 13.0987 12
    endloop
  endfacet
  facet normal 0 0 1
    outer loop
      vertex -11.6373 12.3925 12
      vertex -11.6373 -12.3925 12
      vertex -10.8362 -13.0987 12
    endloop
  endfacet
  facet normal -0 0 1
    outer loop
      vertex -12.3925 11.6373 12
      vertex -11.6373 -12.3925 12
      vertex -11.6373 12.3925 12
    endloop
  endfacet
  facet normal 0 0 1
    outer loop
      vertex -12.3925 11.6373 12
      vertex -12.3925 -11.6373 12
      vertex -11.6373 -12.3925 12
    endloop
  endfacet
  facet normal -0 0 1
    outer loop
      vertex -13.0987 10.8362 12
      vertex -12.3925 -11.6373 12
      vertex -12.3925 11.6373 12
    endloop
  endfacet
  facet normal 0 0 1
    outer loop
      vertex -13.0987 10.8362 12
      vertex -13.0987 -10.8362 12
      vertex -12.3925 -11.6373 12
    endloop
  endfacet
  facet normal -0 0 1
    outer loop
      vertex -13.7533 9.99235 12
      vertex -13.0987 -10.8362 12
      vertex -13.0987 10.8362 12
    endloop
  endfacet
  facet normal 0 0 1
    outer loop
      vertex -13.7533 9.99235 12
      vertex -13.7533 -9.99235 12
      vertex -13.0987 -10.8362 12
    endloop
  endfacet
  facet normal -0 0 1
    outer loop
      vertex -14.3536 9.10905 12
      vertex -13.7533 -9.99235 12
      vertex -13.7533 9.99235 12
    endloop
  endfacet
  facet normal 0 0 1
    outer loop
      vertex -14.3536 9.10905 12
      vertex -14.3536 -9.10905 12
      vertex -13.7533 -9.99235 12
    endloop
  endfacet
  facet normal -0 0 1
    outer loop
      vertex -14.8972 8.18981 12
      vertex -14.3536 -9.10905 12
      vertex -14.3536 9.10905 12
    endloop
  endfacet
  facet normal 0 0 1
    outer loop
      vertex -14.8972 8.18981 12
      vertex -14.8972 -8.18981 12
      vertex -14.3536 -9.10905 12
    endloop
  endfacet
  facet normal -0 0 1
    outer loop
      vertex -15.3821 7.23825 12
      vertex -14.8972 -8.18981 12
      vertex -14.8972 8.18981 12
    endloop
  endfacet
  facet normal 0 0 1
    outer loop
      vertex -15.3821 7.23825 12
      vertex -15.3821 -7.23825 12
      vertex -14.8972 -8.18981 12
    endloop
  endfacet
  facet normal -0 0 1
    outer loop
      vertex -15.8062 6.25812 12
      vertex -15.3821 -7.23825 12
      vertex -15.3821 7.23825 12
    endloop
  endfacet
  facet normal 0 0 1
    outer loop
      vertex -15.8062 6.25812 12
      vertex -15.8062 -6.25812 12
      vertex -15.3821 -7.23825 12
    endloop
  endfacet
  facet normal -0 0 1
    outer loop
      vertex -16.168 5.25329 12
      vertex -15.8062 -6.25812 12
      vertex -15.8062 6.25812 12
    endloop
  endfacet
  facet normal 0 0 1
    outer loop
      vertex -16.168 5.25329 12
      vertex -16.168 -5.25329 12
      vertex -15.8062 -6.25812 12
    endloop
  endfacet
  facet normal -0 0 1
    outer loop
      vertex -16.4659 4.22773 12
      vertex -16.168 -5.25329 12
      vertex -16.168 5.25329 12
    endloop
  endfacet
  facet normal 0 0 1
    outer loop
      vertex -16.4659 4.22773 12
      vertex -16.4659 -4.22773 12
      vertex -16.168 -5.25329 12
    endloop
  endfacet
  facet normal -0 0 1
    outer loop
      vertex -16.6989 3.18548 12
      vertex -16.4659 -4.22773 12
      vertex -16.4659 4.22773 12
    endloop
  endfacet
  facet normal 0 0 1
    outer loop
      vertex -16.6989 3.18548 12
      vertex -16.6989 -3.18548 12
      vertex -16.4659 -4.22773 12
    endloop
  endfacet
  facet normal -0 0 1
    outer loop
      vertex -16.8659 2.13066 12
      vertex -16.6989 -3.18548 12
      vertex -16.6989 3.18548 12
    endloop
  endfacet
  facet normal 0 0 1
    outer loop
      vertex -16.8659 2.13066 12
      vertex -16.8659 -2.13066 12
      vertex -16.6989 -3.18548 12
    endloop
  endfacet
  facet normal -0 0 1
    outer loop
      vertex -16.9665 1.06744 12
      vertex -16.8659 -2.13066 12
      vertex -16.8659 2.13066 12
    endloop
  endfacet
  facet normal 0 0 1
    outer loop
      vertex -16.9665 1.06744 12
      vertex -16.9665 -1.06744 12
      vertex -16.8659 -2.13066 12
    endloop
  endfacet
  facet normal 0 -0 1
    outer loop
      vertex -16.9665 -1.06744 12
      vertex -16.9665 1.06744 12
      vertex -17 0 12
    endloop
  endfacet
  facet normal -0.827076 -0.56209 0
    outer loop
      vertex -13.7533 -9.99235 -2
      vertex -14.3536 -9.10905 0
      vertex -14.3536 -9.10905 -2
    endloop
  endfacet
  facet normal -0.827076 -0.56209 0
    outer loop
      vertex -14.3536 -9.10905 0
      vertex -13.7533 -9.99235 -2
      vertex -13.7533 -9.99235 0
    endloop
  endfacet
  facet normal -0.827076 -0.56209 0
    outer loop
      vertex -13.7533 -9.99235 10
      vertex -14.3536 -9.10905 12
      vertex -14.3536 -9.10905 10
    endloop
  endfacet
  facet normal -0.827076 -0.56209 0
    outer loop
      vertex -14.3536 -9.10905 12
      vertex -13.7533 -9.99235 10
      vertex -13.7533 -9.99235 12
    endloop
  endfacet
  facet normal 0.975911 -0.21817 0
    outer loop
      vertex 16.4659 -4.22773 12
      vertex 16.6989 -3.18548 10
      vertex 16.6989 -3.18548 12
    endloop
  endfacet
  facet normal 0.975911 -0.21817 0
    outer loop
      vertex 16.6989 -3.18548 10
      vertex 16.4659 -4.22773 12
      vertex 16.4659 -4.22773 10
    endloop
  endfacet
  facet normal 0.975911 -0.21817 0
    outer loop
      vertex 16.4659 -4.22773 0
      vertex 16.6989 -3.18548 -2
      vertex 16.6989 -3.18548 0
    endloop
  endfacet
  facet normal 0.975911 -0.21817 0
    outer loop
      vertex 16.6989 -3.18548 -2
      vertex 16.4659 -4.22773 0
      vertex 16.4659 -4.22773 -2
    endloop
  endfacet
  facet normal -0.999508 -0.0313681 0
    outer loop
      vertex -16.9665 -1.06744 10
      vertex -17 0 12
      vertex -17 0 10
    endloop
  endfacet
  facet normal -0.999508 -0.0313681 0
    outer loop
      vertex -17 0 12
      vertex -16.9665 -1.06744 10
      vertex -16.9665 -1.06744 12
    endloop
  endfacet
  facet normal -0.999508 -0.0313681 0
    outer loop
      vertex -16.9665 -1.06744 -2
      vertex -17 0 0
      vertex -17 0 -2
    endloop
  endfacet
  facet normal -0.999508 -0.0313681 0
    outer loop
      vertex -17 0 0
      vertex -16.9665 -1.06744 -2
      vertex -16.9665 -1.06744 0
    endloop
  endfacet
  facet normal 0.790136 -0.612932 0
    outer loop
      vertex 13.0987 -10.8362 0
      vertex 13.7533 -9.99235 -2
      vertex 13.7533 -9.99235 0
    endloop
  endfacet
  facet normal 0.790136 -0.612932 0
    outer loop
      vertex 13.7533 -9.99235 -2
      vertex 13.0987 -10.8362 0
      vertex 13.0987 -10.8362 -2
    endloop
  endfacet
  facet normal 0.790136 -0.612932 0
    outer loop
      vertex 13.0987 -10.8362 12
      vertex 13.7533 -9.99235 10
      vertex 13.7533 -9.99235 12
    endloop
  endfacet
  facet normal 0.790136 -0.612932 0
    outer loop
      vertex 13.7533 -9.99235 10
      vertex 13.0987 -10.8362 12
      vertex 13.0987 -10.8362 10
    endloop
  endfacet
  facet normal -0.612932 0.790136 0
    outer loop
      vertex -9.99235 13.7533 -2
      vertex -10.8362 13.0987 0
      vertex -9.99235 13.7533 0
    endloop
  endfacet
  facet normal -0.612932 0.790136 0
    outer loop
      vertex -10.8362 13.0987 0
      vertex -9.99235 13.7533 -2
      vertex -10.8362 13.0987 -2
    endloop
  endfacet
  facet normal -0.612932 0.790136 0
    outer loop
      vertex -9.99235 13.7533 10
      vertex -10.8362 13.0987 12
      vertex -9.99235 13.7533 12
    endloop
  endfacet
  facet normal -0.612932 0.790136 0
    outer loop
      vertex -10.8362 13.0987 12
      vertex -9.99235 13.7533 10
      vertex -10.8362 13.0987 10
    endloop
  endfacet
  facet normal 0.940869 0.33877 0
    outer loop
      vertex 16.168 5.25329 12
      vertex 15.8062 6.25812 10
      vertex 15.8062 6.25812 12
    endloop
  endfacet
  facet normal 0.940869 0.33877 0
    outer loop
      vertex 15.8062 6.25812 10
      vertex 16.168 5.25329 12
      vertex 16.168 5.25329 10
    endloop
  endfacet
  facet normal 0.940869 0.33877 0
    outer loop
      vertex 16.168 5.25329 0
      vertex 15.8062 6.25812 -2
      vertex 15.8062 6.25812 0
    endloop
  endfacet
  facet normal 0.940869 0.33877 0
    outer loop
      vertex 15.8062 6.25812 -2
      vertex 16.168 5.25329 0
      vertex 16.168 5.25329 -2
    endloop
  endfacet
  facet normal -0.790136 0.612932 0
    outer loop
      vertex -13.7533 9.99235 10
      vertex -13.0987 10.8362 12
      vertex -13.0987 10.8362 10
    endloop
  endfacet
  facet normal -0.790136 0.612932 0
    outer loop
      vertex -13.0987 10.8362 12
      vertex -13.7533 9.99235 10
      vertex -13.7533 9.99235 12
    endloop
  endfacet
  facet normal -0.790136 0.612932 0
    outer loop
      vertex -13.7533 9.99235 -2
      vertex -13.0987 10.8362 0
      vertex -13.0987 10.8362 -2
    endloop
  endfacet
  facet normal -0.790136 0.612932 0
    outer loop
      vertex -13.0987 10.8362 0
      vertex -13.7533 9.99235 -2
      vertex -13.7533 9.99235 0
    endloop
  endfacet
  facet normal 0.917768 -0.397116 0
    outer loop
      vertex 15.3821 -7.23825 0
      vertex 15.8062 -6.25812 -2
      vertex 15.8062 -6.25812 0
    endloop
  endfacet
  facet normal 0.917768 -0.397116 0
    outer loop
      vertex 15.8062 -6.25812 -2
      vertex 15.3821 -7.23825 0
      vertex 15.3821 -7.23825 -2
    endloop
  endfacet
  facet normal 0.917768 -0.397116 0
    outer loop
      vertex 15.3821 -7.23825 12
      vertex 15.8062 -6.25812 10
      vertex 15.8062 -6.25812 12
    endloop
  endfacet
  facet normal 0.917768 -0.397116 0
    outer loop
      vertex 15.8062 -6.25812 10
      vertex 15.3821 -7.23825 12
      vertex 15.3821 -7.23825 10
    endloop
  endfacet
  facet normal -0.940869 -0.33877 0
    outer loop
      vertex -15.8062 -6.25812 10
      vertex -16.168 -5.25329 12
      vertex -16.168 -5.25329 10
    endloop
  endfacet
  facet normal -0.940869 -0.33877 0
    outer loop
      vertex -16.168 -5.25329 12
      vertex -15.8062 -6.25812 10
      vertex -15.8062 -6.25812 12
    endloop
  endfacet
  facet normal -0.940869 -0.33877 0
    outer loop
      vertex -15.8062 -6.25812 -2
      vertex -16.168 -5.25329 0
      vertex -16.168 -5.25329 -2
    endloop
  endfacet
  facet normal -0.940869 -0.33877 0
    outer loop
      vertex -16.168 -5.25329 0
      vertex -15.8062 -6.25812 -2
      vertex -15.8062 -6.25812 0
    endloop
  endfacet
  facet normal -0.56209 0.827076 0
    outer loop
      vertex -9.10905 14.3536 -2
      vertex -9.99235 13.7533 0
      vertex -9.10905 14.3536 0
    endloop
  endfacet
  facet normal -0.56209 0.827076 0
    outer loop
      vertex -9.99235 13.7533 0
      vertex -9.10905 14.3536 -2
      vertex -9.99235 13.7533 -2
    endloop
  endfacet
  facet normal -0.56209 0.827076 0
    outer loop
      vertex -9.10905 14.3536 10
      vertex -9.99235 13.7533 12
      vertex -9.10905 14.3536 12
    endloop
  endfacet
  facet normal -0.56209 0.827076 0
    outer loop
      vertex -9.99235 13.7533 12
      vertex -9.10905 14.3536 10
      vertex -9.99235 13.7533 10
    endloop
  endfacet
  facet normal 0.917768 0.397116 0
    outer loop
      vertex 15.8062 6.25812 0
      vertex 15.3821 7.23825 -2
      vertex 15.3821 7.23825 0
    endloop
  endfacet
  facet normal 0.917768 0.397116 0
    outer loop
      vertex 15.3821 7.23825 -2
      vertex 15.8062 6.25812 0
      vertex 15.8062 6.25812 -2
    endloop
  endfacet
  facet normal 0.917768 0.397116 0
    outer loop
      vertex 15.8062 6.25812 12
      vertex 15.3821 7.23825 10
      vertex 15.3821 7.23825 12
    endloop
  endfacet
  facet normal 0.917768 0.397116 0
    outer loop
      vertex 15.3821 7.23825 10
      vertex 15.8062 6.25812 12
      vertex 15.8062 6.25812 10
    endloop
  endfacet
  facet normal 0.890985 0.454032 0
    outer loop
      vertex 15.3821 7.23825 0
      vertex 14.8972 8.18981 -2
      vertex 14.8972 8.18981 0
    endloop
  endfacet
  facet normal 0.890985 0.454032 0
    outer loop
      vertex 14.8972 8.18981 -2
      vertex 15.3821 7.23825 0
      vertex 15.3821 7.23825 -2
    endloop
  endfacet
  facet normal 0.890985 0.454032 0
    outer loop
      vertex 15.3821 7.23825 12
      vertex 14.8972 8.18981 10
      vertex 14.8972 8.18981 12
    endloop
  endfacet
  facet normal 0.890985 0.454032 0
    outer loop
      vertex 14.8972 8.18981 10
      vertex 15.3821 7.23825 12
      vertex 15.3821 7.23825 10
    endloop
  endfacet
  facet normal 0.454032 0.890985 -0
    outer loop
      vertex 8.18981 14.8972 10
      vertex 7.23825 15.3821 12
      vertex 8.18981 14.8972 12
    endloop
  endfacet
  facet normal 0.454032 0.890985 0
    outer loop
      vertex 7.23825 15.3821 12
      vertex 8.18981 14.8972 10
      vertex 7.23825 15.3821 10
    endloop
  endfacet
  facet normal 0.454032 0.890985 -0
    outer loop
      vertex 8.18981 14.8972 -2
      vertex 7.23825 15.3821 0
      vertex 8.18981 14.8972 0
    endloop
  endfacet
  facet normal 0.454032 0.890985 0
    outer loop
      vertex 7.23825 15.3821 0
      vertex 8.18981 14.8972 -2
      vertex 7.23825 15.3821 -2
    endloop
  endfacet
  facet normal 0.999508 -0.0313681 0
    outer loop
      vertex 16.9665 -1.06744 12
      vertex 17 0 10
      vertex 17 0 12
    endloop
  endfacet
  facet normal 0.999508 -0.0313681 0
    outer loop
      vertex 17 0 10
      vertex 16.9665 -1.06744 12
      vertex 16.9665 -1.06744 10
    endloop
  endfacet
  facet normal 0.999508 -0.0313681 0
    outer loop
      vertex 16.9665 -1.06744 0
      vertex 17 0 -2
      vertex 17 0 0
    endloop
  endfacet
  facet normal 0.999508 -0.0313681 0
    outer loop
      vertex 17 0 -2
      vertex 16.9665 -1.06744 0
      vertex 16.9665 -1.06744 -2
    endloop
  endfacet
  facet normal 0.960307 0.278946 0
    outer loop
      vertex 16.4659 4.22773 0
      vertex 16.168 5.25329 -2
      vertex 16.168 5.25329 0
    endloop
  endfacet
  facet normal 0.960307 0.278946 0
    outer loop
      vertex 16.168 5.25329 -2
      vertex 16.4659 4.22773 0
      vertex 16.4659 4.22773 -2
    endloop
  endfacet
  facet normal 0.960307 0.278946 0
    outer loop
      vertex 16.4659 4.22773 12
      vertex 16.168 5.25329 10
      vertex 16.168 5.25329 12
    endloop
  endfacet
  facet normal 0.960307 0.278946 0
    outer loop
      vertex 16.168 5.25329 10
      vertex 16.4659 4.22773 12
      vertex 16.4659 4.22773 10
    endloop
  endfacet
  facet normal -0.827076 0.56209 0
    outer loop
      vertex -14.3536 9.10905 -2
      vertex -13.7533 9.99235 0
      vertex -13.7533 9.99235 -2
    endloop
  endfacet
  facet normal -0.827076 0.56209 0
    outer loop
      vertex -13.7533 9.99235 0
      vertex -14.3536 9.10905 -2
      vertex -14.3536 9.10905 0
    endloop
  endfacet
  facet normal -0.827076 0.56209 0
    outer loop
      vertex -14.3536 9.10905 10
      vertex -13.7533 9.99235 12
      vertex -13.7533 9.99235 10
    endloop
  endfacet
  facet normal -0.827076 0.56209 0
    outer loop
      vertex -13.7533 9.99235 12
      vertex -14.3536 9.10905 10
      vertex -14.3536 9.10905 12
    endloop
  endfacet
  facet normal 0.509016 0.860757 -0
    outer loop
      vertex 9.10905 14.3536 -2
      vertex 8.18981 14.8972 0
      vertex 9.10905 14.3536 0
    endloop
  endfacet
  facet normal 0.509016 0.860757 0
    outer loop
      vertex 8.18981 14.8972 0
      vertex 9.10905 14.3536 -2
      vertex 8.18981 14.8972 -2
    endloop
  endfacet
  facet normal 0.509016 0.860757 -0
    outer loop
      vertex 9.10905 14.3536 10
      vertex 8.18981 14.8972 12
      vertex 9.10905 14.3536 12
    endloop
  endfacet
  facet normal 0.509016 0.860757 0
    outer loop
      vertex 8.18981 14.8972 12
      vertex 9.10905 14.3536 10
      vertex 8.18981 14.8972 10
    endloop
  endfacet
  facet normal 0.707107 0.707107 0
    outer loop
      vertex 12.3925 11.6373 12
      vertex 11.6373 12.3925 10
      vertex 11.6373 12.3925 12
    endloop
  endfacet
  facet normal 0.707107 0.707107 0
    outer loop
      vertex 11.6373 12.3925 10
      vertex 12.3925 11.6373 12
      vertex 12.3925 11.6373 10
    endloop
  endfacet
  facet normal 0.707107 0.707107 0
    outer loop
      vertex 12.3925 11.6373 0
      vertex 11.6373 12.3925 -2
      vertex 11.6373 12.3925 0
    endloop
  endfacet
  facet normal 0.707107 0.707107 0
    outer loop
      vertex 11.6373 12.3925 -2
      vertex 12.3925 11.6373 0
      vertex 12.3925 11.6373 -2
    endloop
  endfacet
  facet normal -0.960307 -0.278946 0
    outer loop
      vertex -16.168 -5.25329 10
      vertex -16.4659 -4.22773 12
      vertex -16.4659 -4.22773 10
    endloop
  endfacet
  facet normal -0.960307 -0.278946 0
    outer loop
      vertex -16.4659 -4.22773 12
      vertex -16.168 -5.25329 10
      vertex -16.168 -5.25329 12
    endloop
  endfacet
  facet normal -0.960307 -0.278946 0
    outer loop
      vertex -16.168 -5.25329 -2
      vertex -16.4659 -4.22773 0
      vertex -16.4659 -4.22773 -2
    endloop
  endfacet
  facet normal -0.960307 -0.278946 0
    outer loop
      vertex -16.4659 -4.22773 0
      vertex -16.168 -5.25329 -2
      vertex -16.168 -5.25329 0
    endloop
  endfacet
  facet normal 0.56209 0.827076 -0
    outer loop
      vertex 9.99235 13.7533 10
      vertex 9.10905 14.3536 12
      vertex 9.99235 13.7533 12
    endloop
  endfacet
  facet normal 0.56209 0.827076 0
    outer loop
      vertex 9.10905 14.3536 12
      vertex 9.99235 13.7533 10
      vertex 9.10905 14.3536 10
    endloop
  endfacet
  facet normal 0.56209 0.827076 -0
    outer loop
      vertex 9.99235 13.7533 -2
      vertex 9.10905 14.3536 0
      vertex 9.99235 13.7533 0
    endloop
  endfacet
  facet normal 0.56209 0.827076 0
    outer loop
      vertex 9.10905 14.3536 0
      vertex 9.99235 13.7533 -2
      vertex 9.10905 14.3536 -2
    endloop
  endfacet
  facet normal 0.33877 -0.940869 0
    outer loop
      vertex 5.25329 -16.168 10
      vertex 6.25812 -15.8062 12
      vertex 5.25329 -16.168 12
    endloop
  endfacet
  facet normal 0.33877 -0.940869 0
    outer loop
      vertex 6.25812 -15.8062 12
      vertex 5.25329 -16.168 10
      vertex 6.25812 -15.8062 10
    endloop
  endfacet
  facet normal 0.33877 -0.940869 0
    outer loop
      vertex 5.25329 -16.168 -2
      vertex 6.25812 -15.8062 0
      vertex 5.25329 -16.168 0
    endloop
  endfacet
  facet normal 0.33877 -0.940869 0
    outer loop
      vertex 6.25812 -15.8062 0
      vertex 5.25329 -16.168 -2
      vertex 6.25812 -15.8062 -2
    endloop
  endfacet
  facet normal -0.21817 0.975911 0
    outer loop
      vertex -3.18548 16.6989 -2
      vertex -4.22773 16.4659 0
      vertex -3.18548 16.6989 0
    endloop
  endfacet
  facet normal -0.21817 0.975911 0
    outer loop
      vertex -4.22773 16.4659 0
      vertex -3.18548 16.6989 -2
      vertex -4.22773 16.4659 -2
    endloop
  endfacet
  facet normal -0.21817 0.975911 0
    outer loop
      vertex -3.18548 16.6989 10
      vertex -4.22773 16.4659 12
      vertex -3.18548 16.6989 12
    endloop
  endfacet
  facet normal -0.21817 0.975911 0
    outer loop
      vertex -4.22773 16.4659 12
      vertex -3.18548 16.6989 10
      vertex -4.22773 16.4659 10
    endloop
  endfacet
  facet normal 0.0313681 -0.999508 0
    outer loop
      vertex 0 -17 10
      vertex 1.06744 -16.9665 12
      vertex 0 -17 12
    endloop
  endfacet
  facet normal 0.0313681 -0.999508 0
    outer loop
      vertex 1.06744 -16.9665 12
      vertex 0 -17 10
      vertex 1.06744 -16.9665 10
    endloop
  endfacet
  facet normal 0.0313681 -0.999508 0
    outer loop
      vertex 0 -17 -2
      vertex 1.06744 -16.9665 0
      vertex 0 -17 0
    endloop
  endfacet
  facet normal 0.0313681 -0.999508 0
    outer loop
      vertex 1.06744 -16.9665 0
      vertex 0 -17 -2
      vertex 1.06744 -16.9665 -2
    endloop
  endfacet
  facet normal -0.999508 0.0313681 0
    outer loop
      vertex -17 0 10
      vertex -16.9665 1.06744 12
      vertex -16.9665 1.06744 10
    endloop
  endfacet
  facet normal -0.999508 0.0313681 0
    outer loop
      vertex -16.9665 1.06744 12
      vertex -17 0 10
      vertex -17 0 12
    endloop
  endfacet
  facet normal -0.999508 0.0313681 0
    outer loop
      vertex -17 0 -2
      vertex -16.9665 1.06744 0
      vertex -16.9665 1.06744 -2
    endloop
  endfacet
  facet normal -0.999508 0.0313681 0
    outer loop
      vertex -16.9665 1.06744 0
      vertex -17 0 -2
      vertex -17 0 0
    endloop
  endfacet
  facet normal -0.995554 -0.0941975 0
    outer loop
      vertex -16.8659 -2.13066 -2
      vertex -16.9665 -1.06744 0
      vertex -16.9665 -1.06744 -2
    endloop
  endfacet
  facet normal -0.995554 -0.0941975 0
    outer loop
      vertex -16.9665 -1.06744 0
      vertex -16.8659 -2.13066 -2
      vertex -16.8659 -2.13066 0
    endloop
  endfacet
  facet normal -0.995554 -0.0941975 0
    outer loop
      vertex -16.8659 -2.13066 10
      vertex -16.9665 -1.06744 12
      vertex -16.9665 -1.06744 10
    endloop
  endfacet
  facet normal -0.995554 -0.0941975 0
    outer loop
      vertex -16.9665 -1.06744 12
      vertex -16.8659 -2.13066 10
      vertex -16.8659 -2.13066 12
    endloop
  endfacet
  facet normal 0 0 -1
    outer loop
      vertex 16.9665 -1.06744 -2
      vertex 16.9665 1.06744 -2
      vertex 17 0 -2
    endloop
  endfacet
  facet normal 0 0 -1
    outer loop
      vertex 16.8659 -2.13066 -2
      vertex 16.9665 1.06744 -2
      vertex 16.9665 -1.06744 -2
    endloop
  endfacet
  facet normal 0 0 -1
    outer loop
      vertex 16.8659 -2.13066 -2
      vertex 16.8659 2.13066 -2
      vertex 16.9665 1.06744 -2
    endloop
  endfacet
  facet normal 0 0 -1
    outer loop
      vertex 16.6989 -3.18548 -2
      vertex 16.8659 2.13066 -2
      vertex 16.8659 -2.13066 -2
    endloop
  endfacet
  facet normal 0 0 -1
    outer loop
      vertex 16.6989 -3.18548 -2
      vertex 16.6989 3.18548 -2
      vertex 16.8659 2.13066 -2
    endloop
  endfacet
  facet normal 0 0 -1
    outer loop
      vertex 16.4659 -4.22773 -2
      vertex 16.6989 3.18548 -2
      vertex 16.6989 -3.18548 -2
    endloop
  endfacet
  facet normal 0 0 -1
    outer loop
      vertex 16.4659 -4.22773 -2
      vertex 16.4659 4.22773 -2
      vertex 16.6989 3.18548 -2
    endloop
  endfacet
  facet normal 0 0 -1
    outer loop
      vertex 16.168 -5.25329 -2
      vertex 16.4659 4.22773 -2
      vertex 16.4659 -4.22773 -2
    endloop
  endfacet
  facet normal 0 0 -1
    outer loop
      vertex 16.168 -5.25329 -2
      vertex 16.168 5.25329 -2
      vertex 16.4659 4.22773 -2
    endloop
  endfacet
  facet normal 0 0 -1
    outer loop
      vertex 15.8062 -6.25812 -2
      vertex 16.168 5.25329 -2
      vertex 16.168 -5.25329 -2
    endloop
  endfacet
  facet normal 0 0 -1
    outer loop
      vertex 15.8062 -6.25812 -2
      vertex 15.8062 6.25812 -2
      vertex 16.168 5.25329 -2
    endloop
  endfacet
  facet normal 0 0 -1
    outer loop
      vertex 15.3821 -7.23825 -2
      vertex 15.8062 6.25812 -2
      vertex 15.8062 -6.25812 -2
    endloop
  endfacet
  facet normal 0 0 -1
    outer loop
      vertex 15.3821 -7.23825 -2
      vertex 15.3821 7.23825 -2
      vertex 15.8062 6.25812 -2
    endloop
  endfacet
  facet normal 0 0 -1
    outer loop
      vertex 14.8972 -8.18981 -2
      vertex 15.3821 7.23825 -2
      vertex 15.3821 -7.23825 -2
    endloop
  endfacet
  facet normal 0 0 -1
    outer loop
      vertex 14.8972 -8.18981 -2
      vertex 14.8972 8.18981 -2
      vertex 15.3821 7.23825 -2
    endloop
  endfacet
  facet normal 0 0 -1
    outer loop
      vertex 14.3536 -9.10905 -2
      vertex 14.8972 8.18981 -2
      vertex 14.8972 -8.18981 -2
    endloop
  endfacet
  facet normal 0 0 -1
    outer loop
      vertex 14.3536 -9.10905 -2
      vertex 14.3536 9.10905 -2
      vertex 14.8972 8.18981 -2
    endloop
  endfacet
  facet normal 0 0 -1
    outer loop
      vertex 13.7533 -9.99235 -2
      vertex 14.3536 9.10905 -2
      vertex 14.3536 -9.10905 -2
    endloop
  endfacet
  facet normal 0 0 -1
    outer loop
      vertex 13.7533 -9.99235 -2
      vertex 13.7533 9.99235 -2
      vertex 14.3536 9.10905 -2
    endloop
  endfacet
  facet normal 0 0 -1
    outer loop
      vertex 13.0987 -10.8362 -2
      vertex 13.7533 9.99235 -2
      vertex 13.7533 -9.99235 -2
    endloop
  endfacet
  facet normal 0 0 -1
    outer loop
      vertex 13.0987 -10.8362 -2
      vertex 13.0987 10.8362 -2
      vertex 13.7533 9.99235 -2
    endloop
  endfacet
  facet normal 0 0 -1
    outer loop
      vertex 12.3925 -11.6373 -2
      vertex 13.0987 10.8362 -2
      vertex 13.0987 -10.8362 -2
    endloop
  endfacet
  facet normal 0 0 -1
    outer loop
      vertex 12.3925 -11.6373 -2
      vertex 12.3925 11.6373 -2
      vertex 13.0987 10.8362 -2
    endloop
  endfacet
  facet normal 0 0 -1
    outer loop
      vertex 11.6373 -12.3925 -2
      vertex 12.3925 11.6373 -2
      vertex 12.3925 -11.6373 -2
    endloop
  endfacet
  facet normal 0 0 -1
    outer loop
      vertex 11.6373 -12.3925 -2
      vertex 11.6373 12.3925 -2
      vertex 12.3925 11.6373 -2
    endloop
  endfacet
  facet normal 0 0 -1
    outer loop
      vertex 10.8362 -13.0987 -2
      vertex 11.6373 12.3925 -2
      vertex 11.6373 -12.3925 -2
    endloop
  endfacet
  facet normal 0 0 -1
    outer loop
      vertex 10.8362 -13.0987 -2
      vertex 10.8362 13.0987 -2
      vertex 11.6373 12.3925 -2
    endloop
  endfacet
  facet normal 0 0 -1
    outer loop
      vertex 9.99235 -13.7533 -2
      vertex 10.8362 13.0987 -2
      vertex 10.8362 -13.0987 -2
    endloop
  endfacet
  facet normal 0 0 -1
    outer loop
      vertex 9.99235 -13.7533 -2
      vertex 9.99235 13.7533 -2
      vertex 10.8362 13.0987 -2
    endloop
  endfacet
  facet normal 0 0 -1
    outer loop
      vertex 9.10905 -14.3536 -2
      vertex 9.99235 13.7533 -2
      vertex 9.99235 -13.7533 -2
    endloop
  endfacet
  facet normal 0 0 -1
    outer loop
      vertex 9.10905 -14.3536 -2
      vertex 9.10905 14.3536 -2
      vertex 9.99235 13.7533 -2
    endloop
  endfacet
  facet normal 0 0 -1
    outer loop
      vertex 8.18981 -14.8972 -2
      vertex 9.10905 14.3536 -2
      vertex 9.10905 -14.3536 -2
    endloop
  endfacet
  facet normal 0 0 -1
    outer loop
      vertex 8.18981 -14.8972 -2
      vertex 8.18981 14.8972 -2
      vertex 9.10905 14.3536 -2
    endloop
  endfacet
  facet normal 0 0 -1
    outer loop
      vertex 7.23825 -15.3821 -2
      vertex 8.18981 14.8972 -2
      vertex 8.18981 -14.8972 -2
    endloop
  endfacet
  facet normal 0 0 -1
    outer loop
      vertex 7.23825 -15.3821 -2
      vertex 7.23825 15.3821 -2
      vertex 8.18981 14.8972 -2
    endloop
  endfacet
  facet normal 0 0 -1
    outer loop
      vertex 6.25812 -15.8062 -2
      vertex 7.23825 15.3821 -2
      vertex 7.23825 -15.3821 -2
    endloop
  endfacet
  facet normal 0 0 -1
    outer loop
      vertex 6.25812 -15.8062 -2
      vertex 6.25812 15.8062 -2
      vertex 7.23825 15.3821 -2
    endloop
  endfacet
  facet normal 0 0 -1
    outer loop
      vertex 5.25329 -16.168 -2
      vertex 6.25812 15.8062 -2
      vertex 6.25812 -15.8062 -2
    endloop
  endfacet
  facet normal 0 0 -1
    outer loop
      vertex 5.25329 -16.168 -2
      vertex 5.25329 16.168 -2
      vertex 6.25812 15.8062 -2
    endloop
  endfacet
  facet normal 0 0 -1
    outer loop
      vertex 4.22773 -16.4659 -2
      vertex 5.25329 16.168 -2
      vertex 5.25329 -16.168 -2
    endloop
  endfacet
  facet normal 0 0 -1
    outer loop
      vertex 4.22773 -16.4659 -2
      vertex 4.22773 16.4659 -2
      vertex 5.25329 16.168 -2
    endloop
  endfacet
  facet normal 0 0 -1
    outer loop
      vertex 3.18548 -16.6989 -2
      vertex 4.22773 16.4659 -2
      vertex 4.22773 -16.4659 -2
    endloop
  endfacet
  facet normal 0 0 -1
    outer loop
      vertex 3.18548 -16.6989 -2
      vertex 3.18548 16.6989 -2
      vertex 4.22773 16.4659 -2
    endloop
  endfacet
  facet normal 0 0 -1
    outer loop
      vertex 2.13066 -16.8659 -2
      vertex 3.18548 16.6989 -2
      vertex 3.18548 -16.6989 -2
    endloop
  endfacet
  facet normal 0 0 -1
    outer loop
      vertex 2.13066 -16.8659 -2
      vertex 2.13066 16.8659 -2
      vertex 3.18548 16.6989 -2
    endloop
  endfacet
  facet normal 0 0 -1
    outer loop
      vertex 1.06744 -16.9665 -2
      vertex 2.13066 16.8659 -2
      vertex 2.13066 -16.8659 -2
    endloop
  endfacet
  facet normal 0 0 -1
    outer loop
      vertex 1.06744 -16.9665 -2
      vertex 1.06744 16.9665 -2
      vertex 2.13066 16.8659 -2
    endloop
  endfacet
  facet normal 0 0 -1
    outer loop
      vertex 0 -17 -2
      vertex 1.06744 16.9665 -2
      vertex 1.06744 -16.9665 -2
    endloop
  endfacet
  facet normal 0 0 -1
    outer loop
      vertex 0 -17 -2
      vertex 0 17 -2
      vertex 1.06744 16.9665 -2
    endloop
  endfacet
  facet normal 0 0 -1
    outer loop
      vertex -1.06744 -16.9665 -2
      vertex 0 17 -2
      vertex 0 -17 -2
    endloop
  endfacet
  facet normal 0 0 -1
    outer loop
      vertex -1.06744 -16.9665 -2
      vertex -1.06744 16.9665 -2
      vertex 0 17 -2
    endloop
  endfacet
  facet normal 0 0 -1
    outer loop
      vertex -2.13066 -16.8659 -2
      vertex -1.06744 16.9665 -2
      vertex -1.06744 -16.9665 -2
    endloop
  endfacet
  facet normal 0 0 -1
    outer loop
      vertex -2.13066 -16.8659 -2
      vertex -2.13066 16.8659 -2
      vertex -1.06744 16.9665 -2
    endloop
  endfacet
  facet normal 0 0 -1
    outer loop
      vertex -3.18548 -16.6989 -2
      vertex -2.13066 16.8659 -2
      vertex -2.13066 -16.8659 -2
    endloop
  endfacet
  facet normal 0 0 -1
    outer loop
      vertex -3.18548 -16.6989 -2
      vertex -3.18548 16.6989 -2
      vertex -2.13066 16.8659 -2
    endloop
  endfacet
  facet normal 0 0 -1
    outer loop
      vertex -4.22773 -16.4659 -2
      vertex -3.18548 16.6989 -2
      vertex -3.18548 -16.6989 -2
    endloop
  endfacet
  facet normal 0 0 -1
    outer loop
      vertex -4.22773 -16.4659 -2
      vertex -4.22773 16.4659 -2
      vertex -3.18548 16.6989 -2
    endloop
  endfacet
  facet normal 0 0 -1
    outer loop
      vertex -5.25329 -16.168 -2
      vertex -4.22773 16.4659 -2
      vertex -4.22773 -16.4659 -2
    endloop
  endfacet
  facet normal 0 0 -1
    outer loop
      vertex -5.25329 -16.168 -2
      vertex -5.25329 16.168 -2
      vertex -4.22773 16.4659 -2
    endloop
  endfacet
  facet normal 0 0 -1
    outer loop
      vertex -6.25812 -15.8062 -2
      vertex -5.25329 16.168 -2
      vertex -5.25329 -16.168 -2
    endloop
  endfacet
  facet normal 0 0 -1
    outer loop
      vertex -6.25812 -15.8062 -2
      vertex -6.25812 15.8062 -2
      vertex -5.25329 16.168 -2
    endloop
  endfacet
  facet normal 0 0 -1
    outer loop
      vertex -7.23825 -15.3821 -2
      vertex -6.25812 15.8062 -2
      vertex -6.25812 -15.8062 -2
    endloop
  endfacet
  facet normal 0 0 -1
    outer loop
      vertex -7.23825 -15.3821 -2
      vertex -7.23825 15.3821 -2
      vertex -6.25812 15.8062 -2
    endloop
  endfacet
  facet normal 0 0 -1
    outer loop
      vertex -8.18981 -14.8972 -2
      vertex -7.23825 15.3821 -2
      vertex -7.23825 -15.3821 -2
    endloop
  endfacet
  facet normal 0 0 -1
    outer loop
      vertex -8.18981 -14.8972 -2
      vertex -8.18981 14.8972 -2
      vertex -7.23825 15.3821 -2
    endloop
  endfacet
  facet normal 0 0 -1
    outer loop
      vertex -9.10905 -14.3536 -2
      vertex -8.18981 14.8972 -2
      vertex -8.18981 -14.8972 -2
    endloop
  endfacet
  facet normal 0 0 -1
    outer loop
      vertex -9.10905 -14.3536 -2
      vertex -9.10905 14.3536 -2
      vertex -8.18981 14.8972 -2
    endloop
  endfacet
  facet normal 0 0 -1
    outer loop
      vertex -9.99235 -13.7533 -2
      vertex -9.10905 14.3536 -2
      vertex -9.10905 -14.3536 -2
    endloop
  endfacet
  facet normal 0 0 -1
    outer loop
      vertex -9.99235 -13.7533 -2
      vertex -9.99235 13.7533 -2
      vertex -9.10905 14.3536 -2
    endloop
  endfacet
  facet normal 0 0 -1
    outer loop
      vertex -10.8362 -13.0987 -2
      vertex -9.99235 13.7533 -2
      vertex -9.99235 -13.7533 -2
    endloop
  endfacet
  facet normal 0 0 -1
    outer loop
      vertex -10.8362 -13.0987 -2
      vertex -10.8362 13.0987 -2
      vertex -9.99235 13.7533 -2
    endloop
  endfacet
  facet normal 0 0 -1
    outer loop
      vertex -11.6373 -12.3925 -2
      vertex -10.8362 13.0987 -2
      vertex -10.8362 -13.0987 -2
    endloop
  endfacet
  facet normal 0 0 -1
    outer loop
      vertex -11.6373 -12.3925 -2
      vertex -11.6373 12.3925 -2
      vertex -10.8362 13.0987 -2
    endloop
  endfacet
  facet normal 0 0 -1
    outer loop
      vertex -12.3925 -11.6373 -2
      vertex -11.6373 12.3925 -2
      vertex -11.6373 -12.3925 -2
    endloop
  endfacet
  facet normal 0 0 -1
    outer loop
      vertex -12.3925 -11.6373 -2
      vertex -12.3925 11.6373 -2
      vertex -11.6373 12.3925 -2
    endloop
  endfacet
  facet normal 0 0 -1
    outer loop
      vertex -13.0987 -10.8362 -2
      vertex -12.3925 11.6373 -2
      vertex -12.3925 -11.6373 -2
    endloop
  endfacet
  facet normal 0 0 -1
    outer loop
      vertex -13.0987 -10.8362 -2
      vertex -13.0987 10.8362 -2
      vertex -12.3925 11.6373 -2
    endloop
  endfacet
  facet normal 0 0 -1
    outer loop
      vertex -13.7533 -9.99235 -2
      vertex -13.0987 10.8362 -2
      vertex -13.0987 -10.8362 -2
    endloop
  endfacet
  facet normal 0 0 -1
    outer loop
      vertex -13.7533 -9.99235 -2
      vertex -13.7533 9.99235 -2
      vertex -13.0987 10.8362 -2
    endloop
  endfacet
  facet normal 0 0 -1
    outer loop
      vertex -14.3536 -9.10905 -2
      vertex -13.7533 9.99235 -2
      vertex -13.7533 -9.99235 -2
    endloop
  endfacet
  facet normal 0 0 -1
    outer loop
      vertex -14.3536 -9.10905 -2
      vertex -14.3536 9.10905 -2
      vertex -13.7533 9.99235 -2
    endloop
  endfacet
  facet normal 0 0 -1
    outer loop
      vertex -14.8972 -8.18981 -2
      vertex -14.3536 9.10905 -2
      vertex -14.3536 -9.10905 -2
    endloop
  endfacet
  facet normal 0 0 -1
    outer loop
      vertex -14.8972 -8.18981 -2
      vertex -14.8972 8.18981 -2
      vertex -14.3536 9.10905 -2
    endloop
  endfacet
  facet normal 0 0 -1
    outer loop
      vertex -15.3821 -7.23825 -2
      vertex -14.8972 8.18981 -2
      vertex -14.8972 -8.18981 -2
    endloop
  endfacet
  facet normal 0 0 -1
    outer loop
      vertex -15.3821 -7.23825 -2
      vertex -15.3821 7.23825 -2
      vertex -14.8972 8.18981 -2
    endloop
  endfacet
  facet normal 0 0 -1
    outer loop
      vertex -15.8062 -6.25812 -2
      vertex -15.3821 7.23825 -2
      vertex -15.3821 -7.23825 -2
    endloop
  endfacet
  facet normal 0 0 -1
    outer loop
      vertex -15.8062 -6.25812 -2
      vertex -15.8062 6.25812 -2
      vertex -15.3821 7.23825 -2
    endloop
  endfacet
  facet normal 0 0 -1
    outer loop
      vertex -16.168 -5.25329 -2
      vertex -15.8062 6.25812 -2
      vertex -15.8062 -6.25812 -2
    endloop
  endfacet
  facet normal 0 0 -1
    outer loop
      vertex -16.168 -5.25329 -2
      vertex -16.168 5.25329 -2
      vertex -15.8062 6.25812 -2
    endloop
  endfacet
  facet normal 0 0 -1
    outer loop
      vertex -16.4659 -4.22773 -2
      vertex -16.168 5.25329 -2
      vertex -16.168 -5.25329 -2
    endloop
  endfacet
  facet normal 0 0 -1
    outer loop
      vertex -16.4659 -4.22773 -2
      vertex -16.4659 4.22773 -2
      vertex -16.168 5.25329 -2
    endloop
  endfacet
  facet normal 0 0 -1
    outer loop
      vertex -16.6989 -3.18548 -2
      vertex -16.4659 4.22773 -2
      vertex -16.4659 -4.22773 -2
    endloop
  endfacet
  facet normal 0 0 -1
    outer loop
      vertex -16.6989 -3.18548 -2
      vertex -16.6989 3.18548 -2
      vertex -16.4659 4.22773 -2
    endloop
  endfacet
  facet normal 0 0 -1
    outer loop
      vertex -16.8659 -2.13066 -2
      vertex -16.6989 3.18548 -2
      vertex -16.6989 -3.18548 -2
    endloop
  endfacet
  facet normal 0 0 -1
    outer loop
      vertex -16.8659 -2.13066 -2
      vertex -16.8659 2.13066 -2
      vertex -16.6989 3.18548 -2
    endloop
  endfacet
  facet normal 0 0 -1
    outer loop
      vertex -16.9665 -1.06744 -2
      vertex -16.8659 2.13066 -2
      vertex -16.8659 -2.13066 -2
    endloop
  endfacet
  facet normal 0 0 -1
    outer loop
      vertex -16.9665 -1.06744 -2
      vertex -16.9665 1.06744 -2
      vertex -16.8659 2.13066 -2
    endloop
  endfacet
  facet normal 0 -0 -1
    outer loop
      vertex -16.9665 1.06744 -2
      vertex -16.9665 -1.06744 -2
      vertex -17 0 -2
    endloop
  endfacet
  facet normal 0.960307 -0.278946 0
    outer loop
      vertex 16.168 -5.25329 12
      vertex 16.4659 -4.22773 10
      vertex 16.4659 -4.22773 12
    endloop
  endfacet
  facet normal 0.960307 -0.278946 0
    outer loop
      vertex 16.4659 -4.22773 10
      vertex 16.168 -5.25329 12
      vertex 16.168 -5.25329 10
    endloop
  endfacet
  facet normal 0.960307 -0.278946 0
    outer loop
      vertex 16.168 -5.25329 0
      vertex 16.4659 -4.22773 -2
      vertex 16.4659 -4.22773 0
    endloop
  endfacet
  facet normal 0.960307 -0.278946 0
    outer loop
      vertex 16.4659 -4.22773 -2
      vertex 16.168 -5.25329 0
      vertex 16.168 -5.25329 -2
    endloop
  endfacet
  facet normal -0.21817 -0.975911 0
    outer loop
      vertex -4.22773 -16.4659 10
      vertex -3.18548 -16.6989 12
      vertex -4.22773 -16.4659 12
    endloop
  endfacet
  facet normal -0.21817 -0.975911 -0
    outer loop
      vertex -3.18548 -16.6989 12
      vertex -4.22773 -16.4659 10
      vertex -3.18548 -16.6989 10
    endloop
  endfacet
  facet normal -0.21817 -0.975911 0
    outer loop
      vertex -4.22773 -16.4659 -2
      vertex -3.18548 -16.6989 0
      vertex -4.22773 -16.4659 0
    endloop
  endfacet
  facet normal -0.21817 -0.975911 -0
    outer loop
      vertex -3.18548 -16.6989 0
      vertex -4.22773 -16.4659 -2
      vertex -3.18548 -16.6989 -2
    endloop
  endfacet
  facet normal 0.827076 0.56209 0
    outer loop
      vertex 14.3536 9.10905 12
      vertex 13.7533 9.99235 10
      vertex 13.7533 9.99235 12
    endloop
  endfacet
  facet normal 0.827076 0.56209 0
    outer loop
      vertex 13.7533 9.99235 10
      vertex 14.3536 9.10905 12
      vertex 14.3536 9.10905 10
    endloop
  endfacet
  facet normal 0.827076 0.56209 0
    outer loop
      vertex 14.3536 9.10905 0
      vertex 13.7533 9.99235 -2
      vertex 13.7533 9.99235 0
    endloop
  endfacet
  facet normal 0.827076 0.56209 0
    outer loop
      vertex 13.7533 9.99235 -2
      vertex 14.3536 9.10905 0
      vertex 14.3536 9.10905 -2
    endloop
  endfacet
  facet normal 0.33877 0.940869 -0
    outer loop
      vertex 6.25812 15.8062 -2
      vertex 5.25329 16.168 0
      vertex 6.25812 15.8062 0
    endloop
  endfacet
  facet normal 0.33877 0.940869 0
    outer loop
      vertex 5.25329 16.168 0
      vertex 6.25812 15.8062 -2
      vertex 5.25329 16.168 -2
    endloop
  endfacet
  facet normal 0.33877 0.940869 -0
    outer loop
      vertex 6.25812 15.8062 10
      vertex 5.25329 16.168 12
      vertex 6.25812 15.8062 12
    endloop
  endfacet
  facet normal 0.33877 0.940869 0
    outer loop
      vertex 5.25329 16.168 12
      vertex 6.25812 15.8062 10
      vertex 5.25329 16.168 10
    endloop
  endfacet
  facet normal -0.0313681 -0.999508 0
    outer loop
      vertex -1.06744 -16.9665 10
      vertex 0 -17 12
      vertex -1.06744 -16.9665 12
    endloop
  endfacet
  facet normal -0.0313681 -0.999508 -0
    outer loop
      vertex 0 -17 12
      vertex -1.06744 -16.9665 10
      vertex 0 -17 10
    endloop
  endfacet
  facet normal -0.0313681 -0.999508 0
    outer loop
      vertex -1.06744 -16.9665 -2
      vertex 0 -17 0
      vertex -1.06744 -16.9665 0
    endloop
  endfacet
  facet normal -0.0313681 -0.999508 -0
    outer loop
      vertex 0 -17 0
      vertex -1.06744 -16.9665 -2
      vertex 0 -17 -2
    endloop
  endfacet
  facet normal -0.33877 0.940869 0
    outer loop
      vertex -5.25329 16.168 -2
      vertex -6.25812 15.8062 0
      vertex -5.25329 16.168 0
    endloop
  endfacet
  facet normal -0.33877 0.940869 0
    outer loop
      vertex -6.25812 15.8062 0
      vertex -5.25329 16.168 -2
      vertex -6.25812 15.8062 -2
    endloop
  endfacet
  facet normal -0.33877 0.940869 0
    outer loop
      vertex -5.25329 16.168 10
      vertex -6.25812 15.8062 12
      vertex -5.25329 16.168 12
    endloop
  endfacet
  facet normal -0.33877 0.940869 0
    outer loop
      vertex -6.25812 15.8062 12
      vertex -5.25329 16.168 10
      vertex -6.25812 15.8062 10
    endloop
  endfacet
  facet normal 0.156373 -0.987698 0
    outer loop
      vertex 2.13066 -16.8659 10
      vertex 3.18548 -16.6989 12
      vertex 2.13066 -16.8659 12
    endloop
  endfacet
  facet normal 0.156373 -0.987698 0
    outer loop
      vertex 3.18548 -16.6989 12
      vertex 2.13066 -16.8659 10
      vertex 3.18548 -16.6989 10
    endloop
  endfacet
  facet normal 0.156373 -0.987698 0
    outer loop
      vertex 2.13066 -16.8659 -2
      vertex 3.18548 -16.6989 0
      vertex 2.13066 -16.8659 0
    endloop
  endfacet
  facet normal 0.156373 -0.987698 0
    outer loop
      vertex 3.18548 -16.6989 0
      vertex 2.13066 -16.8659 -2
      vertex 3.18548 -16.6989 -2
    endloop
  endfacet
  facet normal 0.940869 -0.33877 0
    outer loop
      vertex 15.8062 -6.25812 0
      vertex 16.168 -5.25329 -2
      vertex 16.168 -5.25329 0
    endloop
  endfacet
  facet normal 0.940869 -0.33877 0
    outer loop
      vertex 16.168 -5.25329 -2
      vertex 15.8062 -6.25812 0
      vertex 15.8062 -6.25812 -2
    endloop
  endfacet
  facet normal 0.940869 -0.33877 0
    outer loop
      vertex 15.8062 -6.25812 12
      vertex 16.168 -5.25329 10
      vertex 16.168 -5.25329 12
    endloop
  endfacet
  facet normal 0.940869 -0.33877 0
    outer loop
      vertex 16.168 -5.25329 10
      vertex 15.8062 -6.25812 12
      vertex 15.8062 -6.25812 10
    endloop
  endfacet
  facet normal 0.827076 -0.56209 0
    outer loop
      vertex 13.7533 -9.99235 0
      vertex 14.3536 -9.10905 -2
      vertex 14.3536 -9.10905 0
    endloop
  endfacet
  facet normal 0.827076 -0.56209 0
    outer loop
      vertex 14.3536 -9.10905 -2
      vertex 13.7533 -9.99235 0
      vertex 13.7533 -9.99235 -2
    endloop
  endfacet
  facet normal 0.827076 -0.56209 0
    outer loop
      vertex 13.7533 -9.99235 12
      vertex 14.3536 -9.10905 10
      vertex 14.3536 -9.10905 12
    endloop
  endfacet
  facet normal 0.827076 -0.56209 0
    outer loop
      vertex 14.3536 -9.10905 10
      vertex 13.7533 -9.99235 12
      vertex 13.7533 -9.99235 10
    endloop
  endfacet
  facet normal 0.661278 0.750141 -0
    outer loop
      vertex 11.6373 12.3925 10
      vertex 10.8362 13.0987 12
      vertex 11.6373 12.3925 12
    endloop
  endfacet
  facet normal 0.661278 0.750141 0
    outer loop
      vertex 10.8362 13.0987 12
      vertex 11.6373 12.3925 10
      vertex 10.8362 13.0987 10
    endloop
  endfacet
  facet normal 0.661278 0.750141 -0
    outer loop
      vertex 11.6373 12.3925 -2
      vertex 10.8362 13.0987 0
      vertex 11.6373 12.3925 0
    endloop
  endfacet
  facet normal 0.661278 0.750141 0
    outer loop
      vertex 10.8362 13.0987 0
      vertex 11.6373 12.3925 -2
      vertex 10.8362 13.0987 -2
    endloop
  endfacet
  facet normal 0.661278 -0.750141 0
    outer loop
      vertex 10.8362 -13.0987 10
      vertex 11.6373 -12.3925 12
      vertex 10.8362 -13.0987 12
    endloop
  endfacet
  facet normal 0.661278 -0.750141 0
    outer loop
      vertex 11.6373 -12.3925 12
      vertex 10.8362 -13.0987 10
      vertex 11.6373 -12.3925 10
    endloop
  endfacet
  facet normal 0.661278 -0.750141 0
    outer loop
      vertex 10.8362 -13.0987 -2
      vertex 11.6373 -12.3925 0
      vertex 10.8362 -13.0987 0
    endloop
  endfacet
  facet normal 0.661278 -0.750141 0
    outer loop
      vertex 11.6373 -12.3925 0
      vertex 10.8362 -13.0987 -2
      vertex 11.6373 -12.3925 -2
    endloop
  endfacet
  facet normal -0.0941975 0.995554 0
    outer loop
      vertex -1.06744 16.9665 10
      vertex -2.13066 16.8659 12
      vertex -1.06744 16.9665 12
    endloop
  endfacet
  facet normal -0.0941975 0.995554 0
    outer loop
      vertex -2.13066 16.8659 12
      vertex -1.06744 16.9665 10
      vertex -2.13066 16.8659 10
    endloop
  endfacet
  facet normal -0.0941975 0.995554 0
    outer loop
      vertex -1.06744 16.9665 -2
      vertex -2.13066 16.8659 0
      vertex -1.06744 16.9665 0
    endloop
  endfacet
  facet normal -0.0941975 0.995554 0
    outer loop
      vertex -2.13066 16.8659 0
      vertex -1.06744 16.9665 -2
      vertex -2.13066 16.8659 -2
    endloop
  endfacet
  facet normal -0.509016 0.860757 0
    outer loop
      vertex -8.18981 14.8972 -2
      vertex -9.10905 14.3536 0
      vertex -8.18981 14.8972 0
    endloop
  endfacet
  facet normal -0.509016 0.860757 0
    outer loop
      vertex -9.10905 14.3536 0
      vertex -8.18981 14.8972 -2
      vertex -9.10905 14.3536 -2
    endloop
  endfacet
  facet normal -0.509016 0.860757 0
    outer loop
      vertex -8.18981 14.8972 10
      vertex -9.10905 14.3536 12
      vertex -8.18981 14.8972 12
    endloop
  endfacet
  facet normal -0.509016 0.860757 0
    outer loop
      vertex -9.10905 14.3536 12
      vertex -8.18981 14.8972 10
      vertex -9.10905 14.3536 10
    endloop
  endfacet
  facet normal 0.860757 0.509016 0
    outer loop
      vertex 14.8972 8.18981 12
      vertex 14.3536 9.10905 10
      vertex 14.3536 9.10905 12
    endloop
  endfacet
  facet normal 0.860757 0.509016 0
    outer loop
      vertex 14.3536 9.10905 10
      vertex 14.8972 8.18981 12
      vertex 14.8972 8.18981 10
    endloop
  endfacet
  facet normal 0.860757 0.509016 0
    outer loop
      vertex 14.8972 8.18981 0
      vertex 14.3536 9.10905 -2
      vertex 14.3536 9.10905 0
    endloop
  endfacet
  facet normal 0.860757 0.509016 0
    outer loop
      vertex 14.3536 9.10905 -2
      vertex 14.8972 8.18981 0
      vertex 14.8972 8.18981 -2
    endloop
  endfacet
  facet normal -0.860757 -0.509016 0
    outer loop
      vertex -14.3536 -9.10905 -2
      vertex -14.8972 -8.18981 0
      vertex -14.8972 -8.18981 -2
    endloop
  endfacet
  facet normal -0.860757 -0.509016 0
    outer loop
      vertex -14.8972 -8.18981 0
      vertex -14.3536 -9.10905 -2
      vertex -14.3536 -9.10905 0
    endloop
  endfacet
  facet normal -0.860757 -0.509016 0
    outer loop
      vertex -14.3536 -9.10905 10
      vertex -14.8972 -8.18981 12
      vertex -14.8972 -8.18981 10
    endloop
  endfacet
  facet normal -0.860757 -0.509016 0
    outer loop
      vertex -14.8972 -8.18981 12
      vertex -14.3536 -9.10905 10
      vertex -14.3536 -9.10905 12
    endloop
  endfacet
  facet normal 0.707107 -0.707107 0
    outer loop
      vertex 11.6373 -12.3925 12
      vertex 12.3925 -11.6373 10
      vertex 12.3925 -11.6373 12
    endloop
  endfacet
  facet normal 0.707107 -0.707107 0
    outer loop
      vertex 12.3925 -11.6373 10
      vertex 11.6373 -12.3925 12
      vertex 11.6373 -12.3925 10
    endloop
  endfacet
  facet normal 0.707107 -0.707107 0
    outer loop
      vertex 11.6373 -12.3925 0
      vertex 12.3925 -11.6373 -2
      vertex 12.3925 -11.6373 0
    endloop
  endfacet
  facet normal 0.707107 -0.707107 0
    outer loop
      vertex 12.3925 -11.6373 -2
      vertex 11.6373 -12.3925 0
      vertex 11.6373 -12.3925 -2
    endloop
  endfacet
  facet normal -0.995554 0.0941975 0
    outer loop
      vertex -16.9665 1.06744 10
      vertex -16.8659 2.13066 12
      vertex -16.8659 2.13066 10
    endloop
  endfacet
  facet normal -0.995554 0.0941975 0
    outer loop
      vertex -16.8659 2.13066 12
      vertex -16.9665 1.06744 10
      vertex -16.9665 1.06744 12
    endloop
  endfacet
  facet normal -0.995554 0.0941975 0
    outer loop
      vertex -16.9665 1.06744 -2
      vertex -16.8659 2.13066 0
      vertex -16.8659 2.13066 -2
    endloop
  endfacet
  facet normal -0.995554 0.0941975 0
    outer loop
      vertex -16.8659 2.13066 0
      vertex -16.9665 1.06744 -2
      vertex -16.9665 1.06744 0
    endloop
  endfacet
  facet normal -0.940869 0.33877 0
    outer loop
      vertex -16.168 5.25329 10
      vertex -15.8062 6.25812 12
      vertex -15.8062 6.25812 10
    endloop
  endfacet
  facet normal -0.940869 0.33877 0
    outer loop
      vertex -15.8062 6.25812 12
      vertex -16.168 5.25329 10
      vertex -16.168 5.25329 12
    endloop
  endfacet
  facet normal -0.940869 0.33877 0
    outer loop
      vertex -16.168 5.25329 -2
      vertex -15.8062 6.25812 0
      vertex -15.8062 6.25812 -2
    endloop
  endfacet
  facet normal -0.940869 0.33877 0
    outer loop
      vertex -15.8062 6.25812 0
      vertex -16.168 5.25329 -2
      vertex -16.168 5.25329 0
    endloop
  endfacet
  facet normal -0.156373 0.987698 0
    outer loop
      vertex -2.13066 16.8659 10
      vertex -3.18548 16.6989 12
      vertex -2.13066 16.8659 12
    endloop
  endfacet
  facet normal -0.156373 0.987698 0
    outer loop
      vertex -3.18548 16.6989 12
      vertex -2.13066 16.8659 10
      vertex -3.18548 16.6989 10
    endloop
  endfacet
  facet normal -0.156373 0.987698 0
    outer loop
      vertex -2.13066 16.8659 -2
      vertex -3.18548 16.6989 0
      vertex -2.13066 16.8659 0
    endloop
  endfacet
  facet normal -0.156373 0.987698 0
    outer loop
      vertex -3.18548 16.6989 0
      vertex -2.13066 16.8659 -2
      vertex -3.18548 16.6989 -2
    endloop
  endfacet
  facet normal 0.454032 -0.890985 0
    outer loop
      vertex 7.23825 -15.3821 -2
      vertex 8.18981 -14.8972 0
      vertex 7.23825 -15.3821 0
    endloop
  endfacet
  facet normal 0.454032 -0.890985 0
    outer loop
      vertex 8.18981 -14.8972 0
      vertex 7.23825 -15.3821 -2
      vertex 8.18981 -14.8972 -2
    endloop
  endfacet
  facet normal 0.454032 -0.890985 0
    outer loop
      vertex 7.23825 -15.3821 10
      vertex 8.18981 -14.8972 12
      vertex 7.23825 -15.3821 12
    endloop
  endfacet
  facet normal 0.454032 -0.890985 0
    outer loop
      vertex 8.18981 -14.8972 12
      vertex 7.23825 -15.3821 10
      vertex 8.18981 -14.8972 10
    endloop
  endfacet
  facet normal 0.21817 0.975911 -0
    outer loop
      vertex 4.22773 16.4659 10
      vertex 3.18548 16.6989 12
      vertex 4.22773 16.4659 12
    endloop
  endfacet
  facet normal 0.21817 0.975911 0
    outer loop
      vertex 3.18548 16.6989 12
      vertex 4.22773 16.4659 10
      vertex 3.18548 16.6989 10
    endloop
  endfacet
  facet normal 0.21817 0.975911 -0
    outer loop
      vertex 4.22773 16.4659 -2
      vertex 3.18548 16.6989 0
      vertex 4.22773 16.4659 0
    endloop
  endfacet
  facet normal 0.21817 0.975911 0
    outer loop
      vertex 3.18548 16.6989 0
      vertex 4.22773 16.4659 -2
      vertex 3.18548 16.6989 -2
    endloop
  endfacet
  facet normal -0.987698 -0.156373 0
    outer loop
      vertex -16.6989 -3.18548 -2
      vertex -16.8659 -2.13066 0
      vertex -16.8659 -2.13066 -2
    endloop
  endfacet
  facet normal -0.987698 -0.156373 0
    outer loop
      vertex -16.8659 -2.13066 0
      vertex -16.6989 -3.18548 -2
      vertex -16.6989 -3.18548 0
    endloop
  endfacet
  facet normal -0.987698 -0.156373 0
    outer loop
      vertex -16.6989 -3.18548 10
      vertex -16.8659 -2.13066 12
      vertex -16.8659 -2.13066 10
    endloop
  endfacet
  facet normal -0.987698 -0.156373 0
    outer loop
      vertex -16.8659 -2.13066 12
      vertex -16.6989 -3.18548 10
      vertex -16.6989 -3.18548 12
    endloop
  endfacet
  facet normal -0.975911 0.21817 0
    outer loop
      vertex -16.6989 3.18548 -2
      vertex -16.4659 4.22773 0
      vertex -16.4659 4.22773 -2
    endloop
  endfacet
  facet normal -0.975911 0.21817 0
    outer loop
      vertex -16.4659 4.22773 0
      vertex -16.6989 3.18548 -2
      vertex -16.6989 3.18548 0
    endloop
  endfacet
  facet normal -0.975911 0.21817 0
    outer loop
      vertex -16.6989 3.18548 10
      vertex -16.4659 4.22773 12
      vertex -16.4659 4.22773 10
    endloop
  endfacet
  facet normal -0.975911 0.21817 0
    outer loop
      vertex -16.4659 4.22773 12
      vertex -16.6989 3.18548 10
      vertex -16.6989 3.18548 12
    endloop
  endfacet
  facet normal 0.890985 -0.454032 0
    outer loop
      vertex 14.8972 -8.18981 12
      vertex 15.3821 -7.23825 10
      vertex 15.3821 -7.23825 12
    endloop
  endfacet
  facet normal 0.890985 -0.454032 0
    outer loop
      vertex 15.3821 -7.23825 10
      vertex 14.8972 -8.18981 12
      vertex 14.8972 -8.18981 10
    endloop
  endfacet
  facet normal 0.890985 -0.454032 0
    outer loop
      vertex 14.8972 -8.18981 0
      vertex 15.3821 -7.23825 -2
      vertex 15.3821 -7.23825 0
    endloop
  endfacet
  facet normal 0.890985 -0.454032 0
    outer loop
      vertex 15.3821 -7.23825 -2
      vertex 14.8972 -8.18981 0
      vertex 14.8972 -8.18981 -2
    endloop
  endfacet
  facet normal -0.975911 -0.21817 0
    outer loop
      vertex -16.4659 -4.22773 10
      vertex -16.6989 -3.18548 12
      vertex -16.6989 -3.18548 10
    endloop
  endfacet
  facet normal -0.975911 -0.21817 0
    outer loop
      vertex -16.6989 -3.18548 12
      vertex -16.4659 -4.22773 10
      vertex -16.4659 -4.22773 12
    endloop
  endfacet
  facet normal -0.975911 -0.21817 0
    outer loop
      vertex -16.4659 -4.22773 -2
      vertex -16.6989 -3.18548 0
      vertex -16.6989 -3.18548 -2
    endloop
  endfacet
  facet normal -0.975911 -0.21817 0
    outer loop
      vertex -16.6989 -3.18548 0
      vertex -16.4659 -4.22773 -2
      vertex -16.4659 -4.22773 0
    endloop
  endfacet
  facet normal -0.790136 -0.612932 0
    outer loop
      vertex -13.0987 -10.8362 -2
      vertex -13.7533 -9.99235 0
      vertex -13.7533 -9.99235 -2
    endloop
  endfacet
  facet normal -0.790136 -0.612932 0
    outer loop
      vertex -13.7533 -9.99235 0
      vertex -13.0987 -10.8362 -2
      vertex -13.0987 -10.8362 0
    endloop
  endfacet
  facet normal -0.790136 -0.612932 0
    outer loop
      vertex -13.0987 -10.8362 10
      vertex -13.7533 -9.99235 12
      vertex -13.7533 -9.99235 10
    endloop
  endfacet
  facet normal -0.790136 -0.612932 0
    outer loop
      vertex -13.7533 -9.99235 12
      vertex -13.0987 -10.8362 10
      vertex -13.0987 -10.8362 12
    endloop
  endfacet
  facet normal -0.860757 0.509016 0
    outer loop
      vertex -14.8972 8.18981 10
      vertex -14.3536 9.10905 12
      vertex -14.3536 9.10905 10
    endloop
  endfacet
  facet normal -0.860757 0.509016 0
    outer loop
      vertex -14.3536 9.10905 12
      vertex -14.8972 8.18981 10
      vertex -14.8972 8.18981 12
    endloop
  endfacet
  facet normal -0.860757 0.509016 0
    outer loop
      vertex -14.8972 8.18981 -2
      vertex -14.3536 9.10905 0
      vertex -14.3536 9.10905 -2
    endloop
  endfacet
  facet normal -0.860757 0.509016 0
    outer loop
      vertex -14.3536 9.10905 0
      vertex -14.8972 8.18981 -2
      vertex -14.8972 8.18981 0
    endloop
  endfacet
  facet normal 0.509016 -0.860757 0
    outer loop
      vertex 8.18981 -14.8972 -2
      vertex 9.10905 -14.3536 0
      vertex 8.18981 -14.8972 0
    endloop
  endfacet
  facet normal 0.509016 -0.860757 0
    outer loop
      vertex 9.10905 -14.3536 0
      vertex 8.18981 -14.8972 -2
      vertex 9.10905 -14.3536 -2
    endloop
  endfacet
  facet normal 0.509016 -0.860757 0
    outer loop
      vertex 8.18981 -14.8972 10
      vertex 9.10905 -14.3536 12
      vertex 8.18981 -14.8972 12
    endloop
  endfacet
  facet normal 0.509016 -0.860757 0
    outer loop
      vertex 9.10905 -14.3536 12
      vertex 8.18981 -14.8972 10
      vertex 9.10905 -14.3536 10
    endloop
  endfacet
  facet normal 0.0941975 -0.995554 0
    outer loop
      vertex 1.06744 -16.9665 10
      vertex 2.13066 -16.8659 12
      vertex 1.06744 -16.9665 12
    endloop
  endfacet
  facet normal 0.0941975 -0.995554 0
    outer loop
      vertex 2.13066 -16.8659 12
      vertex 1.06744 -16.9665 10
      vertex 2.13066 -16.8659 10
    endloop
  endfacet
  facet normal 0.0941975 -0.995554 0
    outer loop
      vertex 1.06744 -16.9665 -2
      vertex 2.13066 -16.8659 0
      vertex 1.06744 -16.9665 0
    endloop
  endfacet
  facet normal 0.0941975 -0.995554 0
    outer loop
      vertex 2.13066 -16.8659 0
      vertex 1.06744 -16.9665 -2
      vertex 2.13066 -16.8659 -2
    endloop
  endfacet
  facet normal 0.397116 0.917768 -0
    outer loop
      vertex 7.23825 15.3821 10
      vertex 6.25812 15.8062 12
      vertex 7.23825 15.3821 12
    endloop
  endfacet
  facet normal 0.397116 0.917768 0
    outer loop
      vertex 6.25812 15.8062 12
      vertex 7.23825 15.3821 10
      vertex 6.25812 15.8062 10
    endloop
  endfacet
  facet normal 0.397116 0.917768 -0
    outer loop
      vertex 7.23825 15.3821 -2
      vertex 6.25812 15.8062 0
      vertex 7.23825 15.3821 0
    endloop
  endfacet
  facet normal 0.397116 0.917768 0
    outer loop
      vertex 6.25812 15.8062 0
      vertex 7.23825 15.3821 -2
      vertex 6.25812 15.8062 -2
    endloop
  endfacet
  facet normal -0.707107 0.707107 0
    outer loop
      vertex -12.3925 11.6373 10
      vertex -11.6373 12.3925 12
      vertex -11.6373 12.3925 10
    endloop
  endfacet
  facet normal -0.707107 0.707107 0
    outer loop
      vertex -11.6373 12.3925 12
      vertex -12.3925 11.6373 10
      vertex -12.3925 11.6373 12
    endloop
  endfacet
  facet normal -0.707107 0.707107 0
    outer loop
      vertex -12.3925 11.6373 -2
      vertex -11.6373 12.3925 0
      vertex -11.6373 12.3925 -2
    endloop
  endfacet
  facet normal -0.707107 0.707107 0
    outer loop
      vertex -11.6373 12.3925 0
      vertex -12.3925 11.6373 -2
      vertex -12.3925 11.6373 0
    endloop
  endfacet
  facet normal 0.860757 -0.509016 0
    outer loop
      vertex 14.3536 -9.10905 0
      vertex 14.8972 -8.18981 -2
      vertex 14.8972 -8.18981 0
    endloop
  endfacet
  facet normal 0.860757 -0.509016 0
    outer loop
      vertex 14.8972 -8.18981 -2
      vertex 14.3536 -9.10905 0
      vertex 14.3536 -9.10905 -2
    endloop
  endfacet
  facet normal 0.860757 -0.509016 0
    outer loop
      vertex 14.3536 -9.10905 12
      vertex 14.8972 -8.18981 10
      vertex 14.8972 -8.18981 12
    endloop
  endfacet
  facet normal 0.860757 -0.509016 0
    outer loop
      vertex 14.8972 -8.18981 10
      vertex 14.3536 -9.10905 12
      vertex 14.3536 -9.10905 10
    endloop
  endfacet
  facet normal 0.21817 -0.975911 0
    outer loop
      vertex 3.18548 -16.6989 10
      vertex 4.22773 -16.4659 12
      vertex 3.18548 -16.6989 12
    endloop
  endfacet
  facet normal 0.21817 -0.975911 0
    outer loop
      vertex 4.22773 -16.4659 12
      vertex 3.18548 -16.6989 10
      vertex 4.22773 -16.4659 10
    endloop
  endfacet
  facet normal 0.21817 -0.975911 0
    outer loop
      vertex 3.18548 -16.6989 -2
      vertex 4.22773 -16.4659 0
      vertex 3.18548 -16.6989 0
    endloop
  endfacet
  facet normal 0.21817 -0.975911 0
    outer loop
      vertex 4.22773 -16.4659 0
      vertex 3.18548 -16.6989 -2
      vertex 4.22773 -16.4659 -2
    endloop
  endfacet
  facet normal 0.156373 0.987698 -0
    outer loop
      vertex 3.18548 16.6989 10
      vertex 2.13066 16.8659 12
      vertex 3.18548 16.6989 12
    endloop
  endfacet
  facet normal 0.156373 0.987698 0
    outer loop
      vertex 2.13066 16.8659 12
      vertex 3.18548 16.6989 10
      vertex 2.13066 16.8659 10
    endloop
  endfacet
  facet normal 0.156373 0.987698 -0
    outer loop
      vertex 3.18548 16.6989 -2
      vertex 2.13066 16.8659 0
      vertex 3.18548 16.6989 0
    endloop
  endfacet
  facet normal 0.156373 0.987698 0
    outer loop
      vertex 2.13066 16.8659 0
      vertex 3.18548 16.6989 -2
      vertex 2.13066 16.8659 -2
    endloop
  endfacet
  facet normal -0.890985 -0.454032 0
    outer loop
      vertex -14.8972 -8.18981 10
      vertex -15.3821 -7.23825 12
      vertex -15.3821 -7.23825 10
    endloop
  endfacet
  facet normal -0.890985 -0.454032 0
    outer loop
      vertex -15.3821 -7.23825 12
      vertex -14.8972 -8.18981 10
      vertex -14.8972 -8.18981 12
    endloop
  endfacet
  facet normal -0.890985 -0.454032 0
    outer loop
      vertex -14.8972 -8.18981 -2
      vertex -15.3821 -7.23825 0
      vertex -15.3821 -7.23825 -2
    endloop
  endfacet
  facet normal -0.890985 -0.454032 0
    outer loop
      vertex -15.3821 -7.23825 0
      vertex -14.8972 -8.18981 -2
      vertex -14.8972 -8.18981 0
    endloop
  endfacet
  facet normal 0.790136 0.612932 0
    outer loop
      vertex 13.7533 9.99235 12
      vertex 13.0987 10.8362 10
      vertex 13.0987 10.8362 12
    endloop
  endfacet
  facet normal 0.790136 0.612932 0
    outer loop
      vertex 13.0987 10.8362 10
      vertex 13.7533 9.99235 12
      vertex 13.7533 9.99235 10
    endloop
  endfacet
  facet normal 0.790136 0.612932 0
    outer loop
      vertex 13.7533 9.99235 0
      vertex 13.0987 10.8362 -2
      vertex 13.0987 10.8362 0
    endloop
  endfacet
  facet normal 0.790136 0.612932 0
    outer loop
      vertex 13.0987 10.8362 -2
      vertex 13.7533 9.99235 0
      vertex 13.7533 9.99235 -2
    endloop
  endfacet
  facet normal -0.917768 -0.397116 0
    outer loop
      vertex -15.3821 -7.23825 10
      vertex -15.8062 -6.25812 12
      vertex -15.8062 -6.25812 10
    endloop
  endfacet
  facet normal -0.917768 -0.397116 0
    outer loop
      vertex -15.8062 -6.25812 12
      vertex -15.3821 -7.23825 10
      vertex -15.3821 -7.23825 12
    endloop
  endfacet
  facet normal -0.917768 -0.397116 0
    outer loop
      vertex -15.3821 -7.23825 -2
      vertex -15.8062 -6.25812 0
      vertex -15.8062 -6.25812 -2
    endloop
  endfacet
  facet normal -0.917768 -0.397116 0
    outer loop
      vertex -15.8062 -6.25812 0
      vertex -15.3821 -7.23825 -2
      vertex -15.3821 -7.23825 0
    endloop
  endfacet
  facet normal 0.0941975 0.995554 -0
    outer loop
      vertex 2.13066 16.8659 10
      vertex 1.06744 16.9665 12
      vertex 2.13066 16.8659 12
    endloop
  endfacet
  facet normal 0.0941975 0.995554 0
    outer loop
      vertex 1.06744 16.9665 12
      vertex 2.13066 16.8659 10
      vertex 1.06744 16.9665 10
    endloop
  endfacet
  facet normal 0.0941975 0.995554 -0
    outer loop
      vertex 2.13066 16.8659 -2
      vertex 1.06744 16.9665 0
      vertex 2.13066 16.8659 0
    endloop
  endfacet
  facet normal 0.0941975 0.995554 0
    outer loop
      vertex 1.06744 16.9665 0
      vertex 2.13066 16.8659 -2
      vertex 1.06744 16.9665 -2
    endloop
  endfacet
  facet normal 0.612932 0.790136 -0
    outer loop
      vertex 10.8362 13.0987 10
      vertex 9.99235 13.7533 12
      vertex 10.8362 13.0987 12
    endloop
  endfacet
  facet normal 0.612932 0.790136 0
    outer loop
      vertex 9.99235 13.7533 12
      vertex 10.8362 13.0987 10
      vertex 9.99235 13.7533 10
    endloop
  endfacet
  facet normal 0.612932 0.790136 -0
    outer loop
      vertex 10.8362 13.0987 -2
      vertex 9.99235 13.7533 0
      vertex 10.8362 13.0987 0
    endloop
  endfacet
  facet normal 0.612932 0.790136 0
    outer loop
      vertex 9.99235 13.7533 0
      vertex 10.8362 13.0987 -2
      vertex 9.99235 13.7533 -2
    endloop
  endfacet
  facet normal -0.33877 -0.940869 0
    outer loop
      vertex -6.25812 -15.8062 10
      vertex -5.25329 -16.168 12
      vertex -6.25812 -15.8062 12
    endloop
  endfacet
  facet normal -0.33877 -0.940869 -0
    outer loop
      vertex -5.25329 -16.168 12
      vertex -6.25812 -15.8062 10
      vertex -5.25329 -16.168 10
    endloop
  endfacet
  facet normal -0.33877 -0.940869 0
    outer loop
      vertex -6.25812 -15.8062 -2
      vertex -5.25329 -16.168 0
      vertex -6.25812 -15.8062 0
    endloop
  endfacet
  facet normal -0.33877 -0.940869 -0
    outer loop
      vertex -5.25329 -16.168 0
      vertex -6.25812 -15.8062 -2
      vertex -5.25329 -16.168 -2
    endloop
  endfacet
  facet normal -0.278946 -0.960307 0
    outer loop
      vertex -5.25329 -16.168 10
      vertex -4.22773 -16.4659 12
      vertex -5.25329 -16.168 12
    endloop
  endfacet
  facet normal -0.278946 -0.960307 -0
    outer loop
      vertex -4.22773 -16.4659 12
      vertex -5.25329 -16.168 10
      vertex -4.22773 -16.4659 10
    endloop
  endfacet
  facet normal -0.278946 -0.960307 0
    outer loop
      vertex -5.25329 -16.168 -2
      vertex -4.22773 -16.4659 0
      vertex -5.25329 -16.168 0
    endloop
  endfacet
  facet normal -0.278946 -0.960307 -0
    outer loop
      vertex -4.22773 -16.4659 0
      vertex -5.25329 -16.168 -2
      vertex -4.22773 -16.4659 -2
    endloop
  endfacet
  facet normal -0.661278 0.750141 0
    outer loop
      vertex -10.8362 13.0987 -2
      vertex -11.6373 12.3925 0
      vertex -10.8362 13.0987 0
    endloop
  endfacet
  facet normal -0.661278 0.750141 0
    outer loop
      vertex -11.6373 12.3925 0
      vertex -10.8362 13.0987 -2
      vertex -11.6373 12.3925 -2
    endloop
  endfacet
  facet normal -0.661278 0.750141 0
    outer loop
      vertex -10.8362 13.0987 10
      vertex -11.6373 12.3925 12
      vertex -10.8362 13.0987 12
    endloop
  endfacet
  facet normal -0.661278 0.750141 0
    outer loop
      vertex -11.6373 12.3925 12
      vertex -10.8362 13.0987 10
      vertex -11.6373 12.3925 10
    endloop
  endfacet
  facet normal -0.0313681 0.999508 0
    outer loop
      vertex 0 17 10
      vertex -1.06744 16.9665 12
      vertex 0 17 12
    endloop
  endfacet
  facet normal -0.0313681 0.999508 0
    outer loop
      vertex -1.06744 16.9665 12
      vertex 0 17 10
      vertex -1.06744 16.9665 10
    endloop
  endfacet
  facet normal -0.0313681 0.999508 0
    outer loop
      vertex 0 17 -2
      vertex -1.06744 16.9665 0
      vertex 0 17 0
    endloop
  endfacet
  facet normal -0.0313681 0.999508 0
    outer loop
      vertex -1.06744 16.9665 0
      vertex 0 17 -2
      vertex -1.06744 16.9665 -2
    endloop
  endfacet
  facet normal 0.995554 -0.0941975 0
    outer loop
      vertex 16.8659 -2.13066 12
      vertex 16.9665 -1.06744 10
      vertex 16.9665 -1.06744 12
    endloop
  endfacet
  facet normal 0.995554 -0.0941975 0
    outer loop
      vertex 16.9665 -1.06744 10
      vertex 16.8659 -2.13066 12
      vertex 16.8659 -2.13066 10
    endloop
  endfacet
  facet normal 0.995554 -0.0941975 0
    outer loop
      vertex 16.8659 -2.13066 0
      vertex 16.9665 -1.06744 -2
      vertex 16.9665 -1.06744 0
    endloop
  endfacet
  facet normal 0.995554 -0.0941975 0
    outer loop
      vertex 16.9665 -1.06744 -2
      vertex 16.8659 -2.13066 0
      vertex 16.8659 -2.13066 -2
    endloop
  endfacet
  facet normal 0.987698 -0.156373 0
    outer loop
      vertex 16.6989 -3.18548 0
      vertex 16.8659 -2.13066 -2
      vertex 16.8659 -2.13066 0
    endloop
  endfacet
  facet normal 0.987698 -0.156373 0
    outer loop
      vertex 16.8659 -2.13066 -2
      vertex 16.6989 -3.18548 0
      vertex 16.6989 -3.18548 -2
    endloop
  endfacet
  facet normal 0.987698 -0.156373 0
    outer loop
      vertex 16.6989 -3.18548 12
      vertex 16.8659 -2.13066 10
      vertex 16.8659 -2.13066 12
    endloop
  endfacet
  facet normal 0.987698 -0.156373 0
    outer loop
      vertex 16.8659 -2.13066 10
      vertex 16.6989 -3.18548 12
      vertex 16.6989 -3.18548 10
    endloop
  endfacet
  facet normal 0.397116 -0.917768 0
    outer loop
      vertex 6.25812 -15.8062 10
      vertex 7.23825 -15.3821 12
      vertex 6.25812 -15.8062 12
    endloop
  endfacet
  facet normal 0.397116 -0.917768 0
    outer loop
      vertex 7.23825 -15.3821 12
      vertex 6.25812 -15.8062 10
      vertex 7.23825 -15.3821 10
    endloop
  endfacet
  facet normal 0.397116 -0.917768 0
    outer loop
      vertex 6.25812 -15.8062 -2
      vertex 7.23825 -15.3821 0
      vertex 6.25812 -15.8062 0
    endloop
  endfacet
  facet normal 0.397116 -0.917768 0
    outer loop
      vertex 7.23825 -15.3821 0
      vertex 6.25812 -15.8062 -2
      vertex 7.23825 -15.3821 -2
    endloop
  endfacet
  facet normal -0.987698 0.156373 0
    outer loop
      vertex -16.8659 2.13066 10
      vertex -16.6989 3.18548 12
      vertex -16.6989 3.18548 10
    endloop
  endfacet
  facet normal -0.987698 0.156373 0
    outer loop
      vertex -16.6989 3.18548 12
      vertex -16.8659 2.13066 10
      vertex -16.8659 2.13066 12
    endloop
  endfacet
  facet normal -0.987698 0.156373 0
    outer loop
      vertex -16.8659 2.13066 -2
      vertex -16.6989 3.18548 0
      vertex -16.6989 3.18548 -2
    endloop
  endfacet
  facet normal -0.987698 0.156373 0
    outer loop
      vertex -16.6989 3.18548 0
      vertex -16.8659 2.13066 -2
      vertex -16.8659 2.13066 0
    endloop
  endfacet
  facet normal -0.917768 0.397116 0
    outer loop
      vertex -15.8062 6.25812 10
      vertex -15.3821 7.23825 12
      vertex -15.3821 7.23825 10
    endloop
  endfacet
  facet normal -0.917768 0.397116 0
    outer loop
      vertex -15.3821 7.23825 12
      vertex -15.8062 6.25812 10
      vertex -15.8062 6.25812 12
    endloop
  endfacet
  facet normal -0.917768 0.397116 0
    outer loop
      vertex -15.8062 6.25812 -2
      vertex -15.3821 7.23825 0
      vertex -15.3821 7.23825 -2
    endloop
  endfacet
  facet normal -0.917768 0.397116 0
    outer loop
      vertex -15.3821 7.23825 0
      vertex -15.8062 6.25812 -2
      vertex -15.8062 6.25812 0
    endloop
  endfacet
  facet normal 0.750141 0.661278 0
    outer loop
      vertex 13.0987 10.8362 12
      vertex 12.3925 11.6373 10
      vertex 12.3925 11.6373 12
    endloop
  endfacet
  facet normal 0.750141 0.661278 0
    outer loop
      vertex 12.3925 11.6373 10
      vertex 13.0987 10.8362 12
      vertex 13.0987 10.8362 10
    endloop
  endfacet
  facet normal 0.750141 0.661278 0
    outer loop
      vertex 13.0987 10.8362 0
      vertex 12.3925 11.6373 -2
      vertex 12.3925 11.6373 0
    endloop
  endfacet
  facet normal 0.750141 0.661278 0
    outer loop
      vertex 12.3925 11.6373 -2
      vertex 13.0987 10.8362 0
      vertex 13.0987 10.8362 -2
    endloop
  endfacet
  facet normal -0.156373 -0.987698 0
    outer loop
      vertex -3.18548 -16.6989 -2
      vertex -2.13066 -16.8659 0
      vertex -3.18548 -16.6989 0
    endloop
  endfacet
  facet normal -0.156373 -0.987698 -0
    outer loop
      vertex -2.13066 -16.8659 0
      vertex -3.18548 -16.6989 -2
      vertex -2.13066 -16.8659 -2
    endloop
  endfacet
  facet normal -0.156373 -0.987698 0
    outer loop
      vertex -3.18548 -16.6989 10
      vertex -2.13066 -16.8659 12
      vertex -3.18548 -16.6989 12
    endloop
  endfacet
  facet normal -0.156373 -0.987698 -0
    outer loop
      vertex -2.13066 -16.8659 12
      vertex -3.18548 -16.6989 10
      vertex -2.13066 -16.8659 10
    endloop
  endfacet
  facet normal -0.750141 -0.661278 0
    outer loop
      vertex -12.3925 -11.6373 10
      vertex -13.0987 -10.8362 12
      vertex -13.0987 -10.8362 10
    endloop
  endfacet
  facet normal -0.750141 -0.661278 0
    outer loop
      vertex -13.0987 -10.8362 12
      vertex -12.3925 -11.6373 10
      vertex -12.3925 -11.6373 12
    endloop
  endfacet
  facet normal -0.750141 -0.661278 0
    outer loop
      vertex -12.3925 -11.6373 -2
      vertex -13.0987 -10.8362 0
      vertex -13.0987 -10.8362 -2
    endloop
  endfacet
  facet normal -0.750141 -0.661278 0
    outer loop
      vertex -13.0987 -10.8362 0
      vertex -12.3925 -11.6373 -2
      vertex -12.3925 -11.6373 0
    endloop
  endfacet
  facet normal -0.707107 -0.707107 0
    outer loop
      vertex -11.6373 -12.3925 -2
      vertex -12.3925 -11.6373 0
      vertex -12.3925 -11.6373 -2
    endloop
  endfacet
  facet normal -0.707107 -0.707107 0
    outer loop
      vertex -12.3925 -11.6373 0
      vertex -11.6373 -12.3925 -2
      vertex -11.6373 -12.3925 0
    endloop
  endfacet
  facet normal -0.707107 -0.707107 0
    outer loop
      vertex -11.6373 -12.3925 10
      vertex -12.3925 -11.6373 12
      vertex -12.3925 -11.6373 10
    endloop
  endfacet
  facet normal -0.707107 -0.707107 0
    outer loop
      vertex -12.3925 -11.6373 12
      vertex -11.6373 -12.3925 10
      vertex -11.6373 -12.3925 12
    endloop
  endfacet
  facet normal 0.0313681 0.999508 -0
    outer loop
      vertex 1.06744 16.9665 10
      vertex 0 17 12
      vertex 1.06744 16.9665 12
    endloop
  endfacet
  facet normal 0.0313681 0.999508 0
    outer loop
      vertex 0 17 12
      vertex 1.06744 16.9665 10
      vertex 0 17 10
    endloop
  endfacet
  facet normal 0.0313681 0.999508 -0
    outer loop
      vertex 1.06744 16.9665 -2
      vertex 0 17 0
      vertex 1.06744 16.9665 0
    endloop
  endfacet
  facet normal 0.0313681 0.999508 0
    outer loop
      vertex 0 17 0
      vertex 1.06744 16.9665 -2
      vertex 0 17 -2
    endloop
  endfacet
  facet normal 0.56209 -0.827076 0
    outer loop
      vertex 9.10905 -14.3536 -2
      vertex 9.99235 -13.7533 0
      vertex 9.10905 -14.3536 0
    endloop
  endfacet
  facet normal 0.56209 -0.827076 0
    outer loop
      vertex 9.99235 -13.7533 0
      vertex 9.10905 -14.3536 -2
      vertex 9.99235 -13.7533 -2
    endloop
  endfacet
  facet normal 0.56209 -0.827076 0
    outer loop
      vertex 9.10905 -14.3536 10
      vertex 9.99235 -13.7533 12
      vertex 9.10905 -14.3536 12
    endloop
  endfacet
  facet normal 0.56209 -0.827076 0
    outer loop
      vertex 9.99235 -13.7533 12
      vertex 9.10905 -14.3536 10
      vertex 9.99235 -13.7533 10
    endloop
  endfacet
  facet normal -0.397116 -0.917768 0
    outer loop
      vertex -7.23825 -15.3821 10
      vertex -6.25812 -15.8062 12
      vertex -7.23825 -15.3821 12
    endloop
  endfacet
  facet normal -0.397116 -0.917768 -0
    outer loop
      vertex -6.25812 -15.8062 12
      vertex -7.23825 -15.3821 10
      vertex -6.25812 -15.8062 10
    endloop
  endfacet
  facet normal -0.397116 -0.917768 0
    outer loop
      vertex -7.23825 -15.3821 -2
      vertex -6.25812 -15.8062 0
      vertex -7.23825 -15.3821 0
    endloop
  endfacet
  facet normal -0.397116 -0.917768 -0
    outer loop
      vertex -6.25812 -15.8062 0
      vertex -7.23825 -15.3821 -2
      vertex -6.25812 -15.8062 -2
    endloop
  endfacet
  facet normal -0.397116 0.917768 0
    outer loop
      vertex -6.25812 15.8062 -2
      vertex -7.23825 15.3821 0
      vertex -6.25812 15.8062 0
    endloop
  endfacet
  facet normal -0.397116 0.917768 0
    outer loop
      vertex -7.23825 15.3821 0
      vertex -6.25812 15.8062 -2
      vertex -7.23825 15.3821 -2
    endloop
  endfacet
  facet normal -0.397116 0.917768 0
    outer loop
      vertex -6.25812 15.8062 10
      vertex -7.23825 15.3821 12
      vertex -6.25812 15.8062 12
    endloop
  endfacet
  facet normal -0.397116 0.917768 0
    outer loop
      vertex -7.23825 15.3821 12
      vertex -6.25812 15.8062 10
      vertex -7.23825 15.3821 10
    endloop
  endfacet
  facet normal -0.960307 0.278946 0
    outer loop
      vertex -16.4659 4.22773 -2
      vertex -16.168 5.25329 0
      vertex -16.168 5.25329 -2
    endloop
  endfacet
  facet normal -0.960307 0.278946 0
    outer loop
      vertex -16.168 5.25329 0
      vertex -16.4659 4.22773 -2
      vertex -16.4659 4.22773 0
    endloop
  endfacet
  facet normal -0.960307 0.278946 0
    outer loop
      vertex -16.4659 4.22773 10
      vertex -16.168 5.25329 12
      vertex -16.168 5.25329 10
    endloop
  endfacet
  facet normal -0.960307 0.278946 0
    outer loop
      vertex -16.168 5.25329 12
      vertex -16.4659 4.22773 10
      vertex -16.4659 4.22773 12
    endloop
  endfacet
  facet normal -0.0941975 -0.995554 0
    outer loop
      vertex -2.13066 -16.8659 10
      vertex -1.06744 -16.9665 12
      vertex -2.13066 -16.8659 12
    endloop
  endfacet
  facet normal -0.0941975 -0.995554 -0
    outer loop
      vertex -1.06744 -16.9665 12
      vertex -2.13066 -16.8659 10
      vertex -1.06744 -16.9665 10
    endloop
  endfacet
  facet normal -0.0941975 -0.995554 0
    outer loop
      vertex -2.13066 -16.8659 -2
      vertex -1.06744 -16.9665 0
      vertex -2.13066 -16.8659 0
    endloop
  endfacet
  facet normal -0.0941975 -0.995554 -0
    outer loop
      vertex -1.06744 -16.9665 0
      vertex -2.13066 -16.8659 -2
      vertex -1.06744 -16.9665 -2
    endloop
  endfacet
  facet normal -0.750141 0.661278 0
    outer loop
      vertex -13.0987 10.8362 10
      vertex -12.3925 11.6373 12
      vertex -12.3925 11.6373 10
    endloop
  endfacet
  facet normal -0.750141 0.661278 0
    outer loop
      vertex -12.3925 11.6373 12
      vertex -13.0987 10.8362 10
      vertex -13.0987 10.8362 12
    endloop
  endfacet
  facet normal -0.750141 0.661278 0
    outer loop
      vertex -13.0987 10.8362 -2
      vertex -12.3925 11.6373 0
      vertex -12.3925 11.6373 -2
    endloop
  endfacet
  facet normal -0.750141 0.661278 0
    outer loop
      vertex -12.3925 11.6373 0
      vertex -13.0987 10.8362 -2
      vertex -13.0987 10.8362 0
    endloop
  endfacet
  facet normal -0.661278 -0.750141 0
    outer loop
      vertex -11.6373 -12.3925 -2
      vertex -10.8362 -13.0987 0
      vertex -11.6373 -12.3925 0
    endloop
  endfacet
  facet normal -0.661278 -0.750141 -0
    outer loop
      vertex -10.8362 -13.0987 0
      vertex -11.6373 -12.3925 -2
      vertex -10.8362 -13.0987 -2
    endloop
  endfacet
  facet normal -0.661278 -0.750141 0
    outer loop
      vertex -11.6373 -12.3925 10
      vertex -10.8362 -13.0987 12
      vertex -11.6373 -12.3925 12
    endloop
  endfacet
  facet normal -0.661278 -0.750141 -0
    outer loop
      vertex -10.8362 -13.0987 12
      vertex -11.6373 -12.3925 10
      vertex -10.8362 -13.0987 10
    endloop
  endfacet
  facet normal -0.454032 -0.890985 0
    outer loop
      vertex -8.18981 -14.8972 10
      vertex -7.23825 -15.3821 12
      vertex -8.18981 -14.8972 12
    endloop
  endfacet
  facet normal -0.454032 -0.890985 -0
    outer loop
      vertex -7.23825 -15.3821 12
      vertex -8.18981 -14.8972 10
      vertex -7.23825 -15.3821 10
    endloop
  endfacet
  facet normal -0.454032 -0.890985 0
    outer loop
      vertex -8.18981 -14.8972 -2
      vertex -7.23825 -15.3821 0
      vertex -8.18981 -14.8972 0
    endloop
  endfacet
  facet normal -0.454032 -0.890985 -0
    outer loop
      vertex -7.23825 -15.3821 0
      vertex -8.18981 -14.8972 -2
      vertex -7.23825 -15.3821 -2
    endloop
  endfacet
  facet normal -0.890985 0.454032 0
    outer loop
      vertex -15.3821 7.23825 10
      vertex -14.8972 8.18981 12
      vertex -14.8972 8.18981 10
    endloop
  endfacet
  facet normal -0.890985 0.454032 0
    outer loop
      vertex -14.8972 8.18981 12
      vertex -15.3821 7.23825 10
      vertex -15.3821 7.23825 12
    endloop
  endfacet
  facet normal -0.890985 0.454032 0
    outer loop
      vertex -15.3821 7.23825 -2
      vertex -14.8972 8.18981 0
      vertex -14.8972 8.18981 -2
    endloop
  endfacet
  facet normal -0.890985 0.454032 0
    outer loop
      vertex -14.8972 8.18981 0
      vertex -15.3821 7.23825 -2
      vertex -15.3821 7.23825 0
    endloop
  endfacet
  facet normal -0.56209 -0.827076 0
    outer loop
      vertex -9.99235 -13.7533 -2
      vertex -9.10905 -14.3536 0
      vertex -9.99235 -13.7533 0
    endloop
  endfacet
  facet normal -0.56209 -0.827076 -0
    outer loop
      vertex -9.10905 -14.3536 0
      vertex -9.99235 -13.7533 -2
      vertex -9.10905 -14.3536 -2
    endloop
  endfacet
  facet normal -0.56209 -0.827076 0
    outer loop
      vertex -9.99235 -13.7533 10
      vertex -9.10905 -14.3536 12
      vertex -9.99235 -13.7533 12
    endloop
  endfacet
  facet normal -0.56209 -0.827076 -0
    outer loop
      vertex -9.10905 -14.3536 12
      vertex -9.99235 -13.7533 10
      vertex -9.10905 -14.3536 10
    endloop
  endfacet
  facet normal 0.278946 0.960307 -0
    outer loop
      vertex 5.25329 16.168 10
      vertex 4.22773 16.4659 12
      vertex 5.25329 16.168 12
    endloop
  endfacet
  facet normal 0.278946 0.960307 0
    outer loop
      vertex 4.22773 16.4659 12
      vertex 5.25329 16.168 10
      vertex 4.22773 16.4659 10
    endloop
  endfacet
  facet normal 0.278946 0.960307 -0
    outer loop
      vertex 5.25329 16.168 -2
      vertex 4.22773 16.4659 0
      vertex 5.25329 16.168 0
    endloop
  endfacet
  facet normal 0.278946 0.960307 0
    outer loop
      vertex 4.22773 16.4659 0
      vertex 5.25329 16.168 -2
      vertex 4.22773 16.4659 -2
    endloop
  endfacet
  facet normal -0.454032 0.890985 0
    outer loop
      vertex -7.23825 15.3821 -2
      vertex -8.18981 14.8972 0
      vertex -7.23825 15.3821 0
    endloop
  endfacet
  facet normal -0.454032 0.890985 0
    outer loop
      vertex -8.18981 14.8972 0
      vertex -7.23825 15.3821 -2
      vertex -8.18981 14.8972 -2
    endloop
  endfacet
  facet normal -0.454032 0.890985 0
    outer loop
      vertex -7.23825 15.3821 10
      vertex -8.18981 14.8972 12
      vertex -7.23825 15.3821 12
    endloop
  endfacet
  facet normal -0.454032 0.890985 0
    outer loop
      vertex -8.18981 14.8972 12
      vertex -7.23825 15.3821 10
      vertex -8.18981 14.8972 10
    endloop
  endfacet
  facet normal 0.612932 -0.790136 0
    outer loop
      vertex 9.99235 -13.7533 10
      vertex 10.8362 -13.0987 12
      vertex 9.99235 -13.7533 12
    endloop
  endfacet
  facet normal 0.612932 -0.790136 0
    outer loop
      vertex 10.8362 -13.0987 12
      vertex 9.99235 -13.7533 10
      vertex 10.8362 -13.0987 10
    endloop
  endfacet
  facet normal 0.612932 -0.790136 0
    outer loop
      vertex 9.99235 -13.7533 -2
      vertex 10.8362 -13.0987 0
      vertex 9.99235 -13.7533 0
    endloop
  endfacet
  facet normal 0.612932 -0.790136 0
    outer loop
      vertex 10.8362 -13.0987 0
      vertex 9.99235 -13.7533 -2
      vertex 10.8362 -13.0987 -2
    endloop
  endfacet
  facet normal -0.612932 -0.790136 0
    outer loop
      vertex -10.8362 -13.0987 -2
      vertex -9.99235 -13.7533 0
      vertex -10.8362 -13.0987 0
    endloop
  endfacet
  facet normal -0.612932 -0.790136 -0
    outer loop
      vertex -9.99235 -13.7533 0
      vertex -10.8362 -13.0987 -2
      vertex -9.99235 -13.7533 -2
    endloop
  endfacet
  facet normal -0.612932 -0.790136 0
    outer loop
      vertex -10.8362 -13.0987 10
      vertex -9.99235 -13.7533 12
      vertex -10.8362 -13.0987 12
    endloop
  endfacet
  facet normal -0.612932 -0.790136 -0
    outer loop
      vertex -9.99235 -13.7533 12
      vertex -10.8362 -13.0987 10
      vertex -9.99235 -13.7533 10
    endloop
  endfacet
endsolid OpenSCAD_Model
