solid OpenSCAD_Model
  facet normal 0.995563 0.0940939 0
    outer loop
      vertex 4.49112 0.282557 20
      vertex 4.46452 0.563999 1
      vertex 4.46452 0.563999 20
    endloop
  endfacet
  facet normal 0.995563 0.0940939 0
    outer loop
      vertex 4.46452 0.563999 1
      vertex 4.49112 0.282557 20
      vertex 4.49112 0.282557 1
    endloop
  endfacet
  facet normal 0.999507 0.0314118 0
    outer loop
      vertex 4.5 0 20
      vertex 4.49112 0.282557 1
      vertex 4.49112 0.282557 20
    endloop
  endfacet
  facet normal 0.999507 0.0314118 0
    outer loop
      vertex 4.49112 0.282557 1
      vertex 4.5 0 20
      vertex 4.5 0 1
    endloop
  endfacet
  facet normal -0.891005 0.453993 0
    outer loop
      vertex -4.07172 1.91601 1
      vertex -3.94338 2.16789 20
      vertex -3.94338 2.16789 1
    endloop
  endfacet
  facet normal -0.891005 0.453993 0
    outer loop
      vertex -3.94338 2.16789 20
      vertex -4.07172 1.91601 1
      vertex -4.07172 1.91601 20
    endloop
  endfacet
  facet normal -0.860734 0.509055 0
    outer loop
      vertex -3.94338 2.16789 1
      vertex -3.79947 2.41122 20
      vertex -3.79947 2.41122 1
    endloop
  endfacet
  facet normal -0.860734 0.509055 0
    outer loop
      vertex -3.79947 2.41122 20
      vertex -3.94338 2.16789 1
      vertex -3.94338 2.16789 20
    endloop
  endfacet
  facet normal 0.278984 -0.960296 0
    outer loop
      vertex 1.1191 -4.35862 17.6564
      vertex 1.39058 -4.27975 20
      vertex 1.1191 -4.35862 20
    endloop
  endfacet
  facet normal 0.278903 -0.960319 1.02033e-05
    outer loop
      vertex 1.17557 -4.34222 17.618
      vertex 1.39058 -4.27975 20
      vertex 1.1191 -4.35862 17.6564
    endloop
  endfacet
  facet normal 0.278963 -0.960302 4.30055e-06
    outer loop
      vertex 1.27485 -4.31338 17.541
      vertex 1.39058 -4.27975 20
      vertex 1.17557 -4.34222 17.618
    endloop
  endfacet
  facet normal 0.279 -0.960291 2.40239e-06
    outer loop
      vertex 1.36909 -4.286 17.4579
      vertex 1.39058 -4.27975 20
      vertex 1.27485 -4.31338 17.541
    endloop
  endfacet
  facet normal 0.279262 -0.960215 0
    outer loop
      vertex 1.39058 -4.27975 20
      vertex 1.36909 -4.286 17.4579
      vertex 1.39058 -4.27975 17.4365
    endloop
  endfacet
  facet normal 0.278984 -0.960296 0
    outer loop
      vertex 1.39058 -4.27975 1
      vertex 1.1191 -4.35862 14.3436
      vertex 1.1191 -4.35862 1
    endloop
  endfacet
  facet normal 0.278897 -0.960321 -1.90684e-06
    outer loop
      vertex 1.1191 -4.35862 14.3436
      vertex 1.39058 -4.27975 1
      vertex 1.17557 -4.34222 14.382
    endloop
  endfacet
  facet normal 0.27896 -0.960303 -8.09009e-07
    outer loop
      vertex 1.17557 -4.34222 14.382
      vertex 1.39058 -4.27975 1
      vertex 1.27485 -4.31338 14.459
    endloop
  endfacet
  facet normal 0.278999 -0.960292 -4.53699e-07
    outer loop
      vertex 1.27485 -4.31338 14.459
      vertex 1.39058 -4.27975 1
      vertex 1.36909 -4.286 14.5421
    endloop
  endfacet
  facet normal 0.279262 -0.960215 0
    outer loop
      vertex 1.36909 -4.286 14.5421
      vertex 1.39058 -4.27975 1
      vertex 1.39058 -4.27975 14.5635
    endloop
  endfacet
  facet normal 0.940879 0.338742 0
    outer loop
      vertex 4.27975 1.39058 20
      vertex 4.18399 1.65656 1
      vertex 4.18399 1.65656 20
    endloop
  endfacet
  facet normal 0.940879 0.338742 0
    outer loop
      vertex 4.18399 1.65656 1
      vertex 4.27975 1.39058 20
      vertex 4.27975 1.39058 1
    endloop
  endfacet
  facet normal -0.453993 -0.891005 0
    outer loop
      vertex -2.16789 -3.94338 20
      vertex -1.91601 -4.07172 16.5702
      vertex -1.91601 -4.07172 20
    endloop
  endfacet
  facet normal -0.453949 -0.891028 3.99883e-06
    outer loop
      vertex -2.16789 -3.94338 20
      vertex -1.93717 -4.06094 16.4974
      vertex -1.91601 -4.07172 16.5702
    endloop
  endfacet
  facet normal -0.454172 -0.890914 -1.44431e-05
    outer loop
      vertex -2.16789 -3.94338 20
      vertex -1.96457 -4.04697 16.3748
      vertex -1.93717 -4.06094 16.4974
    endloop
  endfacet
  facet normal -0.453791 -0.891108 1.24307e-05
    outer loop
      vertex -2.16789 -3.94338 20
      vertex -1.98423 -4.03696 16.2507
      vertex -1.96457 -4.04697 16.3748
    endloop
  endfacet
  facet normal -0.453889 -0.891058 6.38772e-06
    outer loop
      vertex -2.16789 -3.94338 20
      vertex -1.99605 -4.03094 16.1256
      vertex -1.98423 -4.03696 16.2507
    endloop
  endfacet
  facet normal -0.454546 -0.890723 -3.03001e-05
    outer loop
      vertex -2.16789 -3.94338 20
      vertex -2 -4.02892 16
      vertex -1.99605 -4.03094 16.1256
    endloop
  endfacet
  facet normal -0.449959 -0.893049 0.000211954
    outer loop
      vertex -2.16789 -3.94338 20
      vertex -1.99605 -4.03094 15.8744
      vertex -2 -4.02892 16
    endloop
  endfacet
  facet normal -0.454003 -0.891 0
    outer loop
      vertex -2.16789 -3.94338 1
      vertex -1.99605 -4.03094 15.8744
      vertex -2.16789 -3.94338 20
    endloop
  endfacet
  facet normal -0.453854 -0.891076 -2.17855e-06
    outer loop
      vertex -2.16789 -3.94338 1
      vertex -1.98423 -4.03696 15.7493
      vertex -1.99605 -4.03094 15.8744
    endloop
  endfacet
  facet normal -0.453748 -0.89113 -3.83561e-06
    outer loop
      vertex -2.16789 -3.94338 1
      vertex -1.96457 -4.04697 15.6252
      vertex -1.98423 -4.03696 15.7493
    endloop
  endfacet
  facet normal -0.454208 -0.890896 4.21611e-06
    outer loop
      vertex -2.16789 -3.94338 1
      vertex -1.93717 -4.06094 15.5026
      vertex -1.96457 -4.04697 15.6252
    endloop
  endfacet
  facet normal -0.453941 -0.891032 -1.12318e-06
    outer loop
      vertex -2.16789 -3.94338 1
      vertex -1.91601 -4.07172 15.4298
      vertex -1.93717 -4.06094 15.5026
    endloop
  endfacet
  facet normal -0.453993 -0.891005 -0
    outer loop
      vertex -1.91601 -4.07172 15.4298
      vertex -2.16789 -3.94338 1
      vertex -1.91601 -4.07172 1
    endloop
  endfacet
  facet normal 0.453993 -0.891005 0
    outer loop
      vertex 1.91601 -4.07172 16.5702
      vertex 2.16789 -3.94338 20
      vertex 1.91601 -4.07172 20
    endloop
  endfacet
  facet normal 0.453949 -0.891028 3.99883e-06
    outer loop
      vertex 1.93717 -4.06094 16.4974
      vertex 2.16789 -3.94338 20
      vertex 1.91601 -4.07172 16.5702
    endloop
  endfacet
  facet normal 0.454172 -0.890914 -1.44431e-05
    outer loop
      vertex 1.96457 -4.04697 16.3748
      vertex 2.16789 -3.94338 20
      vertex 1.93717 -4.06094 16.4974
    endloop
  endfacet
  facet normal 0.453791 -0.891108 1.24307e-05
    outer loop
      vertex 1.98423 -4.03696 16.2507
      vertex 2.16789 -3.94338 20
      vertex 1.96457 -4.04697 16.3748
    endloop
  endfacet
  facet normal 0.453889 -0.891058 6.38772e-06
    outer loop
      vertex 1.99605 -4.03094 16.1256
      vertex 2.16789 -3.94338 20
      vertex 1.98423 -4.03696 16.2507
    endloop
  endfacet
  facet normal 0.454546 -0.890723 -3.03001e-05
    outer loop
      vertex 2 -4.02892 16
      vertex 2.16789 -3.94338 20
      vertex 1.99605 -4.03094 16.1256
    endloop
  endfacet
  facet normal 0.449959 -0.893049 0.000211954
    outer loop
      vertex 1.99605 -4.03094 15.8744
      vertex 2.16789 -3.94338 20
      vertex 2 -4.02892 16
    endloop
  endfacet
  facet normal 0.453993 -0.891005 0
    outer loop
      vertex 2.16789 -3.94338 1
      vertex 1.91601 -4.07172 15.4298
      vertex 1.91601 -4.07172 1
    endloop
  endfacet
  facet normal 0.453941 -0.891032 -1.12318e-06
    outer loop
      vertex 1.91601 -4.07172 15.4298
      vertex 2.16789 -3.94338 1
      vertex 1.93717 -4.06094 15.5026
    endloop
  endfacet
  facet normal 0.454208 -0.890896 4.21611e-06
    outer loop
      vertex 1.93717 -4.06094 15.5026
      vertex 2.16789 -3.94338 1
      vertex 1.96457 -4.04697 15.6252
    endloop
  endfacet
  facet normal 0.453748 -0.89113 -3.83561e-06
    outer loop
      vertex 1.96457 -4.04697 15.6252
      vertex 2.16789 -3.94338 1
      vertex 1.98423 -4.03696 15.7493
    endloop
  endfacet
  facet normal 0.453854 -0.891076 -2.17855e-06
    outer loop
      vertex 1.98423 -4.03696 15.7493
      vertex 2.16789 -3.94338 1
      vertex 1.99605 -4.03094 15.8744
    endloop
  endfacet
  facet normal 0.454003 -0.891 0
    outer loop
      vertex 1.99605 -4.03094 15.8744
      vertex 2.16789 -3.94338 1
      vertex 2.16789 -3.94338 20
    endloop
  endfacet
  facet normal -0.509055 -0.860734 0
    outer loop
      vertex -2.41122 -3.79947 1
      vertex -2.16789 -3.94338 20
      vertex -2.41122 -3.79947 20
    endloop
  endfacet
  facet normal -0.509055 -0.860734 -0
    outer loop
      vertex -2.16789 -3.94338 20
      vertex -2.41122 -3.79947 1
      vertex -2.16789 -3.94338 1
    endloop
  endfacet
  facet normal -0.612904 0.790157 0
    outer loop
      vertex -2.64503 3.64058 1
      vertex -2.86841 3.46731 20
      vertex -2.64503 3.64058 20
    endloop
  endfacet
  facet normal -0.612904 0.790157 0
    outer loop
      vertex -2.86841 3.46731 20
      vertex -2.64503 3.64058 1
      vertex -2.86841 3.46731 1
    endloop
  endfacet
  facet normal -0.940879 0.338742 0
    outer loop
      vertex -4.27975 1.39058 1
      vertex -4.18399 1.65656 20
      vertex -4.18399 1.65656 1
    endloop
  endfacet
  facet normal -0.940879 0.338742 0
    outer loop
      vertex -4.18399 1.65656 20
      vertex -4.27975 1.39058 1
      vertex -4.27975 1.39058 20
    endloop
  endfacet
  facet normal 0.940879 -0.338742 0
    outer loop
      vertex 4.18399 -1.65656 20
      vertex 4.27975 -1.39058 1
      vertex 4.27975 -1.39058 20
    endloop
  endfacet
  facet normal 0.940879 -0.338742 0
    outer loop
      vertex 4.27975 -1.39058 1
      vertex 4.18399 -1.65656 20
      vertex 4.18399 -1.65656 1
    endloop
  endfacet
  facet normal 0.91776 0.397136 0
    outer loop
      vertex 4.18399 1.65656 20
      vertex 4.07172 1.91601 1
      vertex 4.07172 1.91601 20
    endloop
  endfacet
  facet normal 0.91776 0.397136 0
    outer loop
      vertex 4.07172 1.91601 1
      vertex 4.18399 1.65656 20
      vertex 4.18399 1.65656 1
    endloop
  endfacet
  facet normal 0.987685 -0.156457 0
    outer loop
      vertex 4.42029 -0.843215 20
      vertex 4.46452 -0.563999 1
      vertex 4.46452 -0.563999 20
    endloop
  endfacet
  facet normal 0.987685 -0.156457 0
    outer loop
      vertex 4.46452 -0.563999 1
      vertex 4.42029 -0.843215 20
      vertex 4.42029 -0.843215 1
    endloop
  endfacet
  facet normal 0.975915 0.218151 0
    outer loop
      vertex 4.42029 0.843215 20
      vertex 4.35862 1.1191 1
      vertex 4.35862 1.1191 20
    endloop
  endfacet
  facet normal 0.975915 0.218151 0
    outer loop
      vertex 4.35862 1.1191 1
      vertex 4.42029 0.843215 20
      vertex 4.42029 0.843215 1
    endloop
  endfacet
  facet normal -0.338742 0.940879 0
    outer loop
      vertex -1.39058 4.27975 1
      vertex -1.65656 4.18399 20
      vertex -1.39058 4.27975 20
    endloop
  endfacet
  facet normal -0.338742 0.940879 0
    outer loop
      vertex -1.65656 4.18399 20
      vertex -1.39058 4.27975 1
      vertex -1.65656 4.18399 1
    endloop
  endfacet
  facet normal 0.397136 -0.91776 0
    outer loop
      vertex 1.65656 -4.18399 17.1189
      vertex 1.91601 -4.07172 20
      vertex 1.65656 -4.18399 20
    endloop
  endfacet
  facet normal 0.397219 -0.917724 -8.90722e-06
    outer loop
      vertex 1.68865 -4.1701 17.0717
      vertex 1.91601 -4.07172 20
      vertex 1.65656 -4.18399 17.1189
    endloop
  endfacet
  facet normal 0.39706 -0.917793 5.77631e-06
    outer loop
      vertex 1.75261 -4.14243 16.9635
      vertex 1.91601 -4.07172 20
      vertex 1.68865 -4.1701 17.0717
    endloop
  endfacet
  facet normal 0.397229 -0.91772 -5.02074e-06
    outer loop
      vertex 1.80965 -4.11774 16.8516
      vertex 1.91601 -4.07172 20
      vertex 1.75261 -4.14243 16.9635
    endloop
  endfacet
  facet normal 0.397092 -0.917779 4.63823e-07
    outer loop
      vertex 1.85955 -4.09615 16.7362
      vertex 1.91601 -4.07172 20
      vertex 1.80965 -4.11774 16.8516
    endloop
  endfacet
  facet normal 0.397192 -0.917735 -1.59112e-06
    outer loop
      vertex 1.90211 -4.07773 16.618
      vertex 1.91601 -4.07172 20
      vertex 1.85955 -4.09615 16.7362
    endloop
  endfacet
  facet normal 0.396866 -0.917877 0
    outer loop
      vertex 1.91601 -4.07172 20
      vertex 1.90211 -4.07773 16.618
      vertex 1.91601 -4.07172 16.5702
    endloop
  endfacet
  facet normal 0.397136 -0.91776 0
    outer loop
      vertex 1.91601 -4.07172 1
      vertex 1.65656 -4.18399 14.8811
      vertex 1.65656 -4.18399 1
    endloop
  endfacet
  facet normal 0.397228 -0.91772 2.03759e-06
    outer loop
      vertex 1.65656 -4.18399 14.8811
      vertex 1.91601 -4.07172 1
      vertex 1.68865 -4.1701 14.9283
    endloop
  endfacet
  facet normal 0.397054 -0.917795 -1.33701e-06
    outer loop
      vertex 1.68865 -4.1701 14.9283
      vertex 1.91601 -4.07172 1
      vertex 1.75261 -4.14243 15.0365
    endloop
  endfacet
  facet normal 0.397235 -0.917717 1.17398e-06
    outer loop
      vertex 1.75261 -4.14243 15.0365
      vertex 1.91601 -4.07172 1
      vertex 1.80965 -4.11774 15.1484
    endloop
  endfacet
  facet normal 0.397091 -0.917779 -1.09375e-07
    outer loop
      vertex 1.80965 -4.11774 15.1484
      vertex 1.91601 -4.07172 1
      vertex 1.85955 -4.09615 15.2638
    endloop
  endfacet
  facet normal 0.397195 -0.917734 3.77417e-07
    outer loop
      vertex 1.85955 -4.09615 15.2638
      vertex 1.91601 -4.07172 1
      vertex 1.90211 -4.07773 15.382
    endloop
  endfacet
  facet normal 0.396866 -0.917877 0
    outer loop
      vertex 1.90211 -4.07773 15.382
      vertex 1.91601 -4.07172 1
      vertex 1.91601 -4.07172 15.4298
    endloop
  endfacet
  facet normal 0.562066 0.827092 -0
    outer loop
      vertex 2.64503 3.64058 1
      vertex 2.41122 3.79947 20
      vertex 2.64503 3.64058 20
    endloop
  endfacet
  facet normal 0.562066 0.827092 0
    outer loop
      vertex 2.41122 3.79947 20
      vertex 2.64503 3.64058 1
      vertex 2.41122 3.79947 1
    endloop
  endfacet
  facet normal -0.940879 -0.338742 0
    outer loop
      vertex -4.18399 -1.65656 1
      vertex -4.27975 -1.39058 20
      vertex -4.27975 -1.39058 1
    endloop
  endfacet
  facet normal -0.940879 -0.338742 0
    outer loop
      vertex -4.27975 -1.39058 20
      vertex -4.18399 -1.65656 1
      vertex -4.18399 -1.65656 20
    endloop
  endfacet
  facet normal 0.156457 0.987685 -0
    outer loop
      vertex 0.843215 4.42029 1
      vertex 0.563999 4.46452 20
      vertex 0.843215 4.42029 20
    endloop
  endfacet
  facet normal 0.156457 0.987685 0
    outer loop
      vertex 0.563999 4.46452 20
      vertex 0.843215 4.42029 1
      vertex 0.563999 4.46452 1
    endloop
  endfacet
  facet normal -0.338742 -0.940879 0
    outer loop
      vertex -1.65656 -4.18399 20
      vertex -1.39058 -4.27975 17.4365
      vertex -1.39058 -4.27975 20
    endloop
  endfacet
  facet normal -0.338726 -0.940885 1.86889e-06
    outer loop
      vertex -1.65656 -4.18399 20
      vertex -1.45794 -4.2555 17.3691
      vertex -1.39058 -4.27975 17.4365
    endloop
  endfacet
  facet normal -0.3387 -0.940895 4.1298e-06
    outer loop
      vertex -1.65656 -4.18399 20
      vertex -1.54103 -4.22559 17.2748
      vertex -1.45794 -4.2555 17.3691
    endloop
  endfacet
  facet normal -0.338825 -0.940849 -1.89997e-06
    outer loop
      vertex -1.65656 -4.18399 20
      vertex -1.61803 -4.19786 17.1756
      vertex -1.54103 -4.22559 17.2748
    endloop
  endfacet
  facet normal -0.338702 -0.940894 0
    outer loop
      vertex -1.61803 -4.19786 17.1756
      vertex -1.65656 -4.18399 20
      vertex -1.65656 -4.18399 17.1189
    endloop
  endfacet
  facet normal -0.338702 -0.940894 0
    outer loop
      vertex -1.65656 -4.18399 1
      vertex -1.61803 -4.19786 14.8244
      vertex -1.65656 -4.18399 14.8811
    endloop
  endfacet
  facet normal -0.338827 -0.940849 3.93583e-07
    outer loop
      vertex -1.65656 -4.18399 1
      vertex -1.54103 -4.22559 14.7252
      vertex -1.61803 -4.19786 14.8244
    endloop
  endfacet
  facet normal -0.338696 -0.940896 -8.5131e-07
    outer loop
      vertex -1.65656 -4.18399 1
      vertex -1.45794 -4.2555 14.6309
      vertex -1.54103 -4.22559 14.7252
    endloop
  endfacet
  facet normal -0.338725 -0.940886 -3.82388e-07
    outer loop
      vertex -1.65656 -4.18399 1
      vertex -1.39058 -4.27975 14.5635
      vertex -1.45794 -4.2555 14.6309
    endloop
  endfacet
  facet normal -0.338742 -0.940879 -0
    outer loop
      vertex -1.39058 -4.27975 14.5635
      vertex -1.65656 -4.18399 1
      vertex -1.39058 -4.27975 1
    endloop
  endfacet
  facet normal 0.397136 0.91776 -0
    outer loop
      vertex 1.91601 4.07172 1
      vertex 1.65656 4.18399 20
      vertex 1.91601 4.07172 20
    endloop
  endfacet
  facet normal 0.397136 0.91776 0
    outer loop
      vertex 1.65656 4.18399 20
      vertex 1.91601 4.07172 1
      vertex 1.65656 4.18399 1
    endloop
  endfacet
  facet normal 0.509055 0.860734 -0
    outer loop
      vertex 2.41122 3.79947 1
      vertex 2.16789 3.94338 20
      vertex 2.41122 3.79947 20
    endloop
  endfacet
  facet normal 0.509055 0.860734 0
    outer loop
      vertex 2.16789 3.94338 20
      vertex 2.41122 3.79947 1
      vertex 2.16789 3.94338 1
    endloop
  endfacet
  facet normal 0.960296 -0.278984 0
    outer loop
      vertex 4.27975 -1.39058 20
      vertex 4.35862 -1.1191 1
      vertex 4.35862 -1.1191 20
    endloop
  endfacet
  facet normal 0.960296 -0.278984 0
    outer loop
      vertex 4.35862 -1.1191 1
      vertex 4.27975 -1.39058 20
      vertex 4.27975 -1.39058 1
    endloop
  endfacet
  facet normal -0.750106 0.661317 0
    outer loop
      vertex -3.46731 2.86841 1
      vertex -3.28036 3.08046 20
      vertex -3.28036 3.08046 1
    endloop
  endfacet
  facet normal -0.750106 0.661317 0
    outer loop
      vertex -3.28036 3.08046 20
      vertex -3.46731 2.86841 1
      vertex -3.46731 2.86841 20
    endloop
  endfacet
  facet normal -0.750106 -0.661317 0
    outer loop
      vertex -3.28036 -3.08046 1
      vertex -3.46731 -2.86841 20
      vertex -3.46731 -2.86841 1
    endloop
  endfacet
  facet normal -0.750106 -0.661317 0
    outer loop
      vertex -3.46731 -2.86841 20
      vertex -3.28036 -3.08046 1
      vertex -3.28036 -3.08046 20
    endloop
  endfacet
  facet normal 0.0314383 -0.999506 0
    outer loop
      vertex 0.125581 -4.49605 17.9961
      vertex 0 -4.5 20
      vertex 0 -4.5 18
    endloop
  endfacet
  facet normal 0.0314118 -0.999507 -1.66086e-06
    outer loop
      vertex 0 -4.5 20
      vertex 0.125581 -4.49605 17.9961
      vertex 0.282557 -4.49112 20
    endloop
  endfacet
  facet normal 0.031403 -0.999507 -9.76171e-07
    outer loop
      vertex 0.250666 -4.49212 17.9842
      vertex 0.282557 -4.49112 20
      vertex 0.125581 -4.49605 17.9961
    endloop
  endfacet
  facet normal 0.0313414 -0.999509 0
    outer loop
      vertex 0.282557 -4.49112 20
      vertex 0.250666 -4.49212 17.9842
      vertex 0.282557 -4.49112 17.9792
    endloop
  endfacet
  facet normal 0.0314118 -0.999507 0
    outer loop
      vertex 0.282557 -4.49112 1
      vertex 0 -4.5 14
      vertex 0 -4.5 1
    endloop
  endfacet
  facet normal 0.0314382 -0.999506 5.75645e-07
    outer loop
      vertex 0 -4.5 14
      vertex 0.282557 -4.49112 1
      vertex 0.125581 -4.49605 14.0039
    endloop
  endfacet
  facet normal 0.0314031 -0.999507 1.51375e-07
    outer loop
      vertex 0.125581 -4.49605 14.0039
      vertex 0.282557 -4.49112 1
      vertex 0.250666 -4.49212 14.0158
    endloop
  endfacet
  facet normal 0.0313414 -0.999509 0
    outer loop
      vertex 0.250666 -4.49212 14.0158
      vertex 0.282557 -4.49112 1
      vertex 0.282557 -4.49112 14.0208
    endloop
  endfacet
  facet normal -0.0940939 0.995563 0
    outer loop
      vertex -0.282557 4.49112 1
      vertex -0.563999 4.46452 20
      vertex -0.282557 4.49112 20
    endloop
  endfacet
  facet normal -0.0940939 0.995563 0
    outer loop
      vertex -0.563999 4.46452 20
      vertex -0.282557 4.49112 1
      vertex -0.563999 4.46452 1
    endloop
  endfacet
  facet normal -0.891005 -0.453993 0
    outer loop
      vertex -3.94338 -2.16789 1
      vertex -4.07172 -1.91601 20
      vertex -4.07172 -1.91601 1
    endloop
  endfacet
  facet normal -0.891005 -0.453993 0
    outer loop
      vertex -4.07172 -1.91601 20
      vertex -3.94338 -2.16789 1
      vertex -3.94338 -2.16789 20
    endloop
  endfacet
  facet normal -0.156457 -0.987685 0
    outer loop
      vertex -0.843215 -4.42029 20
      vertex -0.563999 -4.46452 17.9178
      vertex -0.563999 -4.46452 20
    endloop
  endfacet
  facet normal -0.156467 -0.987683 -1.39534e-06
    outer loop
      vertex -0.843215 -4.42029 20
      vertex -0.618033 -4.45596 17.9021
      vertex -0.563999 -4.46452 17.9178
    endloop
  endfacet
  facet normal -0.156486 -0.98768 -3.4286e-06
    outer loop
      vertex -0.843215 -4.42029 20
      vertex -0.736249 -4.43723 17.8596
      vertex -0.618033 -4.45596 17.9021
    endloop
  endfacet
  facet normal -0.156419 -0.987691 0
    outer loop
      vertex -0.736249 -4.43723 17.8596
      vertex -0.843215 -4.42029 20
      vertex -0.843215 -4.42029 17.8133
    endloop
  endfacet
  facet normal -0.156419 -0.987691 0
    outer loop
      vertex -0.843215 -4.42029 1
      vertex -0.736249 -4.43723 14.1404
      vertex -0.843215 -4.42029 14.1867
    endloop
  endfacet
  facet normal -0.156487 -0.98768 5.6685e-07
    outer loop
      vertex -0.843215 -4.42029 1
      vertex -0.618033 -4.45596 14.0979
      vertex -0.736249 -4.43723 14.1404
    endloop
  endfacet
  facet normal -0.156467 -0.987683 2.29317e-07
    outer loop
      vertex -0.843215 -4.42029 1
      vertex -0.563999 -4.46452 14.0822
      vertex -0.618033 -4.45596 14.0979
    endloop
  endfacet
  facet normal -0.156457 -0.987685 -0
    outer loop
      vertex -0.563999 -4.46452 14.0822
      vertex -0.843215 -4.42029 1
      vertex -0.563999 -4.46452 1
    endloop
  endfacet
  facet normal 0.278984 0.960296 -0
    outer loop
      vertex 1.39058 4.27975 1
      vertex 1.1191 4.35862 20
      vertex 1.39058 4.27975 20
    endloop
  endfacet
  facet normal 0.278984 0.960296 0
    outer loop
      vertex 1.1191 4.35862 20
      vertex 1.39058 4.27975 1
      vertex 1.1191 4.35862 1
    endloop
  endfacet
  facet normal 0.750106 -0.661317 0
    outer loop
      vertex 3.28036 -3.08046 20
      vertex 3.46731 -2.86841 1
      vertex 3.46731 -2.86841 20
    endloop
  endfacet
  facet normal 0.750106 -0.661317 0
    outer loop
      vertex 3.46731 -2.86841 1
      vertex 3.28036 -3.08046 20
      vertex 3.28036 -3.08046 1
    endloop
  endfacet
  facet normal 0.827092 -0.562066 0
    outer loop
      vertex 3.64058 -2.64503 20
      vertex 3.79947 -2.41122 1
      vertex 3.79947 -2.41122 20
    endloop
  endfacet
  facet normal 0.827092 -0.562066 0
    outer loop
      vertex 3.79947 -2.41122 1
      vertex 3.64058 -2.64503 20
      vertex 3.64058 -2.64503 1
    endloop
  endfacet
  facet normal 0 0 1
    outer loop
      vertex 4.5 0 20
      vertex 4.46452 -0.563999 20
      vertex 4.49112 -0.282557 20
    endloop
  endfacet
  facet normal 0 0 1
    outer loop
      vertex 0 -4 20
      vertex 4.46452 -0.563999 20
      vertex 4.5 0 20
    endloop
  endfacet
  facet normal 0 0 1
    outer loop
      vertex 4.46452 -0.563999 20
      vertex 0 -4 20
      vertex 4.42029 -0.843215 20
    endloop
  endfacet
  facet normal 0 0 1
    outer loop
      vertex 4.42029 -0.843215 20
      vertex 0 -4 20
      vertex 4.35862 -1.1191 20
    endloop
  endfacet
  facet normal 0 0 1
    outer loop
      vertex 4.35862 -1.1191 20
      vertex 0 -4 20
      vertex 4.27975 -1.39058 20
    endloop
  endfacet
  facet normal 0 0 1
    outer loop
      vertex 4.27975 -1.39058 20
      vertex 0 -4 20
      vertex 4.18399 -1.65656 20
    endloop
  endfacet
  facet normal 0 0 1
    outer loop
      vertex 4.18399 -1.65656 20
      vertex 0 -4 20
      vertex 4.07172 -1.91601 20
    endloop
  endfacet
  facet normal 0 0 1
    outer loop
      vertex 4.07172 -1.91601 20
      vertex 0 -4 20
      vertex 3.94338 -2.16789 20
    endloop
  endfacet
  facet normal 0 0 1
    outer loop
      vertex 3.94338 -2.16789 20
      vertex 0 -4 20
      vertex 3.79947 -2.41122 20
    endloop
  endfacet
  facet normal 0 0 1
    outer loop
      vertex 3.79947 -2.41122 20
      vertex 0 -4 20
      vertex 3.64058 -2.64503 20
    endloop
  endfacet
  facet normal 0 0 1
    outer loop
      vertex 3.64058 -2.64503 20
      vertex 0 -4 20
      vertex 3.46731 -2.86841 20
    endloop
  endfacet
  facet normal 0 0 1
    outer loop
      vertex 3.46731 -2.86841 20
      vertex 0 -4 20
      vertex 3.28036 -3.08046 20
    endloop
  endfacet
  facet normal 0 0 1
    outer loop
      vertex 3.28036 -3.08046 20
      vertex 0 -4 20
      vertex 3.08046 -3.28036 20
    endloop
  endfacet
  facet normal 0 0 1
    outer loop
      vertex 3.08046 -3.28036 20
      vertex 0 -4 20
      vertex 2.86841 -3.46731 20
    endloop
  endfacet
  facet normal 0 0 1
    outer loop
      vertex 2.86841 -3.46731 20
      vertex 0 -4 20
      vertex 2.64503 -3.64058 20
    endloop
  endfacet
  facet normal 0 0 1
    outer loop
      vertex 2.64503 -3.64058 20
      vertex 0 -4 20
      vertex 2.41122 -3.79947 20
    endloop
  endfacet
  facet normal 0 0 1
    outer loop
      vertex 2.41122 -3.79947 20
      vertex 0 -4 20
      vertex 2.16789 -3.94338 20
    endloop
  endfacet
  facet normal 0 0 1
    outer loop
      vertex 2.16789 -3.94338 20
      vertex 0 -4 20
      vertex 1.91601 -4.07172 20
    endloop
  endfacet
  facet normal 0 0 1
    outer loop
      vertex 1.91601 -4.07172 20
      vertex 0 -4 20
      vertex 1.65656 -4.18399 20
    endloop
  endfacet
  facet normal 0 0 1
    outer loop
      vertex 1.65656 -4.18399 20
      vertex 0 -4 20
      vertex 1.39058 -4.27975 20
    endloop
  endfacet
  facet normal 0 0 1
    outer loop
      vertex 1.39058 -4.27975 20
      vertex 0 -4 20
      vertex 1.1191 -4.35862 20
    endloop
  endfacet
  facet normal 0 0 1
    outer loop
      vertex 1.1191 -4.35862 20
      vertex 0 -4 20
      vertex 0.843215 -4.42029 20
    endloop
  endfacet
  facet normal 0 0 1
    outer loop
      vertex 0.843215 -4.42029 20
      vertex 0 -4 20
      vertex 0.563999 -4.46452 20
    endloop
  endfacet
  facet normal 0 0 1
    outer loop
      vertex 0.563999 -4.46452 20
      vertex 0 -4 20
      vertex 0.282557 -4.49112 20
    endloop
  endfacet
  facet normal 0 0 1
    outer loop
      vertex 0 -4 20
      vertex 0 -4.5 20
      vertex 0.282557 -4.49112 20
    endloop
  endfacet
  facet normal 0 0 1
    outer loop
      vertex 0 -4 20
      vertex -0.282557 -4.49112 20
      vertex 0 -4.5 20
    endloop
  endfacet
  facet normal 0 0 1
    outer loop
      vertex 0 -4 20
      vertex -0.563999 -4.46452 20
      vertex -0.282557 -4.49112 20
    endloop
  endfacet
  facet normal 0 0 1
    outer loop
      vertex 0 -4 20
      vertex -0.843215 -4.42029 20
      vertex -0.563999 -4.46452 20
    endloop
  endfacet
  facet normal 0 0 1
    outer loop
      vertex 0 -4 20
      vertex -1.1191 -4.35862 20
      vertex -0.843215 -4.42029 20
    endloop
  endfacet
  facet normal 0 0 1
    outer loop
      vertex 0 -4 20
      vertex -1.39058 -4.27975 20
      vertex -1.1191 -4.35862 20
    endloop
  endfacet
  facet normal 0 0 1
    outer loop
      vertex 0 -4 20
      vertex -1.65656 -4.18399 20
      vertex -1.39058 -4.27975 20
    endloop
  endfacet
  facet normal 0 0 1
    outer loop
      vertex 0 -4 20
      vertex -1.91601 -4.07172 20
      vertex -1.65656 -4.18399 20
    endloop
  endfacet
  facet normal 0 0 1
    outer loop
      vertex 0 -4 20
      vertex -2.16789 -3.94338 20
      vertex -1.91601 -4.07172 20
    endloop
  endfacet
  facet normal 0 0 1
    outer loop
      vertex 0 -4 20
      vertex -2.41122 -3.79947 20
      vertex -2.16789 -3.94338 20
    endloop
  endfacet
  facet normal 0 0 1
    outer loop
      vertex 0 -4 20
      vertex -2.64503 -3.64058 20
      vertex -2.41122 -3.79947 20
    endloop
  endfacet
  facet normal 0 0 1
    outer loop
      vertex 0 -4 20
      vertex -2.86841 -3.46731 20
      vertex -2.64503 -3.64058 20
    endloop
  endfacet
  facet normal 0 0 1
    outer loop
      vertex 0 -4 20
      vertex -3.08046 -3.28036 20
      vertex -2.86841 -3.46731 20
    endloop
  endfacet
  facet normal 0 0 1
    outer loop
      vertex 0 -4 20
      vertex -3.28036 -3.08046 20
      vertex -3.08046 -3.28036 20
    endloop
  endfacet
  facet normal 0 0 1
    outer loop
      vertex 0 -4 20
      vertex -3.46731 -2.86841 20
      vertex -3.28036 -3.08046 20
    endloop
  endfacet
  facet normal 0 0 1
    outer loop
      vertex 0 -4 20
      vertex -3.64058 -2.64503 20
      vertex -3.46731 -2.86841 20
    endloop
  endfacet
  facet normal 0 0 1
    outer loop
      vertex 0 -4 20
      vertex -3.79947 -2.41122 20
      vertex -3.64058 -2.64503 20
    endloop
  endfacet
  facet normal 0 0 1
    outer loop
      vertex 0 -4 20
      vertex -3.94338 -2.16789 20
      vertex -3.79947 -2.41122 20
    endloop
  endfacet
  facet normal 0 0 1
    outer loop
      vertex 0 -4 20
      vertex -4.07172 -1.91601 20
      vertex -3.94338 -2.16789 20
    endloop
  endfacet
  facet normal 0 0 1
    outer loop
      vertex 0 -4 20
      vertex -4.18399 -1.65656 20
      vertex -4.07172 -1.91601 20
    endloop
  endfacet
  facet normal 0 0 1
    outer loop
      vertex 0 -4 20
      vertex -4.27975 -1.39058 20
      vertex -4.18399 -1.65656 20
    endloop
  endfacet
  facet normal 0 0 1
    outer loop
      vertex 0 -4 20
      vertex -4.35862 -1.1191 20
      vertex -4.27975 -1.39058 20
    endloop
  endfacet
  facet normal 0 0 1
    outer loop
      vertex 0 -4 20
      vertex -4.42029 -0.843215 20
      vertex -4.35862 -1.1191 20
    endloop
  endfacet
  facet normal 0 0 1
    outer loop
      vertex 0 -4 20
      vertex -4.46452 -0.563999 20
      vertex -4.42029 -0.843215 20
    endloop
  endfacet
  facet normal 0 0 1
    outer loop
      vertex 0 -4 20
      vertex -4.49112 -0.282557 20
      vertex -4.46452 -0.563999 20
    endloop
  endfacet
  facet normal -0 -0 1
    outer loop
      vertex -4.49112 -0.282557 20
      vertex 0 -4 20
      vertex -4.5 0 20
    endloop
  endfacet
  facet normal 0 0 1
    outer loop
      vertex 4.46452 0.563999 20
      vertex 4.5 0 20
      vertex 4.49112 0.282557 20
    endloop
  endfacet
  facet normal 0 0 1
    outer loop
      vertex 4.42029 0.843215 20
      vertex 4.5 0 20
      vertex 4.46452 0.563999 20
    endloop
  endfacet
  facet normal 0 0 1
    outer loop
      vertex 4.35862 1.1191 20
      vertex 4.5 0 20
      vertex 4.42029 0.843215 20
    endloop
  endfacet
  facet normal 0 0 1
    outer loop
      vertex 4.27975 1.39058 20
      vertex 4.5 0 20
      vertex 4.35862 1.1191 20
    endloop
  endfacet
  facet normal 0 0 1
    outer loop
      vertex 4.18399 1.65656 20
      vertex 4.5 0 20
      vertex 4.27975 1.39058 20
    endloop
  endfacet
  facet normal 0 0 1
    outer loop
      vertex 4.07172 1.91601 20
      vertex 4.5 0 20
      vertex 4.18399 1.65656 20
    endloop
  endfacet
  facet normal 0 0 1
    outer loop
      vertex 3.94338 2.16789 20
      vertex 4.5 0 20
      vertex 4.07172 1.91601 20
    endloop
  endfacet
  facet normal 0 0 1
    outer loop
      vertex 3.79947 2.41122 20
      vertex 4.5 0 20
      vertex 3.94338 2.16789 20
    endloop
  endfacet
  facet normal 0 0 1
    outer loop
      vertex 3.64058 2.64503 20
      vertex 4.5 0 20
      vertex 3.79947 2.41122 20
    endloop
  endfacet
  facet normal 0 0 1
    outer loop
      vertex 3.46731 2.86841 20
      vertex 4.5 0 20
      vertex 3.64058 2.64503 20
    endloop
  endfacet
  facet normal 0 0 1
    outer loop
      vertex 3.28036 3.08046 20
      vertex 4.5 0 20
      vertex 3.46731 2.86841 20
    endloop
  endfacet
  facet normal 0 0 1
    outer loop
      vertex 3.08046 3.28036 20
      vertex 4.5 0 20
      vertex 3.28036 3.08046 20
    endloop
  endfacet
  facet normal 0 0 1
    outer loop
      vertex 2.86841 3.46731 20
      vertex 4.5 0 20
      vertex 3.08046 3.28036 20
    endloop
  endfacet
  facet normal 0 0 1
    outer loop
      vertex 2.64503 3.64058 20
      vertex 4.5 0 20
      vertex 2.86841 3.46731 20
    endloop
  endfacet
  facet normal 0 0 1
    outer loop
      vertex 2.41122 3.79947 20
      vertex 4.5 0 20
      vertex 2.64503 3.64058 20
    endloop
  endfacet
  facet normal 0 0 1
    outer loop
      vertex 2.16789 3.94338 20
      vertex 4.5 0 20
      vertex 2.41122 3.79947 20
    endloop
  endfacet
  facet normal 0 0 1
    outer loop
      vertex 1.91601 4.07172 20
      vertex 4.5 0 20
      vertex 2.16789 3.94338 20
    endloop
  endfacet
  facet normal 0 0 1
    outer loop
      vertex 1.65656 4.18399 20
      vertex 4.5 0 20
      vertex 1.91601 4.07172 20
    endloop
  endfacet
  facet normal 0 0 1
    outer loop
      vertex 1.39058 4.27975 20
      vertex 4.5 0 20
      vertex 1.65656 4.18399 20
    endloop
  endfacet
  facet normal 0 0 1
    outer loop
      vertex 1.1191 4.35862 20
      vertex 4.5 0 20
      vertex 1.39058 4.27975 20
    endloop
  endfacet
  facet normal 0 0 1
    outer loop
      vertex 0.843215 4.42029 20
      vertex 4.5 0 20
      vertex 1.1191 4.35862 20
    endloop
  endfacet
  facet normal 0 0 1
    outer loop
      vertex 0.563999 4.46452 20
      vertex 4.5 0 20
      vertex 0.843215 4.42029 20
    endloop
  endfacet
  facet normal 0 0 1
    outer loop
      vertex 0.282557 4.49112 20
      vertex 4.5 0 20
      vertex 0.563999 4.46452 20
    endloop
  endfacet
  facet normal 0 0 1
    outer loop
      vertex 0 4.5 20
      vertex 4.5 0 20
      vertex 0.282557 4.49112 20
    endloop
  endfacet
  facet normal -0 0 1
    outer loop
      vertex -0.282557 4.49112 20
      vertex 4.5 0 20
      vertex 0 4.5 20
    endloop
  endfacet
  facet normal -0 0 1
    outer loop
      vertex -0.563999 4.46452 20
      vertex 4.5 0 20
      vertex -0.282557 4.49112 20
    endloop
  endfacet
  facet normal -0 0 1
    outer loop
      vertex -0.843215 4.42029 20
      vertex 4.5 0 20
      vertex -0.563999 4.46452 20
    endloop
  endfacet
  facet normal -0 0 1
    outer loop
      vertex -1.1191 4.35862 20
      vertex 4.5 0 20
      vertex -0.843215 4.42029 20
    endloop
  endfacet
  facet normal -0 0 1
    outer loop
      vertex -1.39058 4.27975 20
      vertex 4.5 0 20
      vertex -1.1191 4.35862 20
    endloop
  endfacet
  facet normal -0 0 1
    outer loop
      vertex -1.65656 4.18399 20
      vertex 4.5 0 20
      vertex -1.39058 4.27975 20
    endloop
  endfacet
  facet normal -0 0 1
    outer loop
      vertex -1.91601 4.07172 20
      vertex 4.5 0 20
      vertex -1.65656 4.18399 20
    endloop
  endfacet
  facet normal -0 0 1
    outer loop
      vertex -2.16789 3.94338 20
      vertex 4.5 0 20
      vertex -1.91601 4.07172 20
    endloop
  endfacet
  facet normal -0 0 1
    outer loop
      vertex -2.41122 3.79947 20
      vertex 4.5 0 20
      vertex -2.16789 3.94338 20
    endloop
  endfacet
  facet normal -0 0 1
    outer loop
      vertex -2.64503 3.64058 20
      vertex 4.5 0 20
      vertex -2.41122 3.79947 20
    endloop
  endfacet
  facet normal -0 0 1
    outer loop
      vertex -2.86841 3.46731 20
      vertex 4.5 0 20
      vertex -2.64503 3.64058 20
    endloop
  endfacet
  facet normal -0 0 1
    outer loop
      vertex -3.08046 3.28036 20
      vertex 4.5 0 20
      vertex -2.86841 3.46731 20
    endloop
  endfacet
  facet normal -0 0 1
    outer loop
      vertex -3.28036 3.08046 20
      vertex 4.5 0 20
      vertex -3.08046 3.28036 20
    endloop
  endfacet
  facet normal -0 0 1
    outer loop
      vertex -3.46731 2.86841 20
      vertex 4.5 0 20
      vertex -3.28036 3.08046 20
    endloop
  endfacet
  facet normal -0 0 1
    outer loop
      vertex -3.64058 2.64503 20
      vertex 4.5 0 20
      vertex -3.46731 2.86841 20
    endloop
  endfacet
  facet normal -0 0 1
    outer loop
      vertex -3.79947 2.41122 20
      vertex 4.5 0 20
      vertex -3.64058 2.64503 20
    endloop
  endfacet
  facet normal -0 0 1
    outer loop
      vertex -3.94338 2.16789 20
      vertex 4.5 0 20
      vertex -3.79947 2.41122 20
    endloop
  endfacet
  facet normal -0 0 1
    outer loop
      vertex -4.07172 1.91601 20
      vertex 4.5 0 20
      vertex -3.94338 2.16789 20
    endloop
  endfacet
  facet normal -0 0 1
    outer loop
      vertex -4.18399 1.65656 20
      vertex 4.5 0 20
      vertex -4.07172 1.91601 20
    endloop
  endfacet
  facet normal -0 0 1
    outer loop
      vertex -4.27975 1.39058 20
      vertex 4.5 0 20
      vertex -4.18399 1.65656 20
    endloop
  endfacet
  facet normal -0 0 1
    outer loop
      vertex -4.35862 1.1191 20
      vertex 4.5 0 20
      vertex -4.27975 1.39058 20
    endloop
  endfacet
  facet normal -0 0 1
    outer loop
      vertex -4.42029 0.843215 20
      vertex 4.5 0 20
      vertex -4.35862 1.1191 20
    endloop
  endfacet
  facet normal -0 0 1
    outer loop
      vertex -4.46452 0.563999 20
      vertex 4.5 0 20
      vertex -4.42029 0.843215 20
    endloop
  endfacet
  facet normal -0 0 1
    outer loop
      vertex -4.49112 0.282557 20
      vertex 4.5 0 20
      vertex -4.46452 0.563999 20
    endloop
  endfacet
  facet normal 0 0 1
    outer loop
      vertex 4.5 0 20
      vertex -4.49112 0.282557 20
      vertex -4.5 0 20
    endloop
  endfacet
  facet normal -0.156457 0.987685 0
    outer loop
      vertex -0.563999 4.46452 1
      vertex -0.843215 4.42029 20
      vertex -0.563999 4.46452 20
    endloop
  endfacet
  facet normal -0.156457 0.987685 0
    outer loop
      vertex -0.843215 4.42029 20
      vertex -0.563999 4.46452 1
      vertex -0.843215 4.42029 1
    endloop
  endfacet
  facet normal 0.891005 -0.453993 0
    outer loop
      vertex 3.94338 -2.16789 20
      vertex 4.07172 -1.91601 1
      vertex 4.07172 -1.91601 20
    endloop
  endfacet
  facet normal 0.891005 -0.453993 0
    outer loop
      vertex 4.07172 -1.91601 1
      vertex 3.94338 -2.16789 20
      vertex 3.94338 -2.16789 1
    endloop
  endfacet
  facet normal 0.999507 -0.0314118 0
    outer loop
      vertex 4.49112 -0.282557 20
      vertex 4.5 0 1
      vertex 4.5 0 20
    endloop
  endfacet
  facet normal 0.999507 -0.0314118 0
    outer loop
      vertex 4.5 0 1
      vertex 4.49112 -0.282557 20
      vertex 4.49112 -0.282557 1
    endloop
  endfacet
  facet normal 0.960296 0.278984 0
    outer loop
      vertex 4.35862 1.1191 20
      vertex 4.27975 1.39058 1
      vertex 4.27975 1.39058 20
    endloop
  endfacet
  facet normal 0.960296 0.278984 0
    outer loop
      vertex 4.27975 1.39058 1
      vertex 4.35862 1.1191 20
      vertex 4.35862 1.1191 1
    endloop
  endfacet
  facet normal 0.707107 0.707107 0
    outer loop
      vertex 3.28036 3.08046 20
      vertex 3.08046 3.28036 1
      vertex 3.08046 3.28036 20
    endloop
  endfacet
  facet normal 0.707107 0.707107 0
    outer loop
      vertex 3.08046 3.28036 1
      vertex 3.28036 3.08046 20
      vertex 3.28036 3.08046 1
    endloop
  endfacet
  facet normal 0.661317 0.750106 -0
    outer loop
      vertex 3.08046 3.28036 1
      vertex 2.86841 3.46731 20
      vertex 3.08046 3.28036 20
    endloop
  endfacet
  facet normal 0.661317 0.750106 0
    outer loop
      vertex 2.86841 3.46731 20
      vertex 3.08046 3.28036 1
      vertex 2.86841 3.46731 1
    endloop
  endfacet
  facet normal -0.707107 -0.707107 0
    outer loop
      vertex -3.08046 -3.28036 1
      vertex -3.28036 -3.08046 20
      vertex -3.28036 -3.08046 1
    endloop
  endfacet
  facet normal -0.707107 -0.707107 0
    outer loop
      vertex -3.28036 -3.08046 20
      vertex -3.08046 -3.28036 1
      vertex -3.08046 -3.28036 20
    endloop
  endfacet
  facet normal 0.453993 0.891005 -0
    outer loop
      vertex 2.16789 3.94338 1
      vertex 1.91601 4.07172 20
      vertex 2.16789 3.94338 20
    endloop
  endfacet
  facet normal 0.453993 0.891005 0
    outer loop
      vertex 1.91601 4.07172 20
      vertex 2.16789 3.94338 1
      vertex 1.91601 4.07172 1
    endloop
  endfacet
  facet normal -0.562066 0.827092 0
    outer loop
      vertex -2.41122 3.79947 1
      vertex -2.64503 3.64058 20
      vertex -2.41122 3.79947 20
    endloop
  endfacet
  facet normal -0.562066 0.827092 0
    outer loop
      vertex -2.64503 3.64058 20
      vertex -2.41122 3.79947 1
      vertex -2.64503 3.64058 1
    endloop
  endfacet
  facet normal -0.827092 0.562066 0
    outer loop
      vertex -3.79947 2.41122 1
      vertex -3.64058 2.64503 20
      vertex -3.64058 2.64503 1
    endloop
  endfacet
  facet normal -0.827092 0.562066 0
    outer loop
      vertex -3.64058 2.64503 20
      vertex -3.79947 2.41122 1
      vertex -3.79947 2.41122 20
    endloop
  endfacet
  facet normal 0.790157 -0.612904 0
    outer loop
      vertex 3.46731 -2.86841 20
      vertex 3.64058 -2.64503 1
      vertex 3.64058 -2.64503 20
    endloop
  endfacet
  facet normal 0.790157 -0.612904 0
    outer loop
      vertex 3.64058 -2.64503 1
      vertex 3.46731 -2.86841 20
      vertex 3.46731 -2.86841 1
    endloop
  endfacet
  facet normal -0.999507 0.0314118 0
    outer loop
      vertex -4.5 0 1
      vertex -4.49112 0.282557 20
      vertex -4.49112 0.282557 1
    endloop
  endfacet
  facet normal -0.999507 0.0314118 0
    outer loop
      vertex -4.49112 0.282557 20
      vertex -4.5 0 1
      vertex -4.5 0 20
    endloop
  endfacet
  facet normal -0.397136 -0.91776 0
    outer loop
      vertex -1.91601 -4.07172 20
      vertex -1.65656 -4.18399 17.1189
      vertex -1.65656 -4.18399 20
    endloop
  endfacet
  facet normal -0.397219 -0.917724 -8.90722e-06
    outer loop
      vertex -1.91601 -4.07172 20
      vertex -1.68865 -4.1701 17.0717
      vertex -1.65656 -4.18399 17.1189
    endloop
  endfacet
  facet normal -0.39706 -0.917793 5.77631e-06
    outer loop
      vertex -1.91601 -4.07172 20
      vertex -1.75261 -4.14243 16.9635
      vertex -1.68865 -4.1701 17.0717
    endloop
  endfacet
  facet normal -0.397229 -0.91772 -5.02074e-06
    outer loop
      vertex -1.91601 -4.07172 20
      vertex -1.80965 -4.11774 16.8516
      vertex -1.75261 -4.14243 16.9635
    endloop
  endfacet
  facet normal -0.397092 -0.917779 4.63823e-07
    outer loop
      vertex -1.91601 -4.07172 20
      vertex -1.85955 -4.09615 16.7362
      vertex -1.80965 -4.11774 16.8516
    endloop
  endfacet
  facet normal -0.397192 -0.917735 -1.59112e-06
    outer loop
      vertex -1.91601 -4.07172 20
      vertex -1.90211 -4.07773 16.618
      vertex -1.85955 -4.09615 16.7362
    endloop
  endfacet
  facet normal -0.396866 -0.917877 0
    outer loop
      vertex -1.90211 -4.07773 16.618
      vertex -1.91601 -4.07172 20
      vertex -1.91601 -4.07172 16.5702
    endloop
  endfacet
  facet normal -0.396866 -0.917877 0
    outer loop
      vertex -1.91601 -4.07172 1
      vertex -1.90211 -4.07773 15.382
      vertex -1.91601 -4.07172 15.4298
    endloop
  endfacet
  facet normal -0.397195 -0.917734 3.77417e-07
    outer loop
      vertex -1.91601 -4.07172 1
      vertex -1.85955 -4.09615 15.2638
      vertex -1.90211 -4.07773 15.382
    endloop
  endfacet
  facet normal -0.397091 -0.917779 -1.09375e-07
    outer loop
      vertex -1.91601 -4.07172 1
      vertex -1.80965 -4.11774 15.1484
      vertex -1.85955 -4.09615 15.2638
    endloop
  endfacet
  facet normal -0.397235 -0.917717 1.17398e-06
    outer loop
      vertex -1.91601 -4.07172 1
      vertex -1.75261 -4.14243 15.0365
      vertex -1.80965 -4.11774 15.1484
    endloop
  endfacet
  facet normal -0.397054 -0.917795 -1.33701e-06
    outer loop
      vertex -1.91601 -4.07172 1
      vertex -1.68865 -4.1701 14.9283
      vertex -1.75261 -4.14243 15.0365
    endloop
  endfacet
  facet normal -0.397228 -0.91772 2.03759e-06
    outer loop
      vertex -1.91601 -4.07172 1
      vertex -1.65656 -4.18399 14.8811
      vertex -1.68865 -4.1701 14.9283
    endloop
  endfacet
  facet normal -0.397136 -0.91776 -0
    outer loop
      vertex -1.65656 -4.18399 14.8811
      vertex -1.91601 -4.07172 1
      vertex -1.65656 -4.18399 1
    endloop
  endfacet
  facet normal 0.860734 0.509055 0
    outer loop
      vertex 3.94338 2.16789 20
      vertex 3.79947 2.41122 1
      vertex 3.79947 2.41122 20
    endloop
  endfacet
  facet normal 0.860734 0.509055 0
    outer loop
      vertex 3.79947 2.41122 1
      vertex 3.94338 2.16789 20
      vertex 3.94338 2.16789 1
    endloop
  endfacet
  facet normal -0.975915 0.218151 0
    outer loop
      vertex -4.42029 0.843215 1
      vertex -4.35862 1.1191 20
      vertex -4.35862 1.1191 1
    endloop
  endfacet
  facet normal -0.975915 0.218151 0
    outer loop
      vertex -4.35862 1.1191 20
      vertex -4.42029 0.843215 1
      vertex -4.42029 0.843215 20
    endloop
  endfacet
  facet normal -0.995563 -0.0940939 0
    outer loop
      vertex -4.46452 -0.563999 1
      vertex -4.49112 -0.282557 20
      vertex -4.49112 -0.282557 1
    endloop
  endfacet
  facet normal -0.995563 -0.0940939 0
    outer loop
      vertex -4.49112 -0.282557 20
      vertex -4.46452 -0.563999 1
      vertex -4.46452 -0.563999 20
    endloop
  endfacet
  facet normal -0.218151 -0.975915 0
    outer loop
      vertex -1.1191 -4.35862 20
      vertex -0.843215 -4.42029 17.8133
      vertex -0.843215 -4.42029 20
    endloop
  endfacet
  facet normal -0.217628 -0.976032 6.93437e-05
    outer loop
      vertex -1.1191 -4.35862 20
      vertex -0.851558 -4.41843 17.8097
      vertex -0.843215 -4.42029 17.8133
    endloop
  endfacet
  facet normal -0.218195 -0.975905 -3.39654e-06
    outer loop
      vertex -1.1191 -4.35862 20
      vertex -0.963507 -4.3934 17.7526
      vertex -0.851558 -4.41843 17.8097
    endloop
  endfacet
  facet normal -0.21812 -0.975922 2.04738e-06
    outer loop
      vertex -1.1191 -4.35862 20
      vertex -1.07165 -4.36923 17.6887
      vertex -0.963507 -4.3934 17.7526
    endloop
  endfacet
  facet normal -0.218215 -0.975901 0
    outer loop
      vertex -1.07165 -4.36923 17.6887
      vertex -1.1191 -4.35862 20
      vertex -1.1191 -4.35862 17.6564
    endloop
  endfacet
  facet normal -0.218215 -0.975901 0
    outer loop
      vertex -1.1191 -4.35862 1
      vertex -1.07165 -4.36923 14.3113
      vertex -1.1191 -4.35862 14.3436
    endloop
  endfacet
  facet normal -0.218119 -0.975922 -3.59051e-07
    outer loop
      vertex -1.1191 -4.35862 1
      vertex -0.963507 -4.3934 14.2474
      vertex -1.07165 -4.36923 14.3113
    endloop
  endfacet
  facet normal -0.218196 -0.975905 5.93013e-07
    outer loop
      vertex -1.1191 -4.35862 1
      vertex -0.851558 -4.41843 14.1903
      vertex -0.963507 -4.3934 14.2474
    endloop
  endfacet
  facet normal -0.217604 -0.976037 -1.20166e-05
    outer loop
      vertex -1.1191 -4.35862 1
      vertex -0.843215 -4.42029 14.1867
      vertex -0.851558 -4.41843 14.1903
    endloop
  endfacet
  facet normal -0.218151 -0.975915 -0
    outer loop
      vertex -0.843215 -4.42029 14.1867
      vertex -1.1191 -4.35862 1
      vertex -0.843215 -4.42029 1
    endloop
  endfacet
  facet normal -0.987685 -0.156457 0
    outer loop
      vertex -4.42029 -0.843215 1
      vertex -4.46452 -0.563999 20
      vertex -4.46452 -0.563999 1
    endloop
  endfacet
  facet normal -0.987685 -0.156457 0
    outer loop
      vertex -4.46452 -0.563999 20
      vertex -4.42029 -0.843215 1
      vertex -4.42029 -0.843215 20
    endloop
  endfacet
  facet normal 0.891005 0.453993 0
    outer loop
      vertex 4.07172 1.91601 20
      vertex 3.94338 2.16789 1
      vertex 3.94338 2.16789 20
    endloop
  endfacet
  facet normal 0.891005 0.453993 0
    outer loop
      vertex 3.94338 2.16789 1
      vertex 4.07172 1.91601 20
      vertex 4.07172 1.91601 1
    endloop
  endfacet
  facet normal -0.509055 0.860734 0
    outer loop
      vertex -2.16789 3.94338 1
      vertex -2.41122 3.79947 20
      vertex -2.16789 3.94338 20
    endloop
  endfacet
  facet normal -0.509055 0.860734 0
    outer loop
      vertex -2.41122 3.79947 20
      vertex -2.16789 3.94338 1
      vertex -2.41122 3.79947 1
    endloop
  endfacet
  facet normal 0.218151 -0.975915 0
    outer loop
      vertex 0.843215 -4.42029 17.8133
      vertex 1.1191 -4.35862 20
      vertex 0.843215 -4.42029 20
    endloop
  endfacet
  facet normal 0.217628 -0.976032 6.93437e-05
    outer loop
      vertex 0.851558 -4.41843 17.8097
      vertex 1.1191 -4.35862 20
      vertex 0.843215 -4.42029 17.8133
    endloop
  endfacet
  facet normal 0.218195 -0.975905 -3.39654e-06
    outer loop
      vertex 0.963507 -4.3934 17.7526
      vertex 1.1191 -4.35862 20
      vertex 0.851558 -4.41843 17.8097
    endloop
  endfacet
  facet normal 0.21812 -0.975922 2.04738e-06
    outer loop
      vertex 1.07165 -4.36923 17.6887
      vertex 1.1191 -4.35862 20
      vertex 0.963507 -4.3934 17.7526
    endloop
  endfacet
  facet normal 0.218215 -0.975901 0
    outer loop
      vertex 1.1191 -4.35862 20
      vertex 1.07165 -4.36923 17.6887
      vertex 1.1191 -4.35862 17.6564
    endloop
  endfacet
  facet normal 0.218151 -0.975915 0
    outer loop
      vertex 1.1191 -4.35862 1
      vertex 0.843215 -4.42029 14.1867
      vertex 0.843215 -4.42029 1
    endloop
  endfacet
  facet normal 0.217604 -0.976037 -1.20166e-05
    outer loop
      vertex 0.843215 -4.42029 14.1867
      vertex 1.1191 -4.35862 1
      vertex 0.851558 -4.41843 14.1903
    endloop
  endfacet
  facet normal 0.218196 -0.975905 5.93013e-07
    outer loop
      vertex 0.851558 -4.41843 14.1903
      vertex 1.1191 -4.35862 1
      vertex 0.963507 -4.3934 14.2474
    endloop
  endfacet
  facet normal 0.218119 -0.975922 -3.59051e-07
    outer loop
      vertex 0.963507 -4.3934 14.2474
      vertex 1.1191 -4.35862 1
      vertex 1.07165 -4.36923 14.3113
    endloop
  endfacet
  facet normal 0.218215 -0.975901 0
    outer loop
      vertex 1.07165 -4.36923 14.3113
      vertex 1.1191 -4.35862 1
      vertex 1.1191 -4.35862 14.3436
    endloop
  endfacet
  facet normal -0.987685 0.156457 0
    outer loop
      vertex -4.46452 0.563999 1
      vertex -4.42029 0.843215 20
      vertex -4.42029 0.843215 1
    endloop
  endfacet
  facet normal -0.987685 0.156457 0
    outer loop
      vertex -4.42029 0.843215 20
      vertex -4.46452 0.563999 1
      vertex -4.46452 0.563999 20
    endloop
  endfacet
  facet normal 0.509055 -0.860734 0
    outer loop
      vertex 2.16789 -3.94338 1
      vertex 2.41122 -3.79947 20
      vertex 2.16789 -3.94338 20
    endloop
  endfacet
  facet normal 0.509055 -0.860734 0
    outer loop
      vertex 2.41122 -3.79947 20
      vertex 2.16789 -3.94338 1
      vertex 2.41122 -3.79947 1
    endloop
  endfacet
  facet normal -0.960296 0.278984 0
    outer loop
      vertex -4.35862 1.1191 1
      vertex -4.27975 1.39058 20
      vertex -4.27975 1.39058 1
    endloop
  endfacet
  facet normal -0.960296 0.278984 0
    outer loop
      vertex -4.27975 1.39058 20
      vertex -4.35862 1.1191 1
      vertex -4.35862 1.1191 20
    endloop
  endfacet
  facet normal 0.156457 -0.987685 0
    outer loop
      vertex 0.563999 -4.46452 17.9178
      vertex 0.843215 -4.42029 20
      vertex 0.563999 -4.46452 20
    endloop
  endfacet
  facet normal 0.156467 -0.987683 -1.39534e-06
    outer loop
      vertex 0.618033 -4.45596 17.9021
      vertex 0.843215 -4.42029 20
      vertex 0.563999 -4.46452 17.9178
    endloop
  endfacet
  facet normal 0.156486 -0.98768 -3.4286e-06
    outer loop
      vertex 0.736249 -4.43723 17.8596
      vertex 0.843215 -4.42029 20
      vertex 0.618033 -4.45596 17.9021
    endloop
  endfacet
  facet normal 0.156419 -0.987691 0
    outer loop
      vertex 0.843215 -4.42029 20
      vertex 0.736249 -4.43723 17.8596
      vertex 0.843215 -4.42029 17.8133
    endloop
  endfacet
  facet normal 0.156457 -0.987685 0
    outer loop
      vertex 0.843215 -4.42029 1
      vertex 0.563999 -4.46452 14.0822
      vertex 0.563999 -4.46452 1
    endloop
  endfacet
  facet normal 0.156467 -0.987683 2.29317e-07
    outer loop
      vertex 0.563999 -4.46452 14.0822
      vertex 0.843215 -4.42029 1
      vertex 0.618033 -4.45596 14.0979
    endloop
  endfacet
  facet normal 0.156487 -0.98768 5.6685e-07
    outer loop
      vertex 0.618033 -4.45596 14.0979
      vertex 0.843215 -4.42029 1
      vertex 0.736249 -4.43723 14.1404
    endloop
  endfacet
  facet normal 0.156419 -0.987691 0
    outer loop
      vertex 0.736249 -4.43723 14.1404
      vertex 0.843215 -4.42029 1
      vertex 0.843215 -4.42029 14.1867
    endloop
  endfacet
  facet normal -0.397136 0.91776 0
    outer loop
      vertex -1.65656 4.18399 1
      vertex -1.91601 4.07172 20
      vertex -1.65656 4.18399 20
    endloop
  endfacet
  facet normal -0.397136 0.91776 0
    outer loop
      vertex -1.91601 4.07172 20
      vertex -1.65656 4.18399 1
      vertex -1.91601 4.07172 1
    endloop
  endfacet
  facet normal -0.975915 -0.218151 0
    outer loop
      vertex -4.35862 -1.1191 1
      vertex -4.42029 -0.843215 20
      vertex -4.42029 -0.843215 1
    endloop
  endfacet
  facet normal -0.975915 -0.218151 0
    outer loop
      vertex -4.42029 -0.843215 20
      vertex -4.35862 -1.1191 1
      vertex -4.35862 -1.1191 20
    endloop
  endfacet
  facet normal -0.661317 -0.750106 0
    outer loop
      vertex -3.08046 -3.28036 1
      vertex -2.86841 -3.46731 20
      vertex -3.08046 -3.28036 20
    endloop
  endfacet
  facet normal -0.661317 -0.750106 -0
    outer loop
      vertex -2.86841 -3.46731 20
      vertex -3.08046 -3.28036 1
      vertex -2.86841 -3.46731 1
    endloop
  endfacet
  facet normal -0.827092 -0.562066 0
    outer loop
      vertex -3.64058 -2.64503 1
      vertex -3.79947 -2.41122 20
      vertex -3.79947 -2.41122 1
    endloop
  endfacet
  facet normal -0.827092 -0.562066 0
    outer loop
      vertex -3.79947 -2.41122 20
      vertex -3.64058 -2.64503 1
      vertex -3.64058 -2.64503 20
    endloop
  endfacet
  facet normal 0.562066 -0.827092 0
    outer loop
      vertex 2.41122 -3.79947 1
      vertex 2.64503 -3.64058 20
      vertex 2.41122 -3.79947 20
    endloop
  endfacet
  facet normal 0.562066 -0.827092 0
    outer loop
      vertex 2.64503 -3.64058 20
      vertex 2.41122 -3.79947 1
      vertex 2.64503 -3.64058 1
    endloop
  endfacet
  facet normal -0.661317 0.750106 0
    outer loop
      vertex -2.86841 3.46731 1
      vertex -3.08046 3.28036 20
      vertex -2.86841 3.46731 20
    endloop
  endfacet
  facet normal -0.661317 0.750106 0
    outer loop
      vertex -3.08046 3.28036 20
      vertex -2.86841 3.46731 1
      vertex -3.08046 3.28036 1
    endloop
  endfacet
  facet normal 0.0940939 -0.995563 0
    outer loop
      vertex 0.282557 -4.49112 17.9792
      vertex 0.563999 -4.46452 20
      vertex 0.282557 -4.49112 20
    endloop
  endfacet
  facet normal 0.0941495 -0.995558 -7.81353e-06
    outer loop
      vertex 0.374763 -4.4824 17.9646
      vertex 0.563999 -4.46452 20
      vertex 0.282557 -4.49112 17.9792
    endloop
  endfacet
  facet normal 0.0941025 -0.995563 -3.40439e-06
    outer loop
      vertex 0.497379 -4.47081 17.9372
      vertex 0.563999 -4.46452 20
      vertex 0.374763 -4.4824 17.9646
    endloop
  endfacet
  facet normal 0.0939981 -0.995572 0
    outer loop
      vertex 0.563999 -4.46452 20
      vertex 0.497379 -4.47081 17.9372
      vertex 0.563999 -4.46452 17.9178
    endloop
  endfacet
  facet normal 0.0940939 -0.995563 0
    outer loop
      vertex 0.563999 -4.46452 1
      vertex 0.282557 -4.49112 14.0208
      vertex 0.282557 -4.49112 1
    endloop
  endfacet
  facet normal 0.0941506 -0.995558 1.23516e-06
    outer loop
      vertex 0.282557 -4.49112 14.0208
      vertex 0.563999 -4.46452 1
      vertex 0.374763 -4.4824 14.0354
    endloop
  endfacet
  facet normal 0.0941032 -0.995562 5.40864e-07
    outer loop
      vertex 0.374763 -4.4824 14.0354
      vertex 0.563999 -4.46452 1
      vertex 0.497379 -4.47081 14.0628
    endloop
  endfacet
  facet normal 0.0939981 -0.995572 0
    outer loop
      vertex 0.497379 -4.47081 14.0628
      vertex 0.563999 -4.46452 1
      vertex 0.563999 -4.46452 14.0822
    endloop
  endfacet
  facet normal 0.338742 -0.940879 0
    outer loop
      vertex 1.39058 -4.27975 17.4365
      vertex 1.65656 -4.18399 20
      vertex 1.39058 -4.27975 20
    endloop
  endfacet
  facet normal 0.338726 -0.940885 1.86889e-06
    outer loop
      vertex 1.45794 -4.2555 17.3691
      vertex 1.65656 -4.18399 20
      vertex 1.39058 -4.27975 17.4365
    endloop
  endfacet
  facet normal 0.3387 -0.940895 4.1298e-06
    outer loop
      vertex 1.54103 -4.22559 17.2748
      vertex 1.65656 -4.18399 20
      vertex 1.45794 -4.2555 17.3691
    endloop
  endfacet
  facet normal 0.338825 -0.940849 -1.89997e-06
    outer loop
      vertex 1.61803 -4.19786 17.1756
      vertex 1.65656 -4.18399 20
      vertex 1.54103 -4.22559 17.2748
    endloop
  endfacet
  facet normal 0.338702 -0.940894 0
    outer loop
      vertex 1.65656 -4.18399 20
      vertex 1.61803 -4.19786 17.1756
      vertex 1.65656 -4.18399 17.1189
    endloop
  endfacet
  facet normal 0.338742 -0.940879 0
    outer loop
      vertex 1.65656 -4.18399 1
      vertex 1.39058 -4.27975 14.5635
      vertex 1.39058 -4.27975 1
    endloop
  endfacet
  facet normal 0.338725 -0.940886 -3.82388e-07
    outer loop
      vertex 1.39058 -4.27975 14.5635
      vertex 1.65656 -4.18399 1
      vertex 1.45794 -4.2555 14.6309
    endloop
  endfacet
  facet normal 0.338696 -0.940896 -8.5131e-07
    outer loop
      vertex 1.45794 -4.2555 14.6309
      vertex 1.65656 -4.18399 1
      vertex 1.54103 -4.22559 14.7252
    endloop
  endfacet
  facet normal 0.338827 -0.940849 3.93583e-07
    outer loop
      vertex 1.54103 -4.22559 14.7252
      vertex 1.65656 -4.18399 1
      vertex 1.61803 -4.19786 14.8244
    endloop
  endfacet
  facet normal 0.338702 -0.940894 0
    outer loop
      vertex 1.61803 -4.19786 14.8244
      vertex 1.65656 -4.18399 1
      vertex 1.65656 -4.18399 14.8811
    endloop
  endfacet
  facet normal 0.975915 -0.218151 0
    outer loop
      vertex 4.35862 -1.1191 20
      vertex 4.42029 -0.843215 1
      vertex 4.42029 -0.843215 20
    endloop
  endfacet
  facet normal 0.975915 -0.218151 0
    outer loop
      vertex 4.42029 -0.843215 1
      vertex 4.35862 -1.1191 20
      vertex 4.35862 -1.1191 1
    endloop
  endfacet
  facet normal 0.995563 -0.0940939 0
    outer loop
      vertex 4.46452 -0.563999 20
      vertex 4.49112 -0.282557 1
      vertex 4.49112 -0.282557 20
    endloop
  endfacet
  facet normal 0.995563 -0.0940939 0
    outer loop
      vertex 4.49112 -0.282557 1
      vertex 4.46452 -0.563999 20
      vertex 4.46452 -0.563999 1
    endloop
  endfacet
  facet normal 0.612904 0.790157 -0
    outer loop
      vertex 2.86841 3.46731 1
      vertex 2.64503 3.64058 20
      vertex 2.86841 3.46731 20
    endloop
  endfacet
  facet normal 0.612904 0.790157 0
    outer loop
      vertex 2.64503 3.64058 20
      vertex 2.86841 3.46731 1
      vertex 2.64503 3.64058 1
    endloop
  endfacet
  facet normal 0.827092 0.562066 0
    outer loop
      vertex 3.79947 2.41122 20
      vertex 3.64058 2.64503 1
      vertex 3.64058 2.64503 20
    endloop
  endfacet
  facet normal 0.827092 0.562066 0
    outer loop
      vertex 3.64058 2.64503 1
      vertex 3.79947 2.41122 20
      vertex 3.79947 2.41122 1
    endloop
  endfacet
  facet normal 0.987685 0.156457 0
    outer loop
      vertex 4.46452 0.563999 20
      vertex 4.42029 0.843215 1
      vertex 4.42029 0.843215 20
    endloop
  endfacet
  facet normal 0.987685 0.156457 0
    outer loop
      vertex 4.42029 0.843215 1
      vertex 4.46452 0.563999 20
      vertex 4.46452 0.563999 1
    endloop
  endfacet
  facet normal -0.790157 0.612904 0
    outer loop
      vertex -3.64058 2.64503 1
      vertex -3.46731 2.86841 20
      vertex -3.46731 2.86841 1
    endloop
  endfacet
  facet normal -0.790157 0.612904 0
    outer loop
      vertex -3.46731 2.86841 20
      vertex -3.64058 2.64503 1
      vertex -3.64058 2.64503 20
    endloop
  endfacet
  facet normal -0.999507 -0.0314118 0
    outer loop
      vertex -4.49112 -0.282557 1
      vertex -4.5 0 20
      vertex -4.5 0 1
    endloop
  endfacet
  facet normal -0.999507 -0.0314118 0
    outer loop
      vertex -4.5 0 20
      vertex -4.49112 -0.282557 1
      vertex -4.49112 -0.282557 20
    endloop
  endfacet
  facet normal 0.0314118 0.999507 -0
    outer loop
      vertex 0.282557 4.49112 1
      vertex 0 4.5 20
      vertex 0.282557 4.49112 20
    endloop
  endfacet
  facet normal 0.0314118 0.999507 0
    outer loop
      vertex 0 4.5 20
      vertex 0.282557 4.49112 1
      vertex 0 4.5 1
    endloop
  endfacet
  facet normal -0.860734 -0.509055 0
    outer loop
      vertex -3.79947 -2.41122 1
      vertex -3.94338 -2.16789 20
      vertex -3.94338 -2.16789 1
    endloop
  endfacet
  facet normal -0.860734 -0.509055 0
    outer loop
      vertex -3.94338 -2.16789 20
      vertex -3.79947 -2.41122 1
      vertex -3.79947 -2.41122 20
    endloop
  endfacet
  facet normal 0.860734 -0.509055 0
    outer loop
      vertex 3.79947 -2.41122 20
      vertex 3.94338 -2.16789 1
      vertex 3.94338 -2.16789 20
    endloop
  endfacet
  facet normal 0.860734 -0.509055 0
    outer loop
      vertex 3.94338 -2.16789 1
      vertex 3.79947 -2.41122 20
      vertex 3.79947 -2.41122 1
    endloop
  endfacet
  facet normal -0.0314118 0.999507 0
    outer loop
      vertex 0 4.5 1
      vertex -0.282557 4.49112 20
      vertex 0 4.5 20
    endloop
  endfacet
  facet normal -0.0314118 0.999507 0
    outer loop
      vertex -0.282557 4.49112 20
      vertex 0 4.5 1
      vertex -0.282557 4.49112 1
    endloop
  endfacet
  facet normal -0.91776 0.397136 0
    outer loop
      vertex -4.18399 1.65656 1
      vertex -4.07172 1.91601 20
      vertex -4.07172 1.91601 1
    endloop
  endfacet
  facet normal -0.91776 0.397136 0
    outer loop
      vertex -4.07172 1.91601 20
      vertex -4.18399 1.65656 1
      vertex -4.18399 1.65656 20
    endloop
  endfacet
  facet normal -0.562066 -0.827092 0
    outer loop
      vertex -2.64503 -3.64058 1
      vertex -2.41122 -3.79947 20
      vertex -2.64503 -3.64058 20
    endloop
  endfacet
  facet normal -0.562066 -0.827092 -0
    outer loop
      vertex -2.41122 -3.79947 20
      vertex -2.64503 -3.64058 1
      vertex -2.41122 -3.79947 1
    endloop
  endfacet
  facet normal -0.91776 -0.397136 0
    outer loop
      vertex -4.07172 -1.91601 1
      vertex -4.18399 -1.65656 20
      vertex -4.18399 -1.65656 1
    endloop
  endfacet
  facet normal -0.91776 -0.397136 0
    outer loop
      vertex -4.18399 -1.65656 20
      vertex -4.07172 -1.91601 1
      vertex -4.07172 -1.91601 20
    endloop
  endfacet
  facet normal -0.278984 -0.960296 0
    outer loop
      vertex -1.39058 -4.27975 20
      vertex -1.1191 -4.35862 17.6564
      vertex -1.1191 -4.35862 20
    endloop
  endfacet
  facet normal -0.278903 -0.960319 1.02033e-05
    outer loop
      vertex -1.39058 -4.27975 20
      vertex -1.17557 -4.34222 17.618
      vertex -1.1191 -4.35862 17.6564
    endloop
  endfacet
  facet normal -0.278963 -0.960302 4.30055e-06
    outer loop
      vertex -1.39058 -4.27975 20
      vertex -1.27485 -4.31338 17.541
      vertex -1.17557 -4.34222 17.618
    endloop
  endfacet
  facet normal -0.279 -0.960291 2.40239e-06
    outer loop
      vertex -1.39058 -4.27975 20
      vertex -1.36909 -4.286 17.4579
      vertex -1.27485 -4.31338 17.541
    endloop
  endfacet
  facet normal -0.279262 -0.960215 0
    outer loop
      vertex -1.36909 -4.286 17.4579
      vertex -1.39058 -4.27975 20
      vertex -1.39058 -4.27975 17.4365
    endloop
  endfacet
  facet normal -0.279262 -0.960215 0
    outer loop
      vertex -1.39058 -4.27975 1
      vertex -1.36909 -4.286 14.5421
      vertex -1.39058 -4.27975 14.5635
    endloop
  endfacet
  facet normal -0.278999 -0.960292 -4.53699e-07
    outer loop
      vertex -1.39058 -4.27975 1
      vertex -1.27485 -4.31338 14.459
      vertex -1.36909 -4.286 14.5421
    endloop
  endfacet
  facet normal -0.27896 -0.960303 -8.09009e-07
    outer loop
      vertex -1.39058 -4.27975 1
      vertex -1.17557 -4.34222 14.382
      vertex -1.27485 -4.31338 14.459
    endloop
  endfacet
  facet normal -0.278897 -0.960321 -1.90684e-06
    outer loop
      vertex -1.39058 -4.27975 1
      vertex -1.1191 -4.35862 14.3436
      vertex -1.17557 -4.34222 14.382
    endloop
  endfacet
  facet normal -0.278984 -0.960296 -0
    outer loop
      vertex -1.1191 -4.35862 14.3436
      vertex -1.39058 -4.27975 1
      vertex -1.1191 -4.35862 1
    endloop
  endfacet
  facet normal -0.790157 -0.612904 0
    outer loop
      vertex -3.46731 -2.86841 1
      vertex -3.64058 -2.64503 20
      vertex -3.64058 -2.64503 1
    endloop
  endfacet
  facet normal -0.790157 -0.612904 0
    outer loop
      vertex -3.64058 -2.64503 20
      vertex -3.46731 -2.86841 1
      vertex -3.46731 -2.86841 20
    endloop
  endfacet
  facet normal 0.707107 -0.707107 0
    outer loop
      vertex 3.08046 -3.28036 20
      vertex 3.28036 -3.08046 1
      vertex 3.28036 -3.08046 20
    endloop
  endfacet
  facet normal 0.707107 -0.707107 0
    outer loop
      vertex 3.28036 -3.08046 1
      vertex 3.08046 -3.28036 20
      vertex 3.08046 -3.28036 1
    endloop
  endfacet
  facet normal -0.707107 0.707107 0
    outer loop
      vertex -3.28036 3.08046 1
      vertex -3.08046 3.28036 20
      vertex -3.08046 3.28036 1
    endloop
  endfacet
  facet normal -0.707107 0.707107 0
    outer loop
      vertex -3.08046 3.28036 20
      vertex -3.28036 3.08046 1
      vertex -3.28036 3.08046 20
    endloop
  endfacet
  facet normal 0.0940939 0.995563 -0
    outer loop
      vertex 0.563999 4.46452 1
      vertex 0.282557 4.49112 20
      vertex 0.563999 4.46452 20
    endloop
  endfacet
  facet normal 0.0940939 0.995563 0
    outer loop
      vertex 0.282557 4.49112 20
      vertex 0.563999 4.46452 1
      vertex 0.282557 4.49112 1
    endloop
  endfacet
  facet normal -0.453993 0.891005 0
    outer loop
      vertex -1.91601 4.07172 1
      vertex -2.16789 3.94338 20
      vertex -1.91601 4.07172 20
    endloop
  endfacet
  facet normal -0.453993 0.891005 0
    outer loop
      vertex -2.16789 3.94338 20
      vertex -1.91601 4.07172 1
      vertex -2.16789 3.94338 1
    endloop
  endfacet
  facet normal 0.338742 0.940879 -0
    outer loop
      vertex 1.65656 4.18399 1
      vertex 1.39058 4.27975 20
      vertex 1.65656 4.18399 20
    endloop
  endfacet
  facet normal 0.338742 0.940879 0
    outer loop
      vertex 1.39058 4.27975 20
      vertex 1.65656 4.18399 1
      vertex 1.39058 4.27975 1
    endloop
  endfacet
  facet normal 0.790157 0.612904 0
    outer loop
      vertex 3.64058 2.64503 20
      vertex 3.46731 2.86841 1
      vertex 3.46731 2.86841 20
    endloop
  endfacet
  facet normal 0.790157 0.612904 0
    outer loop
      vertex 3.46731 2.86841 1
      vertex 3.64058 2.64503 20
      vertex 3.64058 2.64503 1
    endloop
  endfacet
  facet normal 0.750106 0.661317 0
    outer loop
      vertex 3.46731 2.86841 20
      vertex 3.28036 3.08046 1
      vertex 3.28036 3.08046 20
    endloop
  endfacet
  facet normal 0.750106 0.661317 0
    outer loop
      vertex 3.28036 3.08046 1
      vertex 3.46731 2.86841 20
      vertex 3.46731 2.86841 1
    endloop
  endfacet
  facet normal -0.0940939 -0.995563 0
    outer loop
      vertex -0.563999 -4.46452 20
      vertex -0.282557 -4.49112 17.9792
      vertex -0.282557 -4.49112 20
    endloop
  endfacet
  facet normal -0.0941495 -0.995558 -7.81353e-06
    outer loop
      vertex -0.563999 -4.46452 20
      vertex -0.374763 -4.4824 17.9646
      vertex -0.282557 -4.49112 17.9792
    endloop
  endfacet
  facet normal -0.0941025 -0.995563 -3.40439e-06
    outer loop
      vertex -0.563999 -4.46452 20
      vertex -0.497379 -4.47081 17.9372
      vertex -0.374763 -4.4824 17.9646
    endloop
  endfacet
  facet normal -0.0939981 -0.995572 0
    outer loop
      vertex -0.497379 -4.47081 17.9372
      vertex -0.563999 -4.46452 20
      vertex -0.563999 -4.46452 17.9178
    endloop
  endfacet
  facet normal -0.0939981 -0.995572 0
    outer loop
      vertex -0.563999 -4.46452 1
      vertex -0.497379 -4.47081 14.0628
      vertex -0.563999 -4.46452 14.0822
    endloop
  endfacet
  facet normal -0.0941032 -0.995562 5.40864e-07
    outer loop
      vertex -0.563999 -4.46452 1
      vertex -0.374763 -4.4824 14.0354
      vertex -0.497379 -4.47081 14.0628
    endloop
  endfacet
  facet normal -0.0941506 -0.995558 1.23516e-06
    outer loop
      vertex -0.563999 -4.46452 1
      vertex -0.282557 -4.49112 14.0208
      vertex -0.374763 -4.4824 14.0354
    endloop
  endfacet
  facet normal -0.0940939 -0.995563 -0
    outer loop
      vertex -0.282557 -4.49112 14.0208
      vertex -0.563999 -4.46452 1
      vertex -0.282557 -4.49112 1
    endloop
  endfacet
  facet normal -0.0314118 -0.999507 -1.66086e-06
    outer loop
      vertex -0.125581 -4.49605 17.9961
      vertex 0 -4.5 20
      vertex -0.282557 -4.49112 20
    endloop
  endfacet
  facet normal -0.0314383 -0.999506 -0
    outer loop
      vertex 0 -4.5 20
      vertex -0.125581 -4.49605 17.9961
      vertex 0 -4.5 18
    endloop
  endfacet
  facet normal -0.031403 -0.999507 -9.76171e-07
    outer loop
      vertex -0.282557 -4.49112 20
      vertex -0.250666 -4.49212 17.9842
      vertex -0.125581 -4.49605 17.9961
    endloop
  endfacet
  facet normal -0.0313414 -0.999509 0
    outer loop
      vertex -0.250666 -4.49212 17.9842
      vertex -0.282557 -4.49112 20
      vertex -0.282557 -4.49112 17.9792
    endloop
  endfacet
  facet normal -0.0313414 -0.999509 0
    outer loop
      vertex -0.282557 -4.49112 1
      vertex -0.250666 -4.49212 14.0158
      vertex -0.282557 -4.49112 14.0208
    endloop
  endfacet
  facet normal -0.0314031 -0.999507 1.51375e-07
    outer loop
      vertex -0.282557 -4.49112 1
      vertex -0.125581 -4.49605 14.0039
      vertex -0.250666 -4.49212 14.0158
    endloop
  endfacet
  facet normal -0.0314382 -0.999506 5.75645e-07
    outer loop
      vertex -0.282557 -4.49112 1
      vertex 0 -4.5 14
      vertex -0.125581 -4.49605 14.0039
    endloop
  endfacet
  facet normal -0.0314118 -0.999507 -0
    outer loop
      vertex 0 -4.5 14
      vertex -0.282557 -4.49112 1
      vertex 0 -4.5 1
    endloop
  endfacet
  facet normal -0.278984 0.960296 0
    outer loop
      vertex -1.1191 4.35862 1
      vertex -1.39058 4.27975 20
      vertex -1.1191 4.35862 20
    endloop
  endfacet
  facet normal -0.278984 0.960296 0
    outer loop
      vertex -1.39058 4.27975 20
      vertex -1.1191 4.35862 1
      vertex -1.39058 4.27975 1
    endloop
  endfacet
  facet normal -0.218151 0.975915 0
    outer loop
      vertex -0.843215 4.42029 1
      vertex -1.1191 4.35862 20
      vertex -0.843215 4.42029 20
    endloop
  endfacet
  facet normal -0.218151 0.975915 0
    outer loop
      vertex -1.1191 4.35862 20
      vertex -0.843215 4.42029 1
      vertex -1.1191 4.35862 1
    endloop
  endfacet
  facet normal 0.661317 -0.750106 0
    outer loop
      vertex 2.86841 -3.46731 1
      vertex 3.08046 -3.28036 20
      vertex 2.86841 -3.46731 20
    endloop
  endfacet
  facet normal 0.661317 -0.750106 0
    outer loop
      vertex 3.08046 -3.28036 20
      vertex 2.86841 -3.46731 1
      vertex 3.08046 -3.28036 1
    endloop
  endfacet
  facet normal 0.612904 -0.790157 0
    outer loop
      vertex 2.64503 -3.64058 1
      vertex 2.86841 -3.46731 20
      vertex 2.64503 -3.64058 20
    endloop
  endfacet
  facet normal 0.612904 -0.790157 0
    outer loop
      vertex 2.86841 -3.46731 20
      vertex 2.64503 -3.64058 1
      vertex 2.86841 -3.46731 1
    endloop
  endfacet
  facet normal -0.995563 0.0940939 0
    outer loop
      vertex -4.49112 0.282557 1
      vertex -4.46452 0.563999 20
      vertex -4.46452 0.563999 1
    endloop
  endfacet
  facet normal -0.995563 0.0940939 0
    outer loop
      vertex -4.46452 0.563999 20
      vertex -4.49112 0.282557 1
      vertex -4.49112 0.282557 20
    endloop
  endfacet
  facet normal 0.91776 -0.397136 0
    outer loop
      vertex 4.07172 -1.91601 20
      vertex 4.18399 -1.65656 1
      vertex 4.18399 -1.65656 20
    endloop
  endfacet
  facet normal 0.91776 -0.397136 0
    outer loop
      vertex 4.18399 -1.65656 1
      vertex 4.07172 -1.91601 20
      vertex 4.07172 -1.91601 1
    endloop
  endfacet
  facet normal -0.960296 -0.278984 0
    outer loop
      vertex -4.27975 -1.39058 1
      vertex -4.35862 -1.1191 20
      vertex -4.35862 -1.1191 1
    endloop
  endfacet
  facet normal -0.960296 -0.278984 0
    outer loop
      vertex -4.35862 -1.1191 20
      vertex -4.27975 -1.39058 1
      vertex -4.27975 -1.39058 20
    endloop
  endfacet
  facet normal 0.218151 0.975915 -0
    outer loop
      vertex 1.1191 4.35862 1
      vertex 0.843215 4.42029 20
      vertex 1.1191 4.35862 20
    endloop
  endfacet
  facet normal 0.218151 0.975915 0
    outer loop
      vertex 0.843215 4.42029 20
      vertex 1.1191 4.35862 1
      vertex 0.843215 4.42029 1
    endloop
  endfacet
  facet normal -0.612904 -0.790157 0
    outer loop
      vertex -2.86841 -3.46731 1
      vertex -2.64503 -3.64058 20
      vertex -2.86841 -3.46731 20
    endloop
  endfacet
  facet normal -0.612904 -0.790157 -0
    outer loop
      vertex -2.64503 -3.64058 20
      vertex -2.86841 -3.46731 1
      vertex -2.64503 -3.64058 1
    endloop
  endfacet
  facet normal 0.917752 0.397154 0
    outer loop
      vertex 5.57866 2.20875 1
      vertex 5.42896 2.55468 -1
      vertex 5.42896 2.55468 1
    endloop
  endfacet
  facet normal 0.917752 0.397154 0
    outer loop
      vertex 5.42896 2.55468 -1
      vertex 5.57866 2.20875 1
      vertex 5.57866 2.20875 -1
    endloop
  endfacet
  facet normal 0.995563 0.0941024 0
    outer loop
      vertex 5.98816 0.376742 1
      vertex 5.95269 0.751999 -1
      vertex 5.95269 0.751999 1
    endloop
  endfacet
  facet normal 0.995563 0.0941024 0
    outer loop
      vertex 5.95269 0.751999 -1
      vertex 5.98816 0.376742 1
      vertex 5.98816 0.376742 -1
    endloop
  endfacet
  facet normal 0.999507 0.0314118 0
    outer loop
      vertex 6 0 1
      vertex 5.98816 0.376742 -1
      vertex 5.98816 0.376742 1
    endloop
  endfacet
  facet normal 0.999507 0.0314118 0
    outer loop
      vertex 5.98816 0.376742 -1
      vertex 6 0 1
      vertex 6 0 -1
    endloop
  endfacet
  facet normal 0.987686 0.156447 0
    outer loop
      vertex 5.95269 0.751999 1
      vertex 5.89372 1.12429 -1
      vertex 5.89372 1.12429 1
    endloop
  endfacet
  facet normal 0.987686 0.156447 0
    outer loop
      vertex 5.89372 1.12429 -1
      vertex 5.95269 0.751999 1
      vertex 5.95269 0.751999 -1
    endloop
  endfacet
  facet normal -0.995563 -0.0941024 0
    outer loop
      vertex -5.95269 -0.751999 -1
      vertex -5.98816 -0.376742 1
      vertex -5.98816 -0.376742 -1
    endloop
  endfacet
  facet normal -0.995563 -0.0941024 0
    outer loop
      vertex -5.98816 -0.376742 1
      vertex -5.95269 -0.751999 -1
      vertex -5.95269 -0.751999 1
    endloop
  endfacet
  facet normal 0.278993 0.960293 -0
    outer loop
      vertex 1.8541 5.70634 -1
      vertex 1.49214 5.8115 1
      vertex 1.8541 5.70634 1
    endloop
  endfacet
  facet normal 0.278993 0.960293 0
    outer loop
      vertex 1.49214 5.8115 1
      vertex 1.8541 5.70634 -1
      vertex 1.49214 5.8115 -1
    endloop
  endfacet
  facet normal -0.891005 0.453993 0
    outer loop
      vertex -5.42896 2.55468 -1
      vertex -5.25784 2.89052 1
      vertex -5.25784 2.89052 -1
    endloop
  endfacet
  facet normal -0.891005 0.453993 0
    outer loop
      vertex -5.25784 2.89052 1
      vertex -5.42896 2.55468 -1
      vertex -5.42896 2.55468 1
    endloop
  endfacet
  facet normal 0.940882 0.338734 0
    outer loop
      vertex 5.70634 1.8541 1
      vertex 5.57866 2.20875 -1
      vertex 5.57866 2.20875 1
    endloop
  endfacet
  facet normal 0.940882 0.338734 0
    outer loop
      vertex 5.57866 2.20875 -1
      vertex 5.70634 1.8541 1
      vertex 5.70634 1.8541 -1
    endloop
  endfacet
  facet normal 0.790156 -0.612906 0
    outer loop
      vertex 4.62308 -3.82454 1
      vertex 4.8541 -3.52671 -1
      vertex 4.8541 -3.52671 1
    endloop
  endfacet
  facet normal 0.790156 -0.612906 0
    outer loop
      vertex 4.8541 -3.52671 -1
      vertex 4.62308 -3.82454 1
      vertex 4.62308 -3.82454 -1
    endloop
  endfacet
  facet normal 0.975919 0.218133 0
    outer loop
      vertex 5.89372 1.12429 1
      vertex 5.8115 1.49214 -1
      vertex 5.8115 1.49214 1
    endloop
  endfacet
  facet normal 0.975919 0.218133 0
    outer loop
      vertex 5.8115 1.49214 -1
      vertex 5.89372 1.12429 1
      vertex 5.89372 1.12429 -1
    endloop
  endfacet
  facet normal 0.0314118 0.999507 -0
    outer loop
      vertex 0.376742 5.98816 -1
      vertex 0 6 1
      vertex 0.376742 5.98816 1
    endloop
  endfacet
  facet normal 0.0314118 0.999507 0
    outer loop
      vertex 0 6 1
      vertex 0.376742 5.98816 -1
      vertex 0 6 -1
    endloop
  endfacet
  facet normal 0.509035 0.860746 -0
    outer loop
      vertex 3.21496 5.06597 -1
      vertex 2.89052 5.25784 1
      vertex 3.21496 5.06597 1
    endloop
  endfacet
  facet normal 0.509035 0.860746 0
    outer loop
      vertex 2.89052 5.25784 1
      vertex 3.21496 5.06597 -1
      vertex 2.89052 5.25784 -1
    endloop
  endfacet
  facet normal 0.0314118 -0.999507 0
    outer loop
      vertex 0 -6 -1
      vertex 0.376742 -5.98816 1
      vertex 0 -6 1
    endloop
  endfacet
  facet normal 0.0314118 -0.999507 0
    outer loop
      vertex 0.376742 -5.98816 1
      vertex 0 -6 -1
      vertex 0.376742 -5.98816 -1
    endloop
  endfacet
  facet normal -0.661314 0.75011 0
    outer loop
      vertex -3.82454 4.62308 -1
      vertex -4.10728 4.37381 1
      vertex -3.82454 4.62308 1
    endloop
  endfacet
  facet normal -0.661314 0.75011 0
    outer loop
      vertex -4.10728 4.37381 1
      vertex -3.82454 4.62308 -1
      vertex -4.10728 4.37381 -1
    endloop
  endfacet
  facet normal 0.995563 -0.0941024 0
    outer loop
      vertex 5.95269 -0.751999 1
      vertex 5.98816 -0.376742 -1
      vertex 5.98816 -0.376742 1
    endloop
  endfacet
  facet normal 0.995563 -0.0941024 0
    outer loop
      vertex 5.98816 -0.376742 -1
      vertex 5.95269 -0.751999 1
      vertex 5.95269 -0.751999 -1
    endloop
  endfacet
  facet normal 0.790156 0.612906 0
    outer loop
      vertex 4.8541 3.52671 1
      vertex 4.62308 3.82454 -1
      vertex 4.62308 3.82454 1
    endloop
  endfacet
  facet normal 0.790156 0.612906 0
    outer loop
      vertex 4.62308 3.82454 -1
      vertex 4.8541 3.52671 1
      vertex 4.8541 3.52671 -1
    endloop
  endfacet
  facet normal 0.0941024 -0.995563 0
    outer loop
      vertex 0.376742 -5.98816 -1
      vertex 0.751999 -5.95269 1
      vertex 0.376742 -5.98816 1
    endloop
  endfacet
  facet normal 0.0941024 -0.995563 0
    outer loop
      vertex 0.751999 -5.95269 1
      vertex 0.376742 -5.98816 -1
      vertex 0.751999 -5.95269 -1
    endloop
  endfacet
  facet normal -0.827075 -0.562092 0
    outer loop
      vertex -4.8541 -3.52671 -1
      vertex -5.06597 -3.21496 1
      vertex -5.06597 -3.21496 -1
    endloop
  endfacet
  facet normal -0.827075 -0.562092 0
    outer loop
      vertex -5.06597 -3.21496 1
      vertex -4.8541 -3.52671 -1
      vertex -4.8541 -3.52671 1
    endloop
  endfacet
  facet normal 0.987686 -0.156447 0
    outer loop
      vertex 5.89372 -1.12429 1
      vertex 5.95269 -0.751999 -1
      vertex 5.95269 -0.751999 1
    endloop
  endfacet
  facet normal 0.987686 -0.156447 0
    outer loop
      vertex 5.95269 -0.751999 -1
      vertex 5.89372 -1.12429 1
      vertex 5.89372 -1.12429 -1
    endloop
  endfacet
  facet normal -0.891005 -0.453993 0
    outer loop
      vertex -5.25784 -2.89052 -1
      vertex -5.42896 -2.55468 1
      vertex -5.42896 -2.55468 -1
    endloop
  endfacet
  facet normal -0.891005 -0.453993 0
    outer loop
      vertex -5.42896 -2.55468 1
      vertex -5.25784 -2.89052 -1
      vertex -5.25784 -2.89052 1
    endloop
  endfacet
  facet normal -0.999507 -0.0314118 0
    outer loop
      vertex -5.98816 -0.376742 -1
      vertex -6 0 1
      vertex -6 0 -1
    endloop
  endfacet
  facet normal -0.999507 -0.0314118 0
    outer loop
      vertex -6 0 1
      vertex -5.98816 -0.376742 -1
      vertex -5.98816 -0.376742 1
    endloop
  endfacet
  facet normal 0.975919 -0.218133 0
    outer loop
      vertex 5.8115 -1.49214 1
      vertex 5.89372 -1.12429 -1
      vertex 5.89372 -1.12429 1
    endloop
  endfacet
  facet normal 0.975919 -0.218133 0
    outer loop
      vertex 5.89372 -1.12429 -1
      vertex 5.8115 -1.49214 1
      vertex 5.8115 -1.49214 -1
    endloop
  endfacet
  facet normal -0.940882 -0.338734 0
    outer loop
      vertex -5.57866 -2.20875 -1
      vertex -5.70634 -1.8541 1
      vertex -5.70634 -1.8541 -1
    endloop
  endfacet
  facet normal -0.940882 -0.338734 0
    outer loop
      vertex -5.70634 -1.8541 1
      vertex -5.57866 -2.20875 -1
      vertex -5.57866 -2.20875 1
    endloop
  endfacet
  facet normal 0.827075 -0.562092 0
    outer loop
      vertex 4.8541 -3.52671 1
      vertex 5.06597 -3.21496 -1
      vertex 5.06597 -3.21496 1
    endloop
  endfacet
  facet normal 0.827075 -0.562092 0
    outer loop
      vertex 5.06597 -3.21496 -1
      vertex 4.8541 -3.52671 1
      vertex 4.8541 -3.52671 -1
    endloop
  endfacet
  facet normal 0 0 -1
    outer loop
      vertex 5.98816 -0.376742 -1
      vertex 5.98816 0.376742 -1
      vertex 6 0 -1
    endloop
  endfacet
  facet normal 0 0 -1
    outer loop
      vertex 5.95269 -0.751999 -1
      vertex 5.98816 0.376742 -1
      vertex 5.98816 -0.376742 -1
    endloop
  endfacet
  facet normal 0 0 -1
    outer loop
      vertex 5.95269 -0.751999 -1
      vertex 5.95269 0.751999 -1
      vertex 5.98816 0.376742 -1
    endloop
  endfacet
  facet normal 0 0 -1
    outer loop
      vertex 5.89372 -1.12429 -1
      vertex 5.95269 0.751999 -1
      vertex 5.95269 -0.751999 -1
    endloop
  endfacet
  facet normal 0 0 -1
    outer loop
      vertex 5.89372 -1.12429 -1
      vertex 5.89372 1.12429 -1
      vertex 5.95269 0.751999 -1
    endloop
  endfacet
  facet normal 0 0 -1
    outer loop
      vertex 5.8115 -1.49214 -1
      vertex 5.89372 1.12429 -1
      vertex 5.89372 -1.12429 -1
    endloop
  endfacet
  facet normal 0 0 -1
    outer loop
      vertex 5.8115 -1.49214 -1
      vertex 5.8115 1.49214 -1
      vertex 5.89372 1.12429 -1
    endloop
  endfacet
  facet normal 0 0 -1
    outer loop
      vertex 5.70634 -1.8541 -1
      vertex 5.8115 1.49214 -1
      vertex 5.8115 -1.49214 -1
    endloop
  endfacet
  facet normal 0 0 -1
    outer loop
      vertex 5.70634 -1.8541 -1
      vertex 5.70634 1.8541 -1
      vertex 5.8115 1.49214 -1
    endloop
  endfacet
  facet normal 0 0 -1
    outer loop
      vertex 5.57866 -2.20875 -1
      vertex 5.70634 1.8541 -1
      vertex 5.70634 -1.8541 -1
    endloop
  endfacet
  facet normal 0 0 -1
    outer loop
      vertex 5.57866 -2.20875 -1
      vertex 5.57866 2.20875 -1
      vertex 5.70634 1.8541 -1
    endloop
  endfacet
  facet normal 0 0 -1
    outer loop
      vertex 5.42896 -2.55468 -1
      vertex 5.57866 2.20875 -1
      vertex 5.57866 -2.20875 -1
    endloop
  endfacet
  facet normal 0 0 -1
    outer loop
      vertex 5.42896 -2.55468 -1
      vertex 5.42896 2.55468 -1
      vertex 5.57866 2.20875 -1
    endloop
  endfacet
  facet normal 0 0 -1
    outer loop
      vertex 5.25784 -2.89052 -1
      vertex 5.42896 2.55468 -1
      vertex 5.42896 -2.55468 -1
    endloop
  endfacet
  facet normal 0 0 -1
    outer loop
      vertex 5.25784 -2.89052 -1
      vertex 5.25784 2.89052 -1
      vertex 5.42896 2.55468 -1
    endloop
  endfacet
  facet normal 0 0 -1
    outer loop
      vertex 5.06597 -3.21496 -1
      vertex 5.25784 2.89052 -1
      vertex 5.25784 -2.89052 -1
    endloop
  endfacet
  facet normal 0 0 -1
    outer loop
      vertex 5.06597 -3.21496 -1
      vertex 5.06597 3.21496 -1
      vertex 5.25784 2.89052 -1
    endloop
  endfacet
  facet normal 0 0 -1
    outer loop
      vertex 4.8541 -3.52671 -1
      vertex 5.06597 3.21496 -1
      vertex 5.06597 -3.21496 -1
    endloop
  endfacet
  facet normal 0 0 -1
    outer loop
      vertex 4.8541 -3.52671 -1
      vertex 4.8541 3.52671 -1
      vertex 5.06597 3.21496 -1
    endloop
  endfacet
  facet normal 0 0 -1
    outer loop
      vertex 4.62308 -3.82454 -1
      vertex 4.8541 3.52671 -1
      vertex 4.8541 -3.52671 -1
    endloop
  endfacet
  facet normal 0 0 -1
    outer loop
      vertex 4.62308 -3.82454 -1
      vertex 4.62308 3.82454 -1
      vertex 4.8541 3.52671 -1
    endloop
  endfacet
  facet normal 0 0 -1
    outer loop
      vertex 4.37381 -4.10728 -1
      vertex 4.62308 3.82454 -1
      vertex 4.62308 -3.82454 -1
    endloop
  endfacet
  facet normal 0 0 -1
    outer loop
      vertex 4.37381 -4.10728 -1
      vertex 4.37381 4.10728 -1
      vertex 4.62308 3.82454 -1
    endloop
  endfacet
  facet normal 0 0 -1
    outer loop
      vertex 4.10728 -4.37381 -1
      vertex 4.37381 4.10728 -1
      vertex 4.37381 -4.10728 -1
    endloop
  endfacet
  facet normal 0 0 -1
    outer loop
      vertex 4.10728 -4.37381 -1
      vertex 4.10728 4.37381 -1
      vertex 4.37381 4.10728 -1
    endloop
  endfacet
  facet normal 0 0 -1
    outer loop
      vertex 3.82454 -4.62308 -1
      vertex 4.10728 4.37381 -1
      vertex 4.10728 -4.37381 -1
    endloop
  endfacet
  facet normal 0 0 -1
    outer loop
      vertex 3.82454 -4.62308 -1
      vertex 3.82454 4.62308 -1
      vertex 4.10728 4.37381 -1
    endloop
  endfacet
  facet normal 0 0 -1
    outer loop
      vertex 3.52671 -4.8541 -1
      vertex 3.82454 4.62308 -1
      vertex 3.82454 -4.62308 -1
    endloop
  endfacet
  facet normal 0 0 -1
    outer loop
      vertex 3.52671 -4.8541 -1
      vertex 3.52671 4.8541 -1
      vertex 3.82454 4.62308 -1
    endloop
  endfacet
  facet normal 0 0 -1
    outer loop
      vertex 3.21496 -5.06597 -1
      vertex 3.52671 4.8541 -1
      vertex 3.52671 -4.8541 -1
    endloop
  endfacet
  facet normal 0 0 -1
    outer loop
      vertex 3.21496 -5.06597 -1
      vertex 3.21496 5.06597 -1
      vertex 3.52671 4.8541 -1
    endloop
  endfacet
  facet normal 0 0 -1
    outer loop
      vertex 2.89052 -5.25784 -1
      vertex 3.21496 5.06597 -1
      vertex 3.21496 -5.06597 -1
    endloop
  endfacet
  facet normal 0 0 -1
    outer loop
      vertex 2.89052 -5.25784 -1
      vertex 2.89052 5.25784 -1
      vertex 3.21496 5.06597 -1
    endloop
  endfacet
  facet normal 0 0 -1
    outer loop
      vertex 2.55468 -5.42896 -1
      vertex 2.89052 5.25784 -1
      vertex 2.89052 -5.25784 -1
    endloop
  endfacet
  facet normal 0 0 -1
    outer loop
      vertex 2.55468 -5.42896 -1
      vertex 2.55468 5.42896 -1
      vertex 2.89052 5.25784 -1
    endloop
  endfacet
  facet normal 0 0 -1
    outer loop
      vertex 2.20875 -5.57866 -1
      vertex 2.55468 5.42896 -1
      vertex 2.55468 -5.42896 -1
    endloop
  endfacet
  facet normal 0 0 -1
    outer loop
      vertex 2.20875 -5.57866 -1
      vertex 2.20875 5.57866 -1
      vertex 2.55468 5.42896 -1
    endloop
  endfacet
  facet normal 0 0 -1
    outer loop
      vertex 1.8541 -5.70634 -1
      vertex 2.20875 5.57866 -1
      vertex 2.20875 -5.57866 -1
    endloop
  endfacet
  facet normal 0 0 -1
    outer loop
      vertex 1.8541 -5.70634 -1
      vertex 1.8541 5.70634 -1
      vertex 2.20875 5.57866 -1
    endloop
  endfacet
  facet normal 0 0 -1
    outer loop
      vertex 1.49214 -5.8115 -1
      vertex 1.8541 5.70634 -1
      vertex 1.8541 -5.70634 -1
    endloop
  endfacet
  facet normal 0 0 -1
    outer loop
      vertex 1.49214 -5.8115 -1
      vertex 1.49214 5.8115 -1
      vertex 1.8541 5.70634 -1
    endloop
  endfacet
  facet normal 0 0 -1
    outer loop
      vertex 1.12429 -5.89372 -1
      vertex 1.49214 5.8115 -1
      vertex 1.49214 -5.8115 -1
    endloop
  endfacet
  facet normal 0 0 -1
    outer loop
      vertex 1.12429 -5.89372 -1
      vertex 1.12429 5.89372 -1
      vertex 1.49214 5.8115 -1
    endloop
  endfacet
  facet normal 0 0 -1
    outer loop
      vertex 0.751999 -5.95269 -1
      vertex 1.12429 5.89372 -1
      vertex 1.12429 -5.89372 -1
    endloop
  endfacet
  facet normal 0 0 -1
    outer loop
      vertex 0.751999 -5.95269 -1
      vertex 0.751999 5.95269 -1
      vertex 1.12429 5.89372 -1
    endloop
  endfacet
  facet normal 0 0 -1
    outer loop
      vertex 0.376742 -5.98816 -1
      vertex 0.751999 5.95269 -1
      vertex 0.751999 -5.95269 -1
    endloop
  endfacet
  facet normal 0 0 -1
    outer loop
      vertex 0.376742 -5.98816 -1
      vertex 0.376742 5.98816 -1
      vertex 0.751999 5.95269 -1
    endloop
  endfacet
  facet normal 0 0 -1
    outer loop
      vertex 0 -6 -1
      vertex 0.376742 5.98816 -1
      vertex 0.376742 -5.98816 -1
    endloop
  endfacet
  facet normal 0 0 -1
    outer loop
      vertex 0 -6 -1
      vertex 0 6 -1
      vertex 0.376742 5.98816 -1
    endloop
  endfacet
  facet normal 0 0 -1
    outer loop
      vertex -0.376742 -5.98816 -1
      vertex 0 6 -1
      vertex 0 -6 -1
    endloop
  endfacet
  facet normal 0 0 -1
    outer loop
      vertex -0.376742 -5.98816 -1
      vertex -0.376742 5.98816 -1
      vertex 0 6 -1
    endloop
  endfacet
  facet normal 0 0 -1
    outer loop
      vertex -0.751999 -5.95269 -1
      vertex -0.376742 5.98816 -1
      vertex -0.376742 -5.98816 -1
    endloop
  endfacet
  facet normal 0 0 -1
    outer loop
      vertex -0.751999 -5.95269 -1
      vertex -0.751999 5.95269 -1
      vertex -0.376742 5.98816 -1
    endloop
  endfacet
  facet normal 0 0 -1
    outer loop
      vertex -1.12429 -5.89372 -1
      vertex -0.751999 5.95269 -1
      vertex -0.751999 -5.95269 -1
    endloop
  endfacet
  facet normal 0 0 -1
    outer loop
      vertex -1.12429 -5.89372 -1
      vertex -1.12429 5.89372 -1
      vertex -0.751999 5.95269 -1
    endloop
  endfacet
  facet normal 0 0 -1
    outer loop
      vertex -1.49214 -5.8115 -1
      vertex -1.12429 5.89372 -1
      vertex -1.12429 -5.89372 -1
    endloop
  endfacet
  facet normal 0 0 -1
    outer loop
      vertex -1.49214 -5.8115 -1
      vertex -1.49214 5.8115 -1
      vertex -1.12429 5.89372 -1
    endloop
  endfacet
  facet normal 0 0 -1
    outer loop
      vertex -1.8541 -5.70634 -1
      vertex -1.49214 5.8115 -1
      vertex -1.49214 -5.8115 -1
    endloop
  endfacet
  facet normal 0 0 -1
    outer loop
      vertex -1.8541 -5.70634 -1
      vertex -1.8541 5.70634 -1
      vertex -1.49214 5.8115 -1
    endloop
  endfacet
  facet normal 0 0 -1
    outer loop
      vertex -2.20875 -5.57866 -1
      vertex -1.8541 5.70634 -1
      vertex -1.8541 -5.70634 -1
    endloop
  endfacet
  facet normal 0 0 -1
    outer loop
      vertex -2.20875 -5.57866 -1
      vertex -2.20875 5.57866 -1
      vertex -1.8541 5.70634 -1
    endloop
  endfacet
  facet normal 0 0 -1
    outer loop
      vertex -2.55468 -5.42896 -1
      vertex -2.20875 5.57866 -1
      vertex -2.20875 -5.57866 -1
    endloop
  endfacet
  facet normal 0 0 -1
    outer loop
      vertex -2.55468 -5.42896 -1
      vertex -2.55468 5.42896 -1
      vertex -2.20875 5.57866 -1
    endloop
  endfacet
  facet normal 0 0 -1
    outer loop
      vertex -2.89052 -5.25784 -1
      vertex -2.55468 5.42896 -1
      vertex -2.55468 -5.42896 -1
    endloop
  endfacet
  facet normal 0 0 -1
    outer loop
      vertex -2.89052 -5.25784 -1
      vertex -2.89052 5.25784 -1
      vertex -2.55468 5.42896 -1
    endloop
  endfacet
  facet normal 0 0 -1
    outer loop
      vertex -3.21496 -5.06597 -1
      vertex -2.89052 5.25784 -1
      vertex -2.89052 -5.25784 -1
    endloop
  endfacet
  facet normal 0 0 -1
    outer loop
      vertex -3.21496 -5.06597 -1
      vertex -3.21496 5.06597 -1
      vertex -2.89052 5.25784 -1
    endloop
  endfacet
  facet normal 0 0 -1
    outer loop
      vertex -3.52671 -4.8541 -1
      vertex -3.21496 5.06597 -1
      vertex -3.21496 -5.06597 -1
    endloop
  endfacet
  facet normal 0 0 -1
    outer loop
      vertex -3.52671 -4.8541 -1
      vertex -3.52671 4.8541 -1
      vertex -3.21496 5.06597 -1
    endloop
  endfacet
  facet normal 0 0 -1
    outer loop
      vertex -3.82454 -4.62308 -1
      vertex -3.52671 4.8541 -1
      vertex -3.52671 -4.8541 -1
    endloop
  endfacet
  facet normal 0 0 -1
    outer loop
      vertex -3.82454 -4.62308 -1
      vertex -3.82454 4.62308 -1
      vertex -3.52671 4.8541 -1
    endloop
  endfacet
  facet normal 0 0 -1
    outer loop
      vertex -4.10728 -4.37381 -1
      vertex -3.82454 4.62308 -1
      vertex -3.82454 -4.62308 -1
    endloop
  endfacet
  facet normal 0 0 -1
    outer loop
      vertex -4.10728 -4.37381 -1
      vertex -4.10728 4.37381 -1
      vertex -3.82454 4.62308 -1
    endloop
  endfacet
  facet normal 0 0 -1
    outer loop
      vertex -4.37381 -4.10728 -1
      vertex -4.10728 4.37381 -1
      vertex -4.10728 -4.37381 -1
    endloop
  endfacet
  facet normal 0 0 -1
    outer loop
      vertex -4.37381 -4.10728 -1
      vertex -4.37381 4.10728 -1
      vertex -4.10728 4.37381 -1
    endloop
  endfacet
  facet normal 0 0 -1
    outer loop
      vertex -4.62308 -3.82454 -1
      vertex -4.37381 4.10728 -1
      vertex -4.37381 -4.10728 -1
    endloop
  endfacet
  facet normal 0 0 -1
    outer loop
      vertex -4.62308 -3.82454 -1
      vertex -4.62308 3.82454 -1
      vertex -4.37381 4.10728 -1
    endloop
  endfacet
  facet normal 0 0 -1
    outer loop
      vertex -4.8541 -3.52671 -1
      vertex -4.62308 3.82454 -1
      vertex -4.62308 -3.82454 -1
    endloop
  endfacet
  facet normal 0 0 -1
    outer loop
      vertex -4.8541 -3.52671 -1
      vertex -4.8541 3.52671 -1
      vertex -4.62308 3.82454 -1
    endloop
  endfacet
  facet normal 0 0 -1
    outer loop
      vertex -5.06597 -3.21496 -1
      vertex -4.8541 3.52671 -1
      vertex -4.8541 -3.52671 -1
    endloop
  endfacet
  facet normal 0 0 -1
    outer loop
      vertex -5.06597 -3.21496 -1
      vertex -5.06597 3.21496 -1
      vertex -4.8541 3.52671 -1
    endloop
  endfacet
  facet normal 0 0 -1
    outer loop
      vertex -5.25784 -2.89052 -1
      vertex -5.06597 3.21496 -1
      vertex -5.06597 -3.21496 -1
    endloop
  endfacet
  facet normal 0 0 -1
    outer loop
      vertex -5.25784 -2.89052 -1
      vertex -5.25784 2.89052 -1
      vertex -5.06597 3.21496 -1
    endloop
  endfacet
  facet normal 0 0 -1
    outer loop
      vertex -5.42896 -2.55468 -1
      vertex -5.25784 2.89052 -1
      vertex -5.25784 -2.89052 -1
    endloop
  endfacet
  facet normal 0 0 -1
    outer loop
      vertex -5.42896 -2.55468 -1
      vertex -5.42896 2.55468 -1
      vertex -5.25784 2.89052 -1
    endloop
  endfacet
  facet normal 0 0 -1
    outer loop
      vertex -5.57866 -2.20875 -1
      vertex -5.42896 2.55468 -1
      vertex -5.42896 -2.55468 -1
    endloop
  endfacet
  facet normal 0 0 -1
    outer loop
      vertex -5.57866 -2.20875 -1
      vertex -5.57866 2.20875 -1
      vertex -5.42896 2.55468 -1
    endloop
  endfacet
  facet normal 0 0 -1
    outer loop
      vertex -5.70634 -1.8541 -1
      vertex -5.57866 2.20875 -1
      vertex -5.57866 -2.20875 -1
    endloop
  endfacet
  facet normal 0 0 -1
    outer loop
      vertex -5.70634 -1.8541 -1
      vertex -5.70634 1.8541 -1
      vertex -5.57866 2.20875 -1
    endloop
  endfacet
  facet normal 0 0 -1
    outer loop
      vertex -5.8115 -1.49214 -1
      vertex -5.70634 1.8541 -1
      vertex -5.70634 -1.8541 -1
    endloop
  endfacet
  facet normal 0 0 -1
    outer loop
      vertex -5.8115 -1.49214 -1
      vertex -5.8115 1.49214 -1
      vertex -5.70634 1.8541 -1
    endloop
  endfacet
  facet normal 0 0 -1
    outer loop
      vertex -5.89372 -1.12429 -1
      vertex -5.8115 1.49214 -1
      vertex -5.8115 -1.49214 -1
    endloop
  endfacet
  facet normal 0 0 -1
    outer loop
      vertex -5.89372 -1.12429 -1
      vertex -5.89372 1.12429 -1
      vertex -5.8115 1.49214 -1
    endloop
  endfacet
  facet normal 0 0 -1
    outer loop
      vertex -5.95269 -0.751999 -1
      vertex -5.89372 1.12429 -1
      vertex -5.89372 -1.12429 -1
    endloop
  endfacet
  facet normal 0 0 -1
    outer loop
      vertex -5.95269 -0.751999 -1
      vertex -5.95269 0.751999 -1
      vertex -5.89372 1.12429 -1
    endloop
  endfacet
  facet normal 0 0 -1
    outer loop
      vertex -5.98816 -0.376742 -1
      vertex -5.95269 0.751999 -1
      vertex -5.95269 -0.751999 -1
    endloop
  endfacet
  facet normal 0 0 -1
    outer loop
      vertex -5.98816 -0.376742 -1
      vertex -5.98816 0.376742 -1
      vertex -5.95269 0.751999 -1
    endloop
  endfacet
  facet normal 0 -0 -1
    outer loop
      vertex -5.98816 0.376742 -1
      vertex -5.98816 -0.376742 -1
      vertex -6 0 -1
    endloop
  endfacet
  facet normal 0.860746 0.509035 0
    outer loop
      vertex 5.25784 2.89052 1
      vertex 5.06597 3.21496 -1
      vertex 5.06597 3.21496 1
    endloop
  endfacet
  facet normal 0.860746 0.509035 0
    outer loop
      vertex 5.06597 3.21496 -1
      vertex 5.25784 2.89052 1
      vertex 5.25784 2.89052 -1
    endloop
  endfacet
  facet normal 0.860746 -0.509035 0
    outer loop
      vertex 5.06597 -3.21496 1
      vertex 5.25784 -2.89052 -1
      vertex 5.25784 -2.89052 1
    endloop
  endfacet
  facet normal 0.860746 -0.509035 0
    outer loop
      vertex 5.25784 -2.89052 -1
      vertex 5.06597 -3.21496 1
      vertex 5.06597 -3.21496 -1
    endloop
  endfacet
  facet normal -0.790156 0.612906 0
    outer loop
      vertex -4.8541 3.52671 -1
      vertex -4.62308 3.82454 1
      vertex -4.62308 3.82454 -1
    endloop
  endfacet
  facet normal -0.790156 0.612906 0
    outer loop
      vertex -4.62308 3.82454 1
      vertex -4.8541 3.52671 -1
      vertex -4.8541 3.52671 1
    endloop
  endfacet
  facet normal -0.75011 -0.661314 0
    outer loop
      vertex -4.37381 -4.10728 -1
      vertex -4.62308 -3.82454 1
      vertex -4.62308 -3.82454 -1
    endloop
  endfacet
  facet normal -0.75011 -0.661314 0
    outer loop
      vertex -4.62308 -3.82454 1
      vertex -4.37381 -4.10728 -1
      vertex -4.37381 -4.10728 1
    endloop
  endfacet
  facet normal 0.661314 0.75011 -0
    outer loop
      vertex 4.10728 4.37381 -1
      vertex 3.82454 4.62308 1
      vertex 4.10728 4.37381 1
    endloop
  endfacet
  facet normal 0.661314 0.75011 0
    outer loop
      vertex 3.82454 4.62308 1
      vertex 4.10728 4.37381 -1
      vertex 3.82454 4.62308 -1
    endloop
  endfacet
  facet normal 0.338734 -0.940882 0
    outer loop
      vertex 1.8541 -5.70634 -1
      vertex 2.20875 -5.57866 1
      vertex 1.8541 -5.70634 1
    endloop
  endfacet
  facet normal 0.338734 -0.940882 0
    outer loop
      vertex 2.20875 -5.57866 1
      vertex 1.8541 -5.70634 -1
      vertex 2.20875 -5.57866 -1
    endloop
  endfacet
  facet normal 0.827075 0.562092 0
    outer loop
      vertex 5.06597 3.21496 1
      vertex 4.8541 3.52671 -1
      vertex 4.8541 3.52671 1
    endloop
  endfacet
  facet normal 0.827075 0.562092 0
    outer loop
      vertex 4.8541 3.52671 -1
      vertex 5.06597 3.21496 1
      vertex 5.06597 3.21496 -1
    endloop
  endfacet
  facet normal -0.612906 -0.790156 0
    outer loop
      vertex -3.82454 -4.62308 -1
      vertex -3.52671 -4.8541 1
      vertex -3.82454 -4.62308 1
    endloop
  endfacet
  facet normal -0.612906 -0.790156 -0
    outer loop
      vertex -3.52671 -4.8541 1
      vertex -3.82454 -4.62308 -1
      vertex -3.52671 -4.8541 -1
    endloop
  endfacet
  facet normal -0.562092 0.827075 0
    outer loop
      vertex -3.21496 5.06597 -1
      vertex -3.52671 4.8541 1
      vertex -3.21496 5.06597 1
    endloop
  endfacet
  facet normal -0.562092 0.827075 0
    outer loop
      vertex -3.52671 4.8541 1
      vertex -3.21496 5.06597 -1
      vertex -3.52671 4.8541 -1
    endloop
  endfacet
  facet normal 0 0 1
    outer loop
      vertex 4.5 0 1
      vertex 6 0 1
      vertex 5.98816 0.376742 1
    endloop
  endfacet
  facet normal 0 0 1
    outer loop
      vertex 4.49112 0.282557 1
      vertex 5.98816 0.376742 1
      vertex 5.95269 0.751999 1
    endloop
  endfacet
  facet normal 0 0 1
    outer loop
      vertex 6 0 1
      vertex 4.5 0 1
      vertex 5.98816 -0.376742 1
    endloop
  endfacet
  facet normal 0 0 1
    outer loop
      vertex 4.46452 0.563999 1
      vertex 5.95269 0.751999 1
      vertex 5.89372 1.12429 1
    endloop
  endfacet
  facet normal -0 0 1
    outer loop
      vertex 4.49112 -0.282557 1
      vertex 5.98816 -0.376742 1
      vertex 4.5 0 1
    endloop
  endfacet
  facet normal 0 0 1
    outer loop
      vertex 4.42029 0.843215 1
      vertex 5.89372 1.12429 1
      vertex 5.8115 1.49214 1
    endloop
  endfacet
  facet normal 0 0 1
    outer loop
      vertex 5.98816 -0.376742 1
      vertex 4.49112 -0.282557 1
      vertex 5.95269 -0.751999 1
    endloop
  endfacet
  facet normal 0 0 1
    outer loop
      vertex 4.35862 1.1191 1
      vertex 5.8115 1.49214 1
      vertex 5.70634 1.8541 1
    endloop
  endfacet
  facet normal -0 0 1
    outer loop
      vertex 4.46452 -0.563999 1
      vertex 5.95269 -0.751999 1
      vertex 4.49112 -0.282557 1
    endloop
  endfacet
  facet normal 0 0 1
    outer loop
      vertex 4.27975 1.39058 1
      vertex 5.70634 1.8541 1
      vertex 5.57866 2.20875 1
    endloop
  endfacet
  facet normal 0 0 1
    outer loop
      vertex 5.95269 -0.751999 1
      vertex 4.46452 -0.563999 1
      vertex 5.89372 -1.12429 1
    endloop
  endfacet
  facet normal 0 0 1
    outer loop
      vertex 4.18399 1.65656 1
      vertex 5.57866 2.20875 1
      vertex 5.42896 2.55468 1
    endloop
  endfacet
  facet normal -0 0 1
    outer loop
      vertex 4.42029 -0.843215 1
      vertex 5.89372 -1.12429 1
      vertex 4.46452 -0.563999 1
    endloop
  endfacet
  facet normal 0 0 1
    outer loop
      vertex 4.07172 1.91601 1
      vertex 5.42896 2.55468 1
      vertex 5.25784 2.89052 1
    endloop
  endfacet
  facet normal 0 0 1
    outer loop
      vertex 5.89372 -1.12429 1
      vertex 4.42029 -0.843215 1
      vertex 5.8115 -1.49214 1
    endloop
  endfacet
  facet normal 0 0 1
    outer loop
      vertex 3.94338 2.16789 1
      vertex 5.25784 2.89052 1
      vertex 5.06597 3.21496 1
    endloop
  endfacet
  facet normal -0 0 1
    outer loop
      vertex 4.35862 -1.1191 1
      vertex 5.8115 -1.49214 1
      vertex 4.42029 -0.843215 1
    endloop
  endfacet
  facet normal 0 0 1
    outer loop
      vertex 3.79947 2.41122 1
      vertex 5.06597 3.21496 1
      vertex 4.8541 3.52671 1
    endloop
  endfacet
  facet normal 0 0 1
    outer loop
      vertex 5.8115 -1.49214 1
      vertex 4.35862 -1.1191 1
      vertex 5.70634 -1.8541 1
    endloop
  endfacet
  facet normal 0 0 1
    outer loop
      vertex 3.64058 2.64503 1
      vertex 4.8541 3.52671 1
      vertex 4.62308 3.82454 1
    endloop
  endfacet
  facet normal -0 0 1
    outer loop
      vertex 4.27975 -1.39058 1
      vertex 5.70634 -1.8541 1
      vertex 4.35862 -1.1191 1
    endloop
  endfacet
  facet normal 0 0 1
    outer loop
      vertex 5.70634 -1.8541 1
      vertex 4.27975 -1.39058 1
      vertex 5.57866 -2.20875 1
    endloop
  endfacet
  facet normal 0 0 1
    outer loop
      vertex 5.98816 0.376742 1
      vertex 4.49112 0.282557 1
      vertex 4.5 0 1
    endloop
  endfacet
  facet normal 0 0 1
    outer loop
      vertex 5.95269 0.751999 1
      vertex 4.46452 0.563999 1
      vertex 4.49112 0.282557 1
    endloop
  endfacet
  facet normal 0 0 1
    outer loop
      vertex 5.89372 1.12429 1
      vertex 4.42029 0.843215 1
      vertex 4.46452 0.563999 1
    endloop
  endfacet
  facet normal 0 0 1
    outer loop
      vertex 3.46731 2.86841 1
      vertex 4.62308 3.82454 1
      vertex 4.37381 4.10728 1
    endloop
  endfacet
  facet normal 0 0 1
    outer loop
      vertex 5.8115 1.49214 1
      vertex 4.35862 1.1191 1
      vertex 4.42029 0.843215 1
    endloop
  endfacet
  facet normal 0 0 1
    outer loop
      vertex 5.70634 1.8541 1
      vertex 4.27975 1.39058 1
      vertex 4.35862 1.1191 1
    endloop
  endfacet
  facet normal 0 0 1
    outer loop
      vertex 5.57866 2.20875 1
      vertex 4.18399 1.65656 1
      vertex 4.27975 1.39058 1
    endloop
  endfacet
  facet normal 0 0 1
    outer loop
      vertex 3.28036 3.08046 1
      vertex 4.37381 4.10728 1
      vertex 4.10728 4.37381 1
    endloop
  endfacet
  facet normal 0 0 1
    outer loop
      vertex 5.42896 2.55468 1
      vertex 4.07172 1.91601 1
      vertex 4.18399 1.65656 1
    endloop
  endfacet
  facet normal 0 0 1
    outer loop
      vertex 5.25784 2.89052 1
      vertex 3.94338 2.16789 1
      vertex 4.07172 1.91601 1
    endloop
  endfacet
  facet normal 0 0 1
    outer loop
      vertex 3.08046 3.28036 1
      vertex 4.10728 4.37381 1
      vertex 3.82454 4.62308 1
    endloop
  endfacet
  facet normal 0 0 1
    outer loop
      vertex 5.06597 3.21496 1
      vertex 3.79947 2.41122 1
      vertex 3.94338 2.16789 1
    endloop
  endfacet
  facet normal 0 0 1
    outer loop
      vertex 4.8541 3.52671 1
      vertex 3.64058 2.64503 1
      vertex 3.79947 2.41122 1
    endloop
  endfacet
  facet normal 0 0 1
    outer loop
      vertex 2.86841 3.46731 1
      vertex 3.82454 4.62308 1
      vertex 3.52671 4.8541 1
    endloop
  endfacet
  facet normal 0 0 1
    outer loop
      vertex 4.62308 3.82454 1
      vertex 3.46731 2.86841 1
      vertex 3.64058 2.64503 1
    endloop
  endfacet
  facet normal 0 0 1
    outer loop
      vertex 4.37381 4.10728 1
      vertex 3.28036 3.08046 1
      vertex 3.46731 2.86841 1
    endloop
  endfacet
  facet normal 0 0 1
    outer loop
      vertex 2.64503 3.64058 1
      vertex 3.52671 4.8541 1
      vertex 3.21496 5.06597 1
    endloop
  endfacet
  facet normal 0 0 1
    outer loop
      vertex 4.10728 4.37381 1
      vertex 3.08046 3.28036 1
      vertex 3.28036 3.08046 1
    endloop
  endfacet
  facet normal 0 0 1
    outer loop
      vertex 2.41122 3.79947 1
      vertex 3.21496 5.06597 1
      vertex 2.89052 5.25784 1
    endloop
  endfacet
  facet normal 0 0 1
    outer loop
      vertex 3.82454 4.62308 1
      vertex 2.86841 3.46731 1
      vertex 3.08046 3.28036 1
    endloop
  endfacet
  facet normal 0 0 1
    outer loop
      vertex 3.52671 4.8541 1
      vertex 2.64503 3.64058 1
      vertex 2.86841 3.46731 1
    endloop
  endfacet
  facet normal 0 0 1
    outer loop
      vertex 2.16789 3.94338 1
      vertex 2.89052 5.25784 1
      vertex 2.55468 5.42896 1
    endloop
  endfacet
  facet normal 0 0 1
    outer loop
      vertex 3.21496 5.06597 1
      vertex 2.41122 3.79947 1
      vertex 2.64503 3.64058 1
    endloop
  endfacet
  facet normal 0 0 1
    outer loop
      vertex 1.91601 4.07172 1
      vertex 2.55468 5.42896 1
      vertex 2.20875 5.57866 1
    endloop
  endfacet
  facet normal 0 0 1
    outer loop
      vertex 2.89052 5.25784 1
      vertex 2.16789 3.94338 1
      vertex 2.41122 3.79947 1
    endloop
  endfacet
  facet normal 0 0 1
    outer loop
      vertex 2.55468 5.42896 1
      vertex 1.91601 4.07172 1
      vertex 2.16789 3.94338 1
    endloop
  endfacet
  facet normal 0 0 1
    outer loop
      vertex 1.65656 4.18399 1
      vertex 2.20875 5.57866 1
      vertex 1.8541 5.70634 1
    endloop
  endfacet
  facet normal 0 0 1
    outer loop
      vertex 2.20875 5.57866 1
      vertex 1.65656 4.18399 1
      vertex 1.91601 4.07172 1
    endloop
  endfacet
  facet normal 0 0 1
    outer loop
      vertex 1.39058 4.27975 1
      vertex 1.8541 5.70634 1
      vertex 1.49214 5.8115 1
    endloop
  endfacet
  facet normal 0 0 1
    outer loop
      vertex 1.8541 5.70634 1
      vertex 1.39058 4.27975 1
      vertex 1.65656 4.18399 1
    endloop
  endfacet
  facet normal 0 0 1
    outer loop
      vertex 1.1191 4.35862 1
      vertex 1.49214 5.8115 1
      vertex 1.12429 5.89372 1
    endloop
  endfacet
  facet normal 0 0 1
    outer loop
      vertex 1.49214 5.8115 1
      vertex 1.1191 4.35862 1
      vertex 1.39058 4.27975 1
    endloop
  endfacet
  facet normal 0 0 1
    outer loop
      vertex 1.12429 5.89372 1
      vertex 0.843215 4.42029 1
      vertex 1.1191 4.35862 1
    endloop
  endfacet
  facet normal 0 0 1
    outer loop
      vertex 0.751999 5.95269 1
      vertex 0.843215 4.42029 1
      vertex 1.12429 5.89372 1
    endloop
  endfacet
  facet normal 0 0 1
    outer loop
      vertex 0.751999 5.95269 1
      vertex 0.563999 4.46452 1
      vertex 0.843215 4.42029 1
    endloop
  endfacet
  facet normal 0 0 1
    outer loop
      vertex 0.376742 5.98816 1
      vertex 0.563999 4.46452 1
      vertex 0.751999 5.95269 1
    endloop
  endfacet
  facet normal 0 0 1
    outer loop
      vertex 0.376742 5.98816 1
      vertex 0.282557 4.49112 1
      vertex 0.563999 4.46452 1
    endloop
  endfacet
  facet normal 0 0 1
    outer loop
      vertex 0 6 1
      vertex 0.282557 4.49112 1
      vertex 0.376742 5.98816 1
    endloop
  endfacet
  facet normal 0 0 1
    outer loop
      vertex 0 6 1
      vertex 0 4.5 1
      vertex 0.282557 4.49112 1
    endloop
  endfacet
  facet normal 0 0 1
    outer loop
      vertex 0 6 1
      vertex -0.282557 4.49112 1
      vertex 0 4.5 1
    endloop
  endfacet
  facet normal -0 0 1
    outer loop
      vertex -0.376742 5.98816 1
      vertex -0.282557 4.49112 1
      vertex 0 6 1
    endloop
  endfacet
  facet normal 0 0 1
    outer loop
      vertex -0.376742 5.98816 1
      vertex -0.563999 4.46452 1
      vertex -0.282557 4.49112 1
    endloop
  endfacet
  facet normal -0 0 1
    outer loop
      vertex -0.751999 5.95269 1
      vertex -0.563999 4.46452 1
      vertex -0.376742 5.98816 1
    endloop
  endfacet
  facet normal 0 0 1
    outer loop
      vertex -0.751999 5.95269 1
      vertex -0.843215 4.42029 1
      vertex -0.563999 4.46452 1
    endloop
  endfacet
  facet normal -0 0 1
    outer loop
      vertex -1.12429 5.89372 1
      vertex -0.843215 4.42029 1
      vertex -0.751999 5.95269 1
    endloop
  endfacet
  facet normal 0 0 1
    outer loop
      vertex -0.843215 4.42029 1
      vertex -1.12429 5.89372 1
      vertex -1.1191 4.35862 1
    endloop
  endfacet
  facet normal -0 0 1
    outer loop
      vertex -1.49214 5.8115 1
      vertex -1.1191 4.35862 1
      vertex -1.12429 5.89372 1
    endloop
  endfacet
  facet normal 0 0 1
    outer loop
      vertex -1.1191 4.35862 1
      vertex -1.49214 5.8115 1
      vertex -1.39058 4.27975 1
    endloop
  endfacet
  facet normal -0 0 1
    outer loop
      vertex -1.8541 5.70634 1
      vertex -1.39058 4.27975 1
      vertex -1.49214 5.8115 1
    endloop
  endfacet
  facet normal 0 0 1
    outer loop
      vertex -1.39058 4.27975 1
      vertex -1.8541 5.70634 1
      vertex -1.65656 4.18399 1
    endloop
  endfacet
  facet normal -0 0 1
    outer loop
      vertex -2.20875 5.57866 1
      vertex -1.65656 4.18399 1
      vertex -1.8541 5.70634 1
    endloop
  endfacet
  facet normal 0 0 1
    outer loop
      vertex -1.65656 4.18399 1
      vertex -2.20875 5.57866 1
      vertex -1.91601 4.07172 1
    endloop
  endfacet
  facet normal -0 0 1
    outer loop
      vertex -2.55468 5.42896 1
      vertex -1.91601 4.07172 1
      vertex -2.20875 5.57866 1
    endloop
  endfacet
  facet normal 0 0 1
    outer loop
      vertex -1.91601 4.07172 1
      vertex -2.55468 5.42896 1
      vertex -2.16789 3.94338 1
    endloop
  endfacet
  facet normal -0 0 1
    outer loop
      vertex -2.89052 5.25784 1
      vertex -2.16789 3.94338 1
      vertex -2.55468 5.42896 1
    endloop
  endfacet
  facet normal 0 0 1
    outer loop
      vertex -2.16789 3.94338 1
      vertex -2.89052 5.25784 1
      vertex -2.41122 3.79947 1
    endloop
  endfacet
  facet normal -0 0 1
    outer loop
      vertex -3.21496 5.06597 1
      vertex -2.41122 3.79947 1
      vertex -2.89052 5.25784 1
    endloop
  endfacet
  facet normal 0 0 1
    outer loop
      vertex -2.41122 3.79947 1
      vertex -3.21496 5.06597 1
      vertex -2.64503 3.64058 1
    endloop
  endfacet
  facet normal -0 0 1
    outer loop
      vertex -3.52671 4.8541 1
      vertex -2.64503 3.64058 1
      vertex -3.21496 5.06597 1
    endloop
  endfacet
  facet normal 0 0 1
    outer loop
      vertex -2.64503 3.64058 1
      vertex -3.52671 4.8541 1
      vertex -2.86841 3.46731 1
    endloop
  endfacet
  facet normal -0 0 1
    outer loop
      vertex -3.82454 4.62308 1
      vertex -2.86841 3.46731 1
      vertex -3.52671 4.8541 1
    endloop
  endfacet
  facet normal 0 0 1
    outer loop
      vertex -2.86841 3.46731 1
      vertex -3.82454 4.62308 1
      vertex -3.08046 3.28036 1
    endloop
  endfacet
  facet normal -0 0 1
    outer loop
      vertex -4.10728 4.37381 1
      vertex -3.08046 3.28036 1
      vertex -3.82454 4.62308 1
    endloop
  endfacet
  facet normal 0 0 1
    outer loop
      vertex -3.08046 3.28036 1
      vertex -4.10728 4.37381 1
      vertex -3.28036 3.08046 1
    endloop
  endfacet
  facet normal -0 0 1
    outer loop
      vertex -4.37381 4.10728 1
      vertex -3.28036 3.08046 1
      vertex -4.10728 4.37381 1
    endloop
  endfacet
  facet normal 0 0 1
    outer loop
      vertex -3.28036 3.08046 1
      vertex -4.37381 4.10728 1
      vertex -3.46731 2.86841 1
    endloop
  endfacet
  facet normal -0 0 1
    outer loop
      vertex -4.62308 3.82454 1
      vertex -3.46731 2.86841 1
      vertex -4.37381 4.10728 1
    endloop
  endfacet
  facet normal 0 0 1
    outer loop
      vertex -3.46731 2.86841 1
      vertex -4.62308 3.82454 1
      vertex -3.64058 2.64503 1
    endloop
  endfacet
  facet normal -0 0 1
    outer loop
      vertex -4.8541 3.52671 1
      vertex -3.64058 2.64503 1
      vertex -4.62308 3.82454 1
    endloop
  endfacet
  facet normal 0 0 1
    outer loop
      vertex -3.64058 2.64503 1
      vertex -4.8541 3.52671 1
      vertex -3.79947 2.41122 1
    endloop
  endfacet
  facet normal -0 0 1
    outer loop
      vertex -5.06597 3.21496 1
      vertex -3.79947 2.41122 1
      vertex -4.8541 3.52671 1
    endloop
  endfacet
  facet normal 0 0 1
    outer loop
      vertex -3.79947 2.41122 1
      vertex -5.06597 3.21496 1
      vertex -3.94338 2.16789 1
    endloop
  endfacet
  facet normal -0 0 1
    outer loop
      vertex -5.25784 2.89052 1
      vertex -3.94338 2.16789 1
      vertex -5.06597 3.21496 1
    endloop
  endfacet
  facet normal 0 0 1
    outer loop
      vertex -3.94338 2.16789 1
      vertex -5.25784 2.89052 1
      vertex -4.07172 1.91601 1
    endloop
  endfacet
  facet normal -0 0 1
    outer loop
      vertex -5.42896 2.55468 1
      vertex -4.07172 1.91601 1
      vertex -5.25784 2.89052 1
    endloop
  endfacet
  facet normal 0 0 1
    outer loop
      vertex -4.07172 1.91601 1
      vertex -5.42896 2.55468 1
      vertex -4.18399 1.65656 1
    endloop
  endfacet
  facet normal -0 0 1
    outer loop
      vertex -5.57866 2.20875 1
      vertex -4.18399 1.65656 1
      vertex -5.42896 2.55468 1
    endloop
  endfacet
  facet normal 0 0 1
    outer loop
      vertex -4.18399 1.65656 1
      vertex -5.57866 2.20875 1
      vertex -4.27975 1.39058 1
    endloop
  endfacet
  facet normal -0 0 1
    outer loop
      vertex 4.18399 -1.65656 1
      vertex 5.57866 -2.20875 1
      vertex 4.27975 -1.39058 1
    endloop
  endfacet
  facet normal 0 0 1
    outer loop
      vertex 5.57866 -2.20875 1
      vertex 4.18399 -1.65656 1
      vertex 5.42896 -2.55468 1
    endloop
  endfacet
  facet normal -0 0 1
    outer loop
      vertex 4.07172 -1.91601 1
      vertex 5.42896 -2.55468 1
      vertex 4.18399 -1.65656 1
    endloop
  endfacet
  facet normal 0 0 1
    outer loop
      vertex 5.42896 -2.55468 1
      vertex 4.07172 -1.91601 1
      vertex 5.25784 -2.89052 1
    endloop
  endfacet
  facet normal -0 0 1
    outer loop
      vertex 3.94338 -2.16789 1
      vertex 5.25784 -2.89052 1
      vertex 4.07172 -1.91601 1
    endloop
  endfacet
  facet normal 0 0 1
    outer loop
      vertex 5.25784 -2.89052 1
      vertex 3.94338 -2.16789 1
      vertex 5.06597 -3.21496 1
    endloop
  endfacet
  facet normal -0 0 1
    outer loop
      vertex 3.79947 -2.41122 1
      vertex 5.06597 -3.21496 1
      vertex 3.94338 -2.16789 1
    endloop
  endfacet
  facet normal 0 0 1
    outer loop
      vertex 5.06597 -3.21496 1
      vertex 3.79947 -2.41122 1
      vertex 4.8541 -3.52671 1
    endloop
  endfacet
  facet normal -0 0 1
    outer loop
      vertex 3.64058 -2.64503 1
      vertex 4.8541 -3.52671 1
      vertex 3.79947 -2.41122 1
    endloop
  endfacet
  facet normal 0 0 1
    outer loop
      vertex 4.8541 -3.52671 1
      vertex 3.64058 -2.64503 1
      vertex 4.62308 -3.82454 1
    endloop
  endfacet
  facet normal -0 0 1
    outer loop
      vertex 3.46731 -2.86841 1
      vertex 4.62308 -3.82454 1
      vertex 3.64058 -2.64503 1
    endloop
  endfacet
  facet normal 0 0 1
    outer loop
      vertex 4.62308 -3.82454 1
      vertex 3.46731 -2.86841 1
      vertex 4.37381 -4.10728 1
    endloop
  endfacet
  facet normal -0 0 1
    outer loop
      vertex 3.28036 -3.08046 1
      vertex 4.37381 -4.10728 1
      vertex 3.46731 -2.86841 1
    endloop
  endfacet
  facet normal 0 0 1
    outer loop
      vertex 4.37381 -4.10728 1
      vertex 3.28036 -3.08046 1
      vertex 4.10728 -4.37381 1
    endloop
  endfacet
  facet normal -0 0 1
    outer loop
      vertex 3.08046 -3.28036 1
      vertex 4.10728 -4.37381 1
      vertex 3.28036 -3.08046 1
    endloop
  endfacet
  facet normal 0 0 1
    outer loop
      vertex 4.10728 -4.37381 1
      vertex 3.08046 -3.28036 1
      vertex 3.82454 -4.62308 1
    endloop
  endfacet
  facet normal -0 0 1
    outer loop
      vertex 2.86841 -3.46731 1
      vertex 3.82454 -4.62308 1
      vertex 3.08046 -3.28036 1
    endloop
  endfacet
  facet normal 0 0 1
    outer loop
      vertex 3.82454 -4.62308 1
      vertex 2.86841 -3.46731 1
      vertex 3.52671 -4.8541 1
    endloop
  endfacet
  facet normal -0 0 1
    outer loop
      vertex 2.64503 -3.64058 1
      vertex 3.52671 -4.8541 1
      vertex 2.86841 -3.46731 1
    endloop
  endfacet
  facet normal 0 0 1
    outer loop
      vertex 3.52671 -4.8541 1
      vertex 2.64503 -3.64058 1
      vertex 3.21496 -5.06597 1
    endloop
  endfacet
  facet normal -0 0 1
    outer loop
      vertex 2.41122 -3.79947 1
      vertex 3.21496 -5.06597 1
      vertex 2.64503 -3.64058 1
    endloop
  endfacet
  facet normal 0 0 1
    outer loop
      vertex 3.21496 -5.06597 1
      vertex 2.41122 -3.79947 1
      vertex 2.89052 -5.25784 1
    endloop
  endfacet
  facet normal -0 0 1
    outer loop
      vertex 2.16789 -3.94338 1
      vertex 2.89052 -5.25784 1
      vertex 2.41122 -3.79947 1
    endloop
  endfacet
  facet normal 0 0 1
    outer loop
      vertex 2.89052 -5.25784 1
      vertex 2.16789 -3.94338 1
      vertex 2.55468 -5.42896 1
    endloop
  endfacet
  facet normal -0 0 1
    outer loop
      vertex 1.91601 -4.07172 1
      vertex 2.55468 -5.42896 1
      vertex 2.16789 -3.94338 1
    endloop
  endfacet
  facet normal 0 0 1
    outer loop
      vertex 2.55468 -5.42896 1
      vertex 1.91601 -4.07172 1
      vertex 2.20875 -5.57866 1
    endloop
  endfacet
  facet normal -0 0 1
    outer loop
      vertex 1.65656 -4.18399 1
      vertex 2.20875 -5.57866 1
      vertex 1.91601 -4.07172 1
    endloop
  endfacet
  facet normal 0 0 1
    outer loop
      vertex 2.20875 -5.57866 1
      vertex 1.65656 -4.18399 1
      vertex 1.8541 -5.70634 1
    endloop
  endfacet
  facet normal -0 0 1
    outer loop
      vertex 1.39058 -4.27975 1
      vertex 1.8541 -5.70634 1
      vertex 1.65656 -4.18399 1
    endloop
  endfacet
  facet normal 0 0 1
    outer loop
      vertex 1.8541 -5.70634 1
      vertex 1.39058 -4.27975 1
      vertex 1.49214 -5.8115 1
    endloop
  endfacet
  facet normal -0 0 1
    outer loop
      vertex 1.1191 -4.35862 1
      vertex 1.49214 -5.8115 1
      vertex 1.39058 -4.27975 1
    endloop
  endfacet
  facet normal 0 0 1
    outer loop
      vertex 1.49214 -5.8115 1
      vertex 1.1191 -4.35862 1
      vertex 1.12429 -5.89372 1
    endloop
  endfacet
  facet normal -0 0 1
    outer loop
      vertex 0.843215 -4.42029 1
      vertex 1.12429 -5.89372 1
      vertex 1.1191 -4.35862 1
    endloop
  endfacet
  facet normal 0 0 1
    outer loop
      vertex 0.843215 -4.42029 1
      vertex 0.751999 -5.95269 1
      vertex 1.12429 -5.89372 1
    endloop
  endfacet
  facet normal -0 0 1
    outer loop
      vertex 0.563999 -4.46452 1
      vertex 0.751999 -5.95269 1
      vertex 0.843215 -4.42029 1
    endloop
  endfacet
  facet normal 0 0 1
    outer loop
      vertex 0.563999 -4.46452 1
      vertex 0.376742 -5.98816 1
      vertex 0.751999 -5.95269 1
    endloop
  endfacet
  facet normal -0 0 1
    outer loop
      vertex 0.282557 -4.49112 1
      vertex 0.376742 -5.98816 1
      vertex 0.563999 -4.46452 1
    endloop
  endfacet
  facet normal -0 0 1
    outer loop
      vertex 0 -4.5 1
      vertex 0.376742 -5.98816 1
      vertex 0.282557 -4.49112 1
    endloop
  endfacet
  facet normal 0 0 1
    outer loop
      vertex 0 -4.5 1
      vertex 0 -6 1
      vertex 0.376742 -5.98816 1
    endloop
  endfacet
  facet normal 0 0 1
    outer loop
      vertex -0.282557 -4.49112 1
      vertex 0 -6 1
      vertex 0 -4.5 1
    endloop
  endfacet
  facet normal 0 0 1
    outer loop
      vertex -0.282557 -4.49112 1
      vertex -0.376742 -5.98816 1
      vertex 0 -6 1
    endloop
  endfacet
  facet normal 0 0 1
    outer loop
      vertex -0.563999 -4.46452 1
      vertex -0.376742 -5.98816 1
      vertex -0.282557 -4.49112 1
    endloop
  endfacet
  facet normal 0 0 1
    outer loop
      vertex -0.563999 -4.46452 1
      vertex -0.751999 -5.95269 1
      vertex -0.376742 -5.98816 1
    endloop
  endfacet
  facet normal 0 0 1
    outer loop
      vertex -0.843215 -4.42029 1
      vertex -0.751999 -5.95269 1
      vertex -0.563999 -4.46452 1
    endloop
  endfacet
  facet normal 0 0 1
    outer loop
      vertex -1.12429 -5.89372 1
      vertex -0.843215 -4.42029 1
      vertex -1.1191 -4.35862 1
    endloop
  endfacet
  facet normal 0 0 1
    outer loop
      vertex -0.843215 -4.42029 1
      vertex -1.12429 -5.89372 1
      vertex -0.751999 -5.95269 1
    endloop
  endfacet
  facet normal 0 0 1
    outer loop
      vertex -1.49214 -5.8115 1
      vertex -1.1191 -4.35862 1
      vertex -1.39058 -4.27975 1
    endloop
  endfacet
  facet normal 0 0 1
    outer loop
      vertex -1.1191 -4.35862 1
      vertex -1.49214 -5.8115 1
      vertex -1.12429 -5.89372 1
    endloop
  endfacet
  facet normal 0 0 1
    outer loop
      vertex -1.8541 -5.70634 1
      vertex -1.39058 -4.27975 1
      vertex -1.65656 -4.18399 1
    endloop
  endfacet
  facet normal 0 0 1
    outer loop
      vertex -1.39058 -4.27975 1
      vertex -1.8541 -5.70634 1
      vertex -1.49214 -5.8115 1
    endloop
  endfacet
  facet normal 0 0 1
    outer loop
      vertex -2.20875 -5.57866 1
      vertex -1.65656 -4.18399 1
      vertex -1.91601 -4.07172 1
    endloop
  endfacet
  facet normal 0 0 1
    outer loop
      vertex -2.55468 -5.42896 1
      vertex -1.91601 -4.07172 1
      vertex -2.16789 -3.94338 1
    endloop
  endfacet
  facet normal 0 0 1
    outer loop
      vertex -1.65656 -4.18399 1
      vertex -2.20875 -5.57866 1
      vertex -1.8541 -5.70634 1
    endloop
  endfacet
  facet normal 0 0 1
    outer loop
      vertex -2.89052 -5.25784 1
      vertex -2.16789 -3.94338 1
      vertex -2.41122 -3.79947 1
    endloop
  endfacet
  facet normal 0 0 1
    outer loop
      vertex -1.91601 -4.07172 1
      vertex -2.55468 -5.42896 1
      vertex -2.20875 -5.57866 1
    endloop
  endfacet
  facet normal 0 0 1
    outer loop
      vertex -3.21496 -5.06597 1
      vertex -2.41122 -3.79947 1
      vertex -2.64503 -3.64058 1
    endloop
  endfacet
  facet normal 0 0 1
    outer loop
      vertex -3.52671 -4.8541 1
      vertex -2.64503 -3.64058 1
      vertex -2.86841 -3.46731 1
    endloop
  endfacet
  facet normal 0 0 1
    outer loop
      vertex -2.16789 -3.94338 1
      vertex -2.89052 -5.25784 1
      vertex -2.55468 -5.42896 1
    endloop
  endfacet
  facet normal 0 0 1
    outer loop
      vertex -3.82454 -4.62308 1
      vertex -2.86841 -3.46731 1
      vertex -3.08046 -3.28036 1
    endloop
  endfacet
  facet normal 0 0 1
    outer loop
      vertex -2.41122 -3.79947 1
      vertex -3.21496 -5.06597 1
      vertex -2.89052 -5.25784 1
    endloop
  endfacet
  facet normal 0 0 1
    outer loop
      vertex -4.10728 -4.37381 1
      vertex -3.08046 -3.28036 1
      vertex -3.28036 -3.08046 1
    endloop
  endfacet
  facet normal 0 0 1
    outer loop
      vertex -4.37381 -4.10728 1
      vertex -3.28036 -3.08046 1
      vertex -3.46731 -2.86841 1
    endloop
  endfacet
  facet normal 0 0 1
    outer loop
      vertex -2.64503 -3.64058 1
      vertex -3.52671 -4.8541 1
      vertex -3.21496 -5.06597 1
    endloop
  endfacet
  facet normal 0 0 1
    outer loop
      vertex -4.62308 -3.82454 1
      vertex -3.46731 -2.86841 1
      vertex -3.64058 -2.64503 1
    endloop
  endfacet
  facet normal 0 0 1
    outer loop
      vertex -4.8541 -3.52671 1
      vertex -3.64058 -2.64503 1
      vertex -3.79947 -2.41122 1
    endloop
  endfacet
  facet normal 0 0 1
    outer loop
      vertex -2.86841 -3.46731 1
      vertex -3.82454 -4.62308 1
      vertex -3.52671 -4.8541 1
    endloop
  endfacet
  facet normal 0 0 1
    outer loop
      vertex -5.06597 -3.21496 1
      vertex -3.79947 -2.41122 1
      vertex -3.94338 -2.16789 1
    endloop
  endfacet
  facet normal 0 0 1
    outer loop
      vertex -5.25784 -2.89052 1
      vertex -3.94338 -2.16789 1
      vertex -4.07172 -1.91601 1
    endloop
  endfacet
  facet normal 0 0 1
    outer loop
      vertex -3.08046 -3.28036 1
      vertex -4.10728 -4.37381 1
      vertex -3.82454 -4.62308 1
    endloop
  endfacet
  facet normal 0 0 1
    outer loop
      vertex -5.42896 -2.55468 1
      vertex -4.07172 -1.91601 1
      vertex -4.18399 -1.65656 1
    endloop
  endfacet
  facet normal 0 0 1
    outer loop
      vertex -5.57866 -2.20875 1
      vertex -4.18399 -1.65656 1
      vertex -4.27975 -1.39058 1
    endloop
  endfacet
  facet normal 0 0 1
    outer loop
      vertex -5.70634 -1.8541 1
      vertex -4.27975 -1.39058 1
      vertex -4.35862 -1.1191 1
    endloop
  endfacet
  facet normal 0 0 1
    outer loop
      vertex -3.28036 -3.08046 1
      vertex -4.37381 -4.10728 1
      vertex -4.10728 -4.37381 1
    endloop
  endfacet
  facet normal 0 0 1
    outer loop
      vertex -5.8115 -1.49214 1
      vertex -4.35862 -1.1191 1
      vertex -4.42029 -0.843215 1
    endloop
  endfacet
  facet normal 0 0 1
    outer loop
      vertex -5.89372 -1.12429 1
      vertex -4.42029 -0.843215 1
      vertex -4.46452 -0.563999 1
    endloop
  endfacet
  facet normal 0 0 1
    outer loop
      vertex -5.95269 -0.751999 1
      vertex -4.46452 -0.563999 1
      vertex -4.49112 -0.282557 1
    endloop
  endfacet
  facet normal 0 0 1
    outer loop
      vertex -5.98816 -0.376742 1
      vertex -4.49112 -0.282557 1
      vertex -4.5 0 1
    endloop
  endfacet
  facet normal -0 0 1
    outer loop
      vertex -5.70634 1.8541 1
      vertex -4.27975 1.39058 1
      vertex -5.57866 2.20875 1
    endloop
  endfacet
  facet normal 0 0 1
    outer loop
      vertex -3.46731 -2.86841 1
      vertex -4.62308 -3.82454 1
      vertex -4.37381 -4.10728 1
    endloop
  endfacet
  facet normal 0 0 1
    outer loop
      vertex -4.27975 1.39058 1
      vertex -5.70634 1.8541 1
      vertex -4.35862 1.1191 1
    endloop
  endfacet
  facet normal 0 0 1
    outer loop
      vertex -3.64058 -2.64503 1
      vertex -4.8541 -3.52671 1
      vertex -4.62308 -3.82454 1
    endloop
  endfacet
  facet normal -0 0 1
    outer loop
      vertex -5.8115 1.49214 1
      vertex -4.35862 1.1191 1
      vertex -5.70634 1.8541 1
    endloop
  endfacet
  facet normal 0 0 1
    outer loop
      vertex -3.79947 -2.41122 1
      vertex -5.06597 -3.21496 1
      vertex -4.8541 -3.52671 1
    endloop
  endfacet
  facet normal 0 0 1
    outer loop
      vertex -4.35862 1.1191 1
      vertex -5.8115 1.49214 1
      vertex -4.42029 0.843215 1
    endloop
  endfacet
  facet normal 0 0 1
    outer loop
      vertex -3.94338 -2.16789 1
      vertex -5.25784 -2.89052 1
      vertex -5.06597 -3.21496 1
    endloop
  endfacet
  facet normal -0 0 1
    outer loop
      vertex -5.89372 1.12429 1
      vertex -4.42029 0.843215 1
      vertex -5.8115 1.49214 1
    endloop
  endfacet
  facet normal 0 0 1
    outer loop
      vertex -4.07172 -1.91601 1
      vertex -5.42896 -2.55468 1
      vertex -5.25784 -2.89052 1
    endloop
  endfacet
  facet normal 0 0 1
    outer loop
      vertex -4.42029 0.843215 1
      vertex -5.89372 1.12429 1
      vertex -4.46452 0.563999 1
    endloop
  endfacet
  facet normal 0 0 1
    outer loop
      vertex -4.18399 -1.65656 1
      vertex -5.57866 -2.20875 1
      vertex -5.42896 -2.55468 1
    endloop
  endfacet
  facet normal -0 0 1
    outer loop
      vertex -5.95269 0.751999 1
      vertex -4.46452 0.563999 1
      vertex -5.89372 1.12429 1
    endloop
  endfacet
  facet normal 0 0 1
    outer loop
      vertex -4.27975 -1.39058 1
      vertex -5.70634 -1.8541 1
      vertex -5.57866 -2.20875 1
    endloop
  endfacet
  facet normal 0 0 1
    outer loop
      vertex -4.46452 0.563999 1
      vertex -5.95269 0.751999 1
      vertex -4.49112 0.282557 1
    endloop
  endfacet
  facet normal 0 0 1
    outer loop
      vertex -4.35862 -1.1191 1
      vertex -5.8115 -1.49214 1
      vertex -5.70634 -1.8541 1
    endloop
  endfacet
  facet normal -0 0 1
    outer loop
      vertex -5.98816 0.376742 1
      vertex -4.49112 0.282557 1
      vertex -5.95269 0.751999 1
    endloop
  endfacet
  facet normal 0 0 1
    outer loop
      vertex -4.42029 -0.843215 1
      vertex -5.89372 -1.12429 1
      vertex -5.8115 -1.49214 1
    endloop
  endfacet
  facet normal 0 0 1
    outer loop
      vertex -4.49112 0.282557 1
      vertex -5.98816 0.376742 1
      vertex -4.5 0 1
    endloop
  endfacet
  facet normal 0 0 1
    outer loop
      vertex -4.46452 -0.563999 1
      vertex -5.95269 -0.751999 1
      vertex -5.89372 -1.12429 1
    endloop
  endfacet
  facet normal 0 0 1
    outer loop
      vertex -6 0 1
      vertex -4.5 0 1
      vertex -5.98816 0.376742 1
    endloop
  endfacet
  facet normal 0 0 1
    outer loop
      vertex -4.49112 -0.282557 1
      vertex -5.98816 -0.376742 1
      vertex -5.95269 -0.751999 1
    endloop
  endfacet
  facet normal 0 0 1
    outer loop
      vertex -4.5 0 1
      vertex -6 0 1
      vertex -5.98816 -0.376742 1
    endloop
  endfacet
  facet normal 0.218133 -0.975919 0
    outer loop
      vertex 1.12429 -5.89372 -1
      vertex 1.49214 -5.8115 1
      vertex 1.12429 -5.89372 1
    endloop
  endfacet
  facet normal 0.218133 -0.975919 0
    outer loop
      vertex 1.49214 -5.8115 1
      vertex 1.12429 -5.89372 -1
      vertex 1.49214 -5.8115 -1
    endloop
  endfacet
  facet normal -0.0941024 0.995563 0
    outer loop
      vertex -0.376742 5.98816 -1
      vertex -0.751999 5.95269 1
      vertex -0.376742 5.98816 1
    endloop
  endfacet
  facet normal -0.0941024 0.995563 0
    outer loop
      vertex -0.751999 5.95269 1
      vertex -0.376742 5.98816 -1
      vertex -0.751999 5.95269 -1
    endloop
  endfacet
  facet normal 0.562092 0.827075 -0
    outer loop
      vertex 3.52671 4.8541 -1
      vertex 3.21496 5.06597 1
      vertex 3.52671 4.8541 1
    endloop
  endfacet
  facet normal 0.562092 0.827075 0
    outer loop
      vertex 3.21496 5.06597 1
      vertex 3.52671 4.8541 -1
      vertex 3.21496 5.06597 -1
    endloop
  endfacet
  facet normal 0.891005 0.453993 0
    outer loop
      vertex 5.42896 2.55468 1
      vertex 5.25784 2.89052 -1
      vertex 5.25784 2.89052 1
    endloop
  endfacet
  facet normal 0.891005 0.453993 0
    outer loop
      vertex 5.25784 2.89052 -1
      vertex 5.42896 2.55468 1
      vertex 5.42896 2.55468 -1
    endloop
  endfacet
  facet normal -0.707107 0.707107 0
    outer loop
      vertex -4.37381 4.10728 -1
      vertex -4.10728 4.37381 1
      vertex -4.10728 4.37381 -1
    endloop
  endfacet
  facet normal -0.707107 0.707107 0
    outer loop
      vertex -4.10728 4.37381 1
      vertex -4.37381 4.10728 -1
      vertex -4.37381 4.10728 1
    endloop
  endfacet
  facet normal -0.278993 0.960293 0
    outer loop
      vertex -1.49214 5.8115 -1
      vertex -1.8541 5.70634 1
      vertex -1.49214 5.8115 1
    endloop
  endfacet
  facet normal -0.278993 0.960293 0
    outer loop
      vertex -1.8541 5.70634 1
      vertex -1.49214 5.8115 -1
      vertex -1.8541 5.70634 -1
    endloop
  endfacet
  facet normal 0.509035 -0.860746 0
    outer loop
      vertex 2.89052 -5.25784 -1
      vertex 3.21496 -5.06597 1
      vertex 2.89052 -5.25784 1
    endloop
  endfacet
  facet normal 0.509035 -0.860746 0
    outer loop
      vertex 3.21496 -5.06597 1
      vertex 2.89052 -5.25784 -1
      vertex 3.21496 -5.06597 -1
    endloop
  endfacet
  facet normal -0.397154 0.917752 0
    outer loop
      vertex -2.20875 5.57866 -1
      vertex -2.55468 5.42896 1
      vertex -2.20875 5.57866 1
    endloop
  endfacet
  facet normal -0.397154 0.917752 0
    outer loop
      vertex -2.55468 5.42896 1
      vertex -2.20875 5.57866 -1
      vertex -2.55468 5.42896 -1
    endloop
  endfacet
  facet normal -0.218133 0.975919 0
    outer loop
      vertex -1.12429 5.89372 -1
      vertex -1.49214 5.8115 1
      vertex -1.12429 5.89372 1
    endloop
  endfacet
  facet normal -0.218133 0.975919 0
    outer loop
      vertex -1.49214 5.8115 1
      vertex -1.12429 5.89372 -1
      vertex -1.49214 5.8115 -1
    endloop
  endfacet
  facet normal -0.940882 0.338734 0
    outer loop
      vertex -5.70634 1.8541 -1
      vertex -5.57866 2.20875 1
      vertex -5.57866 2.20875 -1
    endloop
  endfacet
  facet normal -0.940882 0.338734 0
    outer loop
      vertex -5.57866 2.20875 1
      vertex -5.70634 1.8541 -1
      vertex -5.70634 1.8541 1
    endloop
  endfacet
  facet normal 0.707107 0.707107 0
    outer loop
      vertex 4.37381 4.10728 1
      vertex 4.10728 4.37381 -1
      vertex 4.10728 4.37381 1
    endloop
  endfacet
  facet normal 0.707107 0.707107 0
    outer loop
      vertex 4.10728 4.37381 -1
      vertex 4.37381 4.10728 1
      vertex 4.37381 4.10728 -1
    endloop
  endfacet
  facet normal -0.156447 -0.987686 0
    outer loop
      vertex -1.12429 -5.89372 -1
      vertex -0.751999 -5.95269 1
      vertex -1.12429 -5.89372 1
    endloop
  endfacet
  facet normal -0.156447 -0.987686 -0
    outer loop
      vertex -0.751999 -5.95269 1
      vertex -1.12429 -5.89372 -1
      vertex -0.751999 -5.95269 -1
    endloop
  endfacet
  facet normal -0.987686 0.156447 0
    outer loop
      vertex -5.95269 0.751999 -1
      vertex -5.89372 1.12429 1
      vertex -5.89372 1.12429 -1
    endloop
  endfacet
  facet normal -0.987686 0.156447 0
    outer loop
      vertex -5.89372 1.12429 1
      vertex -5.95269 0.751999 -1
      vertex -5.95269 0.751999 1
    endloop
  endfacet
  facet normal 0.960293 0.278993 0
    outer loop
      vertex 5.8115 1.49214 1
      vertex 5.70634 1.8541 -1
      vertex 5.70634 1.8541 1
    endloop
  endfacet
  facet normal 0.960293 0.278993 0
    outer loop
      vertex 5.70634 1.8541 -1
      vertex 5.8115 1.49214 1
      vertex 5.8115 1.49214 -1
    endloop
  endfacet
  facet normal -0.975919 0.218133 0
    outer loop
      vertex -5.89372 1.12429 -1
      vertex -5.8115 1.49214 1
      vertex -5.8115 1.49214 -1
    endloop
  endfacet
  facet normal -0.975919 0.218133 0
    outer loop
      vertex -5.8115 1.49214 1
      vertex -5.89372 1.12429 -1
      vertex -5.89372 1.12429 1
    endloop
  endfacet
  facet normal -0.397154 -0.917752 0
    outer loop
      vertex -2.55468 -5.42896 -1
      vertex -2.20875 -5.57866 1
      vertex -2.55468 -5.42896 1
    endloop
  endfacet
  facet normal -0.397154 -0.917752 -0
    outer loop
      vertex -2.20875 -5.57866 1
      vertex -2.55468 -5.42896 -1
      vertex -2.20875 -5.57866 -1
    endloop
  endfacet
  facet normal -0.860746 -0.509035 0
    outer loop
      vertex -5.06597 -3.21496 -1
      vertex -5.25784 -2.89052 1
      vertex -5.25784 -2.89052 -1
    endloop
  endfacet
  facet normal -0.860746 -0.509035 0
    outer loop
      vertex -5.25784 -2.89052 1
      vertex -5.06597 -3.21496 -1
      vertex -5.06597 -3.21496 1
    endloop
  endfacet
  facet normal 0.707107 -0.707107 0
    outer loop
      vertex 4.10728 -4.37381 1
      vertex 4.37381 -4.10728 -1
      vertex 4.37381 -4.10728 1
    endloop
  endfacet
  facet normal 0.707107 -0.707107 0
    outer loop
      vertex 4.37381 -4.10728 -1
      vertex 4.10728 -4.37381 1
      vertex 4.10728 -4.37381 -1
    endloop
  endfacet
  facet normal 0.75011 0.661314 0
    outer loop
      vertex 4.62308 3.82454 1
      vertex 4.37381 4.10728 -1
      vertex 4.37381 4.10728 1
    endloop
  endfacet
  facet normal 0.75011 0.661314 0
    outer loop
      vertex 4.37381 4.10728 -1
      vertex 4.62308 3.82454 1
      vertex 4.62308 3.82454 -1
    endloop
  endfacet
  facet normal 0.661314 -0.75011 0
    outer loop
      vertex 3.82454 -4.62308 -1
      vertex 4.10728 -4.37381 1
      vertex 3.82454 -4.62308 1
    endloop
  endfacet
  facet normal 0.661314 -0.75011 0
    outer loop
      vertex 4.10728 -4.37381 1
      vertex 3.82454 -4.62308 -1
      vertex 4.10728 -4.37381 -1
    endloop
  endfacet
  facet normal 0.278993 -0.960293 0
    outer loop
      vertex 1.49214 -5.8115 -1
      vertex 1.8541 -5.70634 1
      vertex 1.49214 -5.8115 1
    endloop
  endfacet
  facet normal 0.278993 -0.960293 0
    outer loop
      vertex 1.8541 -5.70634 1
      vertex 1.49214 -5.8115 -1
      vertex 1.8541 -5.70634 -1
    endloop
  endfacet
  facet normal -0.562092 -0.827075 0
    outer loop
      vertex -3.52671 -4.8541 -1
      vertex -3.21496 -5.06597 1
      vertex -3.52671 -4.8541 1
    endloop
  endfacet
  facet normal -0.562092 -0.827075 -0
    outer loop
      vertex -3.21496 -5.06597 1
      vertex -3.52671 -4.8541 -1
      vertex -3.21496 -5.06597 -1
    endloop
  endfacet
  facet normal 0.453993 -0.891005 0
    outer loop
      vertex 2.55468 -5.42896 -1
      vertex 2.89052 -5.25784 1
      vertex 2.55468 -5.42896 1
    endloop
  endfacet
  facet normal 0.453993 -0.891005 0
    outer loop
      vertex 2.89052 -5.25784 1
      vertex 2.55468 -5.42896 -1
      vertex 2.89052 -5.25784 -1
    endloop
  endfacet
  facet normal 0.0941024 0.995563 -0
    outer loop
      vertex 0.751999 5.95269 -1
      vertex 0.376742 5.98816 1
      vertex 0.751999 5.95269 1
    endloop
  endfacet
  facet normal 0.0941024 0.995563 0
    outer loop
      vertex 0.376742 5.98816 1
      vertex 0.751999 5.95269 -1
      vertex 0.376742 5.98816 -1
    endloop
  endfacet
  facet normal -0.338734 0.940882 0
    outer loop
      vertex -1.8541 5.70634 -1
      vertex -2.20875 5.57866 1
      vertex -1.8541 5.70634 1
    endloop
  endfacet
  facet normal -0.338734 0.940882 0
    outer loop
      vertex -2.20875 5.57866 1
      vertex -1.8541 5.70634 -1
      vertex -2.20875 5.57866 -1
    endloop
  endfacet
  facet normal 0.612906 0.790156 -0
    outer loop
      vertex 3.82454 4.62308 -1
      vertex 3.52671 4.8541 1
      vertex 3.82454 4.62308 1
    endloop
  endfacet
  facet normal 0.612906 0.790156 0
    outer loop
      vertex 3.52671 4.8541 1
      vertex 3.82454 4.62308 -1
      vertex 3.52671 4.8541 -1
    endloop
  endfacet
  facet normal 0.562092 -0.827075 0
    outer loop
      vertex 3.21496 -5.06597 -1
      vertex 3.52671 -4.8541 1
      vertex 3.21496 -5.06597 1
    endloop
  endfacet
  facet normal 0.562092 -0.827075 0
    outer loop
      vertex 3.52671 -4.8541 1
      vertex 3.21496 -5.06597 -1
      vertex 3.52671 -4.8541 -1
    endloop
  endfacet
  facet normal -0.0314118 0.999507 0
    outer loop
      vertex 0 6 -1
      vertex -0.376742 5.98816 1
      vertex 0 6 1
    endloop
  endfacet
  facet normal -0.0314118 0.999507 0
    outer loop
      vertex -0.376742 5.98816 1
      vertex 0 6 -1
      vertex -0.376742 5.98816 -1
    endloop
  endfacet
  facet normal 0.999507 -0.0314118 0
    outer loop
      vertex 5.98816 -0.376742 1
      vertex 6 0 -1
      vertex 6 0 1
    endloop
  endfacet
  facet normal 0.999507 -0.0314118 0
    outer loop
      vertex 6 0 -1
      vertex 5.98816 -0.376742 1
      vertex 5.98816 -0.376742 -1
    endloop
  endfacet
  facet normal 0.397154 0.917752 -0
    outer loop
      vertex 2.55468 5.42896 -1
      vertex 2.20875 5.57866 1
      vertex 2.55468 5.42896 1
    endloop
  endfacet
  facet normal 0.397154 0.917752 0
    outer loop
      vertex 2.20875 5.57866 1
      vertex 2.55468 5.42896 -1
      vertex 2.20875 5.57866 -1
    endloop
  endfacet
  facet normal 0.453993 0.891005 -0
    outer loop
      vertex 2.89052 5.25784 -1
      vertex 2.55468 5.42896 1
      vertex 2.89052 5.25784 1
    endloop
  endfacet
  facet normal 0.453993 0.891005 0
    outer loop
      vertex 2.55468 5.42896 1
      vertex 2.89052 5.25784 -1
      vertex 2.55468 5.42896 -1
    endloop
  endfacet
  facet normal -0.661314 -0.75011 0
    outer loop
      vertex -4.10728 -4.37381 -1
      vertex -3.82454 -4.62308 1
      vertex -4.10728 -4.37381 1
    endloop
  endfacet
  facet normal -0.661314 -0.75011 -0
    outer loop
      vertex -3.82454 -4.62308 1
      vertex -4.10728 -4.37381 -1
      vertex -3.82454 -4.62308 -1
    endloop
  endfacet
  facet normal 0.75011 -0.661314 0
    outer loop
      vertex 4.37381 -4.10728 1
      vertex 4.62308 -3.82454 -1
      vertex 4.62308 -3.82454 1
    endloop
  endfacet
  facet normal 0.75011 -0.661314 0
    outer loop
      vertex 4.62308 -3.82454 -1
      vertex 4.37381 -4.10728 1
      vertex 4.37381 -4.10728 -1
    endloop
  endfacet
  facet normal 0.917752 -0.397154 0
    outer loop
      vertex 5.42896 -2.55468 1
      vertex 5.57866 -2.20875 -1
      vertex 5.57866 -2.20875 1
    endloop
  endfacet
  facet normal 0.917752 -0.397154 0
    outer loop
      vertex 5.57866 -2.20875 -1
      vertex 5.42896 -2.55468 1
      vertex 5.42896 -2.55468 -1
    endloop
  endfacet
  facet normal 0.338734 0.940882 -0
    outer loop
      vertex 2.20875 5.57866 -1
      vertex 1.8541 5.70634 1
      vertex 2.20875 5.57866 1
    endloop
  endfacet
  facet normal 0.338734 0.940882 0
    outer loop
      vertex 1.8541 5.70634 1
      vertex 2.20875 5.57866 -1
      vertex 1.8541 5.70634 -1
    endloop
  endfacet
  facet normal -0.0314118 -0.999507 0
    outer loop
      vertex -0.376742 -5.98816 -1
      vertex 0 -6 1
      vertex -0.376742 -5.98816 1
    endloop
  endfacet
  facet normal -0.0314118 -0.999507 -0
    outer loop
      vertex 0 -6 1
      vertex -0.376742 -5.98816 -1
      vertex 0 -6 -1
    endloop
  endfacet
  facet normal 0.891005 -0.453993 0
    outer loop
      vertex 5.25784 -2.89052 1
      vertex 5.42896 -2.55468 -1
      vertex 5.42896 -2.55468 1
    endloop
  endfacet
  facet normal 0.891005 -0.453993 0
    outer loop
      vertex 5.42896 -2.55468 -1
      vertex 5.25784 -2.89052 1
      vertex 5.25784 -2.89052 -1
    endloop
  endfacet
  facet normal 0.940882 -0.338734 0
    outer loop
      vertex 5.57866 -2.20875 1
      vertex 5.70634 -1.8541 -1
      vertex 5.70634 -1.8541 1
    endloop
  endfacet
  facet normal 0.940882 -0.338734 0
    outer loop
      vertex 5.70634 -1.8541 -1
      vertex 5.57866 -2.20875 1
      vertex 5.57866 -2.20875 -1
    endloop
  endfacet
  facet normal -0.453993 0.891005 0
    outer loop
      vertex -2.55468 5.42896 -1
      vertex -2.89052 5.25784 1
      vertex -2.55468 5.42896 1
    endloop
  endfacet
  facet normal -0.453993 0.891005 0
    outer loop
      vertex -2.89052 5.25784 1
      vertex -2.55468 5.42896 -1
      vertex -2.89052 5.25784 -1
    endloop
  endfacet
  facet normal -0.509035 0.860746 0
    outer loop
      vertex -2.89052 5.25784 -1
      vertex -3.21496 5.06597 1
      vertex -2.89052 5.25784 1
    endloop
  endfacet
  facet normal -0.509035 0.860746 0
    outer loop
      vertex -3.21496 5.06597 1
      vertex -2.89052 5.25784 -1
      vertex -3.21496 5.06597 -1
    endloop
  endfacet
  facet normal 0.397154 -0.917752 0
    outer loop
      vertex 2.20875 -5.57866 -1
      vertex 2.55468 -5.42896 1
      vertex 2.20875 -5.57866 1
    endloop
  endfacet
  facet normal 0.397154 -0.917752 0
    outer loop
      vertex 2.55468 -5.42896 1
      vertex 2.20875 -5.57866 -1
      vertex 2.55468 -5.42896 -1
    endloop
  endfacet
  facet normal -0.156447 0.987686 0
    outer loop
      vertex -0.751999 5.95269 -1
      vertex -1.12429 5.89372 1
      vertex -0.751999 5.95269 1
    endloop
  endfacet
  facet normal -0.156447 0.987686 0
    outer loop
      vertex -1.12429 5.89372 1
      vertex -0.751999 5.95269 -1
      vertex -1.12429 5.89372 -1
    endloop
  endfacet
  facet normal 0.960293 -0.278993 0
    outer loop
      vertex 5.70634 -1.8541 1
      vertex 5.8115 -1.49214 -1
      vertex 5.8115 -1.49214 1
    endloop
  endfacet
  facet normal 0.960293 -0.278993 0
    outer loop
      vertex 5.8115 -1.49214 -1
      vertex 5.70634 -1.8541 1
      vertex 5.70634 -1.8541 -1
    endloop
  endfacet
  facet normal 0.156447 0.987686 -0
    outer loop
      vertex 1.12429 5.89372 -1
      vertex 0.751999 5.95269 1
      vertex 1.12429 5.89372 1
    endloop
  endfacet
  facet normal 0.156447 0.987686 0
    outer loop
      vertex 0.751999 5.95269 1
      vertex 1.12429 5.89372 -1
      vertex 0.751999 5.95269 -1
    endloop
  endfacet
  facet normal -0.338734 -0.940882 0
    outer loop
      vertex -2.20875 -5.57866 -1
      vertex -1.8541 -5.70634 1
      vertex -2.20875 -5.57866 1
    endloop
  endfacet
  facet normal -0.338734 -0.940882 -0
    outer loop
      vertex -1.8541 -5.70634 1
      vertex -2.20875 -5.57866 -1
      vertex -1.8541 -5.70634 -1
    endloop
  endfacet
  facet normal -0.707107 -0.707107 0
    outer loop
      vertex -4.10728 -4.37381 -1
      vertex -4.37381 -4.10728 1
      vertex -4.37381 -4.10728 -1
    endloop
  endfacet
  facet normal -0.707107 -0.707107 0
    outer loop
      vertex -4.37381 -4.10728 1
      vertex -4.10728 -4.37381 -1
      vertex -4.10728 -4.37381 1
    endloop
  endfacet
  facet normal 0.156447 -0.987686 0
    outer loop
      vertex 0.751999 -5.95269 -1
      vertex 1.12429 -5.89372 1
      vertex 0.751999 -5.95269 1
    endloop
  endfacet
  facet normal 0.156447 -0.987686 0
    outer loop
      vertex 1.12429 -5.89372 1
      vertex 0.751999 -5.95269 -1
      vertex 1.12429 -5.89372 -1
    endloop
  endfacet
  facet normal -0.987686 -0.156447 0
    outer loop
      vertex -5.89372 -1.12429 -1
      vertex -5.95269 -0.751999 1
      vertex -5.95269 -0.751999 -1
    endloop
  endfacet
  facet normal -0.987686 -0.156447 0
    outer loop
      vertex -5.95269 -0.751999 1
      vertex -5.89372 -1.12429 -1
      vertex -5.89372 -1.12429 1
    endloop
  endfacet
  facet normal -0.612906 0.790156 0
    outer loop
      vertex -3.52671 4.8541 -1
      vertex -3.82454 4.62308 1
      vertex -3.52671 4.8541 1
    endloop
  endfacet
  facet normal -0.612906 0.790156 0
    outer loop
      vertex -3.82454 4.62308 1
      vertex -3.52671 4.8541 -1
      vertex -3.82454 4.62308 -1
    endloop
  endfacet
  facet normal -0.917752 -0.397154 0
    outer loop
      vertex -5.42896 -2.55468 -1
      vertex -5.57866 -2.20875 1
      vertex -5.57866 -2.20875 -1
    endloop
  endfacet
  facet normal -0.917752 -0.397154 0
    outer loop
      vertex -5.57866 -2.20875 1
      vertex -5.42896 -2.55468 -1
      vertex -5.42896 -2.55468 1
    endloop
  endfacet
  facet normal -0.917752 0.397154 0
    outer loop
      vertex -5.57866 2.20875 -1
      vertex -5.42896 2.55468 1
      vertex -5.42896 2.55468 -1
    endloop
  endfacet
  facet normal -0.917752 0.397154 0
    outer loop
      vertex -5.42896 2.55468 1
      vertex -5.57866 2.20875 -1
      vertex -5.57866 2.20875 1
    endloop
  endfacet
  facet normal -0.218133 -0.975919 0
    outer loop
      vertex -1.49214 -5.8115 -1
      vertex -1.12429 -5.89372 1
      vertex -1.49214 -5.8115 1
    endloop
  endfacet
  facet normal -0.218133 -0.975919 -0
    outer loop
      vertex -1.12429 -5.89372 1
      vertex -1.49214 -5.8115 -1
      vertex -1.12429 -5.89372 -1
    endloop
  endfacet
  facet normal -0.999507 0.0314118 0
    outer loop
      vertex -6 0 -1
      vertex -5.98816 0.376742 1
      vertex -5.98816 0.376742 -1
    endloop
  endfacet
  facet normal -0.999507 0.0314118 0
    outer loop
      vertex -5.98816 0.376742 1
      vertex -6 0 -1
      vertex -6 0 1
    endloop
  endfacet
  facet normal -0.827075 0.562092 0
    outer loop
      vertex -5.06597 3.21496 -1
      vertex -4.8541 3.52671 1
      vertex -4.8541 3.52671 -1
    endloop
  endfacet
  facet normal -0.827075 0.562092 0
    outer loop
      vertex -4.8541 3.52671 1
      vertex -5.06597 3.21496 -1
      vertex -5.06597 3.21496 1
    endloop
  endfacet
  facet normal -0.0941024 -0.995563 0
    outer loop
      vertex -0.751999 -5.95269 -1
      vertex -0.376742 -5.98816 1
      vertex -0.751999 -5.95269 1
    endloop
  endfacet
  facet normal -0.0941024 -0.995563 -0
    outer loop
      vertex -0.376742 -5.98816 1
      vertex -0.751999 -5.95269 -1
      vertex -0.376742 -5.98816 -1
    endloop
  endfacet
  facet normal -0.509035 -0.860746 0
    outer loop
      vertex -3.21496 -5.06597 -1
      vertex -2.89052 -5.25784 1
      vertex -3.21496 -5.06597 1
    endloop
  endfacet
  facet normal -0.509035 -0.860746 -0
    outer loop
      vertex -2.89052 -5.25784 1
      vertex -3.21496 -5.06597 -1
      vertex -2.89052 -5.25784 -1
    endloop
  endfacet
  facet normal -0.790156 -0.612906 0
    outer loop
      vertex -4.62308 -3.82454 -1
      vertex -4.8541 -3.52671 1
      vertex -4.8541 -3.52671 -1
    endloop
  endfacet
  facet normal -0.790156 -0.612906 0
    outer loop
      vertex -4.8541 -3.52671 1
      vertex -4.62308 -3.82454 -1
      vertex -4.62308 -3.82454 1
    endloop
  endfacet
  facet normal -0.453993 -0.891005 0
    outer loop
      vertex -2.89052 -5.25784 -1
      vertex -2.55468 -5.42896 1
      vertex -2.89052 -5.25784 1
    endloop
  endfacet
  facet normal -0.453993 -0.891005 -0
    outer loop
      vertex -2.55468 -5.42896 1
      vertex -2.89052 -5.25784 -1
      vertex -2.55468 -5.42896 -1
    endloop
  endfacet
  facet normal 0.612906 -0.790156 0
    outer loop
      vertex 3.52671 -4.8541 -1
      vertex 3.82454 -4.62308 1
      vertex 3.52671 -4.8541 1
    endloop
  endfacet
  facet normal 0.612906 -0.790156 0
    outer loop
      vertex 3.82454 -4.62308 1
      vertex 3.52671 -4.8541 -1
      vertex 3.82454 -4.62308 -1
    endloop
  endfacet
  facet normal -0.960293 0.278993 0
    outer loop
      vertex -5.8115 1.49214 -1
      vertex -5.70634 1.8541 1
      vertex -5.70634 1.8541 -1
    endloop
  endfacet
  facet normal -0.960293 0.278993 0
    outer loop
      vertex -5.70634 1.8541 1
      vertex -5.8115 1.49214 -1
      vertex -5.8115 1.49214 1
    endloop
  endfacet
  facet normal -0.75011 0.661314 0
    outer loop
      vertex -4.62308 3.82454 -1
      vertex -4.37381 4.10728 1
      vertex -4.37381 4.10728 -1
    endloop
  endfacet
  facet normal -0.75011 0.661314 0
    outer loop
      vertex -4.37381 4.10728 1
      vertex -4.62308 3.82454 -1
      vertex -4.62308 3.82454 1
    endloop
  endfacet
  facet normal -0.278993 -0.960293 0
    outer loop
      vertex -1.8541 -5.70634 -1
      vertex -1.49214 -5.8115 1
      vertex -1.8541 -5.70634 1
    endloop
  endfacet
  facet normal -0.278993 -0.960293 -0
    outer loop
      vertex -1.49214 -5.8115 1
      vertex -1.8541 -5.70634 -1
      vertex -1.49214 -5.8115 -1
    endloop
  endfacet
  facet normal -0.995563 0.0941024 0
    outer loop
      vertex -5.98816 0.376742 -1
      vertex -5.95269 0.751999 1
      vertex -5.95269 0.751999 -1
    endloop
  endfacet
  facet normal -0.995563 0.0941024 0
    outer loop
      vertex -5.95269 0.751999 1
      vertex -5.98816 0.376742 -1
      vertex -5.98816 0.376742 1
    endloop
  endfacet
  facet normal -0.975919 -0.218133 0
    outer loop
      vertex -5.8115 -1.49214 -1
      vertex -5.89372 -1.12429 1
      vertex -5.89372 -1.12429 -1
    endloop
  endfacet
  facet normal -0.975919 -0.218133 0
    outer loop
      vertex -5.89372 -1.12429 1
      vertex -5.8115 -1.49214 -1
      vertex -5.8115 -1.49214 1
    endloop
  endfacet
  facet normal -0.960293 -0.278993 0
    outer loop
      vertex -5.70634 -1.8541 -1
      vertex -5.8115 -1.49214 1
      vertex -5.8115 -1.49214 -1
    endloop
  endfacet
  facet normal -0.960293 -0.278993 0
    outer loop
      vertex -5.8115 -1.49214 1
      vertex -5.70634 -1.8541 -1
      vertex -5.70634 -1.8541 1
    endloop
  endfacet
  facet normal 0.218133 0.975919 -0
    outer loop
      vertex 1.49214 5.8115 -1
      vertex 1.12429 5.89372 1
      vertex 1.49214 5.8115 1
    endloop
  endfacet
  facet normal 0.218133 0.975919 0
    outer loop
      vertex 1.12429 5.89372 1
      vertex 1.49214 5.8115 -1
      vertex 1.12429 5.89372 -1
    endloop
  endfacet
  facet normal -0.860746 0.509035 0
    outer loop
      vertex -5.25784 2.89052 -1
      vertex -5.06597 3.21496 1
      vertex -5.06597 3.21496 -1
    endloop
  endfacet
  facet normal -0.860746 0.509035 0
    outer loop
      vertex -5.06597 3.21496 1
      vertex -5.25784 2.89052 -1
      vertex -5.25784 2.89052 1
    endloop
  endfacet
  facet normal 0.664219 -0.747247 0.0208714
    outer loop
      vertex 4.49112 0 20.2826
      vertex 0 -4 20
      vertex 4.5 0 20
    endloop
  endfacet
  facet normal 0.625263 -0.747247 0.225095
    outer loop
      vertex 4.18399 0 21.6566
      vertex 0 -4 20
      vertex 4.27975 0 21.3906
    endloop
  endfacet
  facet normal 0.06253 -0.747245 0.6616
    outer loop
      vertex 0.282557 0 24.4911
      vertex 0 -4 20
      vertex 0.563999 0 24.4645
    endloop
  endfacet
  facet normal -0.407347 -0.747247 0.525062
    outer loop
      vertex -2.64503 0 23.6406
      vertex -2.86841 0 23.4673
      vertex 0 -4 20
    endloop
  endfacet
  facet normal 0.609876 -0.747247 0.263958
    outer loop
      vertex 4.07172 0 21.916
      vertex 0 -4 20
      vertex 4.18399 0 21.6566
    endloop
  endfacet
  facet normal -0.638165 -0.747246 0.185385
    outer loop
      vertex -4.27975 0 21.3906
      vertex -4.35862 0 21.1191
      vertex 0 -4 20
    endloop
  endfacet
  facet normal 0.469904 -0.747249 0.469904
    outer loop
      vertex 3.08046 0 23.2804
      vertex 0 -4 20
      vertex 3.28036 0 23.0805
    endloop
  endfacet
  facet normal -0.525115 -0.747246 0.407281
    outer loop
      vertex -3.46731 0 22.8684
      vertex -3.64058 0 22.645
      vertex 0 -4 20
    endloop
  endfacet
  facet normal 0.373535 -0.747248 0.549629
    outer loop
      vertex 2.41122 0 23.7995
      vertex 0 -4 20
      vertex 2.64503 0 23.6406
    endloop
  endfacet
  facet normal -0.0209216 -0.747246 0.664218
    outer loop
      vertex 0 0 24.5
      vertex -0.282557 0 24.4911
      vertex 0 -4 20
    endloop
  endfacet
  facet normal -0.664219 -0.747247 0.0208714
    outer loop
      vertex -4.49112 0 20.2826
      vertex -4.5 0 20
      vertex 0 -4 20
    endloop
  endfacet
  facet normal 0 1 0
    outer loop
      vertex 0.282557 0 24.4911
      vertex -0.282557 0 24.4911
      vertex 0 0 24.5
    endloop
  endfacet
  facet normal 0 1 0
    outer loop
      vertex 0.563999 0 24.4645
      vertex -0.282557 0 24.4911
      vertex 0.282557 0 24.4911
    endloop
  endfacet
  facet normal 0 1 0
    outer loop
      vertex 0.563999 0 24.4645
      vertex -0.563999 0 24.4645
      vertex -0.282557 0 24.4911
    endloop
  endfacet
  facet normal 0 1 0
    outer loop
      vertex 0.843215 0 24.4203
      vertex -0.563999 0 24.4645
      vertex 0.563999 0 24.4645
    endloop
  endfacet
  facet normal 0 1 0
    outer loop
      vertex 0.843215 0 24.4203
      vertex -0.843215 0 24.4203
      vertex -0.563999 0 24.4645
    endloop
  endfacet
  facet normal 0 1 0
    outer loop
      vertex 1.1191 0 24.3586
      vertex -0.843215 0 24.4203
      vertex 0.843215 0 24.4203
    endloop
  endfacet
  facet normal 0 1 0
    outer loop
      vertex 1.1191 0 24.3586
      vertex -1.1191 0 24.3586
      vertex -0.843215 0 24.4203
    endloop
  endfacet
  facet normal 0 1 0
    outer loop
      vertex 1.39058 0 24.2798
      vertex -1.1191 0 24.3586
      vertex 1.1191 0 24.3586
    endloop
  endfacet
  facet normal 0 1 0
    outer loop
      vertex 1.39058 0 24.2798
      vertex -1.39058 0 24.2798
      vertex -1.1191 0 24.3586
    endloop
  endfacet
  facet normal 0 1 0
    outer loop
      vertex 1.65656 0 24.184
      vertex -1.39058 0 24.2798
      vertex 1.39058 0 24.2798
    endloop
  endfacet
  facet normal 0 1 0
    outer loop
      vertex 1.65656 0 24.184
      vertex -1.65656 0 24.184
      vertex -1.39058 0 24.2798
    endloop
  endfacet
  facet normal 0 1 0
    outer loop
      vertex 1.91601 0 24.0717
      vertex -1.65656 0 24.184
      vertex 1.65656 0 24.184
    endloop
  endfacet
  facet normal 0 1 0
    outer loop
      vertex 1.91601 0 24.0717
      vertex -1.91601 0 24.0717
      vertex -1.65656 0 24.184
    endloop
  endfacet
  facet normal 0 1 0
    outer loop
      vertex 2.16789 0 23.9434
      vertex -1.91601 0 24.0717
      vertex 1.91601 0 24.0717
    endloop
  endfacet
  facet normal 0 1 0
    outer loop
      vertex 2.16789 0 23.9434
      vertex -2.16789 0 23.9434
      vertex -1.91601 0 24.0717
    endloop
  endfacet
  facet normal 0 1 0
    outer loop
      vertex 2.41122 0 23.7995
      vertex -2.16789 0 23.9434
      vertex 2.16789 0 23.9434
    endloop
  endfacet
  facet normal 0 1 0
    outer loop
      vertex 2.41122 0 23.7995
      vertex -2.41122 0 23.7995
      vertex -2.16789 0 23.9434
    endloop
  endfacet
  facet normal 0 1 0
    outer loop
      vertex 2.64503 0 23.6406
      vertex -2.41122 0 23.7995
      vertex 2.41122 0 23.7995
    endloop
  endfacet
  facet normal 0 1 0
    outer loop
      vertex 2.64503 0 23.6406
      vertex -2.64503 0 23.6406
      vertex -2.41122 0 23.7995
    endloop
  endfacet
  facet normal 0 1 0
    outer loop
      vertex 2.86841 0 23.4673
      vertex -2.64503 0 23.6406
      vertex 2.64503 0 23.6406
    endloop
  endfacet
  facet normal 0 1 0
    outer loop
      vertex 2.86841 0 23.4673
      vertex -2.86841 0 23.4673
      vertex -2.64503 0 23.6406
    endloop
  endfacet
  facet normal 0 1 0
    outer loop
      vertex 3.08046 0 23.2804
      vertex -2.86841 0 23.4673
      vertex 2.86841 0 23.4673
    endloop
  endfacet
  facet normal 0 1 0
    outer loop
      vertex 3.08046 0 23.2804
      vertex -3.08046 0 23.2804
      vertex -2.86841 0 23.4673
    endloop
  endfacet
  facet normal 0 1 0
    outer loop
      vertex 3.28036 0 23.0805
      vertex -3.08046 0 23.2804
      vertex 3.08046 0 23.2804
    endloop
  endfacet
  facet normal 0 1 0
    outer loop
      vertex 3.28036 0 23.0805
      vertex -3.28036 0 23.0805
      vertex -3.08046 0 23.2804
    endloop
  endfacet
  facet normal 0 1 0
    outer loop
      vertex 3.46731 0 22.8684
      vertex -3.28036 0 23.0805
      vertex 3.28036 0 23.0805
    endloop
  endfacet
  facet normal 0 1 0
    outer loop
      vertex 3.46731 0 22.8684
      vertex -3.46731 0 22.8684
      vertex -3.28036 0 23.0805
    endloop
  endfacet
  facet normal 0 1 0
    outer loop
      vertex 3.64058 0 22.645
      vertex -3.46731 0 22.8684
      vertex 3.46731 0 22.8684
    endloop
  endfacet
  facet normal 0 1 0
    outer loop
      vertex 3.64058 0 22.645
      vertex -3.64058 0 22.645
      vertex -3.46731 0 22.8684
    endloop
  endfacet
  facet normal 0 1 0
    outer loop
      vertex 3.79947 0 22.4112
      vertex -3.64058 0 22.645
      vertex 3.64058 0 22.645
    endloop
  endfacet
  facet normal 0 1 0
    outer loop
      vertex 3.79947 0 22.4112
      vertex -3.79947 0 22.4112
      vertex -3.64058 0 22.645
    endloop
  endfacet
  facet normal 0 1 0
    outer loop
      vertex 3.94338 0 22.1679
      vertex -3.79947 0 22.4112
      vertex 3.79947 0 22.4112
    endloop
  endfacet
  facet normal 0 1 0
    outer loop
      vertex 3.94338 0 22.1679
      vertex -3.94338 0 22.1679
      vertex -3.79947 0 22.4112
    endloop
  endfacet
  facet normal 0 1 0
    outer loop
      vertex 4.07172 0 21.916
      vertex -3.94338 0 22.1679
      vertex 3.94338 0 22.1679
    endloop
  endfacet
  facet normal 0 1 0
    outer loop
      vertex 4.07172 0 21.916
      vertex -4.07172 0 21.916
      vertex -3.94338 0 22.1679
    endloop
  endfacet
  facet normal 0 1 0
    outer loop
      vertex 4.18399 0 21.6566
      vertex -4.07172 0 21.916
      vertex 4.07172 0 21.916
    endloop
  endfacet
  facet normal 0 1 0
    outer loop
      vertex 4.18399 0 21.6566
      vertex -4.18399 0 21.6566
      vertex -4.07172 0 21.916
    endloop
  endfacet
  facet normal 0 1 0
    outer loop
      vertex 4.27975 0 21.3906
      vertex -4.18399 0 21.6566
      vertex 4.18399 0 21.6566
    endloop
  endfacet
  facet normal 0 1 0
    outer loop
      vertex 4.27975 0 21.3906
      vertex -4.27975 0 21.3906
      vertex -4.18399 0 21.6566
    endloop
  endfacet
  facet normal 0 1 0
    outer loop
      vertex 4.35862 0 21.1191
      vertex -4.27975 0 21.3906
      vertex 4.27975 0 21.3906
    endloop
  endfacet
  facet normal 0 1 0
    outer loop
      vertex 4.35862 0 21.1191
      vertex -4.35862 0 21.1191
      vertex -4.27975 0 21.3906
    endloop
  endfacet
  facet normal 0 1 0
    outer loop
      vertex 4.42029 0 20.8432
      vertex -4.35862 0 21.1191
      vertex 4.35862 0 21.1191
    endloop
  endfacet
  facet normal 0 1 0
    outer loop
      vertex 4.42029 0 20.8432
      vertex -4.42029 0 20.8432
      vertex -4.35862 0 21.1191
    endloop
  endfacet
  facet normal 0 1 0
    outer loop
      vertex 4.46452 0 20.564
      vertex -4.42029 0 20.8432
      vertex 4.42029 0 20.8432
    endloop
  endfacet
  facet normal 0 1 0
    outer loop
      vertex 4.46452 0 20.564
      vertex -4.46452 0 20.564
      vertex -4.42029 0 20.8432
    endloop
  endfacet
  facet normal 0 1 0
    outer loop
      vertex 4.49112 0 20.2826
      vertex -4.46452 0 20.564
      vertex 4.46452 0 20.564
    endloop
  endfacet
  facet normal 0 1 0
    outer loop
      vertex 4.49112 0 20.2826
      vertex -4.49112 0 20.2826
      vertex -4.46452 0 20.564
    endloop
  endfacet
  facet normal 0 1 0
    outer loop
      vertex 4.5 0 20
      vertex -4.49112 0 20.2826
      vertex 4.49112 0 20.2826
    endloop
  endfacet
  facet normal 0 1 0
    outer loop
      vertex -4.49112 0 20.2826
      vertex 4.5 0 20
      vertex -4.5 0 20
    endloop
  endfacet
  facet normal 0.525115 -0.747246 0.407281
    outer loop
      vertex 3.46731 0 22.8684
      vertex 0 -4 20
      vertex 3.64058 0 22.645
    endloop
  endfacet
  facet normal -0.301625 -0.747246 0.592153
    outer loop
      vertex -1.91601 0 24.0717
      vertex -2.16789 0 23.9434
      vertex 0 -4 20
    endloop
  endfacet
  facet normal 0.225193 -0.747248 0.625227
    outer loop
      vertex 1.39058 0 24.2798
      vertex 0 -4 20
      vertex 1.65656 0 24.184
    endloop
  endfacet
  facet normal -0.592125 -0.747246 0.30168
    outer loop
      vertex -3.94338 0 22.1679
      vertex -4.07172 0 21.916
      vertex 0 -4 20
    endloop
  endfacet
  facet normal -0.185246 -0.747247 0.638205
    outer loop
      vertex -1.1191 0 24.3586
      vertex -1.39058 0 24.2798
      vertex 0 -4 20
    endloop
  endfacet
  facet normal -0.656362 -0.747246 0.103979
    outer loop
      vertex -4.42029 0 20.8432
      vertex -4.46452 0 20.564
      vertex 0 -4 20
    endloop
  endfacet
  facet normal -0.648543 -0.747246 0.144964
    outer loop
      vertex -4.35862 0 21.1191
      vertex -4.42029 0 20.8432
      vertex 0 -4 20
    endloop
  endfacet
  facet normal 0.301625 -0.747246 0.592153
    outer loop
      vertex 1.91601 0 24.0717
      vertex 0 -4 20
      vertex 2.16789 0 23.9434
    endloop
  endfacet
  facet normal -0.43941 -0.747247 0.498538
    outer loop
      vertex -2.86841 0 23.4673
      vertex -3.08046 0 23.2804
      vertex 0 -4 20
    endloop
  endfacet
  facet normal -0.469904 -0.747249 0.469904
    outer loop
      vertex -3.08046 0 23.2804
      vertex -3.28036 0 23.0805
      vertex 0 -4 20
    endloop
  endfacet
  facet normal 0.592125 -0.747246 0.30168
    outer loop
      vertex 3.94338 0 22.1679
      vertex 0 -4 20
      vertex 4.07172 0 21.916
    endloop
  endfacet
  facet normal 0.407347 -0.747247 0.525062
    outer loop
      vertex 2.64503 0 23.6406
      vertex 0 -4 20
      vertex 2.86841 0 23.4673
    endloop
  endfacet
  facet normal -0.06253 -0.747245 0.6616
    outer loop
      vertex -0.282557 0 24.4911
      vertex -0.563999 0 24.4645
      vertex 0 -4 20
    endloop
  endfacet
  facet normal 0.185246 -0.747247 0.638205
    outer loop
      vertex 1.1191 0 24.3586
      vertex 0 -4 20
      vertex 1.39058 0 24.2798
    endloop
  endfacet
  facet normal 0.338273 -0.747248 0.572007
    outer loop
      vertex 2.16789 0 23.9434
      vertex 0 -4 20
      vertex 2.41122 0 23.7995
    endloop
  endfacet
  facet normal -0.145039 -0.747246 0.648527
    outer loop
      vertex -0.843215 0 24.4203
      vertex -1.1191 0 24.3586
      vertex 0 -4 20
    endloop
  endfacet
  facet normal -0.103904 -0.747246 0.656374
    outer loop
      vertex -0.563999 0 24.4645
      vertex -0.843215 0 24.4203
      vertex 0 -4 20
    endloop
  endfacet
  facet normal 0.638165 -0.747246 0.185385
    outer loop
      vertex 4.27975 0 21.3906
      vertex 0 -4 20
      vertex 4.35862 0 21.1191
    endloop
  endfacet
  facet normal 0.661597 -0.747247 0.0625391
    outer loop
      vertex 4.46452 0 20.564
      vertex 0 -4 20
      vertex 4.49112 0 20.2826
    endloop
  endfacet
  facet normal -0.57198 -0.747246 0.338322
    outer loop
      vertex -3.79947 0 22.4112
      vertex -3.94338 0 22.1679
      vertex 0 -4 20
    endloop
  endfacet
  facet normal -0.549635 -0.747245 0.373531
    outer loop
      vertex -3.64058 0 22.645
      vertex -3.79947 0 22.4112
      vertex 0 -4 20
    endloop
  endfacet
  facet normal -0.661597 -0.747247 0.0625391
    outer loop
      vertex -4.46452 0 20.564
      vertex -4.49112 0 20.2826
      vertex 0 -4 20
    endloop
  endfacet
  facet normal 0.648543 -0.747246 0.144964
    outer loop
      vertex 4.35862 0 21.1191
      vertex 0 -4 20
      vertex 4.42029 0 20.8432
    endloop
  endfacet
  facet normal -0.625263 -0.747247 0.225095
    outer loop
      vertex -4.18399 0 21.6566
      vertex -4.27975 0 21.3906
      vertex 0 -4 20
    endloop
  endfacet
  facet normal -0.609876 -0.747247 0.263958
    outer loop
      vertex -4.07172 0 21.916
      vertex -4.18399 0 21.6566
      vertex 0 -4 20
    endloop
  endfacet
  facet normal -0.373535 -0.747248 0.549629
    outer loop
      vertex -2.41122 0 23.7995
      vertex -2.64503 0 23.6406
      vertex 0 -4 20
    endloop
  endfacet
  facet normal -0.338273 -0.747248 0.572007
    outer loop
      vertex -2.16789 0 23.9434
      vertex -2.41122 0 23.7995
      vertex 0 -4 20
    endloop
  endfacet
  facet normal 0.43941 -0.747247 0.498538
    outer loop
      vertex 2.86841 0 23.4673
      vertex 0 -4 20
      vertex 3.08046 0 23.2804
    endloop
  endfacet
  facet normal 0.103904 -0.747246 0.656374
    outer loop
      vertex 0.563999 0 24.4645
      vertex 0 -4 20
      vertex 0.843215 0 24.4203
    endloop
  endfacet
  facet normal 0.145039 -0.747246 0.648527
    outer loop
      vertex 0.843215 0 24.4203
      vertex 0 -4 20
      vertex 1.1191 0 24.3586
    endloop
  endfacet
  facet normal -0.498532 -0.747247 0.439418
    outer loop
      vertex -3.28036 0 23.0805
      vertex -3.46731 0 22.8684
      vertex 0 -4 20
    endloop
  endfacet
  facet normal 0.498532 -0.747247 0.439418
    outer loop
      vertex 3.28036 0 23.0805
      vertex 0 -4 20
      vertex 3.46731 0 22.8684
    endloop
  endfacet
  facet normal -0.263975 -0.747246 0.609869
    outer loop
      vertex -1.65656 0 24.184
      vertex -1.91601 0 24.0717
      vertex 0 -4 20
    endloop
  endfacet
  facet normal -0.225193 -0.747248 0.625227
    outer loop
      vertex -1.39058 0 24.2798
      vertex -1.65656 0 24.184
      vertex 0 -4 20
    endloop
  endfacet
  facet normal 0.549635 -0.747245 0.373531
    outer loop
      vertex 3.64058 0 22.645
      vertex 0 -4 20
      vertex 3.79947 0 22.4112
    endloop
  endfacet
  facet normal 0.57198 -0.747246 0.338322
    outer loop
      vertex 3.79947 0 22.4112
      vertex 0 -4 20
      vertex 3.94338 0 22.1679
    endloop
  endfacet
  facet normal 0.0209216 -0.747246 0.664218
    outer loop
      vertex 0 0 24.5
      vertex 0 -4 20
      vertex 0.282557 0 24.4911
    endloop
  endfacet
  facet normal 0.263975 -0.747246 0.609869
    outer loop
      vertex 1.65656 0 24.184
      vertex 0 -4 20
      vertex 1.91601 0 24.0717
    endloop
  endfacet
  facet normal 0.656362 -0.747246 0.103979
    outer loop
      vertex 4.42029 0 20.8432
      vertex 0 -4 20
      vertex 4.46452 0 20.564
    endloop
  endfacet
  facet normal -0.995566 0 -0.0940655
    outer loop
      vertex 1.99605 -4.03094 16.1256
      vertex 1.98423 0 16.2507
      vertex 1.99605 0 16.1256
    endloop
  endfacet
  facet normal -0.995566 -0 -0.0940655
    outer loop
      vertex 1.98423 0 16.2507
      vertex 1.99605 -4.03094 16.1256
      vertex 1.98423 -4.03696 16.2507
    endloop
  endfacet
  facet normal -0.999506 0 -0.0314335
    outer loop
      vertex 2 -4.02892 16
      vertex 1.99605 0 16.1256
      vertex 2 0 16
    endloop
  endfacet
  facet normal -0.999506 -0 -0.0314335
    outer loop
      vertex 1.99605 0 16.1256
      vertex 2 -4.02892 16
      vertex 1.99605 -4.03094 16.1256
    endloop
  endfacet
  facet normal 0.750295 -0 0.661103
    outer loop
      vertex -1.54103 -4.22559 14.7252
      vertex -1.45794 0 14.6309
      vertex -1.54103 0 14.7252
    endloop
  endfacet
  facet normal 0.750295 0 0.661103
    outer loop
      vertex -1.45794 0 14.6309
      vertex -1.54103 -4.22559 14.7252
      vertex -1.45794 -4.2555 14.6309
    endloop
  endfacet
  facet normal -0.917865 0 -0.396893
    outer loop
      vertex 1.85955 -4.09615 16.7362
      vertex 1.80965 0 16.8516
      vertex 1.85955 0 16.7362
    endloop
  endfacet
  facet normal -0.917865 -0 -0.396893
    outer loop
      vertex 1.80965 0 16.8516
      vertex 1.85955 -4.09615 16.7362
      vertex 1.80965 -4.11774 16.8516
    endloop
  endfacet
  facet normal -0.218083 0 0.97593
    outer loop
      vertex 0.374763 0 14.0354
      vertex 0.497379 -4.47081 14.0628
      vertex 0.497379 0 14.0628
    endloop
  endfacet
  facet normal -0.218083 0 0.97593
    outer loop
      vertex 0.497379 -4.47081 14.0628
      vertex 0.374763 0 14.0354
      vertex 0.374763 -4.4824 14.0354
    endloop
  endfacet
  facet normal -0.987683 0 -0.156469
    outer loop
      vertex 1.98423 -4.03696 16.2507
      vertex 1.96457 0 16.3748
      vertex 1.98423 0 16.2507
    endloop
  endfacet
  facet normal -0.987683 -0 -0.156469
    outer loop
      vertex 1.96457 0 16.3748
      vertex 1.98423 -4.03696 16.2507
      vertex 1.96457 -4.04697 16.3748
    endloop
  endfacet
  facet normal 0.960246 -0 0.279156
    outer loop
      vertex -1.93717 -4.06094 15.5026
      vertex -1.90211 0 15.382
      vertex -1.93717 0 15.5026
    endloop
  endfacet
  facet normal 0.96026 -1.5264e-06 0.279109
    outer loop
      vertex -1.91601 -4.07172 15.4298
      vertex -1.90211 0 15.382
      vertex -1.93717 -4.06094 15.5026
    endloop
  endfacet
  facet normal 0.960225 0 0.279229
    outer loop
      vertex -1.90211 0 15.382
      vertex -1.91601 -4.07172 15.4298
      vertex -1.90211 -4.07773 15.382
    endloop
  endfacet
  facet normal 0.156007 0 0.987756
    outer loop
      vertex -0.374763 -4.4824 14.0354
      vertex -0.250666 -4.49212 14.0158
      vertex -0.250666 0 14.0158
    endloop
  endfacet
  facet normal 0.156007 -0 0.987756
    outer loop
      vertex -0.374763 -4.4824 14.0354
      vertex -0.250666 0 14.0158
      vertex -0.374763 0 14.0354
    endloop
  endfacet
  facet normal 0.154101 -0.02433 0.987755
    outer loop
      vertex -0.250666 -4.49212 14.0158
      vertex -0.374763 -4.4824 14.0354
      vertex -0.282557 -4.49112 14.0208
    endloop
  endfacet
  facet normal -0.0310407 -0 -0.999518
    outer loop
      vertex 0 0 18
      vertex 0.125581 -4.49605 17.9961
      vertex 0 -4.5 18
    endloop
  endfacet
  facet normal -0.0310407 0 -0.999518
    outer loop
      vertex 0.125581 -4.49605 17.9961
      vertex 0 0 18
      vertex 0.125581 0 17.9961
    endloop
  endfacet
  facet normal 0.697506 -0.049418 -0.714873
    outer loop
      vertex -1.45794 -4.2555 17.3691
      vertex -1.36909 -4.286 17.4579
      vertex -1.39058 -4.27975 17.4365
    endloop
  endfacet
  facet normal 0.706908 0 -0.707306
    outer loop
      vertex -1.36909 -4.286 17.4579
      vertex -1.45794 -4.2555 17.3691
      vertex -1.36909 0 17.4579
    endloop
  endfacet
  facet normal 0.706908 0 -0.707306
    outer loop
      vertex -1.36909 0 17.4579
      vertex -1.45794 -4.2555 17.3691
      vertex -1.45794 0 17.3691
    endloop
  endfacet
  facet normal -0.454364 0 0.890816
    outer loop
      vertex 0.851558 0 14.1903
      vertex 0.963507 -4.3934 14.2474
      vertex 0.963507 0 14.2474
    endloop
  endfacet
  facet normal -0.454364 0 0.890816
    outer loop
      vertex 0.963507 -4.3934 14.2474
      vertex 0.851558 0 14.1903
      vertex 0.851558 -4.41843 14.1903
    endloop
  endfacet
  facet normal -0.975924 0 -0.21811
    outer loop
      vertex 1.96457 -4.04697 16.3748
      vertex 1.93717 0 16.4974
      vertex 1.96457 0 16.3748
    endloop
  endfacet
  facet normal -0.975924 -0 -0.21811
    outer loop
      vertex 1.93717 0 16.4974
      vertex 1.96457 -4.04697 16.3748
      vertex 1.93717 -4.06094 16.4974
    endloop
  endfacet
  facet normal -0.508713 -0 -0.860936
    outer loop
      vertex 0.963507 0 17.7526
      vertex 1.07165 -4.36923 17.6887
      vertex 0.963507 -4.3934 17.7526
    endloop
  endfacet
  facet normal -0.508713 0 -0.860936
    outer loop
      vertex 1.07165 -4.36923 17.6887
      vertex 0.963507 0 17.7526
      vertex 1.07165 0 17.6887
    endloop
  endfacet
  facet normal 0.917865 0 -0.396893
    outer loop
      vertex -1.80965 0 16.8516
      vertex -1.85955 -4.09615 16.7362
      vertex -1.85955 0 16.7362
    endloop
  endfacet
  facet normal 0.917865 0 -0.396893
    outer loop
      vertex -1.85955 -4.09615 16.7362
      vertex -1.80965 0 16.8516
      vertex -1.80965 -4.11774 16.8516
    endloop
  endfacet
  facet normal 0.28042 0.00968855 -0.959828
    outer loop
      vertex -0.618033 -4.45596 17.9021
      vertex -0.497379 -4.47081 17.9372
      vertex -0.563999 -4.46452 17.9178
    endloop
  endfacet
  facet normal 0.279334 0 -0.960194
    outer loop
      vertex -0.497379 -4.47081 17.9372
      vertex -0.618033 -4.45596 17.9021
      vertex -0.497379 0 17.9372
    endloop
  endfacet
  facet normal 0.279334 0 -0.960194
    outer loop
      vertex -0.497379 0 17.9372
      vertex -0.618033 -4.45596 17.9021
      vertex -0.618033 0 17.9021
    endloop
  endfacet
  facet normal 0.890929 0 -0.454143
    outer loop
      vertex -1.75261 0 16.9635
      vertex -1.80965 -4.11774 16.8516
      vertex -1.80965 0 16.8516
    endloop
  endfacet
  facet normal 0.890929 0 -0.454143
    outer loop
      vertex -1.80965 -4.11774 16.8516
      vertex -1.75261 0 16.9635
      vertex -1.75261 -4.14243 16.9635
    endloop
  endfacet
  facet normal -0.940867 0 -0.338776
    outer loop
      vertex 1.90211 -4.07773 16.618
      vertex 1.85955 0 16.7362
      vertex 1.90211 0 16.618
    endloop
  endfacet
  facet normal -0.940867 -0 -0.338776
    outer loop
      vertex 1.85955 0 16.7362
      vertex 1.90211 -4.07773 16.618
      vertex 1.85955 -4.09615 16.7362
    endloop
  endfacet
  facet normal 0.706908 -0 0.707306
    outer loop
      vertex -1.45794 -4.2555 14.6309
      vertex -1.36909 0 14.5421
      vertex -1.45794 0 14.6309
    endloop
  endfacet
  facet normal 0.697506 -0.049418 0.714873
    outer loop
      vertex -1.36909 -4.286 14.5421
      vertex -1.45794 -4.2555 14.6309
      vertex -1.39058 -4.27975 14.5635
    endloop
  endfacet
  facet normal 0.706908 0 0.707306
    outer loop
      vertex -1.45794 -4.2555 14.6309
      vertex -1.36909 -4.286 14.5421
      vertex -1.36909 0 14.5421
    endloop
  endfacet
  facet normal 0.999506 0 -0.0314335
    outer loop
      vertex -1.99605 0 16.1256
      vertex -2 -4.02892 16
      vertex -2 0 16
    endloop
  endfacet
  facet normal 0.999506 0 -0.0314335
    outer loop
      vertex -2 -4.02892 16
      vertex -1.99605 0 16.1256
      vertex -1.99605 -4.03094 16.1256
    endloop
  endfacet
  facet normal -0.960246 0 -0.279156
    outer loop
      vertex 1.93717 -4.06094 16.4974
      vertex 1.90211 0 16.618
      vertex 1.93717 0 16.4974
    endloop
  endfacet
  facet normal -0.96026 -1.5264e-06 -0.279109
    outer loop
      vertex 1.91601 -4.07172 16.5702
      vertex 1.90211 0 16.618
      vertex 1.93717 -4.06094 16.4974
    endloop
  endfacet
  facet normal -0.960225 -0 -0.279229
    outer loop
      vertex 1.90211 0 16.618
      vertex 1.91601 -4.07172 16.5702
      vertex 1.90211 -4.07773 16.618
    endloop
  endfacet
  facet normal -0.661385 0 0.750047
    outer loop
      vertex 1.27485 0 14.459
      vertex 1.36909 -4.286 14.5421
      vertex 1.36909 0 14.5421
    endloop
  endfacet
  facet normal -0.661385 0 0.750047
    outer loop
      vertex 1.36909 -4.286 14.5421
      vertex 1.27485 0 14.459
      vertex 1.27485 -4.31338 14.459
    endloop
  endfacet
  facet normal -0.750295 0 -0.661103
    outer loop
      vertex 1.54103 -4.22559 17.2748
      vertex 1.45794 0 17.3691
      vertex 1.54103 0 17.2748
    endloop
  endfacet
  facet normal -0.750295 -0 -0.661103
    outer loop
      vertex 1.45794 0 17.3691
      vertex 1.54103 -4.22559 17.2748
      vertex 1.45794 -4.2555 17.3691
    endloop
  endfacet
  facet normal -0.890929 0 -0.454143
    outer loop
      vertex 1.80965 -4.11774 16.8516
      vertex 1.75261 0 16.9635
      vertex 1.80965 0 16.8516
    endloop
  endfacet
  facet normal -0.890929 -0 -0.454143
    outer loop
      vertex 1.75261 0 16.9635
      vertex 1.80965 -4.11774 16.8516
      vertex 1.75261 -4.14243 16.9635
    endloop
  endfacet
  facet normal 0.750295 0 -0.661103
    outer loop
      vertex -1.45794 0 17.3691
      vertex -1.54103 -4.22559 17.2748
      vertex -1.54103 0 17.2748
    endloop
  endfacet
  facet normal 0.750295 0 -0.661103
    outer loop
      vertex -1.54103 -4.22559 17.2748
      vertex -1.45794 0 17.3691
      vertex -1.45794 -4.2555 17.3691
    endloop
  endfacet
  facet normal 0.61286 0 -0.790191
    outer loop
      vertex -1.27485 -4.31338 17.541
      vertex -1.17557 0 17.618
      vertex -1.17557 -4.34222 17.618
    endloop
  endfacet
  facet normal 0.61286 0 -0.790191
    outer loop
      vertex -1.17557 0 17.618
      vertex -1.27485 -4.31338 17.541
      vertex -1.27485 0 17.541
    endloop
  endfacet
  facet normal 0.960246 0 -0.279156
    outer loop
      vertex -1.90211 0 16.618
      vertex -1.93717 -4.06094 16.4974
      vertex -1.93717 0 16.4974
    endloop
  endfacet
  facet normal 0.96026 -1.5264e-06 -0.279109
    outer loop
      vertex -1.90211 0 16.618
      vertex -1.91601 -4.07172 16.5702
      vertex -1.93717 -4.06094 16.4974
    endloop
  endfacet
  facet normal 0.960225 0 -0.279229
    outer loop
      vertex -1.91601 -4.07172 16.5702
      vertex -1.90211 0 16.618
      vertex -1.90211 -4.07773 16.618
    endloop
  endfacet
  facet normal 0 -1 0
    outer loop
      vertex -0.125581 0 17.9961
      vertex 0.125581 0 17.9961
      vertex 0 0 18
    endloop
  endfacet
  facet normal 0 -1 0
    outer loop
      vertex -0.250666 0 17.9842
      vertex 0.125581 0 17.9961
      vertex -0.125581 0 17.9961
    endloop
  endfacet
  facet normal 0 -1 0
    outer loop
      vertex -0.250666 0 17.9842
      vertex 0.250666 0 17.9842
      vertex 0.125581 0 17.9961
    endloop
  endfacet
  facet normal 0 -1 0
    outer loop
      vertex -0.374763 0 17.9646
      vertex 0.250666 0 17.9842
      vertex -0.250666 0 17.9842
    endloop
  endfacet
  facet normal 0 -1 0
    outer loop
      vertex -0.374763 0 17.9646
      vertex 0.374763 0 17.9646
      vertex 0.250666 0 17.9842
    endloop
  endfacet
  facet normal 0 -1 0
    outer loop
      vertex -0.497379 0 17.9372
      vertex 0.374763 0 17.9646
      vertex -0.374763 0 17.9646
    endloop
  endfacet
  facet normal 0 -1 0
    outer loop
      vertex -0.497379 0 17.9372
      vertex 0.497379 0 17.9372
      vertex 0.374763 0 17.9646
    endloop
  endfacet
  facet normal 0 -1 0
    outer loop
      vertex -0.618033 0 17.9021
      vertex 0.497379 0 17.9372
      vertex -0.497379 0 17.9372
    endloop
  endfacet
  facet normal 0 -1 0
    outer loop
      vertex -0.618033 0 17.9021
      vertex 0.618033 0 17.9021
      vertex 0.497379 0 17.9372
    endloop
  endfacet
  facet normal 0 -1 0
    outer loop
      vertex -0.736249 0 17.8596
      vertex 0.618033 0 17.9021
      vertex -0.618033 0 17.9021
    endloop
  endfacet
  facet normal 0 -1 0
    outer loop
      vertex -0.736249 0 17.8596
      vertex 0.736249 0 17.8596
      vertex 0.618033 0 17.9021
    endloop
  endfacet
  facet normal 0 -1 0
    outer loop
      vertex -0.851558 0 17.8097
      vertex 0.736249 0 17.8596
      vertex -0.736249 0 17.8596
    endloop
  endfacet
  facet normal 0 -1 0
    outer loop
      vertex -0.851558 0 17.8097
      vertex 0.851558 0 17.8097
      vertex 0.736249 0 17.8596
    endloop
  endfacet
  facet normal 0 -1 0
    outer loop
      vertex -0.963507 0 17.7526
      vertex 0.851558 0 17.8097
      vertex -0.851558 0 17.8097
    endloop
  endfacet
  facet normal 0 -1 0
    outer loop
      vertex -0.963507 0 17.7526
      vertex 0.963507 0 17.7526
      vertex 0.851558 0 17.8097
    endloop
  endfacet
  facet normal 0 -1 0
    outer loop
      vertex -1.07165 0 17.6887
      vertex 0.963507 0 17.7526
      vertex -0.963507 0 17.7526
    endloop
  endfacet
  facet normal 0 -1 0
    outer loop
      vertex -1.07165 0 17.6887
      vertex 1.07165 0 17.6887
      vertex 0.963507 0 17.7526
    endloop
  endfacet
  facet normal 0 -1 0
    outer loop
      vertex -1.17557 0 17.618
      vertex 1.07165 0 17.6887
      vertex -1.07165 0 17.6887
    endloop
  endfacet
  facet normal 0 -1 0
    outer loop
      vertex -1.17557 0 17.618
      vertex 1.17557 0 17.618
      vertex 1.07165 0 17.6887
    endloop
  endfacet
  facet normal 0 -1 0
    outer loop
      vertex -1.27485 0 17.541
      vertex 1.17557 0 17.618
      vertex -1.17557 0 17.618
    endloop
  endfacet
  facet normal 0 -1 0
    outer loop
      vertex -1.27485 0 17.541
      vertex 1.27485 0 17.541
      vertex 1.17557 0 17.618
    endloop
  endfacet
  facet normal 0 -1 0
    outer loop
      vertex -1.36909 0 17.4579
      vertex 1.27485 0 17.541
      vertex -1.27485 0 17.541
    endloop
  endfacet
  facet normal 0 -1 0
    outer loop
      vertex -1.36909 0 17.4579
      vertex 1.36909 0 17.4579
      vertex 1.27485 0 17.541
    endloop
  endfacet
  facet normal 0 -1 0
    outer loop
      vertex -1.45794 0 17.3691
      vertex 1.36909 0 17.4579
      vertex -1.36909 0 17.4579
    endloop
  endfacet
  facet normal 0 -1 0
    outer loop
      vertex -1.45794 0 17.3691
      vertex 1.45794 0 17.3691
      vertex 1.36909 0 17.4579
    endloop
  endfacet
  facet normal 0 -1 0
    outer loop
      vertex -1.54103 0 17.2748
      vertex 1.45794 0 17.3691
      vertex -1.45794 0 17.3691
    endloop
  endfacet
  facet normal 0 -1 0
    outer loop
      vertex -1.54103 0 17.2748
      vertex 1.54103 0 17.2748
      vertex 1.45794 0 17.3691
    endloop
  endfacet
  facet normal 0 -1 0
    outer loop
      vertex -1.61803 0 17.1756
      vertex 1.54103 0 17.2748
      vertex -1.54103 0 17.2748
    endloop
  endfacet
  facet normal 0 -1 0
    outer loop
      vertex -1.61803 0 17.1756
      vertex 1.61803 0 17.1756
      vertex 1.54103 0 17.2748
    endloop
  endfacet
  facet normal 0 -1 0
    outer loop
      vertex -1.68865 0 17.0717
      vertex 1.61803 0 17.1756
      vertex -1.61803 0 17.1756
    endloop
  endfacet
  facet normal 0 -1 0
    outer loop
      vertex -1.68865 0 17.0717
      vertex 1.68865 0 17.0717
      vertex 1.61803 0 17.1756
    endloop
  endfacet
  facet normal 0 -1 0
    outer loop
      vertex -1.75261 0 16.9635
      vertex 1.68865 0 17.0717
      vertex -1.68865 0 17.0717
    endloop
  endfacet
  facet normal 0 -1 0
    outer loop
      vertex -1.75261 0 16.9635
      vertex 1.75261 0 16.9635
      vertex 1.68865 0 17.0717
    endloop
  endfacet
  facet normal 0 -1 0
    outer loop
      vertex -1.80965 0 16.8516
      vertex 1.75261 0 16.9635
      vertex -1.75261 0 16.9635
    endloop
  endfacet
  facet normal 0 -1 0
    outer loop
      vertex -1.80965 0 16.8516
      vertex 1.80965 0 16.8516
      vertex 1.75261 0 16.9635
    endloop
  endfacet
  facet normal 0 -1 0
    outer loop
      vertex -1.85955 0 16.7362
      vertex 1.80965 0 16.8516
      vertex -1.80965 0 16.8516
    endloop
  endfacet
  facet normal 0 -1 0
    outer loop
      vertex -1.85955 0 16.7362
      vertex 1.85955 0 16.7362
      vertex 1.80965 0 16.8516
    endloop
  endfacet
  facet normal 0 -1 0
    outer loop
      vertex -1.90211 0 16.618
      vertex 1.85955 0 16.7362
      vertex -1.85955 0 16.7362
    endloop
  endfacet
  facet normal 0 -1 0
    outer loop
      vertex -1.90211 0 16.618
      vertex 1.90211 0 16.618
      vertex 1.85955 0 16.7362
    endloop
  endfacet
  facet normal 0 -1 0
    outer loop
      vertex -1.93717 0 16.4974
      vertex 1.90211 0 16.618
      vertex -1.90211 0 16.618
    endloop
  endfacet
  facet normal 0 -1 0
    outer loop
      vertex -1.93717 0 16.4974
      vertex 1.93717 0 16.4974
      vertex 1.90211 0 16.618
    endloop
  endfacet
  facet normal 0 -1 0
    outer loop
      vertex -1.96457 0 16.3748
      vertex 1.93717 0 16.4974
      vertex -1.93717 0 16.4974
    endloop
  endfacet
  facet normal 0 -1 0
    outer loop
      vertex -1.96457 0 16.3748
      vertex 1.96457 0 16.3748
      vertex 1.93717 0 16.4974
    endloop
  endfacet
  facet normal 0 -1 0
    outer loop
      vertex -1.98423 0 16.2507
      vertex 1.96457 0 16.3748
      vertex -1.96457 0 16.3748
    endloop
  endfacet
  facet normal 0 -1 0
    outer loop
      vertex -1.98423 0 16.2507
      vertex 1.98423 0 16.2507
      vertex 1.96457 0 16.3748
    endloop
  endfacet
  facet normal 0 -1 0
    outer loop
      vertex -1.99605 0 16.1256
      vertex 1.98423 0 16.2507
      vertex -1.98423 0 16.2507
    endloop
  endfacet
  facet normal 0 -1 0
    outer loop
      vertex -1.99605 0 16.1256
      vertex 1.99605 0 16.1256
      vertex 1.98423 0 16.2507
    endloop
  endfacet
  facet normal 0 -1 0
    outer loop
      vertex -2 0 16
      vertex 1.99605 0 16.1256
      vertex -1.99605 0 16.1256
    endloop
  endfacet
  facet normal 0 -1 0
    outer loop
      vertex -2 0 16
      vertex 2 0 16
      vertex 1.99605 0 16.1256
    endloop
  endfacet
  facet normal 0 -1 0
    outer loop
      vertex -1.99605 0 15.8744
      vertex 2 0 16
      vertex -2 0 16
    endloop
  endfacet
  facet normal 0 -1 0
    outer loop
      vertex -1.99605 0 15.8744
      vertex 1.99605 0 15.8744
      vertex 2 0 16
    endloop
  endfacet
  facet normal 0 -1 0
    outer loop
      vertex -1.98423 0 15.7493
      vertex 1.99605 0 15.8744
      vertex -1.99605 0 15.8744
    endloop
  endfacet
  facet normal 0 -1 0
    outer loop
      vertex -1.98423 0 15.7493
      vertex 1.98423 0 15.7493
      vertex 1.99605 0 15.8744
    endloop
  endfacet
  facet normal 0 -1 0
    outer loop
      vertex -1.96457 0 15.6252
      vertex 1.98423 0 15.7493
      vertex -1.98423 0 15.7493
    endloop
  endfacet
  facet normal 0 -1 0
    outer loop
      vertex -1.96457 0 15.6252
      vertex 1.96457 0 15.6252
      vertex 1.98423 0 15.7493
    endloop
  endfacet
  facet normal 0 -1 0
    outer loop
      vertex -1.93717 0 15.5026
      vertex 1.96457 0 15.6252
      vertex -1.96457 0 15.6252
    endloop
  endfacet
  facet normal 0 -1 0
    outer loop
      vertex -1.93717 0 15.5026
      vertex 1.93717 0 15.5026
      vertex 1.96457 0 15.6252
    endloop
  endfacet
  facet normal 0 -1 0
    outer loop
      vertex -1.90211 0 15.382
      vertex 1.93717 0 15.5026
      vertex -1.93717 0 15.5026
    endloop
  endfacet
  facet normal 0 -1 0
    outer loop
      vertex -1.90211 0 15.382
      vertex 1.90211 0 15.382
      vertex 1.93717 0 15.5026
    endloop
  endfacet
  facet normal 0 -1 0
    outer loop
      vertex -1.85955 0 15.2638
      vertex 1.90211 0 15.382
      vertex -1.90211 0 15.382
    endloop
  endfacet
  facet normal 0 -1 0
    outer loop
      vertex -1.85955 0 15.2638
      vertex 1.85955 0 15.2638
      vertex 1.90211 0 15.382
    endloop
  endfacet
  facet normal 0 -1 0
    outer loop
      vertex -1.80965 0 15.1484
      vertex 1.85955 0 15.2638
      vertex -1.85955 0 15.2638
    endloop
  endfacet
  facet normal 0 -1 0
    outer loop
      vertex -1.80965 0 15.1484
      vertex 1.80965 0 15.1484
      vertex 1.85955 0 15.2638
    endloop
  endfacet
  facet normal 0 -1 0
    outer loop
      vertex -1.75261 0 15.0365
      vertex 1.80965 0 15.1484
      vertex -1.80965 0 15.1484
    endloop
  endfacet
  facet normal 0 -1 0
    outer loop
      vertex -1.75261 0 15.0365
      vertex 1.75261 0 15.0365
      vertex 1.80965 0 15.1484
    endloop
  endfacet
  facet normal 0 -1 0
    outer loop
      vertex -1.68865 0 14.9283
      vertex 1.75261 0 15.0365
      vertex -1.75261 0 15.0365
    endloop
  endfacet
  facet normal 0 -1 0
    outer loop
      vertex -1.68865 0 14.9283
      vertex 1.68865 0 14.9283
      vertex 1.75261 0 15.0365
    endloop
  endfacet
  facet normal 0 -1 0
    outer loop
      vertex -1.61803 0 14.8244
      vertex 1.68865 0 14.9283
      vertex -1.68865 0 14.9283
    endloop
  endfacet
  facet normal 0 -1 0
    outer loop
      vertex -1.61803 0 14.8244
      vertex 1.61803 0 14.8244
      vertex 1.68865 0 14.9283
    endloop
  endfacet
  facet normal 0 -1 0
    outer loop
      vertex -1.54103 0 14.7252
      vertex 1.61803 0 14.8244
      vertex -1.61803 0 14.8244
    endloop
  endfacet
  facet normal 0 -1 0
    outer loop
      vertex -1.54103 0 14.7252
      vertex 1.54103 0 14.7252
      vertex 1.61803 0 14.8244
    endloop
  endfacet
  facet normal 0 -1 0
    outer loop
      vertex -1.45794 0 14.6309
      vertex 1.54103 0 14.7252
      vertex -1.54103 0 14.7252
    endloop
  endfacet
  facet normal 0 -1 0
    outer loop
      vertex -1.45794 0 14.6309
      vertex 1.45794 0 14.6309
      vertex 1.54103 0 14.7252
    endloop
  endfacet
  facet normal 0 -1 0
    outer loop
      vertex -1.36909 0 14.5421
      vertex 1.45794 0 14.6309
      vertex -1.45794 0 14.6309
    endloop
  endfacet
  facet normal 0 -1 0
    outer loop
      vertex -1.36909 0 14.5421
      vertex 1.36909 0 14.5421
      vertex 1.45794 0 14.6309
    endloop
  endfacet
  facet normal 0 -1 0
    outer loop
      vertex -1.27485 0 14.459
      vertex 1.36909 0 14.5421
      vertex -1.36909 0 14.5421
    endloop
  endfacet
  facet normal 0 -1 0
    outer loop
      vertex -1.27485 0 14.459
      vertex 1.27485 0 14.459
      vertex 1.36909 0 14.5421
    endloop
  endfacet
  facet normal 0 -1 0
    outer loop
      vertex -1.17557 0 14.382
      vertex 1.27485 0 14.459
      vertex -1.27485 0 14.459
    endloop
  endfacet
  facet normal 0 -1 0
    outer loop
      vertex -1.17557 0 14.382
      vertex 1.17557 0 14.382
      vertex 1.27485 0 14.459
    endloop
  endfacet
  facet normal 0 -1 0
    outer loop
      vertex -1.07165 0 14.3113
      vertex 1.17557 0 14.382
      vertex -1.17557 0 14.382
    endloop
  endfacet
  facet normal 0 -1 0
    outer loop
      vertex -1.07165 0 14.3113
      vertex 1.07165 0 14.3113
      vertex 1.17557 0 14.382
    endloop
  endfacet
  facet normal 0 -1 0
    outer loop
      vertex -0.963507 0 14.2474
      vertex 1.07165 0 14.3113
      vertex -1.07165 0 14.3113
    endloop
  endfacet
  facet normal 0 -1 0
    outer loop
      vertex -0.963507 0 14.2474
      vertex 0.963507 0 14.2474
      vertex 1.07165 0 14.3113
    endloop
  endfacet
  facet normal 0 -1 0
    outer loop
      vertex -0.851558 0 14.1903
      vertex 0.963507 0 14.2474
      vertex -0.963507 0 14.2474
    endloop
  endfacet
  facet normal 0 -1 0
    outer loop
      vertex -0.851558 0 14.1903
      vertex 0.851558 0 14.1903
      vertex 0.963507 0 14.2474
    endloop
  endfacet
  facet normal 0 -1 0
    outer loop
      vertex -0.736249 0 14.1404
      vertex 0.851558 0 14.1903
      vertex -0.851558 0 14.1903
    endloop
  endfacet
  facet normal 0 -1 0
    outer loop
      vertex -0.736249 0 14.1404
      vertex 0.736249 0 14.1404
      vertex 0.851558 0 14.1903
    endloop
  endfacet
  facet normal 0 -1 0
    outer loop
      vertex -0.618033 0 14.0979
      vertex 0.736249 0 14.1404
      vertex -0.736249 0 14.1404
    endloop
  endfacet
  facet normal 0 -1 0
    outer loop
      vertex -0.618033 0 14.0979
      vertex 0.618033 0 14.0979
      vertex 0.736249 0 14.1404
    endloop
  endfacet
  facet normal 0 -1 0
    outer loop
      vertex -0.497379 0 14.0628
      vertex 0.618033 0 14.0979
      vertex -0.618033 0 14.0979
    endloop
  endfacet
  facet normal 0 -1 0
    outer loop
      vertex -0.497379 0 14.0628
      vertex 0.497379 0 14.0628
      vertex 0.618033 0 14.0979
    endloop
  endfacet
  facet normal 0 -1 0
    outer loop
      vertex -0.374763 0 14.0354
      vertex 0.497379 0 14.0628
      vertex -0.497379 0 14.0628
    endloop
  endfacet
  facet normal 0 -1 0
    outer loop
      vertex -0.374763 0 14.0354
      vertex 0.374763 0 14.0354
      vertex 0.497379 0 14.0628
    endloop
  endfacet
  facet normal 0 -1 0
    outer loop
      vertex -0.250666 0 14.0158
      vertex 0.374763 0 14.0354
      vertex -0.374763 0 14.0354
    endloop
  endfacet
  facet normal 0 -1 0
    outer loop
      vertex -0.250666 0 14.0158
      vertex 0.250666 0 14.0158
      vertex 0.374763 0 14.0354
    endloop
  endfacet
  facet normal 0 -1 0
    outer loop
      vertex -0.125581 0 14.0039
      vertex 0.250666 0 14.0158
      vertex -0.250666 0 14.0158
    endloop
  endfacet
  facet normal 0 -1 0
    outer loop
      vertex -0.125581 0 14.0039
      vertex 0.125581 0 14.0039
      vertex 0.250666 0 14.0158
    endloop
  endfacet
  facet normal -0 -1 0
    outer loop
      vertex 0.125581 0 14.0039
      vertex -0.125581 0 14.0039
      vertex 0 0 14
    endloop
  endfacet
  facet normal 0.508713 0 -0.860936
    outer loop
      vertex -1.07165 -4.36923 17.6887
      vertex -0.963507 0 17.7526
      vertex -0.963507 -4.3934 17.7526
    endloop
  endfacet
  facet normal 0.508713 0 -0.860936
    outer loop
      vertex -0.963507 0 17.7526
      vertex -1.07165 -4.36923 17.6887
      vertex -1.07165 0 17.6887
    endloop
  endfacet
  facet normal -0.661385 -0 -0.750047
    outer loop
      vertex 1.27485 0 17.541
      vertex 1.36909 -4.286 17.4579
      vertex 1.27485 -4.31338 17.541
    endloop
  endfacet
  facet normal -0.661385 0 -0.750047
    outer loop
      vertex 1.36909 -4.286 17.4579
      vertex 1.27485 0 17.541
      vertex 1.36909 0 17.4579
    endloop
  endfacet
  facet normal -0.827045 0 -0.562136
    outer loop
      vertex 1.68865 -4.1701 17.0717
      vertex 1.61803 0 17.1756
      vertex 1.68865 0 17.0717
    endloop
  endfacet
  facet normal -0.827718 0.00552439 -0.561117
    outer loop
      vertex 1.61803 -4.19786 17.1756
      vertex 1.68865 -4.1701 17.0717
      vertex 1.65656 -4.18399 17.1189
    endloop
  endfacet
  facet normal -0.827045 0 -0.562136
    outer loop
      vertex 1.68865 -4.1701 17.0717
      vertex 1.61803 -4.19786 17.1756
      vertex 1.61803 0 17.1756
    endloop
  endfacet
  facet normal 0.661385 -0 0.750047
    outer loop
      vertex -1.36909 -4.286 14.5421
      vertex -1.27485 0 14.459
      vertex -1.36909 0 14.5421
    endloop
  endfacet
  facet normal 0.661385 0 0.750047
    outer loop
      vertex -1.27485 0 14.459
      vertex -1.36909 -4.286 14.5421
      vertex -1.27485 -4.31338 14.459
    endloop
  endfacet
  facet normal -0.154101 -0.02433 -0.987755
    outer loop
      vertex 0.250666 -4.49212 17.9842
      vertex 0.374763 -4.4824 17.9646
      vertex 0.282557 -4.49112 17.9792
    endloop
  endfacet
  facet normal -0.156007 0 -0.987756
    outer loop
      vertex 0.374763 -4.4824 17.9646
      vertex 0.250666 -4.49212 17.9842
      vertex 0.250666 0 17.9842
    endloop
  endfacet
  facet normal -0.156007 0 -0.987756
    outer loop
      vertex 0.374763 -4.4824 17.9646
      vertex 0.250666 0 17.9842
      vertex 0.374763 0 17.9646
    endloop
  endfacet
  facet normal 0.0947077 0 -0.995505
    outer loop
      vertex -0.250666 -4.49212 17.9842
      vertex -0.125581 0 17.9961
      vertex -0.125581 -4.49605 17.9961
    endloop
  endfacet
  facet normal 0.0947077 0 -0.995505
    outer loop
      vertex -0.125581 0 17.9961
      vertex -0.250666 -4.49212 17.9842
      vertex -0.250666 0 17.9842
    endloop
  endfacet
  facet normal -0.338312 -0 -0.941034
    outer loop
      vertex 0.618033 0 17.9021
      vertex 0.736249 -4.43723 17.8596
      vertex 0.618033 -4.45596 17.9021
    endloop
  endfacet
  facet normal -0.338312 0 -0.941034
    outer loop
      vertex 0.736249 -4.43723 17.8596
      vertex 0.618033 0 17.9021
      vertex 0.736249 0 17.8596
    endloop
  endfacet
  facet normal -0.860844 0 -0.508869
    outer loop
      vertex 1.75261 -4.14243 16.9635
      vertex 1.68865 0 17.0717
      vertex 1.75261 0 16.9635
    endloop
  endfacet
  facet normal -0.860844 -0 -0.508869
    outer loop
      vertex 1.68865 0 17.0717
      vertex 1.75261 -4.14243 16.9635
      vertex 1.68865 -4.1701 17.0717
    endloop
  endfacet
  facet normal -0.995566 0 0.0940655
    outer loop
      vertex 1.98423 0 15.7493
      vertex 1.99605 -4.03094 15.8744
      vertex 1.99605 0 15.8744
    endloop
  endfacet
  facet normal -0.995566 0 0.0940655
    outer loop
      vertex 1.99605 -4.03094 15.8744
      vertex 1.98423 0 15.7493
      vertex 1.98423 -4.03696 15.7493
    endloop
  endfacet
  facet normal 0.999506 -0 0.0314335
    outer loop
      vertex -2 -4.02892 16
      vertex -1.99605 0 15.8744
      vertex -2 0 16
    endloop
  endfacet
  facet normal 0.999506 0 0.0314335
    outer loop
      vertex -1.99605 0 15.8744
      vertex -2 -4.02892 16
      vertex -1.99605 -4.03094 15.8744
    endloop
  endfacet
  facet normal 0.154101 -0.02433 -0.987755
    outer loop
      vertex -0.374763 -4.4824 17.9646
      vertex -0.250666 -4.49212 17.9842
      vertex -0.282557 -4.49112 17.9792
    endloop
  endfacet
  facet normal 0.156007 0 -0.987756
    outer loop
      vertex -0.250666 -4.49212 17.9842
      vertex -0.374763 -4.4824 17.9646
      vertex -0.250666 0 17.9842
    endloop
  endfacet
  facet normal 0.156007 0 -0.987756
    outer loop
      vertex -0.250666 0 17.9842
      vertex -0.374763 -4.4824 17.9646
      vertex -0.374763 0 17.9646
    endloop
  endfacet
  facet normal 0.975924 -0 0.21811
    outer loop
      vertex -1.96457 -4.04697 15.6252
      vertex -1.93717 0 15.5026
      vertex -1.96457 0 15.6252
    endloop
  endfacet
  facet normal 0.975924 0 0.21811
    outer loop
      vertex -1.93717 0 15.5026
      vertex -1.96457 -4.04697 15.6252
      vertex -1.93717 -4.06094 15.5026
    endloop
  endfacet
  facet normal -0.39971 0.0191363 -0.916442
    outer loop
      vertex 0.736249 -4.43723 17.8596
      vertex 0.851558 -4.41843 17.8097
      vertex 0.843215 -4.42029 17.8133
    endloop
  endfacet
  facet normal -0.397157 0 -0.917751
    outer loop
      vertex 0.851558 -4.41843 17.8097
      vertex 0.736249 -4.43723 17.8596
      vertex 0.736249 0 17.8596
    endloop
  endfacet
  facet normal -0.397157 0 -0.917751
    outer loop
      vertex 0.851558 -4.41843 17.8097
      vertex 0.736249 0 17.8596
      vertex 0.851558 0 17.8097
    endloop
  endfacet
  facet normal 0.995566 -0 0.0940655
    outer loop
      vertex -1.99605 -4.03094 15.8744
      vertex -1.98423 0 15.7493
      vertex -1.99605 0 15.8744
    endloop
  endfacet
  facet normal 0.995566 0 0.0940655
    outer loop
      vertex -1.98423 0 15.7493
      vertex -1.99605 -4.03094 15.8744
      vertex -1.98423 -4.03696 15.7493
    endloop
  endfacet
  facet normal -0.0947077 0 0.995505
    outer loop
      vertex 0.125581 0 14.0039
      vertex 0.250666 -4.49212 14.0158
      vertex 0.250666 0 14.0158
    endloop
  endfacet
  facet normal -0.0947077 0 0.995505
    outer loop
      vertex 0.250666 -4.49212 14.0158
      vertex 0.125581 0 14.0039
      vertex 0.125581 -4.49605 14.0039
    endloop
  endfacet
  facet normal -0.960246 0 0.279156
    outer loop
      vertex 1.90211 0 15.382
      vertex 1.93717 -4.06094 15.5026
      vertex 1.93717 0 15.5026
    endloop
  endfacet
  facet normal -0.96026 -1.5264e-06 0.279109
    outer loop
      vertex 1.90211 0 15.382
      vertex 1.91601 -4.07172 15.4298
      vertex 1.93717 -4.06094 15.5026
    endloop
  endfacet
  facet normal -0.960225 0 0.279229
    outer loop
      vertex 1.91601 -4.07172 15.4298
      vertex 1.90211 0 15.382
      vertex 1.90211 -4.07773 15.382
    endloop
  endfacet
  facet normal 0.940867 0 -0.338776
    outer loop
      vertex -1.85955 0 16.7362
      vertex -1.90211 -4.07773 16.618
      vertex -1.90211 0 16.618
    endloop
  endfacet
  facet normal 0.940867 0 -0.338776
    outer loop
      vertex -1.90211 -4.07773 16.618
      vertex -1.85955 0 16.7362
      vertex -1.85955 -4.09615 16.7362
    endloop
  endfacet
  facet normal -0.975924 0 0.21811
    outer loop
      vertex 1.93717 0 15.5026
      vertex 1.96457 -4.04697 15.6252
      vertex 1.96457 0 15.6252
    endloop
  endfacet
  facet normal -0.975924 0 0.21811
    outer loop
      vertex 1.96457 -4.04697 15.6252
      vertex 1.93717 0 15.5026
      vertex 1.93717 -4.06094 15.5026
    endloop
  endfacet
  facet normal 0.508713 -0 0.860936
    outer loop
      vertex -1.07165 -4.36923 14.3113
      vertex -0.963507 0 14.2474
      vertex -1.07165 0 14.3113
    endloop
  endfacet
  facet normal 0.508713 0 0.860936
    outer loop
      vertex -0.963507 0 14.2474
      vertex -1.07165 -4.36923 14.3113
      vertex -0.963507 -4.3934 14.2474
    endloop
  endfacet
  facet normal -0.61286 0 0.790191
    outer loop
      vertex 1.17557 0 14.382
      vertex 1.27485 -4.31338 14.459
      vertex 1.27485 0 14.459
    endloop
  endfacet
  facet normal -0.61286 0 0.790191
    outer loop
      vertex 1.27485 -4.31338 14.459
      vertex 1.17557 0 14.382
      vertex 1.17557 -4.34222 14.382
    endloop
  endfacet
  facet normal 0.564032 0.00876746 -0.825706
    outer loop
      vertex -1.17557 -4.34222 17.618
      vertex -1.07165 -4.36923 17.6887
      vertex -1.1191 -4.35862 17.6564
    endloop
  endfacet
  facet normal 0.562497 0 -0.826799
    outer loop
      vertex -1.07165 -4.36923 17.6887
      vertex -1.17557 -4.34222 17.618
      vertex -1.07165 0 17.6887
    endloop
  endfacet
  facet normal 0.562497 0 -0.826799
    outer loop
      vertex -1.07165 0 17.6887
      vertex -1.17557 -4.34222 17.618
      vertex -1.17557 0 17.618
    endloop
  endfacet
  facet normal 0.661385 0 -0.750047
    outer loop
      vertex -1.36909 -4.286 17.4579
      vertex -1.27485 0 17.541
      vertex -1.27485 -4.31338 17.541
    endloop
  endfacet
  facet normal 0.661385 0 -0.750047
    outer loop
      vertex -1.27485 0 17.541
      vertex -1.36909 -4.286 17.4579
      vertex -1.36909 0 17.4579
    endloop
  endfacet
  facet normal 0.338312 -0 0.941034
    outer loop
      vertex -0.736249 -4.43723 14.1404
      vertex -0.618033 0 14.0979
      vertex -0.736249 0 14.1404
    endloop
  endfacet
  facet normal 0.338312 0 0.941034
    outer loop
      vertex -0.618033 0 14.0979
      vertex -0.736249 -4.43723 14.1404
      vertex -0.618033 -4.45596 14.0979
    endloop
  endfacet
  facet normal 0.0310407 -0 0.999518
    outer loop
      vertex -0.125581 -4.49605 14.0039
      vertex 0 0 14
      vertex -0.125581 0 14.0039
    endloop
  endfacet
  facet normal 0.0310407 0 0.999518
    outer loop
      vertex 0 0 14
      vertex -0.125581 -4.49605 14.0039
      vertex 0 -4.5 14
    endloop
  endfacet
  facet normal -0.338312 0 0.941034
    outer loop
      vertex 0.618033 0 14.0979
      vertex 0.736249 -4.43723 14.1404
      vertex 0.736249 0 14.1404
    endloop
  endfacet
  facet normal -0.338312 0 0.941034
    outer loop
      vertex 0.736249 -4.43723 14.1404
      vertex 0.618033 0 14.0979
      vertex 0.618033 -4.45596 14.0979
    endloop
  endfacet
  facet normal 0.890929 -0 0.454143
    outer loop
      vertex -1.80965 -4.11774 15.1484
      vertex -1.75261 0 15.0365
      vertex -1.80965 0 15.1484
    endloop
  endfacet
  facet normal 0.890929 0 0.454143
    outer loop
      vertex -1.75261 0 15.0365
      vertex -1.80965 -4.11774 15.1484
      vertex -1.75261 -4.14243 15.0365
    endloop
  endfacet
  facet normal 0.789952 -0 0.613168
    outer loop
      vertex -1.61803 -4.19786 14.8244
      vertex -1.54103 0 14.7252
      vertex -1.61803 0 14.8244
    endloop
  endfacet
  facet normal 0.789952 0 0.613168
    outer loop
      vertex -1.54103 0 14.7252
      vertex -1.61803 -4.19786 14.8244
      vertex -1.54103 -4.22559 14.7252
    endloop
  endfacet
  facet normal -0.454364 -0 -0.890816
    outer loop
      vertex 0.851558 0 17.8097
      vertex 0.963507 -4.3934 17.7526
      vertex 0.851558 -4.41843 17.8097
    endloop
  endfacet
  facet normal -0.454364 0 -0.890816
    outer loop
      vertex 0.963507 -4.3934 17.7526
      vertex 0.851558 0 17.8097
      vertex 0.963507 0 17.7526
    endloop
  endfacet
  facet normal -0.508713 0 0.860936
    outer loop
      vertex 0.963507 0 14.2474
      vertex 1.07165 -4.36923 14.3113
      vertex 1.07165 0 14.3113
    endloop
  endfacet
  facet normal -0.508713 0 0.860936
    outer loop
      vertex 1.07165 -4.36923 14.3113
      vertex 0.963507 0 14.2474
      vertex 0.963507 -4.3934 14.2474
    endloop
  endfacet
  facet normal -0.564032 0.00876746 -0.825706
    outer loop
      vertex 1.07165 -4.36923 17.6887
      vertex 1.17557 -4.34222 17.618
      vertex 1.1191 -4.35862 17.6564
    endloop
  endfacet
  facet normal -0.562497 0 -0.826799
    outer loop
      vertex 1.17557 -4.34222 17.618
      vertex 1.07165 -4.36923 17.6887
      vertex 1.07165 0 17.6887
    endloop
  endfacet
  facet normal -0.562497 0 -0.826799
    outer loop
      vertex 1.17557 -4.34222 17.618
      vertex 1.07165 0 17.6887
      vertex 1.17557 0 17.618
    endloop
  endfacet
  facet normal 0.827045 0 -0.562136
    outer loop
      vertex -1.61803 0 17.1756
      vertex -1.68865 -4.1701 17.0717
      vertex -1.68865 0 17.0717
    endloop
  endfacet
  facet normal 0.827045 0 -0.562136
    outer loop
      vertex -1.61803 -4.19786 17.1756
      vertex -1.68865 -4.1701 17.0717
      vertex -1.61803 0 17.1756
    endloop
  endfacet
  facet normal 0.827718 0.00552439 -0.561117
    outer loop
      vertex -1.68865 -4.1701 17.0717
      vertex -1.61803 -4.19786 17.1756
      vertex -1.65656 -4.18399 17.1189
    endloop
  endfacet
  facet normal -0.562497 0 0.826799
    outer loop
      vertex 1.07165 0 14.3113
      vertex 1.17557 -4.34222 14.382
      vertex 1.17557 0 14.382
    endloop
  endfacet
  facet normal -0.562497 0 0.826799
    outer loop
      vertex 1.07165 -4.36923 14.3113
      vertex 1.17557 -4.34222 14.382
      vertex 1.07165 0 14.3113
    endloop
  endfacet
  facet normal -0.564032 0.00876746 0.825706
    outer loop
      vertex 1.17557 -4.34222 14.382
      vertex 1.07165 -4.36923 14.3113
      vertex 1.1191 -4.35862 14.3436
    endloop
  endfacet
  facet normal 0.0310407 0 -0.999518
    outer loop
      vertex -0.125581 -4.49605 17.9961
      vertex 0 0 18
      vertex 0 -4.5 18
    endloop
  endfacet
  facet normal 0.0310407 0 -0.999518
    outer loop
      vertex 0 0 18
      vertex -0.125581 -4.49605 17.9961
      vertex -0.125581 0 17.9961
    endloop
  endfacet
  facet normal 0.789952 0 -0.613168
    outer loop
      vertex -1.54103 0 17.2748
      vertex -1.61803 -4.19786 17.1756
      vertex -1.61803 0 17.1756
    endloop
  endfacet
  facet normal 0.789952 0 -0.613168
    outer loop
      vertex -1.61803 -4.19786 17.1756
      vertex -1.54103 0 17.2748
      vertex -1.54103 -4.22559 17.2748
    endloop
  endfacet
  facet normal -0.789952 0 0.613168
    outer loop
      vertex 1.54103 0 14.7252
      vertex 1.61803 -4.19786 14.8244
      vertex 1.61803 0 14.8244
    endloop
  endfacet
  facet normal -0.789952 0 0.613168
    outer loop
      vertex 1.61803 -4.19786 14.8244
      vertex 1.54103 0 14.7252
      vertex 1.54103 -4.22559 14.7252
    endloop
  endfacet
  facet normal -0.827045 0 0.562136
    outer loop
      vertex 1.61803 0 14.8244
      vertex 1.68865 -4.1701 14.9283
      vertex 1.68865 0 14.9283
    endloop
  endfacet
  facet normal -0.827045 0 0.562136
    outer loop
      vertex 1.61803 -4.19786 14.8244
      vertex 1.68865 -4.1701 14.9283
      vertex 1.61803 0 14.8244
    endloop
  endfacet
  facet normal -0.827718 0.00552439 0.561117
    outer loop
      vertex 1.68865 -4.1701 14.9283
      vertex 1.61803 -4.19786 14.8244
      vertex 1.65656 -4.18399 14.8811
    endloop
  endfacet
  facet normal -0.890929 0 0.454143
    outer loop
      vertex 1.75261 0 15.0365
      vertex 1.80965 -4.11774 15.1484
      vertex 1.80965 0 15.1484
    endloop
  endfacet
  facet normal -0.890929 0 0.454143
    outer loop
      vertex 1.80965 -4.11774 15.1484
      vertex 1.75261 0 15.0365
      vertex 1.75261 -4.14243 15.0365
    endloop
  endfacet
  facet normal -0.28042 0.00968855 -0.959828
    outer loop
      vertex 0.497379 -4.47081 17.9372
      vertex 0.618033 -4.45596 17.9021
      vertex 0.563999 -4.46452 17.9178
    endloop
  endfacet
  facet normal -0.279334 0 -0.960194
    outer loop
      vertex 0.618033 -4.45596 17.9021
      vertex 0.497379 -4.47081 17.9372
      vertex 0.497379 0 17.9372
    endloop
  endfacet
  facet normal -0.279334 0 -0.960194
    outer loop
      vertex 0.618033 -4.45596 17.9021
      vertex 0.497379 0 17.9372
      vertex 0.618033 0 17.9021
    endloop
  endfacet
  facet normal 0.61286 -0 0.790191
    outer loop
      vertex -1.27485 -4.31338 14.459
      vertex -1.17557 0 14.382
      vertex -1.27485 0 14.459
    endloop
  endfacet
  facet normal 0.61286 0 0.790191
    outer loop
      vertex -1.17557 0 14.382
      vertex -1.27485 -4.31338 14.459
      vertex -1.17557 -4.34222 14.382
    endloop
  endfacet
  facet normal -0.61286 -0 -0.790191
    outer loop
      vertex 1.17557 0 17.618
      vertex 1.27485 -4.31338 17.541
      vertex 1.17557 -4.34222 17.618
    endloop
  endfacet
  facet normal -0.61286 0 -0.790191
    outer loop
      vertex 1.27485 -4.31338 17.541
      vertex 1.17557 0 17.618
      vertex 1.27485 0 17.541
    endloop
  endfacet
  facet normal -0.917865 0 0.396893
    outer loop
      vertex 1.80965 0 15.1484
      vertex 1.85955 -4.09615 15.2638
      vertex 1.85955 0 15.2638
    endloop
  endfacet
  facet normal -0.917865 0 0.396893
    outer loop
      vertex 1.85955 -4.09615 15.2638
      vertex 1.80965 0 15.1484
      vertex 1.80965 -4.11774 15.1484
    endloop
  endfacet
  facet normal -0.279334 0 0.960194
    outer loop
      vertex 0.497379 0 14.0628
      vertex 0.618033 -4.45596 14.0979
      vertex 0.618033 0 14.0979
    endloop
  endfacet
  facet normal -0.279334 0 0.960194
    outer loop
      vertex 0.497379 -4.47081 14.0628
      vertex 0.618033 -4.45596 14.0979
      vertex 0.497379 0 14.0628
    endloop
  endfacet
  facet normal -0.28042 0.00968855 0.959828
    outer loop
      vertex 0.618033 -4.45596 14.0979
      vertex 0.497379 -4.47081 14.0628
      vertex 0.563999 -4.46452 14.0822
    endloop
  endfacet
  facet normal 0.940867 -0 0.338776
    outer loop
      vertex -1.90211 -4.07773 15.382
      vertex -1.85955 0 15.2638
      vertex -1.90211 0 15.382
    endloop
  endfacet
  facet normal 0.940867 0 0.338776
    outer loop
      vertex -1.85955 0 15.2638
      vertex -1.90211 -4.07773 15.382
      vertex -1.85955 -4.09615 15.2638
    endloop
  endfacet
  facet normal 0.860844 0 -0.508869
    outer loop
      vertex -1.68865 0 17.0717
      vertex -1.75261 -4.14243 16.9635
      vertex -1.75261 0 16.9635
    endloop
  endfacet
  facet normal 0.860844 0 -0.508869
    outer loop
      vertex -1.75261 -4.14243 16.9635
      vertex -1.68865 0 17.0717
      vertex -1.68865 -4.1701 17.0717
    endloop
  endfacet
  facet normal -0.987683 0 0.156469
    outer loop
      vertex 1.96457 0 15.6252
      vertex 1.98423 -4.03696 15.7493
      vertex 1.98423 0 15.7493
    endloop
  endfacet
  facet normal -0.987683 0 0.156469
    outer loop
      vertex 1.98423 -4.03696 15.7493
      vertex 1.96457 0 15.6252
      vertex 1.96457 -4.04697 15.6252
    endloop
  endfacet
  facet normal -0.940867 0 0.338776
    outer loop
      vertex 1.85955 0 15.2638
      vertex 1.90211 -4.07773 15.382
      vertex 1.90211 0 15.382
    endloop
  endfacet
  facet normal -0.940867 0 0.338776
    outer loop
      vertex 1.90211 -4.07773 15.382
      vertex 1.85955 0 15.2638
      vertex 1.85955 -4.09615 15.2638
    endloop
  endfacet
  facet normal -0.750295 0 0.661103
    outer loop
      vertex 1.45794 0 14.6309
      vertex 1.54103 -4.22559 14.7252
      vertex 1.54103 0 14.7252
    endloop
  endfacet
  facet normal -0.750295 0 0.661103
    outer loop
      vertex 1.54103 -4.22559 14.7252
      vertex 1.45794 0 14.6309
      vertex 1.45794 -4.2555 14.6309
    endloop
  endfacet
  facet normal 0.0947077 -0 0.995505
    outer loop
      vertex -0.250666 -4.49212 14.0158
      vertex -0.125581 0 14.0039
      vertex -0.250666 0 14.0158
    endloop
  endfacet
  facet normal 0.0947077 0 0.995505
    outer loop
      vertex -0.125581 0 14.0039
      vertex -0.250666 -4.49212 14.0158
      vertex -0.125581 -4.49605 14.0039
    endloop
  endfacet
  facet normal 0.454364 0 -0.890816
    outer loop
      vertex -0.963507 -4.3934 17.7526
      vertex -0.851558 0 17.8097
      vertex -0.851558 -4.41843 17.8097
    endloop
  endfacet
  facet normal 0.454364 0 -0.890816
    outer loop
      vertex -0.851558 0 17.8097
      vertex -0.963507 -4.3934 17.7526
      vertex -0.963507 0 17.7526
    endloop
  endfacet
  facet normal -0.0310407 0 0.999518
    outer loop
      vertex 0 0 14
      vertex 0.125581 -4.49605 14.0039
      vertex 0.125581 0 14.0039
    endloop
  endfacet
  facet normal -0.0310407 0 0.999518
    outer loop
      vertex 0.125581 -4.49605 14.0039
      vertex 0 0 14
      vertex 0 -4.5 14
    endloop
  endfacet
  facet normal 0.860844 -0 0.508869
    outer loop
      vertex -1.75261 -4.14243 15.0365
      vertex -1.68865 0 14.9283
      vertex -1.75261 0 15.0365
    endloop
  endfacet
  facet normal 0.860844 0 0.508869
    outer loop
      vertex -1.68865 0 14.9283
      vertex -1.75261 -4.14243 15.0365
      vertex -1.68865 -4.1701 14.9283
    endloop
  endfacet
  facet normal -0.697506 -0.049418 -0.714873
    outer loop
      vertex 1.36909 -4.286 17.4579
      vertex 1.45794 -4.2555 17.3691
      vertex 1.39058 -4.27975 17.4365
    endloop
  endfacet
  facet normal -0.706908 0 -0.707306
    outer loop
      vertex 1.45794 -4.2555 17.3691
      vertex 1.36909 -4.286 17.4579
      vertex 1.36909 0 17.4579
    endloop
  endfacet
  facet normal -0.706908 0 -0.707306
    outer loop
      vertex 1.45794 -4.2555 17.3691
      vertex 1.36909 0 17.4579
      vertex 1.45794 0 17.3691
    endloop
  endfacet
  facet normal -0.999506 0 0.0314335
    outer loop
      vertex 1.99605 0 15.8744
      vertex 2 -4.02892 16
      vertex 2 0 16
    endloop
  endfacet
  facet normal -0.999506 0 0.0314335
    outer loop
      vertex 2 -4.02892 16
      vertex 1.99605 0 15.8744
      vertex 1.99605 -4.03094 15.8744
    endloop
  endfacet
  facet normal 0.917865 -0 0.396893
    outer loop
      vertex -1.85955 -4.09615 15.2638
      vertex -1.80965 0 15.1484
      vertex -1.85955 0 15.2638
    endloop
  endfacet
  facet normal 0.917865 0 0.396893
    outer loop
      vertex -1.80965 0 15.1484
      vertex -1.85955 -4.09615 15.2638
      vertex -1.80965 -4.11774 15.1484
    endloop
  endfacet
  facet normal -0.218083 -0 -0.97593
    outer loop
      vertex 0.374763 0 17.9646
      vertex 0.497379 -4.47081 17.9372
      vertex 0.374763 -4.4824 17.9646
    endloop
  endfacet
  facet normal -0.218083 0 -0.97593
    outer loop
      vertex 0.497379 -4.47081 17.9372
      vertex 0.374763 0 17.9646
      vertex 0.497379 0 17.9372
    endloop
  endfacet
  facet normal 0.338312 0 -0.941034
    outer loop
      vertex -0.736249 -4.43723 17.8596
      vertex -0.618033 0 17.9021
      vertex -0.618033 -4.45596 17.9021
    endloop
  endfacet
  facet normal 0.338312 0 -0.941034
    outer loop
      vertex -0.618033 0 17.9021
      vertex -0.736249 -4.43723 17.8596
      vertex -0.736249 0 17.8596
    endloop
  endfacet
  facet normal -0.156007 0 0.987756
    outer loop
      vertex 0.250666 0 14.0158
      vertex 0.374763 -4.4824 14.0354
      vertex 0.374763 0 14.0354
    endloop
  endfacet
  facet normal -0.156007 0 0.987756
    outer loop
      vertex 0.250666 -4.49212 14.0158
      vertex 0.374763 -4.4824 14.0354
      vertex 0.250666 0 14.0158
    endloop
  endfacet
  facet normal -0.154101 -0.02433 0.987755
    outer loop
      vertex 0.374763 -4.4824 14.0354
      vertex 0.250666 -4.49212 14.0158
      vertex 0.282557 -4.49112 14.0208
    endloop
  endfacet
  facet normal 0.39971 0.0191363 -0.916442
    outer loop
      vertex -0.851558 -4.41843 17.8097
      vertex -0.736249 -4.43723 17.8596
      vertex -0.843215 -4.42029 17.8133
    endloop
  endfacet
  facet normal 0.397157 0 -0.917751
    outer loop
      vertex -0.736249 -4.43723 17.8596
      vertex -0.851558 -4.41843 17.8097
      vertex -0.736249 0 17.8596
    endloop
  endfacet
  facet normal 0.397157 0 -0.917751
    outer loop
      vertex -0.736249 0 17.8596
      vertex -0.851558 -4.41843 17.8097
      vertex -0.851558 0 17.8097
    endloop
  endfacet
  facet normal 0.218083 0 -0.97593
    outer loop
      vertex -0.497379 -4.47081 17.9372
      vertex -0.374763 0 17.9646
      vertex -0.374763 -4.4824 17.9646
    endloop
  endfacet
  facet normal 0.218083 0 -0.97593
    outer loop
      vertex -0.374763 0 17.9646
      vertex -0.497379 -4.47081 17.9372
      vertex -0.497379 0 17.9372
    endloop
  endfacet
  facet normal 0.827045 -0 0.562136
    outer loop
      vertex -1.68865 -4.1701 14.9283
      vertex -1.61803 0 14.8244
      vertex -1.68865 0 14.9283
    endloop
  endfacet
  facet normal 0.827718 0.00552439 0.561117
    outer loop
      vertex -1.61803 -4.19786 14.8244
      vertex -1.68865 -4.1701 14.9283
      vertex -1.65656 -4.18399 14.8811
    endloop
  endfacet
  facet normal 0.827045 0 0.562136
    outer loop
      vertex -1.68865 -4.1701 14.9283
      vertex -1.61803 -4.19786 14.8244
      vertex -1.61803 0 14.8244
    endloop
  endfacet
  facet normal 0.279334 0 0.960194
    outer loop
      vertex -0.618033 -4.45596 14.0979
      vertex -0.497379 -4.47081 14.0628
      vertex -0.497379 0 14.0628
    endloop
  endfacet
  facet normal 0.279334 -0 0.960194
    outer loop
      vertex -0.618033 -4.45596 14.0979
      vertex -0.497379 0 14.0628
      vertex -0.618033 0 14.0979
    endloop
  endfacet
  facet normal 0.28042 0.00968855 0.959828
    outer loop
      vertex -0.497379 -4.47081 14.0628
      vertex -0.618033 -4.45596 14.0979
      vertex -0.563999 -4.46452 14.0822
    endloop
  endfacet
  facet normal -0.860844 0 0.508869
    outer loop
      vertex 1.68865 0 14.9283
      vertex 1.75261 -4.14243 15.0365
      vertex 1.75261 0 15.0365
    endloop
  endfacet
  facet normal -0.860844 0 0.508869
    outer loop
      vertex 1.75261 -4.14243 15.0365
      vertex 1.68865 0 14.9283
      vertex 1.68865 -4.1701 14.9283
    endloop
  endfacet
  facet normal -0.706908 0 0.707306
    outer loop
      vertex 1.36909 0 14.5421
      vertex 1.45794 -4.2555 14.6309
      vertex 1.45794 0 14.6309
    endloop
  endfacet
  facet normal -0.706908 0 0.707306
    outer loop
      vertex 1.36909 -4.286 14.5421
      vertex 1.45794 -4.2555 14.6309
      vertex 1.36909 0 14.5421
    endloop
  endfacet
  facet normal -0.697506 -0.049418 0.714873
    outer loop
      vertex 1.45794 -4.2555 14.6309
      vertex 1.36909 -4.286 14.5421
      vertex 1.39058 -4.27975 14.5635
    endloop
  endfacet
  facet normal 0.987683 -0 0.156469
    outer loop
      vertex -1.98423 -4.03696 15.7493
      vertex -1.96457 0 15.6252
      vertex -1.98423 0 15.7493
    endloop
  endfacet
  facet normal 0.987683 0 0.156469
    outer loop
      vertex -1.96457 0 15.6252
      vertex -1.98423 -4.03696 15.7493
      vertex -1.96457 -4.04697 15.6252
    endloop
  endfacet
  facet normal 0.218083 -0 0.97593
    outer loop
      vertex -0.497379 -4.47081 14.0628
      vertex -0.374763 0 14.0354
      vertex -0.497379 0 14.0628
    endloop
  endfacet
  facet normal 0.218083 0 0.97593
    outer loop
      vertex -0.374763 0 14.0354
      vertex -0.497379 -4.47081 14.0628
      vertex -0.374763 -4.4824 14.0354
    endloop
  endfacet
  facet normal -0.0947077 -0 -0.995505
    outer loop
      vertex 0.125581 0 17.9961
      vertex 0.250666 -4.49212 17.9842
      vertex 0.125581 -4.49605 17.9961
    endloop
  endfacet
  facet normal -0.0947077 0 -0.995505
    outer loop
      vertex 0.250666 -4.49212 17.9842
      vertex 0.125581 0 17.9961
      vertex 0.250666 0 17.9842
    endloop
  endfacet
  facet normal 0.975924 0 -0.21811
    outer loop
      vertex -1.93717 0 16.4974
      vertex -1.96457 -4.04697 16.3748
      vertex -1.96457 0 16.3748
    endloop
  endfacet
  facet normal 0.975924 0 -0.21811
    outer loop
      vertex -1.96457 -4.04697 16.3748
      vertex -1.93717 0 16.4974
      vertex -1.93717 -4.06094 16.4974
    endloop
  endfacet
  facet normal -0.789952 0 -0.613168
    outer loop
      vertex 1.61803 -4.19786 17.1756
      vertex 1.54103 0 17.2748
      vertex 1.61803 0 17.1756
    endloop
  endfacet
  facet normal -0.789952 -0 -0.613168
    outer loop
      vertex 1.54103 0 17.2748
      vertex 1.61803 -4.19786 17.1756
      vertex 1.54103 -4.22559 17.2748
    endloop
  endfacet
  facet normal 0.987683 0 -0.156469
    outer loop
      vertex -1.96457 0 16.3748
      vertex -1.98423 -4.03696 16.2507
      vertex -1.98423 0 16.2507
    endloop
  endfacet
  facet normal 0.987683 0 -0.156469
    outer loop
      vertex -1.98423 -4.03696 16.2507
      vertex -1.96457 0 16.3748
      vertex -1.96457 -4.04697 16.3748
    endloop
  endfacet
  facet normal 0.454364 -0 0.890816
    outer loop
      vertex -0.963507 -4.3934 14.2474
      vertex -0.851558 0 14.1903
      vertex -0.963507 0 14.2474
    endloop
  endfacet
  facet normal 0.454364 0 0.890816
    outer loop
      vertex -0.851558 0 14.1903
      vertex -0.963507 -4.3934 14.2474
      vertex -0.851558 -4.41843 14.1903
    endloop
  endfacet
  facet normal 0.995566 0 -0.0940655
    outer loop
      vertex -1.98423 0 16.2507
      vertex -1.99605 -4.03094 16.1256
      vertex -1.99605 0 16.1256
    endloop
  endfacet
  facet normal 0.995566 0 -0.0940655
    outer loop
      vertex -1.99605 -4.03094 16.1256
      vertex -1.98423 0 16.2507
      vertex -1.98423 -4.03696 16.2507
    endloop
  endfacet
  facet normal -0.397157 0 0.917751
    outer loop
      vertex 0.736249 0 14.1404
      vertex 0.851558 -4.41843 14.1903
      vertex 0.851558 0 14.1903
    endloop
  endfacet
  facet normal -0.397157 0 0.917751
    outer loop
      vertex 0.736249 -4.43723 14.1404
      vertex 0.851558 -4.41843 14.1903
      vertex 0.736249 0 14.1404
    endloop
  endfacet
  facet normal -0.39971 0.0191363 0.916442
    outer loop
      vertex 0.851558 -4.41843 14.1903
      vertex 0.736249 -4.43723 14.1404
      vertex 0.843215 -4.42029 14.1867
    endloop
  endfacet
  facet normal 0.562497 0 0.826799
    outer loop
      vertex -1.17557 -4.34222 14.382
      vertex -1.07165 -4.36923 14.3113
      vertex -1.07165 0 14.3113
    endloop
  endfacet
  facet normal 0.562497 -0 0.826799
    outer loop
      vertex -1.17557 -4.34222 14.382
      vertex -1.07165 0 14.3113
      vertex -1.17557 0 14.382
    endloop
  endfacet
  facet normal 0.564032 0.00876746 0.825706
    outer loop
      vertex -1.07165 -4.36923 14.3113
      vertex -1.17557 -4.34222 14.382
      vertex -1.1191 -4.35862 14.3436
    endloop
  endfacet
  facet normal 0.397157 0 0.917751
    outer loop
      vertex -0.851558 -4.41843 14.1903
      vertex -0.736249 -4.43723 14.1404
      vertex -0.736249 0 14.1404
    endloop
  endfacet
  facet normal 0.397157 -0 0.917751
    outer loop
      vertex -0.851558 -4.41843 14.1903
      vertex -0.736249 0 14.1404
      vertex -0.851558 0 14.1903
    endloop
  endfacet
  facet normal 0.39971 0.0191363 0.916442
    outer loop
      vertex -0.736249 -4.43723 14.1404
      vertex -0.851558 -4.41843 14.1903
      vertex -0.843215 -4.42029 14.1867
    endloop
  endfacet
endsolid OpenSCAD_Model
