solid OpenSCAD_Model
  facet normal 0 0 -1
    outer loop
      vertex 0 0 0
      vertex 40 40 0
      vertex 40 0 0
    endloop
  endfacet
  facet normal -0 0 -1
    outer loop
      vertex 40 40 0
      vertex 0 0 0
      vertex 0 40 0
    endloop
  endfacet
  facet normal 0 0 -1
    outer loop
      vertex 0 40 40
      vertex 40 80 40
      vertex 40 40 40
    endloop
  endfacet
  facet normal -0 0 -1
    outer loop
      vertex 40 80 40
      vertex 0 40 40
      vertex 0 80 40
    endloop
  endfacet
  facet normal -0 0 1
    outer loop
      vertex 0 20 40
      vertex 40 0 40
      vertex 40 20 40
    endloop
  endfacet
  facet normal 0 0 1
    outer loop
      vertex 40 0 40
      vertex 0 20 40
      vertex 0 0 40
    endloop
  endfacet
  facet normal 0.995547 0.094268 0
    outer loop
      vertex 19.9951 -17.343 40
      vertex 19.9803 -17.1867 0
      vertex 19.9803 -17.1867 40
    endloop
  endfacet
  facet normal 0.995547 0.094268 0
    outer loop
      vertex 19.9803 -17.1867 0
      vertex 19.9951 -17.343 40
      vertex 19.9951 -17.343 0
    endloop
  endfacet
  facet normal 0.999513 0.031195 0
    outer loop
      vertex 20 -17.5 40
      vertex 19.9951 -17.343 0
      vertex 19.9951 -17.343 40
    endloop
  endfacet
  facet normal 0.999513 0.031195 0
    outer loop
      vertex 19.9951 -17.343 0
      vertex 20 -17.5 40
      vertex 20 -17.5 0
    endloop
  endfacet
  facet normal 0.98767 0.156551 0
    outer loop
      vertex 19.9803 -17.1867 40
      vertex 19.9557 -17.0315 0
      vertex 19.9557 -17.0315 40
    endloop
  endfacet
  facet normal 0.98767 0.156551 0
    outer loop
      vertex 19.9557 -17.0315 0
      vertex 19.9803 -17.1867 40
      vertex 19.9803 -17.1867 0
    endloop
  endfacet
  facet normal 0.975977 0.217875 0
    outer loop
      vertex 19.9557 -17.0315 40
      vertex 19.9215 -16.8783 0
      vertex 19.9215 -16.8783 40
    endloop
  endfacet
  facet normal 0.975977 0.217875 0
    outer loop
      vertex 19.9215 -16.8783 0
      vertex 19.9557 -17.0315 40
      vertex 19.9557 -17.0315 0
    endloop
  endfacet
  facet normal 0.790346 0.612661 0
    outer loop
      vertex 19.5225 -16.0305 40
      vertex 19.4263 -15.9064 0
      vertex 19.4263 -15.9064 40
    endloop
  endfacet
  facet normal 0.790346 0.612661 0
    outer loop
      vertex 19.4263 -15.9064 0
      vertex 19.5225 -16.0305 40
      vertex 19.5225 -16.0305 0
    endloop
  endfacet
  facet normal 0.917888 0.396839 0
    outer loop
      vertex 19.8244 -16.5797 40
      vertex 19.7621 -16.4356 0
      vertex 19.7621 -16.4356 40
    endloop
  endfacet
  facet normal 0.917888 0.396839 0
    outer loop
      vertex 19.7621 -16.4356 0
      vertex 19.8244 -16.5797 40
      vertex 19.8244 -16.5797 0
    endloop
  endfacet
  facet normal 0.094268 0.995547 -0
    outer loop
      vertex 17.8133 -15.0197 0
      vertex 17.657 -15.0049 40
      vertex 17.8133 -15.0197 40
    endloop
  endfacet
  facet normal 0.094268 0.995547 0
    outer loop
      vertex 17.657 -15.0049 40
      vertex 17.8133 -15.0197 0
      vertex 17.657 -15.0049 0
    endloop
  endfacet
  facet normal -0.975977 0.217875 0
    outer loop
      vertex 15.0443 -17.0315 0
      vertex 15.0785 -16.8783 40
      vertex 15.0785 -16.8783 0
    endloop
  endfacet
  facet normal -0.975977 0.217875 0
    outer loop
      vertex 15.0785 -16.8783 40
      vertex 15.0443 -17.0315 0
      vertex 15.0443 -17.0315 40
    endloop
  endfacet
  facet normal 0.509244 -0.860622 0
    outer loop
      vertex 18.7044 -19.6908 0
      vertex 18.8396 -19.6108 40
      vertex 18.7044 -19.6908 40
    endloop
  endfacet
  facet normal 0.509244 -0.860622 0
    outer loop
      vertex 18.8396 -19.6108 40
      vertex 18.7044 -19.6908 0
      vertex 18.8396 -19.6108 0
    endloop
  endfacet
  facet normal 0.707107 0.707107 0
    outer loop
      vertex 19.3224 -15.7886 40
      vertex 19.2114 -15.6776 0
      vertex 19.2114 -15.6776 40
    endloop
  endfacet
  facet normal 0.707107 0.707107 0
    outer loop
      vertex 19.2114 -15.6776 0
      vertex 19.3224 -15.7886 40
      vertex 19.3224 -15.7886 0
    endloop
  endfacet
  facet normal 0.661474 -0.749968 0
    outer loop
      vertex 19.0936 -19.4263 0
      vertex 19.2114 -19.3224 40
      vertex 19.0936 -19.4263 40
    endloop
  endfacet
  facet normal 0.661474 -0.749968 0
    outer loop
      vertex 19.2114 -19.3224 40
      vertex 19.0936 -19.4263 0
      vertex 19.2114 -19.3224 0
    endloop
  endfacet
  facet normal 0.396839 0.917888 -0
    outer loop
      vertex 18.5644 -15.2379 0
      vertex 18.4203 -15.1756 40
      vertex 18.5644 -15.2379 40
    endloop
  endfacet
  facet normal 0.396839 0.917888 0
    outer loop
      vertex 18.4203 -15.1756 40
      vertex 18.5644 -15.2379 0
      vertex 18.4203 -15.1756 0
    endloop
  endfacet
  facet normal 0.338674 0.940904 -0
    outer loop
      vertex 18.4203 -15.1756 0
      vertex 18.2725 -15.1224 40
      vertex 18.4203 -15.1756 40
    endloop
  endfacet
  facet normal 0.338674 0.940904 0
    outer loop
      vertex 18.2725 -15.1224 40
      vertex 18.4203 -15.1756 0
      vertex 18.2725 -15.1224 0
    endloop
  endfacet
  facet normal 0 0 1
    outer loop
      vertex 19.9951 -17.343 40
      vertex 19.9951 -17.657 40
      vertex 20 -17.5 40
    endloop
  endfacet
  facet normal 0 0 1
    outer loop
      vertex 19.9803 -17.1867 40
      vertex 19.9951 -17.657 40
      vertex 19.9951 -17.343 40
    endloop
  endfacet
  facet normal 0 0 1
    outer loop
      vertex 19.9803 -17.1867 40
      vertex 19.9803 -17.8133 40
      vertex 19.9951 -17.657 40
    endloop
  endfacet
  facet normal 0 0 1
    outer loop
      vertex 19.9557 -17.0315 40
      vertex 19.9803 -17.8133 40
      vertex 19.9803 -17.1867 40
    endloop
  endfacet
  facet normal 0 0 1
    outer loop
      vertex 19.9557 -17.0315 40
      vertex 19.9557 -17.9685 40
      vertex 19.9803 -17.8133 40
    endloop
  endfacet
  facet normal 0 0 1
    outer loop
      vertex 19.9215 -16.8783 40
      vertex 19.9557 -17.9685 40
      vertex 19.9557 -17.0315 40
    endloop
  endfacet
  facet normal 0 0 1
    outer loop
      vertex 19.9215 -16.8783 40
      vertex 19.9215 -18.1217 40
      vertex 19.9557 -17.9685 40
    endloop
  endfacet
  facet normal 0 0 1
    outer loop
      vertex 19.8776 -16.7275 40
      vertex 19.9215 -18.1217 40
      vertex 19.9215 -16.8783 40
    endloop
  endfacet
  facet normal 0 0 1
    outer loop
      vertex 19.8776 -16.7275 40
      vertex 19.8776 -18.2725 40
      vertex 19.9215 -18.1217 40
    endloop
  endfacet
  facet normal 0 0 1
    outer loop
      vertex 19.8244 -16.5797 40
      vertex 19.8776 -18.2725 40
      vertex 19.8776 -16.7275 40
    endloop
  endfacet
  facet normal 0 0 1
    outer loop
      vertex 19.8244 -16.5797 40
      vertex 19.8244 -18.4203 40
      vertex 19.8776 -18.2725 40
    endloop
  endfacet
  facet normal 0 0 1
    outer loop
      vertex 19.7621 -16.4356 40
      vertex 19.8244 -18.4203 40
      vertex 19.8244 -16.5797 40
    endloop
  endfacet
  facet normal 0 0 1
    outer loop
      vertex 19.7621 -16.4356 40
      vertex 19.7621 -18.5644 40
      vertex 19.8244 -18.4203 40
    endloop
  endfacet
  facet normal 0 0 1
    outer loop
      vertex 19.6908 -16.2956 40
      vertex 19.7621 -18.5644 40
      vertex 19.7621 -16.4356 40
    endloop
  endfacet
  facet normal 0 0 1
    outer loop
      vertex 19.6908 -16.2956 40
      vertex 19.6908 -18.7044 40
      vertex 19.7621 -18.5644 40
    endloop
  endfacet
  facet normal 0 0 1
    outer loop
      vertex 19.6108 -16.1604 40
      vertex 19.6908 -18.7044 40
      vertex 19.6908 -16.2956 40
    endloop
  endfacet
  facet normal 0 0 1
    outer loop
      vertex 19.6108 -16.1604 40
      vertex 19.6108 -18.8396 40
      vertex 19.6908 -18.7044 40
    endloop
  endfacet
  facet normal 0 0 1
    outer loop
      vertex 19.5225 -16.0305 40
      vertex 19.6108 -18.8396 40
      vertex 19.6108 -16.1604 40
    endloop
  endfacet
  facet normal 0 0 1
    outer loop
      vertex 19.5225 -16.0305 40
      vertex 19.5225 -18.9695 40
      vertex 19.6108 -18.8396 40
    endloop
  endfacet
  facet normal 0 0 1
    outer loop
      vertex 19.4263 -15.9064 40
      vertex 19.5225 -18.9695 40
      vertex 19.5225 -16.0305 40
    endloop
  endfacet
  facet normal 0 0 1
    outer loop
      vertex 19.4263 -15.9064 40
      vertex 19.4263 -19.0936 40
      vertex 19.5225 -18.9695 40
    endloop
  endfacet
  facet normal 0 0 1
    outer loop
      vertex 19.3224 -15.7886 40
      vertex 19.4263 -19.0936 40
      vertex 19.4263 -15.9064 40
    endloop
  endfacet
  facet normal 0 0 1
    outer loop
      vertex 19.3224 -15.7886 40
      vertex 19.3224 -19.2114 40
      vertex 19.4263 -19.0936 40
    endloop
  endfacet
  facet normal 0 0 1
    outer loop
      vertex 19.2114 -15.6776 40
      vertex 19.3224 -19.2114 40
      vertex 19.3224 -15.7886 40
    endloop
  endfacet
  facet normal 0 0 1
    outer loop
      vertex 19.2114 -15.6776 40
      vertex 19.2114 -19.3224 40
      vertex 19.3224 -19.2114 40
    endloop
  endfacet
  facet normal 0 0 1
    outer loop
      vertex 19.0936 -15.5737 40
      vertex 19.2114 -19.3224 40
      vertex 19.2114 -15.6776 40
    endloop
  endfacet
  facet normal 0 0 1
    outer loop
      vertex 19.0936 -15.5737 40
      vertex 19.0936 -19.4263 40
      vertex 19.2114 -19.3224 40
    endloop
  endfacet
  facet normal 0 0 1
    outer loop
      vertex 18.9695 -15.4775 40
      vertex 19.0936 -19.4263 40
      vertex 19.0936 -15.5737 40
    endloop
  endfacet
  facet normal 0 0 1
    outer loop
      vertex 18.9695 -15.4775 40
      vertex 18.9695 -19.5225 40
      vertex 19.0936 -19.4263 40
    endloop
  endfacet
  facet normal 0 0 1
    outer loop
      vertex 18.8396 -15.3892 40
      vertex 18.9695 -19.5225 40
      vertex 18.9695 -15.4775 40
    endloop
  endfacet
  facet normal 0 0 1
    outer loop
      vertex 18.8396 -15.3892 40
      vertex 18.8396 -19.6108 40
      vertex 18.9695 -19.5225 40
    endloop
  endfacet
  facet normal 0 0 1
    outer loop
      vertex 18.7044 -15.3092 40
      vertex 18.8396 -19.6108 40
      vertex 18.8396 -15.3892 40
    endloop
  endfacet
  facet normal 0 0 1
    outer loop
      vertex 18.7044 -15.3092 40
      vertex 18.7044 -19.6908 40
      vertex 18.8396 -19.6108 40
    endloop
  endfacet
  facet normal 0 0 1
    outer loop
      vertex 18.5644 -15.2379 40
      vertex 18.7044 -19.6908 40
      vertex 18.7044 -15.3092 40
    endloop
  endfacet
  facet normal 0 0 1
    outer loop
      vertex 18.5644 -15.2379 40
      vertex 18.5644 -19.7621 40
      vertex 18.7044 -19.6908 40
    endloop
  endfacet
  facet normal 0 0 1
    outer loop
      vertex 18.4203 -15.1756 40
      vertex 18.5644 -19.7621 40
      vertex 18.5644 -15.2379 40
    endloop
  endfacet
  facet normal 0 0 1
    outer loop
      vertex 18.4203 -15.1756 40
      vertex 18.4203 -19.8244 40
      vertex 18.5644 -19.7621 40
    endloop
  endfacet
  facet normal 0 0 1
    outer loop
      vertex 18.2725 -15.1224 40
      vertex 18.4203 -19.8244 40
      vertex 18.4203 -15.1756 40
    endloop
  endfacet
  facet normal 0 0 1
    outer loop
      vertex 18.2725 -15.1224 40
      vertex 18.2725 -19.8776 40
      vertex 18.4203 -19.8244 40
    endloop
  endfacet
  facet normal 0 0 1
    outer loop
      vertex 18.1217 -15.0785 40
      vertex 18.2725 -19.8776 40
      vertex 18.2725 -15.1224 40
    endloop
  endfacet
  facet normal 0 0 1
    outer loop
      vertex 18.1217 -15.0785 40
      vertex 18.1217 -19.9215 40
      vertex 18.2725 -19.8776 40
    endloop
  endfacet
  facet normal 0 0 1
    outer loop
      vertex 17.9685 -15.0443 40
      vertex 18.1217 -19.9215 40
      vertex 18.1217 -15.0785 40
    endloop
  endfacet
  facet normal 0 0 1
    outer loop
      vertex 17.9685 -15.0443 40
      vertex 17.9685 -19.9557 40
      vertex 18.1217 -19.9215 40
    endloop
  endfacet
  facet normal 0 0 1
    outer loop
      vertex 17.8133 -15.0197 40
      vertex 17.9685 -19.9557 40
      vertex 17.9685 -15.0443 40
    endloop
  endfacet
  facet normal 0 0 1
    outer loop
      vertex 17.8133 -15.0197 40
      vertex 17.8133 -19.9803 40
      vertex 17.9685 -19.9557 40
    endloop
  endfacet
  facet normal 0 0 1
    outer loop
      vertex 17.657 -15.0049 40
      vertex 17.8133 -19.9803 40
      vertex 17.8133 -15.0197 40
    endloop
  endfacet
  facet normal 0 0 1
    outer loop
      vertex 17.657 -15.0049 40
      vertex 17.657 -19.9951 40
      vertex 17.8133 -19.9803 40
    endloop
  endfacet
  facet normal 0 0 1
    outer loop
      vertex 17.5 -15 40
      vertex 17.657 -19.9951 40
      vertex 17.657 -15.0049 40
    endloop
  endfacet
  facet normal 0 0 1
    outer loop
      vertex 17.5 -15 40
      vertex 17.5 -20 40
      vertex 17.657 -19.9951 40
    endloop
  endfacet
  facet normal -0 0 1
    outer loop
      vertex 17.343 -15.0049 40
      vertex 17.5 -20 40
      vertex 17.5 -15 40
    endloop
  endfacet
  facet normal 0 0 1
    outer loop
      vertex 17.343 -15.0049 40
      vertex 17.343 -19.9951 40
      vertex 17.5 -20 40
    endloop
  endfacet
  facet normal -0 0 1
    outer loop
      vertex 17.1867 -15.0197 40
      vertex 17.343 -19.9951 40
      vertex 17.343 -15.0049 40
    endloop
  endfacet
  facet normal 0 0 1
    outer loop
      vertex 17.1867 -15.0197 40
      vertex 17.1867 -19.9803 40
      vertex 17.343 -19.9951 40
    endloop
  endfacet
  facet normal -0 0 1
    outer loop
      vertex 17.0315 -15.0443 40
      vertex 17.1867 -19.9803 40
      vertex 17.1867 -15.0197 40
    endloop
  endfacet
  facet normal 0 0 1
    outer loop
      vertex 17.0315 -15.0443 40
      vertex 17.0315 -19.9557 40
      vertex 17.1867 -19.9803 40
    endloop
  endfacet
  facet normal -0 0 1
    outer loop
      vertex 16.8783 -15.0785 40
      vertex 17.0315 -19.9557 40
      vertex 17.0315 -15.0443 40
    endloop
  endfacet
  facet normal 0 0 1
    outer loop
      vertex 16.8783 -15.0785 40
      vertex 16.8783 -19.9215 40
      vertex 17.0315 -19.9557 40
    endloop
  endfacet
  facet normal -0 0 1
    outer loop
      vertex 16.7275 -15.1224 40
      vertex 16.8783 -19.9215 40
      vertex 16.8783 -15.0785 40
    endloop
  endfacet
  facet normal 0 0 1
    outer loop
      vertex 16.7275 -15.1224 40
      vertex 16.7275 -19.8776 40
      vertex 16.8783 -19.9215 40
    endloop
  endfacet
  facet normal -0 0 1
    outer loop
      vertex 16.5797 -15.1756 40
      vertex 16.7275 -19.8776 40
      vertex 16.7275 -15.1224 40
    endloop
  endfacet
  facet normal 0 0 1
    outer loop
      vertex 16.5797 -15.1756 40
      vertex 16.5797 -19.8244 40
      vertex 16.7275 -19.8776 40
    endloop
  endfacet
  facet normal -0 0 1
    outer loop
      vertex 16.4356 -15.2379 40
      vertex 16.5797 -19.8244 40
      vertex 16.5797 -15.1756 40
    endloop
  endfacet
  facet normal 0 0 1
    outer loop
      vertex 16.4356 -15.2379 40
      vertex 16.4356 -19.7621 40
      vertex 16.5797 -19.8244 40
    endloop
  endfacet
  facet normal -0 0 1
    outer loop
      vertex 16.2956 -15.3092 40
      vertex 16.4356 -19.7621 40
      vertex 16.4356 -15.2379 40
    endloop
  endfacet
  facet normal 0 0 1
    outer loop
      vertex 16.2956 -15.3092 40
      vertex 16.2956 -19.6908 40
      vertex 16.4356 -19.7621 40
    endloop
  endfacet
  facet normal -0 0 1
    outer loop
      vertex 16.1604 -15.3892 40
      vertex 16.2956 -19.6908 40
      vertex 16.2956 -15.3092 40
    endloop
  endfacet
  facet normal 0 0 1
    outer loop
      vertex 16.1604 -15.3892 40
      vertex 16.1604 -19.6108 40
      vertex 16.2956 -19.6908 40
    endloop
  endfacet
  facet normal -0 0 1
    outer loop
      vertex 16.0305 -15.4775 40
      vertex 16.1604 -19.6108 40
      vertex 16.1604 -15.3892 40
    endloop
  endfacet
  facet normal 0 0 1
    outer loop
      vertex 16.0305 -15.4775 40
      vertex 16.0305 -19.5225 40
      vertex 16.1604 -19.6108 40
    endloop
  endfacet
  facet normal -0 0 1
    outer loop
      vertex 15.9064 -15.5737 40
      vertex 16.0305 -19.5225 40
      vertex 16.0305 -15.4775 40
    endloop
  endfacet
  facet normal 0 0 1
    outer loop
      vertex 15.9064 -15.5737 40
      vertex 15.9064 -19.4263 40
      vertex 16.0305 -19.5225 40
    endloop
  endfacet
  facet normal -0 0 1
    outer loop
      vertex 15.7886 -15.6776 40
      vertex 15.9064 -19.4263 40
      vertex 15.9064 -15.5737 40
    endloop
  endfacet
  facet normal 0 0 1
    outer loop
      vertex 15.7886 -15.6776 40
      vertex 15.7886 -19.3224 40
      vertex 15.9064 -19.4263 40
    endloop
  endfacet
  facet normal -0 0 1
    outer loop
      vertex 15.6776 -15.7886 40
      vertex 15.7886 -19.3224 40
      vertex 15.7886 -15.6776 40
    endloop
  endfacet
  facet normal 0 0 1
    outer loop
      vertex 15.6776 -15.7886 40
      vertex 15.6776 -19.2114 40
      vertex 15.7886 -19.3224 40
    endloop
  endfacet
  facet normal -0 0 1
    outer loop
      vertex 15.5737 -15.9064 40
      vertex 15.6776 -19.2114 40
      vertex 15.6776 -15.7886 40
    endloop
  endfacet
  facet normal 0 0 1
    outer loop
      vertex 15.5737 -15.9064 40
      vertex 15.5737 -19.0936 40
      vertex 15.6776 -19.2114 40
    endloop
  endfacet
  facet normal -0 0 1
    outer loop
      vertex 15.4775 -16.0305 40
      vertex 15.5737 -19.0936 40
      vertex 15.5737 -15.9064 40
    endloop
  endfacet
  facet normal 0 0 1
    outer loop
      vertex 15.4775 -16.0305 40
      vertex 15.4775 -18.9695 40
      vertex 15.5737 -19.0936 40
    endloop
  endfacet
  facet normal -0 0 1
    outer loop
      vertex 15.3892 -16.1604 40
      vertex 15.4775 -18.9695 40
      vertex 15.4775 -16.0305 40
    endloop
  endfacet
  facet normal 0 0 1
    outer loop
      vertex 15.3892 -16.1604 40
      vertex 15.3892 -18.8396 40
      vertex 15.4775 -18.9695 40
    endloop
  endfacet
  facet normal -0 0 1
    outer loop
      vertex 15.3092 -16.2956 40
      vertex 15.3892 -18.8396 40
      vertex 15.3892 -16.1604 40
    endloop
  endfacet
  facet normal 0 0 1
    outer loop
      vertex 15.3092 -16.2956 40
      vertex 15.3092 -18.7044 40
      vertex 15.3892 -18.8396 40
    endloop
  endfacet
  facet normal -0 0 1
    outer loop
      vertex 15.2379 -16.4356 40
      vertex 15.3092 -18.7044 40
      vertex 15.3092 -16.2956 40
    endloop
  endfacet
  facet normal 0 0 1
    outer loop
      vertex 15.2379 -16.4356 40
      vertex 15.2379 -18.5644 40
      vertex 15.3092 -18.7044 40
    endloop
  endfacet
  facet normal -0 0 1
    outer loop
      vertex 15.1756 -16.5797 40
      vertex 15.2379 -18.5644 40
      vertex 15.2379 -16.4356 40
    endloop
  endfacet
  facet normal 0 0 1
    outer loop
      vertex 15.1756 -16.5797 40
      vertex 15.1756 -18.4203 40
      vertex 15.2379 -18.5644 40
    endloop
  endfacet
  facet normal -0 0 1
    outer loop
      vertex 15.1224 -16.7275 40
      vertex 15.1756 -18.4203 40
      vertex 15.1756 -16.5797 40
    endloop
  endfacet
  facet normal 0 0 1
    outer loop
      vertex 15.1224 -16.7275 40
      vertex 15.1224 -18.2725 40
      vertex 15.1756 -18.4203 40
    endloop
  endfacet
  facet normal -0 0 1
    outer loop
      vertex 15.0785 -16.8783 40
      vertex 15.1224 -18.2725 40
      vertex 15.1224 -16.7275 40
    endloop
  endfacet
  facet normal 0 0 1
    outer loop
      vertex 15.0785 -16.8783 40
      vertex 15.0785 -18.1217 40
      vertex 15.1224 -18.2725 40
    endloop
  endfacet
  facet normal -0 0 1
    outer loop
      vertex 15.0443 -17.0315 40
      vertex 15.0785 -18.1217 40
      vertex 15.0785 -16.8783 40
    endloop
  endfacet
  facet normal 0 0 1
    outer loop
      vertex 15.0443 -17.0315 40
      vertex 15.0443 -17.9685 40
      vertex 15.0785 -18.1217 40
    endloop
  endfacet
  facet normal -0 0 1
    outer loop
      vertex 15.0197 -17.1867 40
      vertex 15.0443 -17.9685 40
      vertex 15.0443 -17.0315 40
    endloop
  endfacet
  facet normal 0 0 1
    outer loop
      vertex 15.0197 -17.1867 40
      vertex 15.0197 -17.8133 40
      vertex 15.0443 -17.9685 40
    endloop
  endfacet
  facet normal -0 0 1
    outer loop
      vertex 15.0049 -17.343 40
      vertex 15.0197 -17.8133 40
      vertex 15.0197 -17.1867 40
    endloop
  endfacet
  facet normal 0 0 1
    outer loop
      vertex 15.0049 -17.343 40
      vertex 15.0049 -17.657 40
      vertex 15.0197 -17.8133 40
    endloop
  endfacet
  facet normal 0 -0 1
    outer loop
      vertex 15.0049 -17.657 40
      vertex 15.0049 -17.343 40
      vertex 15 -17.5 40
    endloop
  endfacet
  facet normal 0.940904 0.338674 0
    outer loop
      vertex 19.8776 -16.7275 40
      vertex 19.8244 -16.5797 0
      vertex 19.8244 -16.5797 40
    endloop
  endfacet
  facet normal 0.940904 0.338674 0
    outer loop
      vertex 19.8244 -16.5797 0
      vertex 19.8776 -16.7275 40
      vertex 19.8776 -16.7275 0
    endloop
  endfacet
  facet normal 0.749968 0.661474 0
    outer loop
      vertex 19.4263 -15.9064 40
      vertex 19.3224 -15.7886 0
      vertex 19.3224 -15.7886 40
    endloop
  endfacet
  facet normal 0.749968 0.661474 0
    outer loop
      vertex 19.3224 -15.7886 0
      vertex 19.4263 -15.9064 40
      vertex 19.4263 -15.9064 0
    endloop
  endfacet
  facet normal -0.396839 0.917888 0
    outer loop
      vertex 16.5797 -15.1756 0
      vertex 16.4356 -15.2379 40
      vertex 16.5797 -15.1756 40
    endloop
  endfacet
  facet normal -0.396839 0.917888 0
    outer loop
      vertex 16.4356 -15.2379 40
      vertex 16.5797 -15.1756 0
      vertex 16.4356 -15.2379 0
    endloop
  endfacet
  facet normal 0.156551 0.98767 -0
    outer loop
      vertex 17.9685 -15.0443 0
      vertex 17.8133 -15.0197 40
      vertex 17.9685 -15.0443 40
    endloop
  endfacet
  facet normal 0.156551 0.98767 0
    outer loop
      vertex 17.8133 -15.0197 40
      vertex 17.9685 -15.0443 0
      vertex 17.8133 -15.0197 0
    endloop
  endfacet
  facet normal -0.338674 0.940904 0
    outer loop
      vertex 16.7275 -15.1224 0
      vertex 16.5797 -15.1756 40
      vertex 16.7275 -15.1224 40
    endloop
  endfacet
  facet normal -0.338674 0.940904 0
    outer loop
      vertex 16.5797 -15.1756 40
      vertex 16.7275 -15.1224 0
      vertex 16.5797 -15.1756 0
    endloop
  endfacet
  facet normal 0.960142 0.279511 0
    outer loop
      vertex 19.9215 -16.8783 40
      vertex 19.8776 -16.7275 0
      vertex 19.8776 -16.7275 40
    endloop
  endfacet
  facet normal 0.960142 0.279511 0
    outer loop
      vertex 19.8776 -16.7275 0
      vertex 19.9215 -16.8783 40
      vertex 19.9215 -16.8783 0
    endloop
  endfacet
  facet normal 0.960142 -0.279511 0
    outer loop
      vertex 19.8776 -18.2725 40
      vertex 19.9215 -18.1217 0
      vertex 19.9215 -18.1217 40
    endloop
  endfacet
  facet normal 0.960142 -0.279511 0
    outer loop
      vertex 19.9215 -18.1217 0
      vertex 19.8776 -18.2725 40
      vertex 19.8776 -18.2725 0
    endloop
  endfacet
  facet normal 0.094268 -0.995547 0
    outer loop
      vertex 17.657 -19.9951 0
      vertex 17.8133 -19.9803 40
      vertex 17.657 -19.9951 40
    endloop
  endfacet
  facet normal 0.094268 -0.995547 0
    outer loop
      vertex 17.8133 -19.9803 40
      vertex 17.657 -19.9951 0
      vertex 17.8133 -19.9803 0
    endloop
  endfacet
  facet normal -0.661474 0.749968 0
    outer loop
      vertex 15.9064 -15.5737 0
      vertex 15.7886 -15.6776 40
      vertex 15.9064 -15.5737 40
    endloop
  endfacet
  facet normal -0.661474 0.749968 0
    outer loop
      vertex 15.7886 -15.6776 40
      vertex 15.9064 -15.5737 0
      vertex 15.7886 -15.6776 0
    endloop
  endfacet
  facet normal -0.562171 0.827021 0
    outer loop
      vertex 16.1604 -15.3892 0
      vertex 16.0305 -15.4775 40
      vertex 16.1604 -15.3892 40
    endloop
  endfacet
  facet normal -0.562171 0.827021 0
    outer loop
      vertex 16.0305 -15.4775 40
      vertex 16.1604 -15.3892 0
      vertex 16.0305 -15.4775 0
    endloop
  endfacet
  facet normal 0.999513 -0.031195 0
    outer loop
      vertex 19.9951 -17.657 40
      vertex 20 -17.5 0
      vertex 20 -17.5 40
    endloop
  endfacet
  facet normal 0.999513 -0.031195 0
    outer loop
      vertex 20 -17.5 0
      vertex 19.9951 -17.657 40
      vertex 19.9951 -17.657 0
    endloop
  endfacet
  facet normal 0.562171 0.827021 -0
    outer loop
      vertex 18.9695 -15.4775 0
      vertex 18.8396 -15.3892 40
      vertex 18.9695 -15.4775 40
    endloop
  endfacet
  facet normal 0.562171 0.827021 0
    outer loop
      vertex 18.8396 -15.3892 40
      vertex 18.9695 -15.4775 0
      vertex 18.8396 -15.3892 0
    endloop
  endfacet
  facet normal -0.960142 -0.279511 0
    outer loop
      vertex 15.1224 -18.2725 0
      vertex 15.0785 -18.1217 40
      vertex 15.0785 -18.1217 0
    endloop
  endfacet
  facet normal -0.960142 -0.279511 0
    outer loop
      vertex 15.0785 -18.1217 40
      vertex 15.1224 -18.2725 0
      vertex 15.1224 -18.2725 40
    endloop
  endfacet
  facet normal 0 0 -1
    outer loop
      vertex 19.9951 -17.657 0
      vertex 19.9951 -17.343 0
      vertex 20 -17.5 0
    endloop
  endfacet
  facet normal 0 0 -1
    outer loop
      vertex 19.9803 -17.8133 0
      vertex 19.9951 -17.343 0
      vertex 19.9951 -17.657 0
    endloop
  endfacet
  facet normal 0 0 -1
    outer loop
      vertex 19.9803 -17.8133 0
      vertex 19.9803 -17.1867 0
      vertex 19.9951 -17.343 0
    endloop
  endfacet
  facet normal 0 0 -1
    outer loop
      vertex 19.9557 -17.9685 0
      vertex 19.9803 -17.1867 0
      vertex 19.9803 -17.8133 0
    endloop
  endfacet
  facet normal 0 0 -1
    outer loop
      vertex 19.9557 -17.9685 0
      vertex 19.9557 -17.0315 0
      vertex 19.9803 -17.1867 0
    endloop
  endfacet
  facet normal 0 0 -1
    outer loop
      vertex 19.9215 -18.1217 0
      vertex 19.9557 -17.0315 0
      vertex 19.9557 -17.9685 0
    endloop
  endfacet
  facet normal 0 0 -1
    outer loop
      vertex 19.9215 -18.1217 0
      vertex 19.9215 -16.8783 0
      vertex 19.9557 -17.0315 0
    endloop
  endfacet
  facet normal 0 0 -1
    outer loop
      vertex 19.8776 -18.2725 0
      vertex 19.9215 -16.8783 0
      vertex 19.9215 -18.1217 0
    endloop
  endfacet
  facet normal 0 0 -1
    outer loop
      vertex 19.8776 -18.2725 0
      vertex 19.8776 -16.7275 0
      vertex 19.9215 -16.8783 0
    endloop
  endfacet
  facet normal 0 0 -1
    outer loop
      vertex 19.8244 -18.4203 0
      vertex 19.8776 -16.7275 0
      vertex 19.8776 -18.2725 0
    endloop
  endfacet
  facet normal 0 0 -1
    outer loop
      vertex 19.8244 -18.4203 0
      vertex 19.8244 -16.5797 0
      vertex 19.8776 -16.7275 0
    endloop
  endfacet
  facet normal 0 0 -1
    outer loop
      vertex 19.7621 -18.5644 0
      vertex 19.8244 -16.5797 0
      vertex 19.8244 -18.4203 0
    endloop
  endfacet
  facet normal 0 0 -1
    outer loop
      vertex 19.7621 -18.5644 0
      vertex 19.7621 -16.4356 0
      vertex 19.8244 -16.5797 0
    endloop
  endfacet
  facet normal 0 0 -1
    outer loop
      vertex 19.6908 -18.7044 0
      vertex 19.7621 -16.4356 0
      vertex 19.7621 -18.5644 0
    endloop
  endfacet
  facet normal 0 0 -1
    outer loop
      vertex 19.6908 -18.7044 0
      vertex 19.6908 -16.2956 0
      vertex 19.7621 -16.4356 0
    endloop
  endfacet
  facet normal 0 0 -1
    outer loop
      vertex 19.6108 -18.8396 0
      vertex 19.6908 -16.2956 0
      vertex 19.6908 -18.7044 0
    endloop
  endfacet
  facet normal 0 0 -1
    outer loop
      vertex 19.6108 -18.8396 0
      vertex 19.6108 -16.1604 0
      vertex 19.6908 -16.2956 0
    endloop
  endfacet
  facet normal 0 0 -1
    outer loop
      vertex 19.5225 -18.9695 0
      vertex 19.6108 -16.1604 0
      vertex 19.6108 -18.8396 0
    endloop
  endfacet
  facet normal 0 0 -1
    outer loop
      vertex 19.5225 -18.9695 0
      vertex 19.5225 -16.0305 0
      vertex 19.6108 -16.1604 0
    endloop
  endfacet
  facet normal 0 0 -1
    outer loop
      vertex 19.4263 -19.0936 0
      vertex 19.5225 -16.0305 0
      vertex 19.5225 -18.9695 0
    endloop
  endfacet
  facet normal 0 0 -1
    outer loop
      vertex 19.4263 -19.0936 0
      vertex 19.4263 -15.9064 0
      vertex 19.5225 -16.0305 0
    endloop
  endfacet
  facet normal 0 0 -1
    outer loop
      vertex 19.3224 -19.2114 0
      vertex 19.4263 -15.9064 0
      vertex 19.4263 -19.0936 0
    endloop
  endfacet
  facet normal 0 0 -1
    outer loop
      vertex 19.3224 -19.2114 0
      vertex 19.3224 -15.7886 0
      vertex 19.4263 -15.9064 0
    endloop
  endfacet
  facet normal 0 0 -1
    outer loop
      vertex 19.2114 -19.3224 0
      vertex 19.3224 -15.7886 0
      vertex 19.3224 -19.2114 0
    endloop
  endfacet
  facet normal 0 0 -1
    outer loop
      vertex 19.2114 -19.3224 0
      vertex 19.2114 -15.6776 0
      vertex 19.3224 -15.7886 0
    endloop
  endfacet
  facet normal 0 0 -1
    outer loop
      vertex 19.0936 -19.4263 0
      vertex 19.2114 -15.6776 0
      vertex 19.2114 -19.3224 0
    endloop
  endfacet
  facet normal 0 0 -1
    outer loop
      vertex 19.0936 -19.4263 0
      vertex 19.0936 -15.5737 0
      vertex 19.2114 -15.6776 0
    endloop
  endfacet
  facet normal 0 0 -1
    outer loop
      vertex 18.9695 -19.5225 0
      vertex 19.0936 -15.5737 0
      vertex 19.0936 -19.4263 0
    endloop
  endfacet
  facet normal 0 0 -1
    outer loop
      vertex 18.9695 -19.5225 0
      vertex 18.9695 -15.4775 0
      vertex 19.0936 -15.5737 0
    endloop
  endfacet
  facet normal 0 0 -1
    outer loop
      vertex 18.8396 -19.6108 0
      vertex 18.9695 -15.4775 0
      vertex 18.9695 -19.5225 0
    endloop
  endfacet
  facet normal 0 0 -1
    outer loop
      vertex 18.8396 -19.6108 0
      vertex 18.8396 -15.3892 0
      vertex 18.9695 -15.4775 0
    endloop
  endfacet
  facet normal 0 0 -1
    outer loop
      vertex 18.7044 -19.6908 0
      vertex 18.8396 -15.3892 0
      vertex 18.8396 -19.6108 0
    endloop
  endfacet
  facet normal 0 0 -1
    outer loop
      vertex 18.7044 -19.6908 0
      vertex 18.7044 -15.3092 0
      vertex 18.8396 -15.3892 0
    endloop
  endfacet
  facet normal 0 0 -1
    outer loop
      vertex 18.5644 -19.7621 0
      vertex 18.7044 -15.3092 0
      vertex 18.7044 -19.6908 0
    endloop
  endfacet
  facet normal 0 0 -1
    outer loop
      vertex 18.5644 -19.7621 0
      vertex 18.5644 -15.2379 0
      vertex 18.7044 -15.3092 0
    endloop
  endfacet
  facet normal 0 0 -1
    outer loop
      vertex 18.4203 -19.8244 0
      vertex 18.5644 -15.2379 0
      vertex 18.5644 -19.7621 0
    endloop
  endfacet
  facet normal 0 0 -1
    outer loop
      vertex 18.4203 -19.8244 0
      vertex 18.4203 -15.1756 0
      vertex 18.5644 -15.2379 0
    endloop
  endfacet
  facet normal 0 0 -1
    outer loop
      vertex 18.2725 -19.8776 0
      vertex 18.4203 -15.1756 0
      vertex 18.4203 -19.8244 0
    endloop
  endfacet
  facet normal 0 0 -1
    outer loop
      vertex 18.2725 -19.8776 0
      vertex 18.2725 -15.1224 0
      vertex 18.4203 -15.1756 0
    endloop
  endfacet
  facet normal 0 0 -1
    outer loop
      vertex 18.1217 -19.9215 0
      vertex 18.2725 -15.1224 0
      vertex 18.2725 -19.8776 0
    endloop
  endfacet
  facet normal 0 0 -1
    outer loop
      vertex 18.1217 -19.9215 0
      vertex 18.1217 -15.0785 0
      vertex 18.2725 -15.1224 0
    endloop
  endfacet
  facet normal 0 0 -1
    outer loop
      vertex 17.9685 -19.9557 0
      vertex 18.1217 -15.0785 0
      vertex 18.1217 -19.9215 0
    endloop
  endfacet
  facet normal 0 0 -1
    outer loop
      vertex 17.9685 -19.9557 0
      vertex 17.9685 -15.0443 0
      vertex 18.1217 -15.0785 0
    endloop
  endfacet
  facet normal 0 0 -1
    outer loop
      vertex 17.8133 -19.9803 0
      vertex 17.9685 -15.0443 0
      vertex 17.9685 -19.9557 0
    endloop
  endfacet
  facet normal 0 0 -1
    outer loop
      vertex 17.8133 -19.9803 0
      vertex 17.8133 -15.0197 0
      vertex 17.9685 -15.0443 0
    endloop
  endfacet
  facet normal 0 0 -1
    outer loop
      vertex 17.657 -19.9951 0
      vertex 17.8133 -15.0197 0
      vertex 17.8133 -19.9803 0
    endloop
  endfacet
  facet normal 0 0 -1
    outer loop
      vertex 17.657 -19.9951 0
      vertex 17.657 -15.0049 0
      vertex 17.8133 -15.0197 0
    endloop
  endfacet
  facet normal 0 0 -1
    outer loop
      vertex 17.5 -20 0
      vertex 17.657 -15.0049 0
      vertex 17.657 -19.9951 0
    endloop
  endfacet
  facet normal 0 0 -1
    outer loop
      vertex 17.5 -20 0
      vertex 17.5 -15 0
      vertex 17.657 -15.0049 0
    endloop
  endfacet
  facet normal 0 0 -1
    outer loop
      vertex 17.343 -19.9951 0
      vertex 17.5 -15 0
      vertex 17.5 -20 0
    endloop
  endfacet
  facet normal 0 0 -1
    outer loop
      vertex 17.343 -19.9951 0
      vertex 17.343 -15.0049 0
      vertex 17.5 -15 0
    endloop
  endfacet
  facet normal 0 0 -1
    outer loop
      vertex 17.1867 -19.9803 0
      vertex 17.343 -15.0049 0
      vertex 17.343 -19.9951 0
    endloop
  endfacet
  facet normal 0 0 -1
    outer loop
      vertex 17.1867 -19.9803 0
      vertex 17.1867 -15.0197 0
      vertex 17.343 -15.0049 0
    endloop
  endfacet
  facet normal 0 0 -1
    outer loop
      vertex 17.0315 -19.9557 0
      vertex 17.1867 -15.0197 0
      vertex 17.1867 -19.9803 0
    endloop
  endfacet
  facet normal 0 0 -1
    outer loop
      vertex 17.0315 -19.9557 0
      vertex 17.0315 -15.0443 0
      vertex 17.1867 -15.0197 0
    endloop
  endfacet
  facet normal 0 0 -1
    outer loop
      vertex 16.8783 -19.9215 0
      vertex 17.0315 -15.0443 0
      vertex 17.0315 -19.9557 0
    endloop
  endfacet
  facet normal 0 0 -1
    outer loop
      vertex 16.8783 -19.9215 0
      vertex 16.8783 -15.0785 0
      vertex 17.0315 -15.0443 0
    endloop
  endfacet
  facet normal 0 0 -1
    outer loop
      vertex 16.7275 -19.8776 0
      vertex 16.8783 -15.0785 0
      vertex 16.8783 -19.9215 0
    endloop
  endfacet
  facet normal 0 0 -1
    outer loop
      vertex 16.7275 -19.8776 0
      vertex 16.7275 -15.1224 0
      vertex 16.8783 -15.0785 0
    endloop
  endfacet
  facet normal 0 0 -1
    outer loop
      vertex 16.5797 -19.8244 0
      vertex 16.7275 -15.1224 0
      vertex 16.7275 -19.8776 0
    endloop
  endfacet
  facet normal 0 0 -1
    outer loop
      vertex 16.5797 -19.8244 0
      vertex 16.5797 -15.1756 0
      vertex 16.7275 -15.1224 0
    endloop
  endfacet
  facet normal 0 0 -1
    outer loop
      vertex 16.4356 -19.7621 0
      vertex 16.5797 -15.1756 0
      vertex 16.5797 -19.8244 0
    endloop
  endfacet
  facet normal 0 0 -1
    outer loop
      vertex 16.4356 -19.7621 0
      vertex 16.4356 -15.2379 0
      vertex 16.5797 -15.1756 0
    endloop
  endfacet
  facet normal 0 0 -1
    outer loop
      vertex 16.2956 -19.6908 0
      vertex 16.4356 -15.2379 0
      vertex 16.4356 -19.7621 0
    endloop
  endfacet
  facet normal 0 0 -1
    outer loop
      vertex 16.2956 -19.6908 0
      vertex 16.2956 -15.3092 0
      vertex 16.4356 -15.2379 0
    endloop
  endfacet
  facet normal 0 0 -1
    outer loop
      vertex 16.1604 -19.6108 0
      vertex 16.2956 -15.3092 0
      vertex 16.2956 -19.6908 0
    endloop
  endfacet
  facet normal 0 0 -1
    outer loop
      vertex 16.1604 -19.6108 0
      vertex 16.1604 -15.3892 0
      vertex 16.2956 -15.3092 0
    endloop
  endfacet
  facet normal 0 0 -1
    outer loop
      vertex 16.0305 -19.5225 0
      vertex 16.1604 -15.3892 0
      vertex 16.1604 -19.6108 0
    endloop
  endfacet
  facet normal 0 0 -1
    outer loop
      vertex 16.0305 -19.5225 0
      vertex 16.0305 -15.4775 0
      vertex 16.1604 -15.3892 0
    endloop
  endfacet
  facet normal 0 0 -1
    outer loop
      vertex 15.9064 -19.4263 0
      vertex 16.0305 -15.4775 0
      vertex 16.0305 -19.5225 0
    endloop
  endfacet
  facet normal 0 0 -1
    outer loop
      vertex 15.9064 -19.4263 0
      vertex 15.9064 -15.5737 0
      vertex 16.0305 -15.4775 0
    endloop
  endfacet
  facet normal 0 0 -1
    outer loop
      vertex 15.7886 -19.3224 0
      vertex 15.9064 -15.5737 0
      vertex 15.9064 -19.4263 0
    endloop
  endfacet
  facet normal 0 0 -1
    outer loop
      vertex 15.7886 -19.3224 0
      vertex 15.7886 -15.6776 0
      vertex 15.9064 -15.5737 0
    endloop
  endfacet
  facet normal 0 0 -1
    outer loop
      vertex 15.6776 -19.2114 0
      vertex 15.7886 -15.6776 0
      vertex 15.7886 -19.3224 0
    endloop
  endfacet
  facet normal 0 0 -1
    outer loop
      vertex 15.6776 -19.2114 0
      vertex 15.6776 -15.7886 0
      vertex 15.7886 -15.6776 0
    endloop
  endfacet
  facet normal 0 0 -1
    outer loop
      vertex 15.5737 -19.0936 0
      vertex 15.6776 -15.7886 0
      vertex 15.6776 -19.2114 0
    endloop
  endfacet
  facet normal 0 0 -1
    outer loop
      vertex 15.5737 -19.0936 0
      vertex 15.5737 -15.9064 0
      vertex 15.6776 -15.7886 0
    endloop
  endfacet
  facet normal 0 0 -1
    outer loop
      vertex 15.4775 -18.9695 0
      vertex 15.5737 -15.9064 0
      vertex 15.5737 -19.0936 0
    endloop
  endfacet
  facet normal 0 0 -1
    outer loop
      vertex 15.4775 -18.9695 0
      vertex 15.4775 -16.0305 0
      vertex 15.5737 -15.9064 0
    endloop
  endfacet
  facet normal 0 0 -1
    outer loop
      vertex 15.3892 -18.8396 0
      vertex 15.4775 -16.0305 0
      vertex 15.4775 -18.9695 0
    endloop
  endfacet
  facet normal 0 0 -1
    outer loop
      vertex 15.3892 -18.8396 0
      vertex 15.3892 -16.1604 0
      vertex 15.4775 -16.0305 0
    endloop
  endfacet
  facet normal 0 0 -1
    outer loop
      vertex 15.3092 -18.7044 0
      vertex 15.3892 -16.1604 0
      vertex 15.3892 -18.8396 0
    endloop
  endfacet
  facet normal 0 0 -1
    outer loop
      vertex 15.3092 -18.7044 0
      vertex 15.3092 -16.2956 0
      vertex 15.3892 -16.1604 0
    endloop
  endfacet
  facet normal 0 0 -1
    outer loop
      vertex 15.2379 -18.5644 0
      vertex 15.3092 -16.2956 0
      vertex 15.3092 -18.7044 0
    endloop
  endfacet
  facet normal 0 0 -1
    outer loop
      vertex 15.2379 -18.5644 0
      vertex 15.2379 -16.4356 0
      vertex 15.3092 -16.2956 0
    endloop
  endfacet
  facet normal 0 0 -1
    outer loop
      vertex 15.1756 -18.4203 0
      vertex 15.2379 -16.4356 0
      vertex 15.2379 -18.5644 0
    endloop
  endfacet
  facet normal 0 0 -1
    outer loop
      vertex 15.1756 -18.4203 0
      vertex 15.1756 -16.5797 0
      vertex 15.2379 -16.4356 0
    endloop
  endfacet
  facet normal 0 0 -1
    outer loop
      vertex 15.1224 -18.2725 0
      vertex 15.1756 -16.5797 0
      vertex 15.1756 -18.4203 0
    endloop
  endfacet
  facet normal 0 0 -1
    outer loop
      vertex 15.1224 -18.2725 0
      vertex 15.1224 -16.7275 0
      vertex 15.1756 -16.5797 0
    endloop
  endfacet
  facet normal 0 0 -1
    outer loop
      vertex 15.0785 -18.1217 0
      vertex 15.1224 -16.7275 0
      vertex 15.1224 -18.2725 0
    endloop
  endfacet
  facet normal 0 0 -1
    outer loop
      vertex 15.0785 -18.1217 0
      vertex 15.0785 -16.8783 0
      vertex 15.1224 -16.7275 0
    endloop
  endfacet
  facet normal 0 0 -1
    outer loop
      vertex 15.0443 -17.9685 0
      vertex 15.0785 -16.8783 0
      vertex 15.0785 -18.1217 0
    endloop
  endfacet
  facet normal 0 0 -1
    outer loop
      vertex 15.0443 -17.9685 0
      vertex 15.0443 -17.0315 0
      vertex 15.0785 -16.8783 0
    endloop
  endfacet
  facet normal 0 0 -1
    outer loop
      vertex 15.0197 -17.8133 0
      vertex 15.0443 -17.0315 0
      vertex 15.0443 -17.9685 0
    endloop
  endfacet
  facet normal 0 0 -1
    outer loop
      vertex 15.0197 -17.8133 0
      vertex 15.0197 -17.1867 0
      vertex 15.0443 -17.0315 0
    endloop
  endfacet
  facet normal 0 0 -1
    outer loop
      vertex 15.0049 -17.657 0
      vertex 15.0197 -17.1867 0
      vertex 15.0197 -17.8133 0
    endloop
  endfacet
  facet normal 0 0 -1
    outer loop
      vertex 15.0049 -17.657 0
      vertex 15.0049 -17.343 0
      vertex 15.0197 -17.1867 0
    endloop
  endfacet
  facet normal 0 -0 -1
    outer loop
      vertex 15.0049 -17.343 0
      vertex 15.0049 -17.657 0
      vertex 15 -17.5 0
    endloop
  endfacet
  facet normal 0.031195 0.999513 -0
    outer loop
      vertex 17.657 -15.0049 0
      vertex 17.5 -15 40
      vertex 17.657 -15.0049 40
    endloop
  endfacet
  facet normal 0.031195 0.999513 0
    outer loop
      vertex 17.5 -15 40
      vertex 17.657 -15.0049 0
      vertex 17.5 -15 0
    endloop
  endfacet
  facet normal 0.790346 -0.612661 0
    outer loop
      vertex 19.4263 -19.0936 40
      vertex 19.5225 -18.9695 0
      vertex 19.5225 -18.9695 40
    endloop
  endfacet
  facet normal 0.790346 -0.612661 0
    outer loop
      vertex 19.5225 -18.9695 0
      vertex 19.4263 -19.0936 40
      vertex 19.4263 -19.0936 0
    endloop
  endfacet
  facet normal -0.509244 0.860622 0
    outer loop
      vertex 16.2956 -15.3092 0
      vertex 16.1604 -15.3892 40
      vertex 16.2956 -15.3092 40
    endloop
  endfacet
  facet normal -0.509244 0.860622 0
    outer loop
      vertex 16.1604 -15.3892 40
      vertex 16.2956 -15.3092 0
      vertex 16.1604 -15.3892 0
    endloop
  endfacet
  facet normal 0.917888 -0.396839 0
    outer loop
      vertex 19.7621 -18.5644 40
      vertex 19.8244 -18.4203 0
      vertex 19.8244 -18.4203 40
    endloop
  endfacet
  facet normal 0.917888 -0.396839 0
    outer loop
      vertex 19.8244 -18.4203 0
      vertex 19.7621 -18.5644 40
      vertex 19.7621 -18.5644 0
    endloop
  endfacet
  facet normal -0.094268 0.995547 0
    outer loop
      vertex 17.343 -15.0049 0
      vertex 17.1867 -15.0197 40
      vertex 17.343 -15.0049 40
    endloop
  endfacet
  facet normal -0.094268 0.995547 0
    outer loop
      vertex 17.1867 -15.0197 40
      vertex 17.343 -15.0049 0
      vertex 17.1867 -15.0197 0
    endloop
  endfacet
  facet normal -0.790346 -0.612661 0
    outer loop
      vertex 15.5737 -19.0936 0
      vertex 15.4775 -18.9695 40
      vertex 15.4775 -18.9695 0
    endloop
  endfacet
  facet normal -0.790346 -0.612661 0
    outer loop
      vertex 15.4775 -18.9695 40
      vertex 15.5737 -19.0936 0
      vertex 15.5737 -19.0936 40
    endloop
  endfacet
  facet normal 0.975977 -0.217875 0
    outer loop
      vertex 19.9215 -18.1217 40
      vertex 19.9557 -17.9685 0
      vertex 19.9557 -17.9685 40
    endloop
  endfacet
  facet normal 0.975977 -0.217875 0
    outer loop
      vertex 19.9557 -17.9685 0
      vertex 19.9215 -18.1217 40
      vertex 19.9215 -18.1217 0
    endloop
  endfacet
  facet normal -0.453821 0.891093 0
    outer loop
      vertex 16.4356 -15.2379 0
      vertex 16.2956 -15.3092 40
      vertex 16.4356 -15.2379 40
    endloop
  endfacet
  facet normal -0.453821 0.891093 0
    outer loop
      vertex 16.2956 -15.3092 40
      vertex 16.4356 -15.2379 0
      vertex 16.2956 -15.3092 0
    endloop
  endfacet
  facet normal -0.960142 0.279511 0
    outer loop
      vertex 15.0785 -16.8783 0
      vertex 15.1224 -16.7275 40
      vertex 15.1224 -16.7275 0
    endloop
  endfacet
  facet normal -0.960142 0.279511 0
    outer loop
      vertex 15.1224 -16.7275 40
      vertex 15.0785 -16.8783 0
      vertex 15.0785 -16.8783 40
    endloop
  endfacet
  facet normal -0.827021 0.562171 0
    outer loop
      vertex 15.3892 -16.1604 0
      vertex 15.4775 -16.0305 40
      vertex 15.4775 -16.0305 0
    endloop
  endfacet
  facet normal -0.827021 0.562171 0
    outer loop
      vertex 15.4775 -16.0305 40
      vertex 15.3892 -16.1604 0
      vertex 15.3892 -16.1604 40
    endloop
  endfacet
  facet normal 0.749968 -0.661474 0
    outer loop
      vertex 19.3224 -19.2114 40
      vertex 19.4263 -19.0936 0
      vertex 19.4263 -19.0936 40
    endloop
  endfacet
  facet normal 0.749968 -0.661474 0
    outer loop
      vertex 19.4263 -19.0936 0
      vertex 19.3224 -19.2114 40
      vertex 19.3224 -19.2114 0
    endloop
  endfacet
  facet normal 0.509244 0.860622 -0
    outer loop
      vertex 18.8396 -15.3892 0
      vertex 18.7044 -15.3092 40
      vertex 18.8396 -15.3892 40
    endloop
  endfacet
  facet normal 0.509244 0.860622 0
    outer loop
      vertex 18.7044 -15.3092 40
      vertex 18.8396 -15.3892 0
      vertex 18.7044 -15.3092 0
    endloop
  endfacet
  facet normal 0.612661 -0.790346 0
    outer loop
      vertex 18.9695 -19.5225 0
      vertex 19.0936 -19.4263 40
      vertex 18.9695 -19.5225 40
    endloop
  endfacet
  facet normal 0.612661 -0.790346 0
    outer loop
      vertex 19.0936 -19.4263 40
      vertex 18.9695 -19.5225 0
      vertex 19.0936 -19.4263 0
    endloop
  endfacet
  facet normal -0.707107 0.707107 0
    outer loop
      vertex 15.6776 -15.7886 0
      vertex 15.7886 -15.6776 40
      vertex 15.7886 -15.6776 0
    endloop
  endfacet
  facet normal -0.707107 0.707107 0
    outer loop
      vertex 15.7886 -15.6776 40
      vertex 15.6776 -15.7886 0
      vertex 15.6776 -15.7886 40
    endloop
  endfacet
  facet normal -0.707107 -0.707107 0
    outer loop
      vertex 15.7886 -19.3224 0
      vertex 15.6776 -19.2114 40
      vertex 15.6776 -19.2114 0
    endloop
  endfacet
  facet normal -0.707107 -0.707107 0
    outer loop
      vertex 15.6776 -19.2114 40
      vertex 15.7886 -19.3224 0
      vertex 15.7886 -19.3224 40
    endloop
  endfacet
  facet normal 0.940904 -0.338674 0
    outer loop
      vertex 19.8244 -18.4203 40
      vertex 19.8776 -18.2725 0
      vertex 19.8776 -18.2725 40
    endloop
  endfacet
  facet normal 0.940904 -0.338674 0
    outer loop
      vertex 19.8776 -18.2725 0
      vertex 19.8244 -18.4203 40
      vertex 19.8244 -18.4203 0
    endloop
  endfacet
  facet normal 0.156551 -0.98767 0
    outer loop
      vertex 17.8133 -19.9803 0
      vertex 17.9685 -19.9557 40
      vertex 17.8133 -19.9803 40
    endloop
  endfacet
  facet normal 0.156551 -0.98767 0
    outer loop
      vertex 17.9685 -19.9557 40
      vertex 17.8133 -19.9803 0
      vertex 17.9685 -19.9557 0
    endloop
  endfacet
  facet normal 0.891093 -0.453821 0
    outer loop
      vertex 19.6908 -18.7044 40
      vertex 19.7621 -18.5644 0
      vertex 19.7621 -18.5644 40
    endloop
  endfacet
  facet normal 0.891093 -0.453821 0
    outer loop
      vertex 19.7621 -18.5644 0
      vertex 19.6908 -18.7044 40
      vertex 19.6908 -18.7044 0
    endloop
  endfacet
  facet normal -0.891093 -0.453821 0
    outer loop
      vertex 15.3092 -18.7044 0
      vertex 15.2379 -18.5644 40
      vertex 15.2379 -18.5644 0
    endloop
  endfacet
  facet normal -0.891093 -0.453821 0
    outer loop
      vertex 15.2379 -18.5644 40
      vertex 15.3092 -18.7044 0
      vertex 15.3092 -18.7044 40
    endloop
  endfacet
  facet normal -0.891093 0.453821 0
    outer loop
      vertex 15.2379 -16.4356 0
      vertex 15.3092 -16.2956 40
      vertex 15.3092 -16.2956 0
    endloop
  endfacet
  facet normal -0.891093 0.453821 0
    outer loop
      vertex 15.3092 -16.2956 40
      vertex 15.2379 -16.4356 0
      vertex 15.2379 -16.4356 40
    endloop
  endfacet
  facet normal 0.891093 0.453821 0
    outer loop
      vertex 19.7621 -16.4356 40
      vertex 19.6908 -16.2956 0
      vertex 19.6908 -16.2956 40
    endloop
  endfacet
  facet normal 0.891093 0.453821 0
    outer loop
      vertex 19.6908 -16.2956 0
      vertex 19.7621 -16.4356 40
      vertex 19.7621 -16.4356 0
    endloop
  endfacet
  facet normal 0.279511 -0.960142 0
    outer loop
      vertex 18.1217 -19.9215 0
      vertex 18.2725 -19.8776 40
      vertex 18.1217 -19.9215 40
    endloop
  endfacet
  facet normal 0.279511 -0.960142 0
    outer loop
      vertex 18.2725 -19.8776 40
      vertex 18.1217 -19.9215 0
      vertex 18.2725 -19.8776 0
    endloop
  endfacet
  facet normal 0.860622 -0.509244 0
    outer loop
      vertex 19.6108 -18.8396 40
      vertex 19.6908 -18.7044 0
      vertex 19.6908 -18.7044 40
    endloop
  endfacet
  facet normal 0.860622 -0.509244 0
    outer loop
      vertex 19.6908 -18.7044 0
      vertex 19.6108 -18.8396 40
      vertex 19.6108 -18.8396 0
    endloop
  endfacet
  facet normal -0.279511 0.960142 0
    outer loop
      vertex 16.8783 -15.0785 0
      vertex 16.7275 -15.1224 40
      vertex 16.8783 -15.0785 40
    endloop
  endfacet
  facet normal -0.279511 0.960142 0
    outer loop
      vertex 16.7275 -15.1224 40
      vertex 16.8783 -15.0785 0
      vertex 16.7275 -15.1224 0
    endloop
  endfacet
  facet normal 0.217875 -0.975977 0
    outer loop
      vertex 17.9685 -19.9557 0
      vertex 18.1217 -19.9215 40
      vertex 17.9685 -19.9557 40
    endloop
  endfacet
  facet normal 0.217875 -0.975977 0
    outer loop
      vertex 18.1217 -19.9215 40
      vertex 17.9685 -19.9557 0
      vertex 18.1217 -19.9215 0
    endloop
  endfacet
  facet normal 0.860622 0.509244 0
    outer loop
      vertex 19.6908 -16.2956 40
      vertex 19.6108 -16.1604 0
      vertex 19.6108 -16.1604 40
    endloop
  endfacet
  facet normal 0.860622 0.509244 0
    outer loop
      vertex 19.6108 -16.1604 0
      vertex 19.6908 -16.2956 40
      vertex 19.6908 -16.2956 0
    endloop
  endfacet
  facet normal 0.453821 -0.891093 0
    outer loop
      vertex 18.5644 -19.7621 0
      vertex 18.7044 -19.6908 40
      vertex 18.5644 -19.7621 40
    endloop
  endfacet
  facet normal 0.453821 -0.891093 0
    outer loop
      vertex 18.7044 -19.6908 40
      vertex 18.5644 -19.7621 0
      vertex 18.7044 -19.6908 0
    endloop
  endfacet
  facet normal 0.612661 0.790346 -0
    outer loop
      vertex 19.0936 -15.5737 0
      vertex 18.9695 -15.4775 40
      vertex 19.0936 -15.5737 40
    endloop
  endfacet
  facet normal 0.612661 0.790346 0
    outer loop
      vertex 18.9695 -15.4775 40
      vertex 19.0936 -15.5737 0
      vertex 18.9695 -15.4775 0
    endloop
  endfacet
  facet normal -0.279511 -0.960142 0
    outer loop
      vertex 16.7275 -19.8776 0
      vertex 16.8783 -19.9215 40
      vertex 16.7275 -19.8776 40
    endloop
  endfacet
  facet normal -0.279511 -0.960142 -0
    outer loop
      vertex 16.8783 -19.9215 40
      vertex 16.7275 -19.8776 0
      vertex 16.8783 -19.9215 0
    endloop
  endfacet
  facet normal -0.217875 0.975977 0
    outer loop
      vertex 17.0315 -15.0443 0
      vertex 16.8783 -15.0785 40
      vertex 17.0315 -15.0443 40
    endloop
  endfacet
  facet normal -0.217875 0.975977 0
    outer loop
      vertex 16.8783 -15.0785 40
      vertex 17.0315 -15.0443 0
      vertex 16.8783 -15.0785 0
    endloop
  endfacet
  facet normal 0.562171 -0.827021 0
    outer loop
      vertex 18.8396 -19.6108 0
      vertex 18.9695 -19.5225 40
      vertex 18.8396 -19.6108 40
    endloop
  endfacet
  facet normal 0.562171 -0.827021 0
    outer loop
      vertex 18.9695 -19.5225 40
      vertex 18.8396 -19.6108 0
      vertex 18.9695 -19.5225 0
    endloop
  endfacet
  facet normal -0.940904 0.338674 0
    outer loop
      vertex 15.1224 -16.7275 0
      vertex 15.1756 -16.5797 40
      vertex 15.1756 -16.5797 0
    endloop
  endfacet
  facet normal -0.940904 0.338674 0
    outer loop
      vertex 15.1756 -16.5797 40
      vertex 15.1224 -16.7275 0
      vertex 15.1224 -16.7275 40
    endloop
  endfacet
  facet normal -0.338674 -0.940904 0
    outer loop
      vertex 16.5797 -19.8244 0
      vertex 16.7275 -19.8776 40
      vertex 16.5797 -19.8244 40
    endloop
  endfacet
  facet normal -0.338674 -0.940904 -0
    outer loop
      vertex 16.7275 -19.8776 40
      vertex 16.5797 -19.8244 0
      vertex 16.7275 -19.8776 0
    endloop
  endfacet
  facet normal 0.827021 -0.562171 0
    outer loop
      vertex 19.5225 -18.9695 40
      vertex 19.6108 -18.8396 0
      vertex 19.6108 -18.8396 40
    endloop
  endfacet
  facet normal 0.827021 -0.562171 0
    outer loop
      vertex 19.6108 -18.8396 0
      vertex 19.5225 -18.9695 40
      vertex 19.5225 -18.9695 0
    endloop
  endfacet
  facet normal -0.156551 0.98767 0
    outer loop
      vertex 17.1867 -15.0197 0
      vertex 17.0315 -15.0443 40
      vertex 17.1867 -15.0197 40
    endloop
  endfacet
  facet normal -0.156551 0.98767 0
    outer loop
      vertex 17.0315 -15.0443 40
      vertex 17.1867 -15.0197 0
      vertex 17.0315 -15.0443 0
    endloop
  endfacet
  facet normal -0.917888 0.396839 0
    outer loop
      vertex 15.1756 -16.5797 0
      vertex 15.2379 -16.4356 40
      vertex 15.2379 -16.4356 0
    endloop
  endfacet
  facet normal -0.917888 0.396839 0
    outer loop
      vertex 15.2379 -16.4356 40
      vertex 15.1756 -16.5797 0
      vertex 15.1756 -16.5797 40
    endloop
  endfacet
  facet normal 0.453821 0.891093 -0
    outer loop
      vertex 18.7044 -15.3092 0
      vertex 18.5644 -15.2379 40
      vertex 18.7044 -15.3092 40
    endloop
  endfacet
  facet normal 0.453821 0.891093 0
    outer loop
      vertex 18.5644 -15.2379 40
      vertex 18.7044 -15.3092 0
      vertex 18.5644 -15.2379 0
    endloop
  endfacet
  facet normal 0.031195 -0.999513 0
    outer loop
      vertex 17.5 -20 0
      vertex 17.657 -19.9951 40
      vertex 17.5 -20 40
    endloop
  endfacet
  facet normal 0.031195 -0.999513 0
    outer loop
      vertex 17.657 -19.9951 40
      vertex 17.5 -20 0
      vertex 17.657 -19.9951 0
    endloop
  endfacet
  facet normal 0.338674 -0.940904 0
    outer loop
      vertex 18.2725 -19.8776 0
      vertex 18.4203 -19.8244 40
      vertex 18.2725 -19.8776 40
    endloop
  endfacet
  facet normal 0.338674 -0.940904 0
    outer loop
      vertex 18.4203 -19.8244 40
      vertex 18.2725 -19.8776 0
      vertex 18.4203 -19.8244 0
    endloop
  endfacet
  facet normal -0.917888 -0.396839 0
    outer loop
      vertex 15.2379 -18.5644 0
      vertex 15.1756 -18.4203 40
      vertex 15.1756 -18.4203 0
    endloop
  endfacet
  facet normal -0.917888 -0.396839 0
    outer loop
      vertex 15.1756 -18.4203 40
      vertex 15.2379 -18.5644 0
      vertex 15.2379 -18.5644 40
    endloop
  endfacet
  facet normal -0.031195 0.999513 0
    outer loop
      vertex 17.5 -15 0
      vertex 17.343 -15.0049 40
      vertex 17.5 -15 40
    endloop
  endfacet
  facet normal -0.031195 0.999513 0
    outer loop
      vertex 17.343 -15.0049 40
      vertex 17.5 -15 0
      vertex 17.343 -15.0049 0
    endloop
  endfacet
  facet normal 0.396839 -0.917888 0
    outer loop
      vertex 18.4203 -19.8244 0
      vertex 18.5644 -19.7621 40
      vertex 18.4203 -19.8244 40
    endloop
  endfacet
  facet normal 0.396839 -0.917888 0
    outer loop
      vertex 18.5644 -19.7621 40
      vertex 18.4203 -19.8244 0
      vertex 18.5644 -19.7621 0
    endloop
  endfacet
  facet normal -0.995547 -0.094268 0
    outer loop
      vertex 15.0197 -17.8133 0
      vertex 15.0049 -17.657 40
      vertex 15.0049 -17.657 0
    endloop
  endfacet
  facet normal -0.995547 -0.094268 0
    outer loop
      vertex 15.0049 -17.657 40
      vertex 15.0197 -17.8133 0
      vertex 15.0197 -17.8133 40
    endloop
  endfacet
  facet normal -0.975977 -0.217875 0
    outer loop
      vertex 15.0785 -18.1217 0
      vertex 15.0443 -17.9685 40
      vertex 15.0443 -17.9685 0
    endloop
  endfacet
  facet normal -0.975977 -0.217875 0
    outer loop
      vertex 15.0443 -17.9685 40
      vertex 15.0785 -18.1217 0
      vertex 15.0785 -18.1217 40
    endloop
  endfacet
  facet normal 0.827021 0.562171 0
    outer loop
      vertex 19.6108 -16.1604 40
      vertex 19.5225 -16.0305 0
      vertex 19.5225 -16.0305 40
    endloop
  endfacet
  facet normal 0.827021 0.562171 0
    outer loop
      vertex 19.5225 -16.0305 0
      vertex 19.6108 -16.1604 40
      vertex 19.6108 -16.1604 0
    endloop
  endfacet
  facet normal -0.156551 -0.98767 0
    outer loop
      vertex 17.0315 -19.9557 0
      vertex 17.1867 -19.9803 40
      vertex 17.0315 -19.9557 40
    endloop
  endfacet
  facet normal -0.156551 -0.98767 -0
    outer loop
      vertex 17.1867 -19.9803 40
      vertex 17.0315 -19.9557 0
      vertex 17.1867 -19.9803 0
    endloop
  endfacet
  facet normal 0.661474 0.749968 -0
    outer loop
      vertex 19.2114 -15.6776 0
      vertex 19.0936 -15.5737 40
      vertex 19.2114 -15.6776 40
    endloop
  endfacet
  facet normal 0.661474 0.749968 0
    outer loop
      vertex 19.0936 -15.5737 40
      vertex 19.2114 -15.6776 0
      vertex 19.0936 -15.5737 0
    endloop
  endfacet
  facet normal -0.612661 0.790346 0
    outer loop
      vertex 16.0305 -15.4775 0
      vertex 15.9064 -15.5737 40
      vertex 16.0305 -15.4775 40
    endloop
  endfacet
  facet normal -0.612661 0.790346 0
    outer loop
      vertex 15.9064 -15.5737 40
      vertex 16.0305 -15.4775 0
      vertex 15.9064 -15.5737 0
    endloop
  endfacet
  facet normal 0.98767 -0.156551 0
    outer loop
      vertex 19.9557 -17.9685 40
      vertex 19.9803 -17.8133 0
      vertex 19.9803 -17.8133 40
    endloop
  endfacet
  facet normal 0.98767 -0.156551 0
    outer loop
      vertex 19.9803 -17.8133 0
      vertex 19.9557 -17.9685 40
      vertex 19.9557 -17.9685 0
    endloop
  endfacet
  facet normal -0.827021 -0.562171 0
    outer loop
      vertex 15.4775 -18.9695 0
      vertex 15.3892 -18.8396 40
      vertex 15.3892 -18.8396 0
    endloop
  endfacet
  facet normal -0.827021 -0.562171 0
    outer loop
      vertex 15.3892 -18.8396 40
      vertex 15.4775 -18.9695 0
      vertex 15.4775 -18.9695 40
    endloop
  endfacet
  facet normal 0.995547 -0.094268 0
    outer loop
      vertex 19.9803 -17.8133 40
      vertex 19.9951 -17.657 0
      vertex 19.9951 -17.657 40
    endloop
  endfacet
  facet normal 0.995547 -0.094268 0
    outer loop
      vertex 19.9951 -17.657 0
      vertex 19.9803 -17.8133 40
      vertex 19.9803 -17.8133 0
    endloop
  endfacet
  facet normal -0.999513 -0.031195 0
    outer loop
      vertex 15.0049 -17.657 0
      vertex 15 -17.5 40
      vertex 15 -17.5 0
    endloop
  endfacet
  facet normal -0.999513 -0.031195 0
    outer loop
      vertex 15 -17.5 40
      vertex 15.0049 -17.657 0
      vertex 15.0049 -17.657 40
    endloop
  endfacet
  facet normal -0.999513 0.031195 0
    outer loop
      vertex 15 -17.5 0
      vertex 15.0049 -17.343 40
      vertex 15.0049 -17.343 0
    endloop
  endfacet
  facet normal -0.999513 0.031195 0
    outer loop
      vertex 15.0049 -17.343 40
      vertex 15 -17.5 0
      vertex 15 -17.5 40
    endloop
  endfacet
  facet normal -0.940904 -0.338674 0
    outer loop
      vertex 15.1756 -18.4203 0
      vertex 15.1224 -18.2725 40
      vertex 15.1224 -18.2725 0
    endloop
  endfacet
  facet normal -0.940904 -0.338674 0
    outer loop
      vertex 15.1224 -18.2725 40
      vertex 15.1756 -18.4203 0
      vertex 15.1756 -18.4203 40
    endloop
  endfacet
  facet normal -0.790346 0.612661 0
    outer loop
      vertex 15.4775 -16.0305 0
      vertex 15.5737 -15.9064 40
      vertex 15.5737 -15.9064 0
    endloop
  endfacet
  facet normal -0.790346 0.612661 0
    outer loop
      vertex 15.5737 -15.9064 40
      vertex 15.4775 -16.0305 0
      vertex 15.4775 -16.0305 40
    endloop
  endfacet
  facet normal 0.707107 -0.707107 0
    outer loop
      vertex 19.2114 -19.3224 40
      vertex 19.3224 -19.2114 0
      vertex 19.3224 -19.2114 40
    endloop
  endfacet
  facet normal 0.707107 -0.707107 0
    outer loop
      vertex 19.3224 -19.2114 0
      vertex 19.2114 -19.3224 40
      vertex 19.2114 -19.3224 0
    endloop
  endfacet
  facet normal -0.749968 0.661474 0
    outer loop
      vertex 15.5737 -15.9064 0
      vertex 15.6776 -15.7886 40
      vertex 15.6776 -15.7886 0
    endloop
  endfacet
  facet normal -0.749968 0.661474 0
    outer loop
      vertex 15.6776 -15.7886 40
      vertex 15.5737 -15.9064 0
      vertex 15.5737 -15.9064 40
    endloop
  endfacet
  facet normal -0.860622 0.509244 0
    outer loop
      vertex 15.3092 -16.2956 0
      vertex 15.3892 -16.1604 40
      vertex 15.3892 -16.1604 0
    endloop
  endfacet
  facet normal -0.860622 0.509244 0
    outer loop
      vertex 15.3892 -16.1604 40
      vertex 15.3092 -16.2956 0
      vertex 15.3092 -16.2956 40
    endloop
  endfacet
  facet normal -0.217875 -0.975977 0
    outer loop
      vertex 16.8783 -19.9215 0
      vertex 17.0315 -19.9557 40
      vertex 16.8783 -19.9215 40
    endloop
  endfacet
  facet normal -0.217875 -0.975977 -0
    outer loop
      vertex 17.0315 -19.9557 40
      vertex 16.8783 -19.9215 0
      vertex 17.0315 -19.9557 0
    endloop
  endfacet
  facet normal -0.031195 -0.999513 0
    outer loop
      vertex 17.343 -19.9951 0
      vertex 17.5 -20 40
      vertex 17.343 -19.9951 40
    endloop
  endfacet
  facet normal -0.031195 -0.999513 -0
    outer loop
      vertex 17.5 -20 40
      vertex 17.343 -19.9951 0
      vertex 17.5 -20 0
    endloop
  endfacet
  facet normal -0.860622 -0.509244 0
    outer loop
      vertex 15.3892 -18.8396 0
      vertex 15.3092 -18.7044 40
      vertex 15.3092 -18.7044 0
    endloop
  endfacet
  facet normal -0.860622 -0.509244 0
    outer loop
      vertex 15.3092 -18.7044 40
      vertex 15.3892 -18.8396 0
      vertex 15.3892 -18.8396 40
    endloop
  endfacet
  facet normal -0.98767 -0.156551 0
    outer loop
      vertex 15.0443 -17.9685 0
      vertex 15.0197 -17.8133 40
      vertex 15.0197 -17.8133 0
    endloop
  endfacet
  facet normal -0.98767 -0.156551 0
    outer loop
      vertex 15.0197 -17.8133 40
      vertex 15.0443 -17.9685 0
      vertex 15.0443 -17.9685 40
    endloop
  endfacet
  facet normal -0.749968 -0.661474 0
    outer loop
      vertex 15.6776 -19.2114 0
      vertex 15.5737 -19.0936 40
      vertex 15.5737 -19.0936 0
    endloop
  endfacet
  facet normal -0.749968 -0.661474 0
    outer loop
      vertex 15.5737 -19.0936 40
      vertex 15.6776 -19.2114 0
      vertex 15.6776 -19.2114 40
    endloop
  endfacet
  facet normal -0.562171 -0.827021 0
    outer loop
      vertex 16.0305 -19.5225 0
      vertex 16.1604 -19.6108 40
      vertex 16.0305 -19.5225 40
    endloop
  endfacet
  facet normal -0.562171 -0.827021 -0
    outer loop
      vertex 16.1604 -19.6108 40
      vertex 16.0305 -19.5225 0
      vertex 16.1604 -19.6108 0
    endloop
  endfacet
  facet normal -0.612661 -0.790346 0
    outer loop
      vertex 15.9064 -19.4263 0
      vertex 16.0305 -19.5225 40
      vertex 15.9064 -19.4263 40
    endloop
  endfacet
  facet normal -0.612661 -0.790346 -0
    outer loop
      vertex 16.0305 -19.5225 40
      vertex 15.9064 -19.4263 0
      vertex 16.0305 -19.5225 0
    endloop
  endfacet
  facet normal -0.661474 -0.749968 0
    outer loop
      vertex 15.7886 -19.3224 0
      vertex 15.9064 -19.4263 40
      vertex 15.7886 -19.3224 40
    endloop
  endfacet
  facet normal -0.661474 -0.749968 -0
    outer loop
      vertex 15.9064 -19.4263 40
      vertex 15.7886 -19.3224 0
      vertex 15.9064 -19.4263 0
    endloop
  endfacet
  facet normal -0.98767 0.156551 0
    outer loop
      vertex 15.0197 -17.1867 0
      vertex 15.0443 -17.0315 40
      vertex 15.0443 -17.0315 0
    endloop
  endfacet
  facet normal -0.98767 0.156551 0
    outer loop
      vertex 15.0443 -17.0315 40
      vertex 15.0197 -17.1867 0
      vertex 15.0197 -17.1867 40
    endloop
  endfacet
  facet normal -0.995547 0.094268 0
    outer loop
      vertex 15.0049 -17.343 0
      vertex 15.0197 -17.1867 40
      vertex 15.0197 -17.1867 0
    endloop
  endfacet
  facet normal -0.995547 0.094268 0
    outer loop
      vertex 15.0197 -17.1867 40
      vertex 15.0049 -17.343 0
      vertex 15.0049 -17.343 40
    endloop
  endfacet
  facet normal -0.396839 -0.917888 0
    outer loop
      vertex 16.4356 -19.7621 0
      vertex 16.5797 -19.8244 40
      vertex 16.4356 -19.7621 40
    endloop
  endfacet
  facet normal -0.396839 -0.917888 -0
    outer loop
      vertex 16.5797 -19.8244 40
      vertex 16.4356 -19.7621 0
      vertex 16.5797 -19.8244 0
    endloop
  endfacet
  facet normal -0.509244 -0.860622 0
    outer loop
      vertex 16.1604 -19.6108 0
      vertex 16.2956 -19.6908 40
      vertex 16.1604 -19.6108 40
    endloop
  endfacet
  facet normal -0.509244 -0.860622 -0
    outer loop
      vertex 16.2956 -19.6908 40
      vertex 16.1604 -19.6108 0
      vertex 16.2956 -19.6908 0
    endloop
  endfacet
  facet normal -0.094268 -0.995547 0
    outer loop
      vertex 17.1867 -19.9803 0
      vertex 17.343 -19.9951 40
      vertex 17.1867 -19.9803 40
    endloop
  endfacet
  facet normal -0.094268 -0.995547 -0
    outer loop
      vertex 17.343 -19.9951 40
      vertex 17.1867 -19.9803 0
      vertex 17.343 -19.9951 0
    endloop
  endfacet
  facet normal 0.217875 0.975977 -0
    outer loop
      vertex 18.1217 -15.0785 0
      vertex 17.9685 -15.0443 40
      vertex 18.1217 -15.0785 40
    endloop
  endfacet
  facet normal 0.217875 0.975977 0
    outer loop
      vertex 17.9685 -15.0443 40
      vertex 18.1217 -15.0785 0
      vertex 17.9685 -15.0443 0
    endloop
  endfacet
  facet normal 0.279511 0.960142 -0
    outer loop
      vertex 18.2725 -15.1224 0
      vertex 18.1217 -15.0785 40
      vertex 18.2725 -15.1224 40
    endloop
  endfacet
  facet normal 0.279511 0.960142 0
    outer loop
      vertex 18.1217 -15.0785 40
      vertex 18.2725 -15.1224 0
      vertex 18.1217 -15.0785 0
    endloop
  endfacet
  facet normal -0.453821 -0.891093 0
    outer loop
      vertex 16.2956 -19.6908 0
      vertex 16.4356 -19.7621 40
      vertex 16.2956 -19.6908 40
    endloop
  endfacet
  facet normal -0.453821 -0.891093 -0
    outer loop
      vertex 16.4356 -19.7621 40
      vertex 16.2956 -19.6908 0
      vertex 16.4356 -19.7621 0
    endloop
  endfacet
  facet normal 0.995547 0.094268 0
    outer loop
      vertex -15.0049 17.657 40
      vertex -15.0197 17.8133 0
      vertex -15.0197 17.8133 40
    endloop
  endfacet
  facet normal 0.995547 0.094268 0
    outer loop
      vertex -15.0197 17.8133 0
      vertex -15.0049 17.657 40
      vertex -15.0049 17.657 0
    endloop
  endfacet
  facet normal 0.999513 0.031195 0
    outer loop
      vertex -15 17.5 40
      vertex -15.0049 17.657 0
      vertex -15.0049 17.657 40
    endloop
  endfacet
  facet normal 0.999513 0.031195 0
    outer loop
      vertex -15.0049 17.657 0
      vertex -15 17.5 40
      vertex -15 17.5 0
    endloop
  endfacet
  facet normal 0.98767 0.156551 0
    outer loop
      vertex -15.0197 17.8133 40
      vertex -15.0443 17.9685 0
      vertex -15.0443 17.9685 40
    endloop
  endfacet
  facet normal 0.98767 0.156551 0
    outer loop
      vertex -15.0443 17.9685 0
      vertex -15.0197 17.8133 40
      vertex -15.0197 17.8133 0
    endloop
  endfacet
  facet normal -0.612661 0.790346 0
    outer loop
      vertex -18.9695 19.5225 0
      vertex -19.0936 19.4263 40
      vertex -18.9695 19.5225 40
    endloop
  endfacet
  facet normal -0.612661 0.790346 0
    outer loop
      vertex -19.0936 19.4263 40
      vertex -18.9695 19.5225 0
      vertex -19.0936 19.4263 0
    endloop
  endfacet
  facet normal 0.562171 0.827021 -0
    outer loop
      vertex -16.0305 19.5225 0
      vertex -16.1604 19.6108 40
      vertex -16.0305 19.5225 40
    endloop
  endfacet
  facet normal 0.562171 0.827021 0
    outer loop
      vertex -16.1604 19.6108 40
      vertex -16.0305 19.5225 0
      vertex -16.1604 19.6108 0
    endloop
  endfacet
  facet normal 0.975977 0.217875 0
    outer loop
      vertex -15.0443 17.9685 40
      vertex -15.0785 18.1217 0
      vertex -15.0785 18.1217 40
    endloop
  endfacet
  facet normal 0.975977 0.217875 0
    outer loop
      vertex -15.0785 18.1217 0
      vertex -15.0443 17.9685 40
      vertex -15.0443 17.9685 0
    endloop
  endfacet
  facet normal 0.790346 0.612661 0
    outer loop
      vertex -15.4775 18.9695 40
      vertex -15.5737 19.0936 0
      vertex -15.5737 19.0936 40
    endloop
  endfacet
  facet normal 0.790346 0.612661 0
    outer loop
      vertex -15.5737 19.0936 0
      vertex -15.4775 18.9695 40
      vertex -15.4775 18.9695 0
    endloop
  endfacet
  facet normal 0.860622 -0.509244 0
    outer loop
      vertex -15.3892 16.1604 40
      vertex -15.3092 16.2956 0
      vertex -15.3092 16.2956 40
    endloop
  endfacet
  facet normal 0.860622 -0.509244 0
    outer loop
      vertex -15.3092 16.2956 0
      vertex -15.3892 16.1604 40
      vertex -15.3892 16.1604 0
    endloop
  endfacet
  facet normal -0.094268 0.995547 0
    outer loop
      vertex -17.657 19.9951 0
      vertex -17.8133 19.9803 40
      vertex -17.657 19.9951 40
    endloop
  endfacet
  facet normal -0.094268 0.995547 0
    outer loop
      vertex -17.8133 19.9803 40
      vertex -17.657 19.9951 0
      vertex -17.8133 19.9803 0
    endloop
  endfacet
  facet normal -0.707107 0.707107 0
    outer loop
      vertex -19.3224 19.2114 0
      vertex -19.2114 19.3224 40
      vertex -19.2114 19.3224 0
    endloop
  endfacet
  facet normal -0.707107 0.707107 0
    outer loop
      vertex -19.2114 19.3224 40
      vertex -19.3224 19.2114 0
      vertex -19.3224 19.2114 40
    endloop
  endfacet
  facet normal -0.975977 0.217875 0
    outer loop
      vertex -19.9557 17.9685 0
      vertex -19.9215 18.1217 40
      vertex -19.9215 18.1217 0
    endloop
  endfacet
  facet normal -0.975977 0.217875 0
    outer loop
      vertex -19.9215 18.1217 40
      vertex -19.9557 17.9685 0
      vertex -19.9557 17.9685 40
    endloop
  endfacet
  facet normal 0.960142 -0.279511 0
    outer loop
      vertex -15.1224 16.7275 40
      vertex -15.0785 16.8783 0
      vertex -15.0785 16.8783 40
    endloop
  endfacet
  facet normal 0.960142 -0.279511 0
    outer loop
      vertex -15.0785 16.8783 0
      vertex -15.1224 16.7275 40
      vertex -15.1224 16.7275 0
    endloop
  endfacet
  facet normal -0.338674 -0.940904 0
    outer loop
      vertex -18.4203 15.1756 0
      vertex -18.2725 15.1224 40
      vertex -18.4203 15.1756 40
    endloop
  endfacet
  facet normal -0.338674 -0.940904 -0
    outer loop
      vertex -18.2725 15.1224 40
      vertex -18.4203 15.1756 0
      vertex -18.2725 15.1224 0
    endloop
  endfacet
  facet normal 0.338674 -0.940904 0
    outer loop
      vertex -16.7275 15.1224 0
      vertex -16.5797 15.1756 40
      vertex -16.7275 15.1224 40
    endloop
  endfacet
  facet normal 0.338674 -0.940904 0
    outer loop
      vertex -16.5797 15.1756 40
      vertex -16.7275 15.1224 0
      vertex -16.5797 15.1756 0
    endloop
  endfacet
  facet normal -0.891093 -0.453821 0
    outer loop
      vertex -19.6908 16.2956 0
      vertex -19.7621 16.4356 40
      vertex -19.7621 16.4356 0
    endloop
  endfacet
  facet normal -0.891093 -0.453821 0
    outer loop
      vertex -19.7621 16.4356 40
      vertex -19.6908 16.2956 0
      vertex -19.6908 16.2956 40
    endloop
  endfacet
  facet normal -0.562171 -0.827021 0
    outer loop
      vertex -18.9695 15.4775 0
      vertex -18.8396 15.3892 40
      vertex -18.9695 15.4775 40
    endloop
  endfacet
  facet normal -0.562171 -0.827021 -0
    outer loop
      vertex -18.8396 15.3892 40
      vertex -18.9695 15.4775 0
      vertex -18.8396 15.3892 0
    endloop
  endfacet
  facet normal 0.612661 0.790346 -0
    outer loop
      vertex -15.9064 19.4263 0
      vertex -16.0305 19.5225 40
      vertex -15.9064 19.4263 40
    endloop
  endfacet
  facet normal 0.612661 0.790346 0
    outer loop
      vertex -16.0305 19.5225 40
      vertex -15.9064 19.4263 0
      vertex -16.0305 19.5225 0
    endloop
  endfacet
  facet normal -0.940904 -0.338674 0
    outer loop
      vertex -19.8244 16.5797 0
      vertex -19.8776 16.7275 40
      vertex -19.8776 16.7275 0
    endloop
  endfacet
  facet normal -0.940904 -0.338674 0
    outer loop
      vertex -19.8776 16.7275 40
      vertex -19.8244 16.5797 0
      vertex -19.8244 16.5797 40
    endloop
  endfacet
  facet normal -0.509244 -0.860622 0
    outer loop
      vertex -18.8396 15.3892 0
      vertex -18.7044 15.3092 40
      vertex -18.8396 15.3892 40
    endloop
  endfacet
  facet normal -0.509244 -0.860622 -0
    outer loop
      vertex -18.7044 15.3092 40
      vertex -18.8396 15.3892 0
      vertex -18.7044 15.3092 0
    endloop
  endfacet
  facet normal -0.217875 -0.975977 0
    outer loop
      vertex -18.1217 15.0785 0
      vertex -17.9685 15.0443 40
      vertex -18.1217 15.0785 40
    endloop
  endfacet
  facet normal -0.217875 -0.975977 -0
    outer loop
      vertex -17.9685 15.0443 40
      vertex -18.1217 15.0785 0
      vertex -17.9685 15.0443 0
    endloop
  endfacet
  facet normal 0.940904 0.338674 0
    outer loop
      vertex -15.1224 18.2725 40
      vertex -15.1756 18.4203 0
      vertex -15.1756 18.4203 40
    endloop
  endfacet
  facet normal 0.940904 0.338674 0
    outer loop
      vertex -15.1756 18.4203 0
      vertex -15.1224 18.2725 40
      vertex -15.1224 18.2725 0
    endloop
  endfacet
  facet normal -0.396839 -0.917888 0
    outer loop
      vertex -18.5644 15.2379 0
      vertex -18.4203 15.1756 40
      vertex -18.5644 15.2379 40
    endloop
  endfacet
  facet normal -0.396839 -0.917888 -0
    outer loop
      vertex -18.4203 15.1756 40
      vertex -18.5644 15.2379 0
      vertex -18.4203 15.1756 0
    endloop
  endfacet
  facet normal -0.98767 -0.156551 0
    outer loop
      vertex -19.9557 17.0315 0
      vertex -19.9803 17.1867 40
      vertex -19.9803 17.1867 0
    endloop
  endfacet
  facet normal -0.98767 -0.156551 0
    outer loop
      vertex -19.9803 17.1867 40
      vertex -19.9557 17.0315 0
      vertex -19.9557 17.0315 40
    endloop
  endfacet
  facet normal -0.338674 0.940904 0
    outer loop
      vertex -18.2725 19.8776 0
      vertex -18.4203 19.8244 40
      vertex -18.2725 19.8776 40
    endloop
  endfacet
  facet normal -0.338674 0.940904 0
    outer loop
      vertex -18.4203 19.8244 40
      vertex -18.2725 19.8776 0
      vertex -18.4203 19.8244 0
    endloop
  endfacet
  facet normal 0 0 1
    outer loop
      vertex -15.0049 17.657 40
      vertex -15.0049 17.343 40
      vertex -15 17.5 40
    endloop
  endfacet
  facet normal 0 0 1
    outer loop
      vertex -15.0197 17.8133 40
      vertex -15.0049 17.343 40
      vertex -15.0049 17.657 40
    endloop
  endfacet
  facet normal 0 0 1
    outer loop
      vertex -15.0197 17.8133 40
      vertex -15.0197 17.1867 40
      vertex -15.0049 17.343 40
    endloop
  endfacet
  facet normal 0 0 1
    outer loop
      vertex -15.0443 17.9685 40
      vertex -15.0197 17.1867 40
      vertex -15.0197 17.8133 40
    endloop
  endfacet
  facet normal 0 0 1
    outer loop
      vertex -15.0443 17.9685 40
      vertex -15.0443 17.0315 40
      vertex -15.0197 17.1867 40
    endloop
  endfacet
  facet normal 0 0 1
    outer loop
      vertex -15.0785 18.1217 40
      vertex -15.0443 17.0315 40
      vertex -15.0443 17.9685 40
    endloop
  endfacet
  facet normal 0 0 1
    outer loop
      vertex -15.0785 18.1217 40
      vertex -15.0785 16.8783 40
      vertex -15.0443 17.0315 40
    endloop
  endfacet
  facet normal 0 0 1
    outer loop
      vertex -15.1224 18.2725 40
      vertex -15.0785 16.8783 40
      vertex -15.0785 18.1217 40
    endloop
  endfacet
  facet normal 0 0 1
    outer loop
      vertex -15.1224 18.2725 40
      vertex -15.1224 16.7275 40
      vertex -15.0785 16.8783 40
    endloop
  endfacet
  facet normal 0 0 1
    outer loop
      vertex -15.1756 18.4203 40
      vertex -15.1224 16.7275 40
      vertex -15.1224 18.2725 40
    endloop
  endfacet
  facet normal 0 0 1
    outer loop
      vertex -15.1756 18.4203 40
      vertex -15.1756 16.5797 40
      vertex -15.1224 16.7275 40
    endloop
  endfacet
  facet normal 0 0 1
    outer loop
      vertex -15.2379 18.5644 40
      vertex -15.1756 16.5797 40
      vertex -15.1756 18.4203 40
    endloop
  endfacet
  facet normal 0 0 1
    outer loop
      vertex -15.2379 18.5644 40
      vertex -15.2379 16.4356 40
      vertex -15.1756 16.5797 40
    endloop
  endfacet
  facet normal 0 0 1
    outer loop
      vertex -15.3092 18.7044 40
      vertex -15.2379 16.4356 40
      vertex -15.2379 18.5644 40
    endloop
  endfacet
  facet normal 0 0 1
    outer loop
      vertex -15.3092 18.7044 40
      vertex -15.3092 16.2956 40
      vertex -15.2379 16.4356 40
    endloop
  endfacet
  facet normal 0 0 1
    outer loop
      vertex -15.3892 18.8396 40
      vertex -15.3092 16.2956 40
      vertex -15.3092 18.7044 40
    endloop
  endfacet
  facet normal 0 0 1
    outer loop
      vertex -15.3892 18.8396 40
      vertex -15.3892 16.1604 40
      vertex -15.3092 16.2956 40
    endloop
  endfacet
  facet normal 0 0 1
    outer loop
      vertex -15.4775 18.9695 40
      vertex -15.3892 16.1604 40
      vertex -15.3892 18.8396 40
    endloop
  endfacet
  facet normal 0 0 1
    outer loop
      vertex -15.4775 18.9695 40
      vertex -15.4775 16.0305 40
      vertex -15.3892 16.1604 40
    endloop
  endfacet
  facet normal 0 0 1
    outer loop
      vertex -15.5737 19.0936 40
      vertex -15.4775 16.0305 40
      vertex -15.4775 18.9695 40
    endloop
  endfacet
  facet normal 0 0 1
    outer loop
      vertex -15.5737 19.0936 40
      vertex -15.5737 15.9064 40
      vertex -15.4775 16.0305 40
    endloop
  endfacet
  facet normal 0 0 1
    outer loop
      vertex -15.6776 19.2114 40
      vertex -15.5737 15.9064 40
      vertex -15.5737 19.0936 40
    endloop
  endfacet
  facet normal 0 0 1
    outer loop
      vertex -15.6776 19.2114 40
      vertex -15.6776 15.7886 40
      vertex -15.5737 15.9064 40
    endloop
  endfacet
  facet normal 0 0 1
    outer loop
      vertex -15.7886 19.3224 40
      vertex -15.6776 15.7886 40
      vertex -15.6776 19.2114 40
    endloop
  endfacet
  facet normal 0 0 1
    outer loop
      vertex -15.7886 19.3224 40
      vertex -15.7886 15.6776 40
      vertex -15.6776 15.7886 40
    endloop
  endfacet
  facet normal 0 0 1
    outer loop
      vertex -15.9064 19.4263 40
      vertex -15.7886 15.6776 40
      vertex -15.7886 19.3224 40
    endloop
  endfacet
  facet normal 0 0 1
    outer loop
      vertex -15.9064 19.4263 40
      vertex -15.9064 15.5737 40
      vertex -15.7886 15.6776 40
    endloop
  endfacet
  facet normal 0 0 1
    outer loop
      vertex -16.0305 19.5225 40
      vertex -15.9064 15.5737 40
      vertex -15.9064 19.4263 40
    endloop
  endfacet
  facet normal 0 0 1
    outer loop
      vertex -16.0305 19.5225 40
      vertex -16.0305 15.4775 40
      vertex -15.9064 15.5737 40
    endloop
  endfacet
  facet normal 0 0 1
    outer loop
      vertex -16.1604 19.6108 40
      vertex -16.0305 15.4775 40
      vertex -16.0305 19.5225 40
    endloop
  endfacet
  facet normal 0 0 1
    outer loop
      vertex -16.1604 19.6108 40
      vertex -16.1604 15.3892 40
      vertex -16.0305 15.4775 40
    endloop
  endfacet
  facet normal 0 0 1
    outer loop
      vertex -16.2956 19.6908 40
      vertex -16.1604 15.3892 40
      vertex -16.1604 19.6108 40
    endloop
  endfacet
  facet normal 0 0 1
    outer loop
      vertex -16.2956 19.6908 40
      vertex -16.2956 15.3092 40
      vertex -16.1604 15.3892 40
    endloop
  endfacet
  facet normal 0 0 1
    outer loop
      vertex -16.4356 19.7621 40
      vertex -16.2956 15.3092 40
      vertex -16.2956 19.6908 40
    endloop
  endfacet
  facet normal 0 0 1
    outer loop
      vertex -16.4356 19.7621 40
      vertex -16.4356 15.2379 40
      vertex -16.2956 15.3092 40
    endloop
  endfacet
  facet normal 0 0 1
    outer loop
      vertex -16.5797 19.8244 40
      vertex -16.4356 15.2379 40
      vertex -16.4356 19.7621 40
    endloop
  endfacet
  facet normal 0 0 1
    outer loop
      vertex -16.5797 19.8244 40
      vertex -16.5797 15.1756 40
      vertex -16.4356 15.2379 40
    endloop
  endfacet
  facet normal 0 0 1
    outer loop
      vertex -16.7275 19.8776 40
      vertex -16.5797 15.1756 40
      vertex -16.5797 19.8244 40
    endloop
  endfacet
  facet normal 0 0 1
    outer loop
      vertex -16.7275 19.8776 40
      vertex -16.7275 15.1224 40
      vertex -16.5797 15.1756 40
    endloop
  endfacet
  facet normal 0 0 1
    outer loop
      vertex -16.8783 19.9215 40
      vertex -16.7275 15.1224 40
      vertex -16.7275 19.8776 40
    endloop
  endfacet
  facet normal 0 0 1
    outer loop
      vertex -16.8783 19.9215 40
      vertex -16.8783 15.0785 40
      vertex -16.7275 15.1224 40
    endloop
  endfacet
  facet normal 0 0 1
    outer loop
      vertex -17.0315 19.9557 40
      vertex -16.8783 15.0785 40
      vertex -16.8783 19.9215 40
    endloop
  endfacet
  facet normal 0 0 1
    outer loop
      vertex -17.0315 19.9557 40
      vertex -17.0315 15.0443 40
      vertex -16.8783 15.0785 40
    endloop
  endfacet
  facet normal 0 0 1
    outer loop
      vertex -17.1867 19.9803 40
      vertex -17.0315 15.0443 40
      vertex -17.0315 19.9557 40
    endloop
  endfacet
  facet normal 0 0 1
    outer loop
      vertex -17.1867 19.9803 40
      vertex -17.1867 15.0197 40
      vertex -17.0315 15.0443 40
    endloop
  endfacet
  facet normal 0 0 1
    outer loop
      vertex -17.343 19.9951 40
      vertex -17.1867 15.0197 40
      vertex -17.1867 19.9803 40
    endloop
  endfacet
  facet normal 0 0 1
    outer loop
      vertex -17.343 19.9951 40
      vertex -17.343 15.0049 40
      vertex -17.1867 15.0197 40
    endloop
  endfacet
  facet normal 0 0 1
    outer loop
      vertex -17.5 20 40
      vertex -17.343 15.0049 40
      vertex -17.343 19.9951 40
    endloop
  endfacet
  facet normal 0 0 1
    outer loop
      vertex -17.5 20 40
      vertex -17.5 15 40
      vertex -17.343 15.0049 40
    endloop
  endfacet
  facet normal -0 0 1
    outer loop
      vertex -17.657 19.9951 40
      vertex -17.5 15 40
      vertex -17.5 20 40
    endloop
  endfacet
  facet normal 0 0 1
    outer loop
      vertex -17.657 19.9951 40
      vertex -17.657 15.0049 40
      vertex -17.5 15 40
    endloop
  endfacet
  facet normal -0 0 1
    outer loop
      vertex -17.8133 19.9803 40
      vertex -17.657 15.0049 40
      vertex -17.657 19.9951 40
    endloop
  endfacet
  facet normal 0 0 1
    outer loop
      vertex -17.8133 19.9803 40
      vertex -17.8133 15.0197 40
      vertex -17.657 15.0049 40
    endloop
  endfacet
  facet normal -0 0 1
    outer loop
      vertex -17.9685 19.9557 40
      vertex -17.8133 15.0197 40
      vertex -17.8133 19.9803 40
    endloop
  endfacet
  facet normal 0 0 1
    outer loop
      vertex -17.9685 19.9557 40
      vertex -17.9685 15.0443 40
      vertex -17.8133 15.0197 40
    endloop
  endfacet
  facet normal -0 0 1
    outer loop
      vertex -18.1217 19.9215 40
      vertex -17.9685 15.0443 40
      vertex -17.9685 19.9557 40
    endloop
  endfacet
  facet normal 0 0 1
    outer loop
      vertex -18.1217 19.9215 40
      vertex -18.1217 15.0785 40
      vertex -17.9685 15.0443 40
    endloop
  endfacet
  facet normal -0 0 1
    outer loop
      vertex -18.2725 19.8776 40
      vertex -18.1217 15.0785 40
      vertex -18.1217 19.9215 40
    endloop
  endfacet
  facet normal 0 0 1
    outer loop
      vertex -18.2725 19.8776 40
      vertex -18.2725 15.1224 40
      vertex -18.1217 15.0785 40
    endloop
  endfacet
  facet normal -0 0 1
    outer loop
      vertex -18.4203 19.8244 40
      vertex -18.2725 15.1224 40
      vertex -18.2725 19.8776 40
    endloop
  endfacet
  facet normal 0 0 1
    outer loop
      vertex -18.4203 19.8244 40
      vertex -18.4203 15.1756 40
      vertex -18.2725 15.1224 40
    endloop
  endfacet
  facet normal -0 0 1
    outer loop
      vertex -18.5644 19.7621 40
      vertex -18.4203 15.1756 40
      vertex -18.4203 19.8244 40
    endloop
  endfacet
  facet normal 0 0 1
    outer loop
      vertex -18.5644 19.7621 40
      vertex -18.5644 15.2379 40
      vertex -18.4203 15.1756 40
    endloop
  endfacet
  facet normal -0 0 1
    outer loop
      vertex -18.7044 19.6908 40
      vertex -18.5644 15.2379 40
      vertex -18.5644 19.7621 40
    endloop
  endfacet
  facet normal 0 0 1
    outer loop
      vertex -18.7044 19.6908 40
      vertex -18.7044 15.3092 40
      vertex -18.5644 15.2379 40
    endloop
  endfacet
  facet normal -0 0 1
    outer loop
      vertex -18.8396 19.6108 40
      vertex -18.7044 15.3092 40
      vertex -18.7044 19.6908 40
    endloop
  endfacet
  facet normal 0 0 1
    outer loop
      vertex -18.8396 19.6108 40
      vertex -18.8396 15.3892 40
      vertex -18.7044 15.3092 40
    endloop
  endfacet
  facet normal -0 0 1
    outer loop
      vertex -18.9695 19.5225 40
      vertex -18.8396 15.3892 40
      vertex -18.8396 19.6108 40
    endloop
  endfacet
  facet normal 0 0 1
    outer loop
      vertex -18.9695 19.5225 40
      vertex -18.9695 15.4775 40
      vertex -18.8396 15.3892 40
    endloop
  endfacet
  facet normal -0 0 1
    outer loop
      vertex -19.0936 19.4263 40
      vertex -18.9695 15.4775 40
      vertex -18.9695 19.5225 40
    endloop
  endfacet
  facet normal 0 0 1
    outer loop
      vertex -19.0936 19.4263 40
      vertex -19.0936 15.5737 40
      vertex -18.9695 15.4775 40
    endloop
  endfacet
  facet normal -0 0 1
    outer loop
      vertex -19.2114 19.3224 40
      vertex -19.0936 15.5737 40
      vertex -19.0936 19.4263 40
    endloop
  endfacet
  facet normal 0 0 1
    outer loop
      vertex -19.2114 19.3224 40
      vertex -19.2114 15.6776 40
      vertex -19.0936 15.5737 40
    endloop
  endfacet
  facet normal -0 0 1
    outer loop
      vertex -19.3224 19.2114 40
      vertex -19.2114 15.6776 40
      vertex -19.2114 19.3224 40
    endloop
  endfacet
  facet normal 0 0 1
    outer loop
      vertex -19.3224 19.2114 40
      vertex -19.3224 15.7886 40
      vertex -19.2114 15.6776 40
    endloop
  endfacet
  facet normal -0 0 1
    outer loop
      vertex -19.4263 19.0936 40
      vertex -19.3224 15.7886 40
      vertex -19.3224 19.2114 40
    endloop
  endfacet
  facet normal 0 0 1
    outer loop
      vertex -19.4263 19.0936 40
      vertex -19.4263 15.9064 40
      vertex -19.3224 15.7886 40
    endloop
  endfacet
  facet normal -0 0 1
    outer loop
      vertex -19.5225 18.9695 40
      vertex -19.4263 15.9064 40
      vertex -19.4263 19.0936 40
    endloop
  endfacet
  facet normal 0 0 1
    outer loop
      vertex -19.5225 18.9695 40
      vertex -19.5225 16.0305 40
      vertex -19.4263 15.9064 40
    endloop
  endfacet
  facet normal -0 0 1
    outer loop
      vertex -19.6108 18.8396 40
      vertex -19.5225 16.0305 40
      vertex -19.5225 18.9695 40
    endloop
  endfacet
  facet normal 0 0 1
    outer loop
      vertex -19.6108 18.8396 40
      vertex -19.6108 16.1604 40
      vertex -19.5225 16.0305 40
    endloop
  endfacet
  facet normal -0 0 1
    outer loop
      vertex -19.6908 18.7044 40
      vertex -19.6108 16.1604 40
      vertex -19.6108 18.8396 40
    endloop
  endfacet
  facet normal 0 0 1
    outer loop
      vertex -19.6908 18.7044 40
      vertex -19.6908 16.2956 40
      vertex -19.6108 16.1604 40
    endloop
  endfacet
  facet normal -0 0 1
    outer loop
      vertex -19.7621 18.5644 40
      vertex -19.6908 16.2956 40
      vertex -19.6908 18.7044 40
    endloop
  endfacet
  facet normal 0 0 1
    outer loop
      vertex -19.7621 18.5644 40
      vertex -19.7621 16.4356 40
      vertex -19.6908 16.2956 40
    endloop
  endfacet
  facet normal -0 0 1
    outer loop
      vertex -19.8244 18.4203 40
      vertex -19.7621 16.4356 40
      vertex -19.7621 18.5644 40
    endloop
  endfacet
  facet normal 0 0 1
    outer loop
      vertex -19.8244 18.4203 40
      vertex -19.8244 16.5797 40
      vertex -19.7621 16.4356 40
    endloop
  endfacet
  facet normal -0 0 1
    outer loop
      vertex -19.8776 18.2725 40
      vertex -19.8244 16.5797 40
      vertex -19.8244 18.4203 40
    endloop
  endfacet
  facet normal 0 0 1
    outer loop
      vertex -19.8776 18.2725 40
      vertex -19.8776 16.7275 40
      vertex -19.8244 16.5797 40
    endloop
  endfacet
  facet normal -0 0 1
    outer loop
      vertex -19.9215 18.1217 40
      vertex -19.8776 16.7275 40
      vertex -19.8776 18.2725 40
    endloop
  endfacet
  facet normal 0 0 1
    outer loop
      vertex -19.9215 18.1217 40
      vertex -19.9215 16.8783 40
      vertex -19.8776 16.7275 40
    endloop
  endfacet
  facet normal -0 0 1
    outer loop
      vertex -19.9557 17.9685 40
      vertex -19.9215 16.8783 40
      vertex -19.9215 18.1217 40
    endloop
  endfacet
  facet normal 0 0 1
    outer loop
      vertex -19.9557 17.9685 40
      vertex -19.9557 17.0315 40
      vertex -19.9215 16.8783 40
    endloop
  endfacet
  facet normal -0 0 1
    outer loop
      vertex -19.9803 17.8133 40
      vertex -19.9557 17.0315 40
      vertex -19.9557 17.9685 40
    endloop
  endfacet
  facet normal 0 0 1
    outer loop
      vertex -19.9803 17.8133 40
      vertex -19.9803 17.1867 40
      vertex -19.9557 17.0315 40
    endloop
  endfacet
  facet normal -0 0 1
    outer loop
      vertex -19.9951 17.657 40
      vertex -19.9803 17.1867 40
      vertex -19.9803 17.8133 40
    endloop
  endfacet
  facet normal 0 0 1
    outer loop
      vertex -19.9951 17.657 40
      vertex -19.9951 17.343 40
      vertex -19.9803 17.1867 40
    endloop
  endfacet
  facet normal 0 -0 1
    outer loop
      vertex -19.9951 17.343 40
      vertex -19.9951 17.657 40
      vertex -20 17.5 40
    endloop
  endfacet
  facet normal 0.917888 -0.396839 0
    outer loop
      vertex -15.2379 16.4356 40
      vertex -15.1756 16.5797 0
      vertex -15.1756 16.5797 40
    endloop
  endfacet
  facet normal 0.917888 -0.396839 0
    outer loop
      vertex -15.1756 16.5797 0
      vertex -15.2379 16.4356 40
      vertex -15.2379 16.4356 0
    endloop
  endfacet
  facet normal 0.217875 -0.975977 0
    outer loop
      vertex -17.0315 15.0443 0
      vertex -16.8783 15.0785 40
      vertex -17.0315 15.0443 40
    endloop
  endfacet
  facet normal 0.217875 -0.975977 0
    outer loop
      vertex -16.8783 15.0785 40
      vertex -17.0315 15.0443 0
      vertex -16.8783 15.0785 0
    endloop
  endfacet
  facet normal 0.891093 0.453821 0
    outer loop
      vertex -15.2379 18.5644 40
      vertex -15.3092 18.7044 0
      vertex -15.3092 18.7044 40
    endloop
  endfacet
  facet normal 0.891093 0.453821 0
    outer loop
      vertex -15.3092 18.7044 0
      vertex -15.2379 18.5644 40
      vertex -15.2379 18.5644 0
    endloop
  endfacet
  facet normal -0.940904 0.338674 0
    outer loop
      vertex -19.8776 18.2725 0
      vertex -19.8244 18.4203 40
      vertex -19.8244 18.4203 0
    endloop
  endfacet
  facet normal -0.940904 0.338674 0
    outer loop
      vertex -19.8244 18.4203 40
      vertex -19.8776 18.2725 0
      vertex -19.8776 18.2725 40
    endloop
  endfacet
  facet normal 0.156551 -0.98767 0
    outer loop
      vertex -17.1867 15.0197 0
      vertex -17.0315 15.0443 40
      vertex -17.1867 15.0197 40
    endloop
  endfacet
  facet normal 0.156551 -0.98767 0
    outer loop
      vertex -17.0315 15.0443 40
      vertex -17.1867 15.0197 0
      vertex -17.0315 15.0443 0
    endloop
  endfacet
  facet normal -0.790346 -0.612661 0
    outer loop
      vertex -19.4263 15.9064 0
      vertex -19.5225 16.0305 40
      vertex -19.5225 16.0305 0
    endloop
  endfacet
  facet normal -0.790346 -0.612661 0
    outer loop
      vertex -19.5225 16.0305 40
      vertex -19.4263 15.9064 0
      vertex -19.4263 15.9064 40
    endloop
  endfacet
  facet normal 0.917888 0.396839 0
    outer loop
      vertex -15.1756 18.4203 40
      vertex -15.2379 18.5644 0
      vertex -15.2379 18.5644 40
    endloop
  endfacet
  facet normal 0.917888 0.396839 0
    outer loop
      vertex -15.2379 18.5644 0
      vertex -15.1756 18.4203 40
      vertex -15.1756 18.4203 0
    endloop
  endfacet
  facet normal 0.396839 -0.917888 0
    outer loop
      vertex -16.5797 15.1756 0
      vertex -16.4356 15.2379 40
      vertex -16.5797 15.1756 40
    endloop
  endfacet
  facet normal 0.396839 -0.917888 0
    outer loop
      vertex -16.4356 15.2379 40
      vertex -16.5797 15.1756 0
      vertex -16.4356 15.2379 0
    endloop
  endfacet
  facet normal -0.960142 0.279511 0
    outer loop
      vertex -19.9215 18.1217 0
      vertex -19.8776 18.2725 40
      vertex -19.8776 18.2725 0
    endloop
  endfacet
  facet normal -0.960142 0.279511 0
    outer loop
      vertex -19.8776 18.2725 40
      vertex -19.9215 18.1217 0
      vertex -19.9215 18.1217 40
    endloop
  endfacet
  facet normal 0.279511 -0.960142 0
    outer loop
      vertex -16.8783 15.0785 0
      vertex -16.7275 15.1224 40
      vertex -16.8783 15.0785 40
    endloop
  endfacet
  facet normal 0.279511 -0.960142 0
    outer loop
      vertex -16.7275 15.1224 40
      vertex -16.8783 15.0785 0
      vertex -16.7275 15.1224 0
    endloop
  endfacet
  facet normal -0.999513 0.031195 0
    outer loop
      vertex -20 17.5 0
      vertex -19.9951 17.657 40
      vertex -19.9951 17.657 0
    endloop
  endfacet
  facet normal -0.999513 0.031195 0
    outer loop
      vertex -19.9951 17.657 40
      vertex -20 17.5 0
      vertex -20 17.5 40
    endloop
  endfacet
  facet normal -0.749968 -0.661474 0
    outer loop
      vertex -19.3224 15.7886 0
      vertex -19.4263 15.9064 40
      vertex -19.4263 15.9064 0
    endloop
  endfacet
  facet normal -0.749968 -0.661474 0
    outer loop
      vertex -19.4263 15.9064 40
      vertex -19.3224 15.7886 0
      vertex -19.3224 15.7886 40
    endloop
  endfacet
  facet normal 0.827021 0.562171 0
    outer loop
      vertex -15.3892 18.8396 40
      vertex -15.4775 18.9695 0
      vertex -15.4775 18.9695 40
    endloop
  endfacet
  facet normal 0.827021 0.562171 0
    outer loop
      vertex -15.4775 18.9695 0
      vertex -15.3892 18.8396 40
      vertex -15.3892 18.8396 0
    endloop
  endfacet
  facet normal -0.917888 -0.396839 0
    outer loop
      vertex -19.7621 16.4356 0
      vertex -19.8244 16.5797 40
      vertex -19.8244 16.5797 0
    endloop
  endfacet
  facet normal -0.917888 -0.396839 0
    outer loop
      vertex -19.8244 16.5797 40
      vertex -19.7621 16.4356 0
      vertex -19.7621 16.4356 40
    endloop
  endfacet
  facet normal -0.094268 -0.995547 0
    outer loop
      vertex -17.8133 15.0197 0
      vertex -17.657 15.0049 40
      vertex -17.8133 15.0197 40
    endloop
  endfacet
  facet normal -0.094268 -0.995547 -0
    outer loop
      vertex -17.657 15.0049 40
      vertex -17.8133 15.0197 0
      vertex -17.657 15.0049 0
    endloop
  endfacet
  facet normal 0.707107 0.707107 0
    outer loop
      vertex -15.6776 19.2114 40
      vertex -15.7886 19.3224 0
      vertex -15.7886 19.3224 40
    endloop
  endfacet
  facet normal 0.707107 0.707107 0
    outer loop
      vertex -15.7886 19.3224 0
      vertex -15.6776 19.2114 40
      vertex -15.6776 19.2114 0
    endloop
  endfacet
  facet normal 0.396839 0.917888 -0
    outer loop
      vertex -16.4356 19.7621 0
      vertex -16.5797 19.8244 40
      vertex -16.4356 19.7621 40
    endloop
  endfacet
  facet normal 0.396839 0.917888 0
    outer loop
      vertex -16.5797 19.8244 40
      vertex -16.4356 19.7621 0
      vertex -16.5797 19.8244 0
    endloop
  endfacet
  facet normal 0.860622 0.509244 0
    outer loop
      vertex -15.3092 18.7044 40
      vertex -15.3892 18.8396 0
      vertex -15.3892 18.8396 40
    endloop
  endfacet
  facet normal 0.860622 0.509244 0
    outer loop
      vertex -15.3892 18.8396 0
      vertex -15.3092 18.7044 40
      vertex -15.3092 18.7044 0
    endloop
  endfacet
  facet normal 0.509244 0.860622 -0
    outer loop
      vertex -16.1604 19.6108 0
      vertex -16.2956 19.6908 40
      vertex -16.1604 19.6108 40
    endloop
  endfacet
  facet normal 0.509244 0.860622 0
    outer loop
      vertex -16.2956 19.6908 40
      vertex -16.1604 19.6108 0
      vertex -16.2956 19.6908 0
    endloop
  endfacet
  facet normal 0.453821 -0.891093 0
    outer loop
      vertex -16.4356 15.2379 0
      vertex -16.2956 15.3092 40
      vertex -16.4356 15.2379 40
    endloop
  endfacet
  facet normal 0.453821 -0.891093 0
    outer loop
      vertex -16.2956 15.3092 40
      vertex -16.4356 15.2379 0
      vertex -16.2956 15.3092 0
    endloop
  endfacet
  facet normal -0.562171 0.827021 0
    outer loop
      vertex -18.8396 19.6108 0
      vertex -18.9695 19.5225 40
      vertex -18.8396 19.6108 40
    endloop
  endfacet
  facet normal -0.562171 0.827021 0
    outer loop
      vertex -18.9695 19.5225 40
      vertex -18.8396 19.6108 0
      vertex -18.9695 19.5225 0
    endloop
  endfacet
  facet normal -0.999513 -0.031195 0
    outer loop
      vertex -19.9951 17.343 0
      vertex -20 17.5 40
      vertex -20 17.5 0
    endloop
  endfacet
  facet normal -0.999513 -0.031195 0
    outer loop
      vertex -20 17.5 40
      vertex -19.9951 17.343 0
      vertex -19.9951 17.343 40
    endloop
  endfacet
  facet normal -0.995547 -0.094268 0
    outer loop
      vertex -19.9803 17.1867 0
      vertex -19.9951 17.343 40
      vertex -19.9951 17.343 0
    endloop
  endfacet
  facet normal -0.995547 -0.094268 0
    outer loop
      vertex -19.9951 17.343 40
      vertex -19.9803 17.1867 0
      vertex -19.9803 17.1867 40
    endloop
  endfacet
  facet normal 0.031195 0.999513 -0
    outer loop
      vertex -17.343 19.9951 0
      vertex -17.5 20 40
      vertex -17.343 19.9951 40
    endloop
  endfacet
  facet normal 0.031195 0.999513 0
    outer loop
      vertex -17.5 20 40
      vertex -17.343 19.9951 0
      vertex -17.5 20 0
    endloop
  endfacet
  facet normal -0.960142 -0.279511 0
    outer loop
      vertex -19.8776 16.7275 0
      vertex -19.9215 16.8783 40
      vertex -19.9215 16.8783 0
    endloop
  endfacet
  facet normal -0.960142 -0.279511 0
    outer loop
      vertex -19.9215 16.8783 40
      vertex -19.8776 16.7275 0
      vertex -19.8776 16.7275 40
    endloop
  endfacet
  facet normal 0.453821 0.891093 -0
    outer loop
      vertex -16.2956 19.6908 0
      vertex -16.4356 19.7621 40
      vertex -16.2956 19.6908 40
    endloop
  endfacet
  facet normal 0.453821 0.891093 0
    outer loop
      vertex -16.4356 19.7621 40
      vertex -16.2956 19.6908 0
      vertex -16.4356 19.7621 0
    endloop
  endfacet
  facet normal -0.98767 0.156551 0
    outer loop
      vertex -19.9803 17.8133 0
      vertex -19.9557 17.9685 40
      vertex -19.9557 17.9685 0
    endloop
  endfacet
  facet normal -0.98767 0.156551 0
    outer loop
      vertex -19.9557 17.9685 40
      vertex -19.9803 17.8133 0
      vertex -19.9803 17.8133 40
    endloop
  endfacet
  facet normal -0.156551 -0.98767 0
    outer loop
      vertex -17.9685 15.0443 0
      vertex -17.8133 15.0197 40
      vertex -17.9685 15.0443 40
    endloop
  endfacet
  facet normal -0.156551 -0.98767 -0
    outer loop
      vertex -17.8133 15.0197 40
      vertex -17.9685 15.0443 0
      vertex -17.8133 15.0197 0
    endloop
  endfacet
  facet normal 0.891093 -0.453821 0
    outer loop
      vertex -15.3092 16.2956 40
      vertex -15.2379 16.4356 0
      vertex -15.2379 16.4356 40
    endloop
  endfacet
  facet normal 0.891093 -0.453821 0
    outer loop
      vertex -15.2379 16.4356 0
      vertex -15.3092 16.2956 40
      vertex -15.3092 16.2956 0
    endloop
  endfacet
  facet normal 0.999513 -0.031195 0
    outer loop
      vertex -15.0049 17.343 40
      vertex -15 17.5 0
      vertex -15 17.5 40
    endloop
  endfacet
  facet normal 0.999513 -0.031195 0
    outer loop
      vertex -15 17.5 0
      vertex -15.0049 17.343 40
      vertex -15.0049 17.343 0
    endloop
  endfacet
  facet normal 0.995547 -0.094268 0
    outer loop
      vertex -15.0197 17.1867 40
      vertex -15.0049 17.343 0
      vertex -15.0049 17.343 40
    endloop
  endfacet
  facet normal 0.995547 -0.094268 0
    outer loop
      vertex -15.0049 17.343 0
      vertex -15.0197 17.1867 40
      vertex -15.0197 17.1867 0
    endloop
  endfacet
  facet normal 0.661474 -0.749968 0
    outer loop
      vertex -15.9064 15.5737 0
      vertex -15.7886 15.6776 40
      vertex -15.9064 15.5737 40
    endloop
  endfacet
  facet normal 0.661474 -0.749968 0
    outer loop
      vertex -15.7886 15.6776 40
      vertex -15.9064 15.5737 0
      vertex -15.7886 15.6776 0
    endloop
  endfacet
  facet normal 0.98767 -0.156551 0
    outer loop
      vertex -15.0443 17.0315 40
      vertex -15.0197 17.1867 0
      vertex -15.0197 17.1867 40
    endloop
  endfacet
  facet normal 0.98767 -0.156551 0
    outer loop
      vertex -15.0197 17.1867 0
      vertex -15.0443 17.0315 40
      vertex -15.0443 17.0315 0
    endloop
  endfacet
  facet normal -0.156551 0.98767 0
    outer loop
      vertex -17.8133 19.9803 0
      vertex -17.9685 19.9557 40
      vertex -17.8133 19.9803 40
    endloop
  endfacet
  facet normal -0.156551 0.98767 0
    outer loop
      vertex -17.9685 19.9557 40
      vertex -17.8133 19.9803 0
      vertex -17.9685 19.9557 0
    endloop
  endfacet
  facet normal 0.707107 -0.707107 0
    outer loop
      vertex -15.7886 15.6776 40
      vertex -15.6776 15.7886 0
      vertex -15.6776 15.7886 40
    endloop
  endfacet
  facet normal 0.707107 -0.707107 0
    outer loop
      vertex -15.6776 15.7886 0
      vertex -15.7886 15.6776 40
      vertex -15.7886 15.6776 0
    endloop
  endfacet
  facet normal 0.827021 -0.562171 0
    outer loop
      vertex -15.4775 16.0305 40
      vertex -15.3892 16.1604 0
      vertex -15.3892 16.1604 40
    endloop
  endfacet
  facet normal 0.827021 -0.562171 0
    outer loop
      vertex -15.3892 16.1604 0
      vertex -15.4775 16.0305 40
      vertex -15.4775 16.0305 0
    endloop
  endfacet
  facet normal 0.094268 -0.995547 0
    outer loop
      vertex -17.343 15.0049 0
      vertex -17.1867 15.0197 40
      vertex -17.343 15.0049 40
    endloop
  endfacet
  facet normal 0.094268 -0.995547 0
    outer loop
      vertex -17.1867 15.0197 40
      vertex -17.343 15.0049 0
      vertex -17.1867 15.0197 0
    endloop
  endfacet
  facet normal -0.790346 0.612661 0
    outer loop
      vertex -19.5225 18.9695 0
      vertex -19.4263 19.0936 40
      vertex -19.4263 19.0936 0
    endloop
  endfacet
  facet normal -0.790346 0.612661 0
    outer loop
      vertex -19.4263 19.0936 40
      vertex -19.5225 18.9695 0
      vertex -19.5225 18.9695 40
    endloop
  endfacet
  facet normal -0.279511 0.960142 0
    outer loop
      vertex -18.1217 19.9215 0
      vertex -18.2725 19.8776 40
      vertex -18.1217 19.9215 40
    endloop
  endfacet
  facet normal -0.279511 0.960142 0
    outer loop
      vertex -18.2725 19.8776 40
      vertex -18.1217 19.9215 0
      vertex -18.2725 19.8776 0
    endloop
  endfacet
  facet normal 0.156551 0.98767 -0
    outer loop
      vertex -17.0315 19.9557 0
      vertex -17.1867 19.9803 40
      vertex -17.0315 19.9557 40
    endloop
  endfacet
  facet normal 0.156551 0.98767 0
    outer loop
      vertex -17.1867 19.9803 40
      vertex -17.0315 19.9557 0
      vertex -17.1867 19.9803 0
    endloop
  endfacet
  facet normal 0.031195 -0.999513 0
    outer loop
      vertex -17.5 15 0
      vertex -17.343 15.0049 40
      vertex -17.5 15 40
    endloop
  endfacet
  facet normal 0.031195 -0.999513 0
    outer loop
      vertex -17.343 15.0049 40
      vertex -17.5 15 0
      vertex -17.343 15.0049 0
    endloop
  endfacet
  facet normal 0.661474 0.749968 -0
    outer loop
      vertex -15.7886 19.3224 0
      vertex -15.9064 19.4263 40
      vertex -15.7886 19.3224 40
    endloop
  endfacet
  facet normal 0.661474 0.749968 0
    outer loop
      vertex -15.9064 19.4263 40
      vertex -15.7886 19.3224 0
      vertex -15.9064 19.4263 0
    endloop
  endfacet
  facet normal 0.749968 -0.661474 0
    outer loop
      vertex -15.6776 15.7886 40
      vertex -15.5737 15.9064 0
      vertex -15.5737 15.9064 40
    endloop
  endfacet
  facet normal 0.749968 -0.661474 0
    outer loop
      vertex -15.5737 15.9064 0
      vertex -15.6776 15.7886 40
      vertex -15.6776 15.7886 0
    endloop
  endfacet
  facet normal 0.509244 -0.860622 0
    outer loop
      vertex -16.2956 15.3092 0
      vertex -16.1604 15.3892 40
      vertex -16.2956 15.3092 40
    endloop
  endfacet
  facet normal 0.509244 -0.860622 0
    outer loop
      vertex -16.1604 15.3892 40
      vertex -16.2956 15.3092 0
      vertex -16.1604 15.3892 0
    endloop
  endfacet
  facet normal 0.975977 -0.217875 0
    outer loop
      vertex -15.0785 16.8783 40
      vertex -15.0443 17.0315 0
      vertex -15.0443 17.0315 40
    endloop
  endfacet
  facet normal 0.975977 -0.217875 0
    outer loop
      vertex -15.0443 17.0315 0
      vertex -15.0785 16.8783 40
      vertex -15.0785 16.8783 0
    endloop
  endfacet
  facet normal -0.860622 0.509244 0
    outer loop
      vertex -19.6908 18.7044 0
      vertex -19.6108 18.8396 40
      vertex -19.6108 18.8396 0
    endloop
  endfacet
  facet normal -0.860622 0.509244 0
    outer loop
      vertex -19.6108 18.8396 40
      vertex -19.6908 18.7044 0
      vertex -19.6908 18.7044 40
    endloop
  endfacet
  facet normal -0.661474 0.749968 0
    outer loop
      vertex -19.0936 19.4263 0
      vertex -19.2114 19.3224 40
      vertex -19.0936 19.4263 40
    endloop
  endfacet
  facet normal -0.661474 0.749968 0
    outer loop
      vertex -19.2114 19.3224 40
      vertex -19.0936 19.4263 0
      vertex -19.2114 19.3224 0
    endloop
  endfacet
  facet normal 0.094268 0.995547 -0
    outer loop
      vertex -17.1867 19.9803 0
      vertex -17.343 19.9951 40
      vertex -17.1867 19.9803 40
    endloop
  endfacet
  facet normal 0.094268 0.995547 0
    outer loop
      vertex -17.343 19.9951 40
      vertex -17.1867 19.9803 0
      vertex -17.343 19.9951 0
    endloop
  endfacet
  facet normal 0.338674 0.940904 -0
    outer loop
      vertex -16.5797 19.8244 0
      vertex -16.7275 19.8776 40
      vertex -16.5797 19.8244 40
    endloop
  endfacet
  facet normal 0.338674 0.940904 0
    outer loop
      vertex -16.7275 19.8776 40
      vertex -16.5797 19.8244 0
      vertex -16.7275 19.8776 0
    endloop
  endfacet
  facet normal 0.940904 -0.338674 0
    outer loop
      vertex -15.1756 16.5797 40
      vertex -15.1224 16.7275 0
      vertex -15.1224 16.7275 40
    endloop
  endfacet
  facet normal 0.940904 -0.338674 0
    outer loop
      vertex -15.1224 16.7275 0
      vertex -15.1756 16.5797 40
      vertex -15.1756 16.5797 0
    endloop
  endfacet
  facet normal 0.960142 0.279511 0
    outer loop
      vertex -15.0785 18.1217 40
      vertex -15.1224 18.2725 0
      vertex -15.1224 18.2725 40
    endloop
  endfacet
  facet normal 0.960142 0.279511 0
    outer loop
      vertex -15.1224 18.2725 0
      vertex -15.0785 18.1217 40
      vertex -15.0785 18.1217 0
    endloop
  endfacet
  facet normal -0.453821 -0.891093 0
    outer loop
      vertex -18.7044 15.3092 0
      vertex -18.5644 15.2379 40
      vertex -18.7044 15.3092 40
    endloop
  endfacet
  facet normal -0.453821 -0.891093 -0
    outer loop
      vertex -18.5644 15.2379 40
      vertex -18.7044 15.3092 0
      vertex -18.5644 15.2379 0
    endloop
  endfacet
  facet normal 0.790346 -0.612661 0
    outer loop
      vertex -15.5737 15.9064 40
      vertex -15.4775 16.0305 0
      vertex -15.4775 16.0305 40
    endloop
  endfacet
  facet normal 0.790346 -0.612661 0
    outer loop
      vertex -15.4775 16.0305 0
      vertex -15.5737 15.9064 40
      vertex -15.5737 15.9064 0
    endloop
  endfacet
  facet normal -0.509244 0.860622 0
    outer loop
      vertex -18.7044 19.6908 0
      vertex -18.8396 19.6108 40
      vertex -18.7044 19.6908 40
    endloop
  endfacet
  facet normal -0.509244 0.860622 0
    outer loop
      vertex -18.8396 19.6108 40
      vertex -18.7044 19.6908 0
      vertex -18.8396 19.6108 0
    endloop
  endfacet
  facet normal -0.707107 -0.707107 0
    outer loop
      vertex -19.2114 15.6776 0
      vertex -19.3224 15.7886 40
      vertex -19.3224 15.7886 0
    endloop
  endfacet
  facet normal -0.707107 -0.707107 0
    outer loop
      vertex -19.3224 15.7886 40
      vertex -19.2114 15.6776 0
      vertex -19.2114 15.6776 40
    endloop
  endfacet
  facet normal -0.031195 0.999513 0
    outer loop
      vertex -17.5 20 0
      vertex -17.657 19.9951 40
      vertex -17.5 20 40
    endloop
  endfacet
  facet normal -0.031195 0.999513 0
    outer loop
      vertex -17.657 19.9951 40
      vertex -17.5 20 0
      vertex -17.657 19.9951 0
    endloop
  endfacet
  facet normal -0.661474 -0.749968 0
    outer loop
      vertex -19.2114 15.6776 0
      vertex -19.0936 15.5737 40
      vertex -19.2114 15.6776 40
    endloop
  endfacet
  facet normal -0.661474 -0.749968 -0
    outer loop
      vertex -19.0936 15.5737 40
      vertex -19.2114 15.6776 0
      vertex -19.0936 15.5737 0
    endloop
  endfacet
  facet normal -0.031195 -0.999513 0
    outer loop
      vertex -17.657 15.0049 0
      vertex -17.5 15 40
      vertex -17.657 15.0049 40
    endloop
  endfacet
  facet normal -0.031195 -0.999513 -0
    outer loop
      vertex -17.5 15 40
      vertex -17.657 15.0049 0
      vertex -17.5 15 0
    endloop
  endfacet
  facet normal 0.612661 -0.790346 0
    outer loop
      vertex -16.0305 15.4775 0
      vertex -15.9064 15.5737 40
      vertex -16.0305 15.4775 40
    endloop
  endfacet
  facet normal 0.612661 -0.790346 0
    outer loop
      vertex -15.9064 15.5737 40
      vertex -16.0305 15.4775 0
      vertex -15.9064 15.5737 0
    endloop
  endfacet
  facet normal -0.396839 0.917888 0
    outer loop
      vertex -18.4203 19.8244 0
      vertex -18.5644 19.7621 40
      vertex -18.4203 19.8244 40
    endloop
  endfacet
  facet normal -0.396839 0.917888 0
    outer loop
      vertex -18.5644 19.7621 40
      vertex -18.4203 19.8244 0
      vertex -18.5644 19.7621 0
    endloop
  endfacet
  facet normal -0.827021 -0.562171 0
    outer loop
      vertex -19.5225 16.0305 0
      vertex -19.6108 16.1604 40
      vertex -19.6108 16.1604 0
    endloop
  endfacet
  facet normal -0.827021 -0.562171 0
    outer loop
      vertex -19.6108 16.1604 40
      vertex -19.5225 16.0305 0
      vertex -19.5225 16.0305 40
    endloop
  endfacet
  facet normal 0.749968 0.661474 0
    outer loop
      vertex -15.5737 19.0936 40
      vertex -15.6776 19.2114 0
      vertex -15.6776 19.2114 40
    endloop
  endfacet
  facet normal 0.749968 0.661474 0
    outer loop
      vertex -15.6776 19.2114 0
      vertex -15.5737 19.0936 40
      vertex -15.5737 19.0936 0
    endloop
  endfacet
  facet normal -0.995547 0.094268 0
    outer loop
      vertex -19.9951 17.657 0
      vertex -19.9803 17.8133 40
      vertex -19.9803 17.8133 0
    endloop
  endfacet
  facet normal -0.995547 0.094268 0
    outer loop
      vertex -19.9803 17.8133 40
      vertex -19.9951 17.657 0
      vertex -19.9951 17.657 40
    endloop
  endfacet
  facet normal 0.279511 0.960142 -0
    outer loop
      vertex -16.7275 19.8776 0
      vertex -16.8783 19.9215 40
      vertex -16.7275 19.8776 40
    endloop
  endfacet
  facet normal 0.279511 0.960142 0
    outer loop
      vertex -16.8783 19.9215 40
      vertex -16.7275 19.8776 0
      vertex -16.8783 19.9215 0
    endloop
  endfacet
  facet normal 0 0 -1
    outer loop
      vertex -15.0049 17.343 0
      vertex -15.0049 17.657 0
      vertex -15 17.5 0
    endloop
  endfacet
  facet normal 0 0 -1
    outer loop
      vertex -15.0197 17.1867 0
      vertex -15.0049 17.657 0
      vertex -15.0049 17.343 0
    endloop
  endfacet
  facet normal 0 0 -1
    outer loop
      vertex -15.0197 17.1867 0
      vertex -15.0197 17.8133 0
      vertex -15.0049 17.657 0
    endloop
  endfacet
  facet normal 0 0 -1
    outer loop
      vertex -15.0443 17.0315 0
      vertex -15.0197 17.8133 0
      vertex -15.0197 17.1867 0
    endloop
  endfacet
  facet normal 0 0 -1
    outer loop
      vertex -15.0443 17.0315 0
      vertex -15.0443 17.9685 0
      vertex -15.0197 17.8133 0
    endloop
  endfacet
  facet normal 0 0 -1
    outer loop
      vertex -15.0785 16.8783 0
      vertex -15.0443 17.9685 0
      vertex -15.0443 17.0315 0
    endloop
  endfacet
  facet normal 0 0 -1
    outer loop
      vertex -15.0785 16.8783 0
      vertex -15.0785 18.1217 0
      vertex -15.0443 17.9685 0
    endloop
  endfacet
  facet normal 0 0 -1
    outer loop
      vertex -15.1224 16.7275 0
      vertex -15.0785 18.1217 0
      vertex -15.0785 16.8783 0
    endloop
  endfacet
  facet normal 0 0 -1
    outer loop
      vertex -15.1224 16.7275 0
      vertex -15.1224 18.2725 0
      vertex -15.0785 18.1217 0
    endloop
  endfacet
  facet normal 0 0 -1
    outer loop
      vertex -15.1756 16.5797 0
      vertex -15.1224 18.2725 0
      vertex -15.1224 16.7275 0
    endloop
  endfacet
  facet normal 0 0 -1
    outer loop
      vertex -15.1756 16.5797 0
      vertex -15.1756 18.4203 0
      vertex -15.1224 18.2725 0
    endloop
  endfacet
  facet normal 0 0 -1
    outer loop
      vertex -15.2379 16.4356 0
      vertex -15.1756 18.4203 0
      vertex -15.1756 16.5797 0
    endloop
  endfacet
  facet normal 0 0 -1
    outer loop
      vertex -15.2379 16.4356 0
      vertex -15.2379 18.5644 0
      vertex -15.1756 18.4203 0
    endloop
  endfacet
  facet normal 0 0 -1
    outer loop
      vertex -15.3092 16.2956 0
      vertex -15.2379 18.5644 0
      vertex -15.2379 16.4356 0
    endloop
  endfacet
  facet normal 0 0 -1
    outer loop
      vertex -15.3092 16.2956 0
      vertex -15.3092 18.7044 0
      vertex -15.2379 18.5644 0
    endloop
  endfacet
  facet normal 0 0 -1
    outer loop
      vertex -15.3892 16.1604 0
      vertex -15.3092 18.7044 0
      vertex -15.3092 16.2956 0
    endloop
  endfacet
  facet normal 0 0 -1
    outer loop
      vertex -15.3892 16.1604 0
      vertex -15.3892 18.8396 0
      vertex -15.3092 18.7044 0
    endloop
  endfacet
  facet normal 0 0 -1
    outer loop
      vertex -15.4775 16.0305 0
      vertex -15.3892 18.8396 0
      vertex -15.3892 16.1604 0
    endloop
  endfacet
  facet normal 0 0 -1
    outer loop
      vertex -15.4775 16.0305 0
      vertex -15.4775 18.9695 0
      vertex -15.3892 18.8396 0
    endloop
  endfacet
  facet normal 0 0 -1
    outer loop
      vertex -15.5737 15.9064 0
      vertex -15.4775 18.9695 0
      vertex -15.4775 16.0305 0
    endloop
  endfacet
  facet normal 0 0 -1
    outer loop
      vertex -15.5737 15.9064 0
      vertex -15.5737 19.0936 0
      vertex -15.4775 18.9695 0
    endloop
  endfacet
  facet normal 0 0 -1
    outer loop
      vertex -15.6776 15.7886 0
      vertex -15.5737 19.0936 0
      vertex -15.5737 15.9064 0
    endloop
  endfacet
  facet normal 0 0 -1
    outer loop
      vertex -15.6776 15.7886 0
      vertex -15.6776 19.2114 0
      vertex -15.5737 19.0936 0
    endloop
  endfacet
  facet normal 0 0 -1
    outer loop
      vertex -15.7886 15.6776 0
      vertex -15.6776 19.2114 0
      vertex -15.6776 15.7886 0
    endloop
  endfacet
  facet normal 0 0 -1
    outer loop
      vertex -15.7886 15.6776 0
      vertex -15.7886 19.3224 0
      vertex -15.6776 19.2114 0
    endloop
  endfacet
  facet normal 0 0 -1
    outer loop
      vertex -15.9064 15.5737 0
      vertex -15.7886 19.3224 0
      vertex -15.7886 15.6776 0
    endloop
  endfacet
  facet normal 0 0 -1
    outer loop
      vertex -15.9064 15.5737 0
      vertex -15.9064 19.4263 0
      vertex -15.7886 19.3224 0
    endloop
  endfacet
  facet normal 0 0 -1
    outer loop
      vertex -16.0305 15.4775 0
      vertex -15.9064 19.4263 0
      vertex -15.9064 15.5737 0
    endloop
  endfacet
  facet normal 0 0 -1
    outer loop
      vertex -16.0305 15.4775 0
      vertex -16.0305 19.5225 0
      vertex -15.9064 19.4263 0
    endloop
  endfacet
  facet normal 0 0 -1
    outer loop
      vertex -16.1604 15.3892 0
      vertex -16.0305 19.5225 0
      vertex -16.0305 15.4775 0
    endloop
  endfacet
  facet normal 0 0 -1
    outer loop
      vertex -16.1604 15.3892 0
      vertex -16.1604 19.6108 0
      vertex -16.0305 19.5225 0
    endloop
  endfacet
  facet normal 0 0 -1
    outer loop
      vertex -16.2956 15.3092 0
      vertex -16.1604 19.6108 0
      vertex -16.1604 15.3892 0
    endloop
  endfacet
  facet normal 0 0 -1
    outer loop
      vertex -16.2956 15.3092 0
      vertex -16.2956 19.6908 0
      vertex -16.1604 19.6108 0
    endloop
  endfacet
  facet normal 0 0 -1
    outer loop
      vertex -16.4356 15.2379 0
      vertex -16.2956 19.6908 0
      vertex -16.2956 15.3092 0
    endloop
  endfacet
  facet normal 0 0 -1
    outer loop
      vertex -16.4356 15.2379 0
      vertex -16.4356 19.7621 0
      vertex -16.2956 19.6908 0
    endloop
  endfacet
  facet normal 0 0 -1
    outer loop
      vertex -16.5797 15.1756 0
      vertex -16.4356 19.7621 0
      vertex -16.4356 15.2379 0
    endloop
  endfacet
  facet normal 0 0 -1
    outer loop
      vertex -16.5797 15.1756 0
      vertex -16.5797 19.8244 0
      vertex -16.4356 19.7621 0
    endloop
  endfacet
  facet normal 0 0 -1
    outer loop
      vertex -16.7275 15.1224 0
      vertex -16.5797 19.8244 0
      vertex -16.5797 15.1756 0
    endloop
  endfacet
  facet normal 0 0 -1
    outer loop
      vertex -16.7275 15.1224 0
      vertex -16.7275 19.8776 0
      vertex -16.5797 19.8244 0
    endloop
  endfacet
  facet normal 0 0 -1
    outer loop
      vertex -16.8783 15.0785 0
      vertex -16.7275 19.8776 0
      vertex -16.7275 15.1224 0
    endloop
  endfacet
  facet normal 0 0 -1
    outer loop
      vertex -16.8783 15.0785 0
      vertex -16.8783 19.9215 0
      vertex -16.7275 19.8776 0
    endloop
  endfacet
  facet normal 0 0 -1
    outer loop
      vertex -17.0315 15.0443 0
      vertex -16.8783 19.9215 0
      vertex -16.8783 15.0785 0
    endloop
  endfacet
  facet normal 0 0 -1
    outer loop
      vertex -17.0315 15.0443 0
      vertex -17.0315 19.9557 0
      vertex -16.8783 19.9215 0
    endloop
  endfacet
  facet normal 0 0 -1
    outer loop
      vertex -17.1867 15.0197 0
      vertex -17.0315 19.9557 0
      vertex -17.0315 15.0443 0
    endloop
  endfacet
  facet normal 0 0 -1
    outer loop
      vertex -17.1867 15.0197 0
      vertex -17.1867 19.9803 0
      vertex -17.0315 19.9557 0
    endloop
  endfacet
  facet normal 0 0 -1
    outer loop
      vertex -17.343 15.0049 0
      vertex -17.1867 19.9803 0
      vertex -17.1867 15.0197 0
    endloop
  endfacet
  facet normal 0 0 -1
    outer loop
      vertex -17.343 15.0049 0
      vertex -17.343 19.9951 0
      vertex -17.1867 19.9803 0
    endloop
  endfacet
  facet normal 0 0 -1
    outer loop
      vertex -17.5 15 0
      vertex -17.343 19.9951 0
      vertex -17.343 15.0049 0
    endloop
  endfacet
  facet normal 0 0 -1
    outer loop
      vertex -17.5 15 0
      vertex -17.5 20 0
      vertex -17.343 19.9951 0
    endloop
  endfacet
  facet normal 0 0 -1
    outer loop
      vertex -17.657 15.0049 0
      vertex -17.5 20 0
      vertex -17.5 15 0
    endloop
  endfacet
  facet normal 0 0 -1
    outer loop
      vertex -17.657 15.0049 0
      vertex -17.657 19.9951 0
      vertex -17.5 20 0
    endloop
  endfacet
  facet normal 0 0 -1
    outer loop
      vertex -17.8133 15.0197 0
      vertex -17.657 19.9951 0
      vertex -17.657 15.0049 0
    endloop
  endfacet
  facet normal 0 0 -1
    outer loop
      vertex -17.8133 15.0197 0
      vertex -17.8133 19.9803 0
      vertex -17.657 19.9951 0
    endloop
  endfacet
  facet normal 0 0 -1
    outer loop
      vertex -17.9685 15.0443 0
      vertex -17.8133 19.9803 0
      vertex -17.8133 15.0197 0
    endloop
  endfacet
  facet normal 0 0 -1
    outer loop
      vertex -17.9685 15.0443 0
      vertex -17.9685 19.9557 0
      vertex -17.8133 19.9803 0
    endloop
  endfacet
  facet normal 0 0 -1
    outer loop
      vertex -18.1217 15.0785 0
      vertex -17.9685 19.9557 0
      vertex -17.9685 15.0443 0
    endloop
  endfacet
  facet normal 0 0 -1
    outer loop
      vertex -18.1217 15.0785 0
      vertex -18.1217 19.9215 0
      vertex -17.9685 19.9557 0
    endloop
  endfacet
  facet normal 0 0 -1
    outer loop
      vertex -18.2725 15.1224 0
      vertex -18.1217 19.9215 0
      vertex -18.1217 15.0785 0
    endloop
  endfacet
  facet normal 0 0 -1
    outer loop
      vertex -18.2725 15.1224 0
      vertex -18.2725 19.8776 0
      vertex -18.1217 19.9215 0
    endloop
  endfacet
  facet normal 0 0 -1
    outer loop
      vertex -18.4203 15.1756 0
      vertex -18.2725 19.8776 0
      vertex -18.2725 15.1224 0
    endloop
  endfacet
  facet normal 0 0 -1
    outer loop
      vertex -18.4203 15.1756 0
      vertex -18.4203 19.8244 0
      vertex -18.2725 19.8776 0
    endloop
  endfacet
  facet normal 0 0 -1
    outer loop
      vertex -18.5644 15.2379 0
      vertex -18.4203 19.8244 0
      vertex -18.4203 15.1756 0
    endloop
  endfacet
  facet normal 0 0 -1
    outer loop
      vertex -18.5644 15.2379 0
      vertex -18.5644 19.7621 0
      vertex -18.4203 19.8244 0
    endloop
  endfacet
  facet normal 0 0 -1
    outer loop
      vertex -18.7044 15.3092 0
      vertex -18.5644 19.7621 0
      vertex -18.5644 15.2379 0
    endloop
  endfacet
  facet normal 0 0 -1
    outer loop
      vertex -18.7044 15.3092 0
      vertex -18.7044 19.6908 0
      vertex -18.5644 19.7621 0
    endloop
  endfacet
  facet normal 0 0 -1
    outer loop
      vertex -18.8396 15.3892 0
      vertex -18.7044 19.6908 0
      vertex -18.7044 15.3092 0
    endloop
  endfacet
  facet normal 0 0 -1
    outer loop
      vertex -18.8396 15.3892 0
      vertex -18.8396 19.6108 0
      vertex -18.7044 19.6908 0
    endloop
  endfacet
  facet normal 0 0 -1
    outer loop
      vertex -18.9695 15.4775 0
      vertex -18.8396 19.6108 0
      vertex -18.8396 15.3892 0
    endloop
  endfacet
  facet normal 0 0 -1
    outer loop
      vertex -18.9695 15.4775 0
      vertex -18.9695 19.5225 0
      vertex -18.8396 19.6108 0
    endloop
  endfacet
  facet normal 0 0 -1
    outer loop
      vertex -19.0936 15.5737 0
      vertex -18.9695 19.5225 0
      vertex -18.9695 15.4775 0
    endloop
  endfacet
  facet normal 0 0 -1
    outer loop
      vertex -19.0936 15.5737 0
      vertex -19.0936 19.4263 0
      vertex -18.9695 19.5225 0
    endloop
  endfacet
  facet normal 0 0 -1
    outer loop
      vertex -19.2114 15.6776 0
      vertex -19.0936 19.4263 0
      vertex -19.0936 15.5737 0
    endloop
  endfacet
  facet normal 0 0 -1
    outer loop
      vertex -19.2114 15.6776 0
      vertex -19.2114 19.3224 0
      vertex -19.0936 19.4263 0
    endloop
  endfacet
  facet normal 0 0 -1
    outer loop
      vertex -19.3224 15.7886 0
      vertex -19.2114 19.3224 0
      vertex -19.2114 15.6776 0
    endloop
  endfacet
  facet normal 0 0 -1
    outer loop
      vertex -19.3224 15.7886 0
      vertex -19.3224 19.2114 0
      vertex -19.2114 19.3224 0
    endloop
  endfacet
  facet normal 0 0 -1
    outer loop
      vertex -19.4263 15.9064 0
      vertex -19.3224 19.2114 0
      vertex -19.3224 15.7886 0
    endloop
  endfacet
  facet normal 0 0 -1
    outer loop
      vertex -19.4263 15.9064 0
      vertex -19.4263 19.0936 0
      vertex -19.3224 19.2114 0
    endloop
  endfacet
  facet normal 0 0 -1
    outer loop
      vertex -19.5225 16.0305 0
      vertex -19.4263 19.0936 0
      vertex -19.4263 15.9064 0
    endloop
  endfacet
  facet normal 0 0 -1
    outer loop
      vertex -19.5225 16.0305 0
      vertex -19.5225 18.9695 0
      vertex -19.4263 19.0936 0
    endloop
  endfacet
  facet normal 0 0 -1
    outer loop
      vertex -19.6108 16.1604 0
      vertex -19.5225 18.9695 0
      vertex -19.5225 16.0305 0
    endloop
  endfacet
  facet normal 0 0 -1
    outer loop
      vertex -19.6108 16.1604 0
      vertex -19.6108 18.8396 0
      vertex -19.5225 18.9695 0
    endloop
  endfacet
  facet normal 0 0 -1
    outer loop
      vertex -19.6908 16.2956 0
      vertex -19.6108 18.8396 0
      vertex -19.6108 16.1604 0
    endloop
  endfacet
  facet normal 0 0 -1
    outer loop
      vertex -19.6908 16.2956 0
      vertex -19.6908 18.7044 0
      vertex -19.6108 18.8396 0
    endloop
  endfacet
  facet normal 0 0 -1
    outer loop
      vertex -19.7621 16.4356 0
      vertex -19.6908 18.7044 0
      vertex -19.6908 16.2956 0
    endloop
  endfacet
  facet normal 0 0 -1
    outer loop
      vertex -19.7621 16.4356 0
      vertex -19.7621 18.5644 0
      vertex -19.6908 18.7044 0
    endloop
  endfacet
  facet normal 0 0 -1
    outer loop
      vertex -19.8244 16.5797 0
      vertex -19.7621 18.5644 0
      vertex -19.7621 16.4356 0
    endloop
  endfacet
  facet normal 0 0 -1
    outer loop
      vertex -19.8244 16.5797 0
      vertex -19.8244 18.4203 0
      vertex -19.7621 18.5644 0
    endloop
  endfacet
  facet normal 0 0 -1
    outer loop
      vertex -19.8776 16.7275 0
      vertex -19.8244 18.4203 0
      vertex -19.8244 16.5797 0
    endloop
  endfacet
  facet normal 0 0 -1
    outer loop
      vertex -19.8776 16.7275 0
      vertex -19.8776 18.2725 0
      vertex -19.8244 18.4203 0
    endloop
  endfacet
  facet normal 0 0 -1
    outer loop
      vertex -19.9215 16.8783 0
      vertex -19.8776 18.2725 0
      vertex -19.8776 16.7275 0
    endloop
  endfacet
  facet normal 0 0 -1
    outer loop
      vertex -19.9215 16.8783 0
      vertex -19.9215 18.1217 0
      vertex -19.8776 18.2725 0
    endloop
  endfacet
  facet normal 0 0 -1
    outer loop
      vertex -19.9557 17.0315 0
      vertex -19.9215 18.1217 0
      vertex -19.9215 16.8783 0
    endloop
  endfacet
  facet normal 0 0 -1
    outer loop
      vertex -19.9557 17.0315 0
      vertex -19.9557 17.9685 0
      vertex -19.9215 18.1217 0
    endloop
  endfacet
  facet normal 0 0 -1
    outer loop
      vertex -19.9803 17.1867 0
      vertex -19.9557 17.9685 0
      vertex -19.9557 17.0315 0
    endloop
  endfacet
  facet normal 0 0 -1
    outer loop
      vertex -19.9803 17.1867 0
      vertex -19.9803 17.8133 0
      vertex -19.9557 17.9685 0
    endloop
  endfacet
  facet normal 0 0 -1
    outer loop
      vertex -19.9951 17.343 0
      vertex -19.9803 17.8133 0
      vertex -19.9803 17.1867 0
    endloop
  endfacet
  facet normal 0 0 -1
    outer loop
      vertex -19.9951 17.343 0
      vertex -19.9951 17.657 0
      vertex -19.9803 17.8133 0
    endloop
  endfacet
  facet normal 0 -0 -1
    outer loop
      vertex -19.9951 17.657 0
      vertex -19.9951 17.343 0
      vertex -20 17.5 0
    endloop
  endfacet
  facet normal -0.860622 -0.509244 0
    outer loop
      vertex -19.6108 16.1604 0
      vertex -19.6908 16.2956 40
      vertex -19.6908 16.2956 0
    endloop
  endfacet
  facet normal -0.860622 -0.509244 0
    outer loop
      vertex -19.6908 16.2956 40
      vertex -19.6108 16.1604 0
      vertex -19.6108 16.1604 40
    endloop
  endfacet
  facet normal -0.975977 -0.217875 0
    outer loop
      vertex -19.9215 16.8783 0
      vertex -19.9557 17.0315 40
      vertex -19.9557 17.0315 0
    endloop
  endfacet
  facet normal -0.975977 -0.217875 0
    outer loop
      vertex -19.9557 17.0315 40
      vertex -19.9215 16.8783 0
      vertex -19.9215 16.8783 40
    endloop
  endfacet
  facet normal -0.217875 0.975977 0
    outer loop
      vertex -17.9685 19.9557 0
      vertex -18.1217 19.9215 40
      vertex -17.9685 19.9557 40
    endloop
  endfacet
  facet normal -0.217875 0.975977 0
    outer loop
      vertex -18.1217 19.9215 40
      vertex -17.9685 19.9557 0
      vertex -18.1217 19.9215 0
    endloop
  endfacet
  facet normal -0.279511 -0.960142 0
    outer loop
      vertex -18.2725 15.1224 0
      vertex -18.1217 15.0785 40
      vertex -18.2725 15.1224 40
    endloop
  endfacet
  facet normal -0.279511 -0.960142 -0
    outer loop
      vertex -18.1217 15.0785 40
      vertex -18.2725 15.1224 0
      vertex -18.1217 15.0785 0
    endloop
  endfacet
  facet normal 0.562171 -0.827021 0
    outer loop
      vertex -16.1604 15.3892 0
      vertex -16.0305 15.4775 40
      vertex -16.1604 15.3892 40
    endloop
  endfacet
  facet normal 0.562171 -0.827021 0
    outer loop
      vertex -16.0305 15.4775 40
      vertex -16.1604 15.3892 0
      vertex -16.0305 15.4775 0
    endloop
  endfacet
  facet normal 0.217875 0.975977 -0
    outer loop
      vertex -16.8783 19.9215 0
      vertex -17.0315 19.9557 40
      vertex -16.8783 19.9215 40
    endloop
  endfacet
  facet normal 0.217875 0.975977 0
    outer loop
      vertex -17.0315 19.9557 40
      vertex -16.8783 19.9215 0
      vertex -17.0315 19.9557 0
    endloop
  endfacet
  facet normal -0.827021 0.562171 0
    outer loop
      vertex -19.6108 18.8396 0
      vertex -19.5225 18.9695 40
      vertex -19.5225 18.9695 0
    endloop
  endfacet
  facet normal -0.827021 0.562171 0
    outer loop
      vertex -19.5225 18.9695 40
      vertex -19.6108 18.8396 0
      vertex -19.6108 18.8396 40
    endloop
  endfacet
  facet normal -0.917888 0.396839 0
    outer loop
      vertex -19.8244 18.4203 0
      vertex -19.7621 18.5644 40
      vertex -19.7621 18.5644 0
    endloop
  endfacet
  facet normal -0.917888 0.396839 0
    outer loop
      vertex -19.7621 18.5644 40
      vertex -19.8244 18.4203 0
      vertex -19.8244 18.4203 40
    endloop
  endfacet
  facet normal -0.891093 0.453821 0
    outer loop
      vertex -19.7621 18.5644 0
      vertex -19.6908 18.7044 40
      vertex -19.6908 18.7044 0
    endloop
  endfacet
  facet normal -0.891093 0.453821 0
    outer loop
      vertex -19.6908 18.7044 40
      vertex -19.7621 18.5644 0
      vertex -19.7621 18.5644 40
    endloop
  endfacet
  facet normal -0.749968 0.661474 0
    outer loop
      vertex -19.4263 19.0936 0
      vertex -19.3224 19.2114 40
      vertex -19.3224 19.2114 0
    endloop
  endfacet
  facet normal -0.749968 0.661474 0
    outer loop
      vertex -19.3224 19.2114 40
      vertex -19.4263 19.0936 0
      vertex -19.4263 19.0936 40
    endloop
  endfacet
  facet normal -0.453821 0.891093 0
    outer loop
      vertex -18.5644 19.7621 0
      vertex -18.7044 19.6908 40
      vertex -18.5644 19.7621 40
    endloop
  endfacet
  facet normal -0.453821 0.891093 0
    outer loop
      vertex -18.7044 19.6908 40
      vertex -18.5644 19.7621 0
      vertex -18.7044 19.6908 0
    endloop
  endfacet
  facet normal -0.612661 -0.790346 0
    outer loop
      vertex -19.0936 15.5737 0
      vertex -18.9695 15.4775 40
      vertex -19.0936 15.5737 40
    endloop
  endfacet
  facet normal -0.612661 -0.790346 -0
    outer loop
      vertex -18.9695 15.4775 40
      vertex -19.0936 15.5737 0
      vertex -18.9695 15.4775 0
    endloop
  endfacet
  facet normal 0.995547 0.094268 0
    outer loop
      vertex -15.0049 -17.343 40
      vertex -15.0197 -17.1867 0
      vertex -15.0197 -17.1867 40
    endloop
  endfacet
  facet normal 0.995547 0.094268 0
    outer loop
      vertex -15.0197 -17.1867 0
      vertex -15.0049 -17.343 40
      vertex -15.0049 -17.343 0
    endloop
  endfacet
  facet normal 0.999513 0.031195 0
    outer loop
      vertex -15 -17.5 40
      vertex -15.0049 -17.343 0
      vertex -15.0049 -17.343 40
    endloop
  endfacet
  facet normal 0.999513 0.031195 0
    outer loop
      vertex -15.0049 -17.343 0
      vertex -15 -17.5 40
      vertex -15 -17.5 0
    endloop
  endfacet
  facet normal 0.98767 0.156551 0
    outer loop
      vertex -15.0197 -17.1867 40
      vertex -15.0443 -17.0315 0
      vertex -15.0443 -17.0315 40
    endloop
  endfacet
  facet normal 0.98767 0.156551 0
    outer loop
      vertex -15.0443 -17.0315 0
      vertex -15.0197 -17.1867 40
      vertex -15.0197 -17.1867 0
    endloop
  endfacet
  facet normal -0.917888 0.396839 0
    outer loop
      vertex -19.8244 -16.5797 0
      vertex -19.7621 -16.4356 40
      vertex -19.7621 -16.4356 0
    endloop
  endfacet
  facet normal -0.917888 0.396839 0
    outer loop
      vertex -19.7621 -16.4356 40
      vertex -19.8244 -16.5797 0
      vertex -19.8244 -16.5797 40
    endloop
  endfacet
  facet normal 0.031195 0.999513 -0
    outer loop
      vertex -17.343 -15.0049 0
      vertex -17.5 -15 40
      vertex -17.343 -15.0049 40
    endloop
  endfacet
  facet normal 0.031195 0.999513 0
    outer loop
      vertex -17.5 -15 40
      vertex -17.343 -15.0049 0
      vertex -17.5 -15 0
    endloop
  endfacet
  facet normal 0.031195 -0.999513 0
    outer loop
      vertex -17.5 -20 0
      vertex -17.343 -19.9951 40
      vertex -17.5 -20 40
    endloop
  endfacet
  facet normal 0.031195 -0.999513 0
    outer loop
      vertex -17.343 -19.9951 40
      vertex -17.5 -20 0
      vertex -17.343 -19.9951 0
    endloop
  endfacet
  facet normal -0.940904 0.338674 0
    outer loop
      vertex -19.8776 -16.7275 0
      vertex -19.8244 -16.5797 40
      vertex -19.8244 -16.5797 0
    endloop
  endfacet
  facet normal -0.940904 0.338674 0
    outer loop
      vertex -19.8244 -16.5797 40
      vertex -19.8776 -16.7275 0
      vertex -19.8776 -16.7275 40
    endloop
  endfacet
  facet normal 0.453821 -0.891093 0
    outer loop
      vertex -16.4356 -19.7621 0
      vertex -16.2956 -19.6908 40
      vertex -16.4356 -19.7621 40
    endloop
  endfacet
  facet normal 0.453821 -0.891093 0
    outer loop
      vertex -16.2956 -19.6908 40
      vertex -16.4356 -19.7621 0
      vertex -16.2956 -19.6908 0
    endloop
  endfacet
  facet normal 0.917888 -0.396839 0
    outer loop
      vertex -15.2379 -18.5644 40
      vertex -15.1756 -18.4203 0
      vertex -15.1756 -18.4203 40
    endloop
  endfacet
  facet normal 0.917888 -0.396839 0
    outer loop
      vertex -15.1756 -18.4203 0
      vertex -15.2379 -18.5644 40
      vertex -15.2379 -18.5644 0
    endloop
  endfacet
  facet normal -0.790346 0.612661 0
    outer loop
      vertex -19.5225 -16.0305 0
      vertex -19.4263 -15.9064 40
      vertex -19.4263 -15.9064 0
    endloop
  endfacet
  facet normal -0.790346 0.612661 0
    outer loop
      vertex -19.4263 -15.9064 40
      vertex -19.5225 -16.0305 0
      vertex -19.5225 -16.0305 40
    endloop
  endfacet
  facet normal 0.960142 0.279511 0
    outer loop
      vertex -15.0785 -16.8783 40
      vertex -15.1224 -16.7275 0
      vertex -15.1224 -16.7275 40
    endloop
  endfacet
  facet normal 0.960142 0.279511 0
    outer loop
      vertex -15.1224 -16.7275 0
      vertex -15.0785 -16.8783 40
      vertex -15.0785 -16.8783 0
    endloop
  endfacet
  facet normal 0.509244 -0.860622 0
    outer loop
      vertex -16.2956 -19.6908 0
      vertex -16.1604 -19.6108 40
      vertex -16.2956 -19.6908 40
    endloop
  endfacet
  facet normal 0.509244 -0.860622 0
    outer loop
      vertex -16.1604 -19.6108 40
      vertex -16.2956 -19.6908 0
      vertex -16.1604 -19.6108 0
    endloop
  endfacet
  facet normal -0.860622 0.509244 0
    outer loop
      vertex -19.6908 -16.2956 0
      vertex -19.6108 -16.1604 40
      vertex -19.6108 -16.1604 0
    endloop
  endfacet
  facet normal -0.860622 0.509244 0
    outer loop
      vertex -19.6108 -16.1604 40
      vertex -19.6908 -16.2956 0
      vertex -19.6908 -16.2956 40
    endloop
  endfacet
  facet normal 0.156551 -0.98767 0
    outer loop
      vertex -17.1867 -19.9803 0
      vertex -17.0315 -19.9557 40
      vertex -17.1867 -19.9803 40
    endloop
  endfacet
  facet normal 0.156551 -0.98767 0
    outer loop
      vertex -17.0315 -19.9557 40
      vertex -17.1867 -19.9803 0
      vertex -17.0315 -19.9557 0
    endloop
  endfacet
  facet normal 0.98767 -0.156551 0
    outer loop
      vertex -15.0443 -17.9685 40
      vertex -15.0197 -17.8133 0
      vertex -15.0197 -17.8133 40
    endloop
  endfacet
  facet normal 0.98767 -0.156551 0
    outer loop
      vertex -15.0197 -17.8133 0
      vertex -15.0443 -17.9685 40
      vertex -15.0443 -17.9685 0
    endloop
  endfacet
  facet normal -0.960142 -0.279511 0
    outer loop
      vertex -19.8776 -18.2725 0
      vertex -19.9215 -18.1217 40
      vertex -19.9215 -18.1217 0
    endloop
  endfacet
  facet normal -0.960142 -0.279511 0
    outer loop
      vertex -19.9215 -18.1217 40
      vertex -19.8776 -18.2725 0
      vertex -19.8776 -18.2725 40
    endloop
  endfacet
  facet normal 0.999513 -0.031195 0
    outer loop
      vertex -15.0049 -17.657 40
      vertex -15 -17.5 0
      vertex -15 -17.5 40
    endloop
  endfacet
  facet normal 0.999513 -0.031195 0
    outer loop
      vertex -15 -17.5 0
      vertex -15.0049 -17.657 40
      vertex -15.0049 -17.657 0
    endloop
  endfacet
  facet normal -0.031195 -0.999513 0
    outer loop
      vertex -17.657 -19.9951 0
      vertex -17.5 -20 40
      vertex -17.657 -19.9951 40
    endloop
  endfacet
  facet normal -0.031195 -0.999513 -0
    outer loop
      vertex -17.5 -20 40
      vertex -17.657 -19.9951 0
      vertex -17.5 -20 0
    endloop
  endfacet
  facet normal 0.860622 0.509244 0
    outer loop
      vertex -15.3092 -16.2956 40
      vertex -15.3892 -16.1604 0
      vertex -15.3892 -16.1604 40
    endloop
  endfacet
  facet normal 0.860622 0.509244 0
    outer loop
      vertex -15.3892 -16.1604 0
      vertex -15.3092 -16.2956 40
      vertex -15.3092 -16.2956 0
    endloop
  endfacet
  facet normal -0.338674 -0.940904 0
    outer loop
      vertex -18.4203 -19.8244 0
      vertex -18.2725 -19.8776 40
      vertex -18.4203 -19.8244 40
    endloop
  endfacet
  facet normal -0.338674 -0.940904 -0
    outer loop
      vertex -18.2725 -19.8776 40
      vertex -18.4203 -19.8244 0
      vertex -18.2725 -19.8776 0
    endloop
  endfacet
  facet normal 0.940904 0.338674 0
    outer loop
      vertex -15.1224 -16.7275 40
      vertex -15.1756 -16.5797 0
      vertex -15.1756 -16.5797 40
    endloop
  endfacet
  facet normal 0.940904 0.338674 0
    outer loop
      vertex -15.1756 -16.5797 0
      vertex -15.1224 -16.7275 40
      vertex -15.1224 -16.7275 0
    endloop
  endfacet
  facet normal -0.707107 0.707107 0
    outer loop
      vertex -19.3224 -15.7886 0
      vertex -19.2114 -15.6776 40
      vertex -19.2114 -15.6776 0
    endloop
  endfacet
  facet normal -0.707107 0.707107 0
    outer loop
      vertex -19.2114 -15.6776 40
      vertex -19.3224 -15.7886 0
      vertex -19.3224 -15.7886 40
    endloop
  endfacet
  facet normal 0.975977 0.217875 0
    outer loop
      vertex -15.0443 -17.0315 40
      vertex -15.0785 -16.8783 0
      vertex -15.0785 -16.8783 40
    endloop
  endfacet
  facet normal 0.975977 0.217875 0
    outer loop
      vertex -15.0785 -16.8783 0
      vertex -15.0443 -17.0315 40
      vertex -15.0443 -17.0315 0
    endloop
  endfacet
  facet normal -0.98767 -0.156551 0
    outer loop
      vertex -19.9557 -17.9685 0
      vertex -19.9803 -17.8133 40
      vertex -19.9803 -17.8133 0
    endloop
  endfacet
  facet normal -0.98767 -0.156551 0
    outer loop
      vertex -19.9803 -17.8133 40
      vertex -19.9557 -17.9685 0
      vertex -19.9557 -17.9685 40
    endloop
  endfacet
  facet normal 0.338674 0.940904 -0
    outer loop
      vertex -16.5797 -15.1756 0
      vertex -16.7275 -15.1224 40
      vertex -16.5797 -15.1756 40
    endloop
  endfacet
  facet normal 0.338674 0.940904 0
    outer loop
      vertex -16.7275 -15.1224 40
      vertex -16.5797 -15.1756 0
      vertex -16.7275 -15.1224 0
    endloop
  endfacet
  facet normal -0.396839 0.917888 0
    outer loop
      vertex -18.4203 -15.1756 0
      vertex -18.5644 -15.2379 40
      vertex -18.4203 -15.1756 40
    endloop
  endfacet
  facet normal -0.396839 0.917888 0
    outer loop
      vertex -18.5644 -15.2379 40
      vertex -18.4203 -15.1756 0
      vertex -18.5644 -15.2379 0
    endloop
  endfacet
  facet normal -0.995547 -0.094268 0
    outer loop
      vertex -19.9803 -17.8133 0
      vertex -19.9951 -17.657 40
      vertex -19.9951 -17.657 0
    endloop
  endfacet
  facet normal -0.995547 -0.094268 0
    outer loop
      vertex -19.9951 -17.657 40
      vertex -19.9803 -17.8133 0
      vertex -19.9803 -17.8133 40
    endloop
  endfacet
  facet normal 0.995547 -0.094268 0
    outer loop
      vertex -15.0197 -17.8133 40
      vertex -15.0049 -17.657 0
      vertex -15.0049 -17.657 40
    endloop
  endfacet
  facet normal 0.995547 -0.094268 0
    outer loop
      vertex -15.0049 -17.657 0
      vertex -15.0197 -17.8133 40
      vertex -15.0197 -17.8133 0
    endloop
  endfacet
  facet normal 0.509244 0.860622 -0
    outer loop
      vertex -16.1604 -15.3892 0
      vertex -16.2956 -15.3092 40
      vertex -16.1604 -15.3892 40
    endloop
  endfacet
  facet normal 0.509244 0.860622 0
    outer loop
      vertex -16.2956 -15.3092 40
      vertex -16.1604 -15.3892 0
      vertex -16.2956 -15.3092 0
    endloop
  endfacet
  facet normal 0.917888 0.396839 0
    outer loop
      vertex -15.1756 -16.5797 40
      vertex -15.2379 -16.4356 0
      vertex -15.2379 -16.4356 40
    endloop
  endfacet
  facet normal 0.917888 0.396839 0
    outer loop
      vertex -15.2379 -16.4356 0
      vertex -15.1756 -16.5797 40
      vertex -15.1756 -16.5797 0
    endloop
  endfacet
  facet normal 0.453821 0.891093 -0
    outer loop
      vertex -16.2956 -15.3092 0
      vertex -16.4356 -15.2379 40
      vertex -16.2956 -15.3092 40
    endloop
  endfacet
  facet normal 0.453821 0.891093 0
    outer loop
      vertex -16.4356 -15.2379 40
      vertex -16.2956 -15.3092 0
      vertex -16.4356 -15.2379 0
    endloop
  endfacet
  facet normal 0.396839 0.917888 -0
    outer loop
      vertex -16.4356 -15.2379 0
      vertex -16.5797 -15.1756 40
      vertex -16.4356 -15.2379 40
    endloop
  endfacet
  facet normal 0.396839 0.917888 0
    outer loop
      vertex -16.5797 -15.1756 40
      vertex -16.4356 -15.2379 0
      vertex -16.5797 -15.1756 0
    endloop
  endfacet
  facet normal -0.453821 0.891093 0
    outer loop
      vertex -18.5644 -15.2379 0
      vertex -18.7044 -15.3092 40
      vertex -18.5644 -15.2379 40
    endloop
  endfacet
  facet normal -0.453821 0.891093 0
    outer loop
      vertex -18.7044 -15.3092 40
      vertex -18.5644 -15.2379 0
      vertex -18.7044 -15.3092 0
    endloop
  endfacet
  facet normal 0.612661 -0.790346 0
    outer loop
      vertex -16.0305 -19.5225 0
      vertex -15.9064 -19.4263 40
      vertex -16.0305 -19.5225 40
    endloop
  endfacet
  facet normal 0.612661 -0.790346 0
    outer loop
      vertex -15.9064 -19.4263 40
      vertex -16.0305 -19.5225 0
      vertex -15.9064 -19.4263 0
    endloop
  endfacet
  facet normal 0.891093 0.453821 0
    outer loop
      vertex -15.2379 -16.4356 40
      vertex -15.3092 -16.2956 0
      vertex -15.3092 -16.2956 40
    endloop
  endfacet
  facet normal 0.891093 0.453821 0
    outer loop
      vertex -15.3092 -16.2956 0
      vertex -15.2379 -16.4356 40
      vertex -15.2379 -16.4356 0
    endloop
  endfacet
  facet normal -0.98767 0.156551 0
    outer loop
      vertex -19.9803 -17.1867 0
      vertex -19.9557 -17.0315 40
      vertex -19.9557 -17.0315 0
    endloop
  endfacet
  facet normal -0.98767 0.156551 0
    outer loop
      vertex -19.9557 -17.0315 40
      vertex -19.9803 -17.1867 0
      vertex -19.9803 -17.1867 40
    endloop
  endfacet
  facet normal -0.661474 -0.749968 0
    outer loop
      vertex -19.2114 -19.3224 0
      vertex -19.0936 -19.4263 40
      vertex -19.2114 -19.3224 40
    endloop
  endfacet
  facet normal -0.661474 -0.749968 -0
    outer loop
      vertex -19.0936 -19.4263 40
      vertex -19.2114 -19.3224 0
      vertex -19.0936 -19.4263 0
    endloop
  endfacet
  facet normal 0.396839 -0.917888 0
    outer loop
      vertex -16.5797 -19.8244 0
      vertex -16.4356 -19.7621 40
      vertex -16.5797 -19.8244 40
    endloop
  endfacet
  facet normal 0.396839 -0.917888 0
    outer loop
      vertex -16.4356 -19.7621 40
      vertex -16.5797 -19.8244 0
      vertex -16.4356 -19.7621 0
    endloop
  endfacet
  facet normal -0.995547 0.094268 0
    outer loop
      vertex -19.9951 -17.343 0
      vertex -19.9803 -17.1867 40
      vertex -19.9803 -17.1867 0
    endloop
  endfacet
  facet normal -0.995547 0.094268 0
    outer loop
      vertex -19.9803 -17.1867 40
      vertex -19.9951 -17.343 0
      vertex -19.9951 -17.343 40
    endloop
  endfacet
  facet normal 0.940904 -0.338674 0
    outer loop
      vertex -15.1756 -18.4203 40
      vertex -15.1224 -18.2725 0
      vertex -15.1224 -18.2725 40
    endloop
  endfacet
  facet normal 0.940904 -0.338674 0
    outer loop
      vertex -15.1224 -18.2725 0
      vertex -15.1756 -18.4203 40
      vertex -15.1756 -18.4203 0
    endloop
  endfacet
  facet normal 0.562171 0.827021 -0
    outer loop
      vertex -16.0305 -15.4775 0
      vertex -16.1604 -15.3892 40
      vertex -16.0305 -15.4775 40
    endloop
  endfacet
  facet normal 0.562171 0.827021 0
    outer loop
      vertex -16.1604 -15.3892 40
      vertex -16.0305 -15.4775 0
      vertex -16.1604 -15.3892 0
    endloop
  endfacet
  facet normal 0.612661 0.790346 -0
    outer loop
      vertex -15.9064 -15.5737 0
      vertex -16.0305 -15.4775 40
      vertex -15.9064 -15.5737 40
    endloop
  endfacet
  facet normal 0.612661 0.790346 0
    outer loop
      vertex -16.0305 -15.4775 40
      vertex -15.9064 -15.5737 0
      vertex -16.0305 -15.4775 0
    endloop
  endfacet
  facet normal 0.661474 0.749968 -0
    outer loop
      vertex -15.7886 -15.6776 0
      vertex -15.9064 -15.5737 40
      vertex -15.7886 -15.6776 40
    endloop
  endfacet
  facet normal 0.661474 0.749968 0
    outer loop
      vertex -15.9064 -15.5737 40
      vertex -15.7886 -15.6776 0
      vertex -15.9064 -15.5737 0
    endloop
  endfacet
  facet normal -0.917888 -0.396839 0
    outer loop
      vertex -19.7621 -18.5644 0
      vertex -19.8244 -18.4203 40
      vertex -19.8244 -18.4203 0
    endloop
  endfacet
  facet normal -0.917888 -0.396839 0
    outer loop
      vertex -19.8244 -18.4203 40
      vertex -19.7621 -18.5644 0
      vertex -19.7621 -18.5644 40
    endloop
  endfacet
  facet normal 0.790346 -0.612661 0
    outer loop
      vertex -15.5737 -19.0936 40
      vertex -15.4775 -18.9695 0
      vertex -15.4775 -18.9695 40
    endloop
  endfacet
  facet normal 0.790346 -0.612661 0
    outer loop
      vertex -15.4775 -18.9695 0
      vertex -15.5737 -19.0936 40
      vertex -15.5737 -19.0936 0
    endloop
  endfacet
  facet normal 0.827021 -0.562171 0
    outer loop
      vertex -15.4775 -18.9695 40
      vertex -15.3892 -18.8396 0
      vertex -15.3892 -18.8396 40
    endloop
  endfacet
  facet normal 0.827021 -0.562171 0
    outer loop
      vertex -15.3892 -18.8396 0
      vertex -15.4775 -18.9695 40
      vertex -15.4775 -18.9695 0
    endloop
  endfacet
  facet normal -0.396839 -0.917888 0
    outer loop
      vertex -18.5644 -19.7621 0
      vertex -18.4203 -19.8244 40
      vertex -18.5644 -19.7621 40
    endloop
  endfacet
  facet normal -0.396839 -0.917888 -0
    outer loop
      vertex -18.4203 -19.8244 40
      vertex -18.5644 -19.7621 0
      vertex -18.4203 -19.8244 0
    endloop
  endfacet
  facet normal 0.217875 0.975977 -0
    outer loop
      vertex -16.8783 -15.0785 0
      vertex -17.0315 -15.0443 40
      vertex -16.8783 -15.0785 40
    endloop
  endfacet
  facet normal 0.217875 0.975977 0
    outer loop
      vertex -17.0315 -15.0443 40
      vertex -16.8783 -15.0785 0
      vertex -17.0315 -15.0443 0
    endloop
  endfacet
  facet normal -0.562171 0.827021 0
    outer loop
      vertex -18.8396 -15.3892 0
      vertex -18.9695 -15.4775 40
      vertex -18.8396 -15.3892 40
    endloop
  endfacet
  facet normal -0.562171 0.827021 0
    outer loop
      vertex -18.9695 -15.4775 40
      vertex -18.8396 -15.3892 0
      vertex -18.9695 -15.4775 0
    endloop
  endfacet
  facet normal -0.790346 -0.612661 0
    outer loop
      vertex -19.4263 -19.0936 0
      vertex -19.5225 -18.9695 40
      vertex -19.5225 -18.9695 0
    endloop
  endfacet
  facet normal -0.790346 -0.612661 0
    outer loop
      vertex -19.5225 -18.9695 40
      vertex -19.4263 -19.0936 0
      vertex -19.4263 -19.0936 40
    endloop
  endfacet
  facet normal -0.860622 -0.509244 0
    outer loop
      vertex -19.6108 -18.8396 0
      vertex -19.6908 -18.7044 40
      vertex -19.6908 -18.7044 0
    endloop
  endfacet
  facet normal -0.860622 -0.509244 0
    outer loop
      vertex -19.6908 -18.7044 40
      vertex -19.6108 -18.8396 0
      vertex -19.6108 -18.8396 40
    endloop
  endfacet
  facet normal 0.279511 -0.960142 0
    outer loop
      vertex -16.8783 -19.9215 0
      vertex -16.7275 -19.8776 40
      vertex -16.8783 -19.9215 40
    endloop
  endfacet
  facet normal 0.279511 -0.960142 0
    outer loop
      vertex -16.7275 -19.8776 40
      vertex -16.8783 -19.9215 0
      vertex -16.7275 -19.8776 0
    endloop
  endfacet
  facet normal -0.999513 -0.031195 0
    outer loop
      vertex -19.9951 -17.657 0
      vertex -20 -17.5 40
      vertex -20 -17.5 0
    endloop
  endfacet
  facet normal -0.999513 -0.031195 0
    outer loop
      vertex -20 -17.5 40
      vertex -19.9951 -17.657 0
      vertex -19.9951 -17.657 40
    endloop
  endfacet
  facet normal 0 0 -1
    outer loop
      vertex -15.0049 -17.657 0
      vertex -15.0049 -17.343 0
      vertex -15 -17.5 0
    endloop
  endfacet
  facet normal 0 0 -1
    outer loop
      vertex -15.0197 -17.8133 0
      vertex -15.0049 -17.343 0
      vertex -15.0049 -17.657 0
    endloop
  endfacet
  facet normal 0 0 -1
    outer loop
      vertex -15.0197 -17.8133 0
      vertex -15.0197 -17.1867 0
      vertex -15.0049 -17.343 0
    endloop
  endfacet
  facet normal 0 0 -1
    outer loop
      vertex -15.0443 -17.9685 0
      vertex -15.0197 -17.1867 0
      vertex -15.0197 -17.8133 0
    endloop
  endfacet
  facet normal 0 0 -1
    outer loop
      vertex -15.0443 -17.9685 0
      vertex -15.0443 -17.0315 0
      vertex -15.0197 -17.1867 0
    endloop
  endfacet
  facet normal 0 0 -1
    outer loop
      vertex -15.0785 -18.1217 0
      vertex -15.0443 -17.0315 0
      vertex -15.0443 -17.9685 0
    endloop
  endfacet
  facet normal 0 0 -1
    outer loop
      vertex -15.0785 -18.1217 0
      vertex -15.0785 -16.8783 0
      vertex -15.0443 -17.0315 0
    endloop
  endfacet
  facet normal 0 0 -1
    outer loop
      vertex -15.1224 -18.2725 0
      vertex -15.0785 -16.8783 0
      vertex -15.0785 -18.1217 0
    endloop
  endfacet
  facet normal 0 0 -1
    outer loop
      vertex -15.1224 -18.2725 0
      vertex -15.1224 -16.7275 0
      vertex -15.0785 -16.8783 0
    endloop
  endfacet
  facet normal 0 0 -1
    outer loop
      vertex -15.1756 -18.4203 0
      vertex -15.1224 -16.7275 0
      vertex -15.1224 -18.2725 0
    endloop
  endfacet
  facet normal 0 0 -1
    outer loop
      vertex -15.1756 -18.4203 0
      vertex -15.1756 -16.5797 0
      vertex -15.1224 -16.7275 0
    endloop
  endfacet
  facet normal 0 0 -1
    outer loop
      vertex -15.2379 -18.5644 0
      vertex -15.1756 -16.5797 0
      vertex -15.1756 -18.4203 0
    endloop
  endfacet
  facet normal 0 0 -1
    outer loop
      vertex -15.2379 -18.5644 0
      vertex -15.2379 -16.4356 0
      vertex -15.1756 -16.5797 0
    endloop
  endfacet
  facet normal 0 0 -1
    outer loop
      vertex -15.3092 -18.7044 0
      vertex -15.2379 -16.4356 0
      vertex -15.2379 -18.5644 0
    endloop
  endfacet
  facet normal 0 0 -1
    outer loop
      vertex -15.3092 -18.7044 0
      vertex -15.3092 -16.2956 0
      vertex -15.2379 -16.4356 0
    endloop
  endfacet
  facet normal 0 0 -1
    outer loop
      vertex -15.3892 -18.8396 0
      vertex -15.3092 -16.2956 0
      vertex -15.3092 -18.7044 0
    endloop
  endfacet
  facet normal 0 0 -1
    outer loop
      vertex -15.3892 -18.8396 0
      vertex -15.3892 -16.1604 0
      vertex -15.3092 -16.2956 0
    endloop
  endfacet
  facet normal 0 0 -1
    outer loop
      vertex -15.4775 -18.9695 0
      vertex -15.3892 -16.1604 0
      vertex -15.3892 -18.8396 0
    endloop
  endfacet
  facet normal 0 0 -1
    outer loop
      vertex -15.4775 -18.9695 0
      vertex -15.4775 -16.0305 0
      vertex -15.3892 -16.1604 0
    endloop
  endfacet
  facet normal 0 0 -1
    outer loop
      vertex -15.5737 -19.0936 0
      vertex -15.4775 -16.0305 0
      vertex -15.4775 -18.9695 0
    endloop
  endfacet
  facet normal 0 0 -1
    outer loop
      vertex -15.5737 -19.0936 0
      vertex -15.5737 -15.9064 0
      vertex -15.4775 -16.0305 0
    endloop
  endfacet
  facet normal 0 0 -1
    outer loop
      vertex -15.6776 -19.2114 0
      vertex -15.5737 -15.9064 0
      vertex -15.5737 -19.0936 0
    endloop
  endfacet
  facet normal 0 0 -1
    outer loop
      vertex -15.6776 -19.2114 0
      vertex -15.6776 -15.7886 0
      vertex -15.5737 -15.9064 0
    endloop
  endfacet
  facet normal 0 0 -1
    outer loop
      vertex -15.7886 -19.3224 0
      vertex -15.6776 -15.7886 0
      vertex -15.6776 -19.2114 0
    endloop
  endfacet
  facet normal 0 0 -1
    outer loop
      vertex -15.7886 -19.3224 0
      vertex -15.7886 -15.6776 0
      vertex -15.6776 -15.7886 0
    endloop
  endfacet
  facet normal 0 0 -1
    outer loop
      vertex -15.9064 -19.4263 0
      vertex -15.7886 -15.6776 0
      vertex -15.7886 -19.3224 0
    endloop
  endfacet
  facet normal 0 0 -1
    outer loop
      vertex -15.9064 -19.4263 0
      vertex -15.9064 -15.5737 0
      vertex -15.7886 -15.6776 0
    endloop
  endfacet
  facet normal 0 0 -1
    outer loop
      vertex -16.0305 -19.5225 0
      vertex -15.9064 -15.5737 0
      vertex -15.9064 -19.4263 0
    endloop
  endfacet
  facet normal 0 0 -1
    outer loop
      vertex -16.0305 -19.5225 0
      vertex -16.0305 -15.4775 0
      vertex -15.9064 -15.5737 0
    endloop
  endfacet
  facet normal 0 0 -1
    outer loop
      vertex -16.1604 -19.6108 0
      vertex -16.0305 -15.4775 0
      vertex -16.0305 -19.5225 0
    endloop
  endfacet
  facet normal 0 0 -1
    outer loop
      vertex -16.1604 -19.6108 0
      vertex -16.1604 -15.3892 0
      vertex -16.0305 -15.4775 0
    endloop
  endfacet
  facet normal 0 0 -1
    outer loop
      vertex -16.2956 -19.6908 0
      vertex -16.1604 -15.3892 0
      vertex -16.1604 -19.6108 0
    endloop
  endfacet
  facet normal 0 0 -1
    outer loop
      vertex -16.2956 -19.6908 0
      vertex -16.2956 -15.3092 0
      vertex -16.1604 -15.3892 0
    endloop
  endfacet
  facet normal 0 0 -1
    outer loop
      vertex -16.4356 -19.7621 0
      vertex -16.2956 -15.3092 0
      vertex -16.2956 -19.6908 0
    endloop
  endfacet
  facet normal 0 0 -1
    outer loop
      vertex -16.4356 -19.7621 0
      vertex -16.4356 -15.2379 0
      vertex -16.2956 -15.3092 0
    endloop
  endfacet
  facet normal 0 0 -1
    outer loop
      vertex -16.5797 -19.8244 0
      vertex -16.4356 -15.2379 0
      vertex -16.4356 -19.7621 0
    endloop
  endfacet
  facet normal 0 0 -1
    outer loop
      vertex -16.5797 -19.8244 0
      vertex -16.5797 -15.1756 0
      vertex -16.4356 -15.2379 0
    endloop
  endfacet
  facet normal 0 0 -1
    outer loop
      vertex -16.7275 -19.8776 0
      vertex -16.5797 -15.1756 0
      vertex -16.5797 -19.8244 0
    endloop
  endfacet
  facet normal 0 0 -1
    outer loop
      vertex -16.7275 -19.8776 0
      vertex -16.7275 -15.1224 0
      vertex -16.5797 -15.1756 0
    endloop
  endfacet
  facet normal 0 0 -1
    outer loop
      vertex -16.8783 -19.9215 0
      vertex -16.7275 -15.1224 0
      vertex -16.7275 -19.8776 0
    endloop
  endfacet
  facet normal 0 0 -1
    outer loop
      vertex -16.8783 -19.9215 0
      vertex -16.8783 -15.0785 0
      vertex -16.7275 -15.1224 0
    endloop
  endfacet
  facet normal 0 0 -1
    outer loop
      vertex -17.0315 -19.9557 0
      vertex -16.8783 -15.0785 0
      vertex -16.8783 -19.9215 0
    endloop
  endfacet
  facet normal 0 0 -1
    outer loop
      vertex -17.0315 -19.9557 0
      vertex -17.0315 -15.0443 0
      vertex -16.8783 -15.0785 0
    endloop
  endfacet
  facet normal 0 0 -1
    outer loop
      vertex -17.1867 -19.9803 0
      vertex -17.0315 -15.0443 0
      vertex -17.0315 -19.9557 0
    endloop
  endfacet
  facet normal 0 0 -1
    outer loop
      vertex -17.1867 -19.9803 0
      vertex -17.1867 -15.0197 0
      vertex -17.0315 -15.0443 0
    endloop
  endfacet
  facet normal 0 0 -1
    outer loop
      vertex -17.343 -19.9951 0
      vertex -17.1867 -15.0197 0
      vertex -17.1867 -19.9803 0
    endloop
  endfacet
  facet normal 0 0 -1
    outer loop
      vertex -17.343 -19.9951 0
      vertex -17.343 -15.0049 0
      vertex -17.1867 -15.0197 0
    endloop
  endfacet
  facet normal 0 0 -1
    outer loop
      vertex -17.5 -20 0
      vertex -17.343 -15.0049 0
      vertex -17.343 -19.9951 0
    endloop
  endfacet
  facet normal 0 0 -1
    outer loop
      vertex -17.5 -20 0
      vertex -17.5 -15 0
      vertex -17.343 -15.0049 0
    endloop
  endfacet
  facet normal 0 0 -1
    outer loop
      vertex -17.657 -19.9951 0
      vertex -17.5 -15 0
      vertex -17.5 -20 0
    endloop
  endfacet
  facet normal 0 0 -1
    outer loop
      vertex -17.657 -19.9951 0
      vertex -17.657 -15.0049 0
      vertex -17.5 -15 0
    endloop
  endfacet
  facet normal 0 0 -1
    outer loop
      vertex -17.8133 -19.9803 0
      vertex -17.657 -15.0049 0
      vertex -17.657 -19.9951 0
    endloop
  endfacet
  facet normal 0 0 -1
    outer loop
      vertex -17.8133 -19.9803 0
      vertex -17.8133 -15.0197 0
      vertex -17.657 -15.0049 0
    endloop
  endfacet
  facet normal 0 0 -1
    outer loop
      vertex -17.9685 -19.9557 0
      vertex -17.8133 -15.0197 0
      vertex -17.8133 -19.9803 0
    endloop
  endfacet
  facet normal 0 0 -1
    outer loop
      vertex -17.9685 -19.9557 0
      vertex -17.9685 -15.0443 0
      vertex -17.8133 -15.0197 0
    endloop
  endfacet
  facet normal 0 0 -1
    outer loop
      vertex -18.1217 -19.9215 0
      vertex -17.9685 -15.0443 0
      vertex -17.9685 -19.9557 0
    endloop
  endfacet
  facet normal 0 0 -1
    outer loop
      vertex -18.1217 -19.9215 0
      vertex -18.1217 -15.0785 0
      vertex -17.9685 -15.0443 0
    endloop
  endfacet
  facet normal 0 0 -1
    outer loop
      vertex -18.2725 -19.8776 0
      vertex -18.1217 -15.0785 0
      vertex -18.1217 -19.9215 0
    endloop
  endfacet
  facet normal 0 0 -1
    outer loop
      vertex -18.2725 -19.8776 0
      vertex -18.2725 -15.1224 0
      vertex -18.1217 -15.0785 0
    endloop
  endfacet
  facet normal 0 0 -1
    outer loop
      vertex -18.4203 -19.8244 0
      vertex -18.2725 -15.1224 0
      vertex -18.2725 -19.8776 0
    endloop
  endfacet
  facet normal 0 0 -1
    outer loop
      vertex -18.4203 -19.8244 0
      vertex -18.4203 -15.1756 0
      vertex -18.2725 -15.1224 0
    endloop
  endfacet
  facet normal 0 0 -1
    outer loop
      vertex -18.5644 -19.7621 0
      vertex -18.4203 -15.1756 0
      vertex -18.4203 -19.8244 0
    endloop
  endfacet
  facet normal 0 0 -1
    outer loop
      vertex -18.5644 -19.7621 0
      vertex -18.5644 -15.2379 0
      vertex -18.4203 -15.1756 0
    endloop
  endfacet
  facet normal 0 0 -1
    outer loop
      vertex -18.7044 -19.6908 0
      vertex -18.5644 -15.2379 0
      vertex -18.5644 -19.7621 0
    endloop
  endfacet
  facet normal 0 0 -1
    outer loop
      vertex -18.7044 -19.6908 0
      vertex -18.7044 -15.3092 0
      vertex -18.5644 -15.2379 0
    endloop
  endfacet
  facet normal 0 0 -1
    outer loop
      vertex -18.8396 -19.6108 0
      vertex -18.7044 -15.3092 0
      vertex -18.7044 -19.6908 0
    endloop
  endfacet
  facet normal 0 0 -1
    outer loop
      vertex -18.8396 -19.6108 0
      vertex -18.8396 -15.3892 0
      vertex -18.7044 -15.3092 0
    endloop
  endfacet
  facet normal 0 0 -1
    outer loop
      vertex -18.9695 -19.5225 0
      vertex -18.8396 -15.3892 0
      vertex -18.8396 -19.6108 0
    endloop
  endfacet
  facet normal 0 0 -1
    outer loop
      vertex -18.9695 -19.5225 0
      vertex -18.9695 -15.4775 0
      vertex -18.8396 -15.3892 0
    endloop
  endfacet
  facet normal 0 0 -1
    outer loop
      vertex -19.0936 -19.4263 0
      vertex -18.9695 -15.4775 0
      vertex -18.9695 -19.5225 0
    endloop
  endfacet
  facet normal 0 0 -1
    outer loop
      vertex -19.0936 -19.4263 0
      vertex -19.0936 -15.5737 0
      vertex -18.9695 -15.4775 0
    endloop
  endfacet
  facet normal 0 0 -1
    outer loop
      vertex -19.2114 -19.3224 0
      vertex -19.0936 -15.5737 0
      vertex -19.0936 -19.4263 0
    endloop
  endfacet
  facet normal 0 0 -1
    outer loop
      vertex -19.2114 -19.3224 0
      vertex -19.2114 -15.6776 0
      vertex -19.0936 -15.5737 0
    endloop
  endfacet
  facet normal 0 0 -1
    outer loop
      vertex -19.3224 -19.2114 0
      vertex -19.2114 -15.6776 0
      vertex -19.2114 -19.3224 0
    endloop
  endfacet
  facet normal 0 0 -1
    outer loop
      vertex -19.3224 -19.2114 0
      vertex -19.3224 -15.7886 0
      vertex -19.2114 -15.6776 0
    endloop
  endfacet
  facet normal 0 0 -1
    outer loop
      vertex -19.4263 -19.0936 0
      vertex -19.3224 -15.7886 0
      vertex -19.3224 -19.2114 0
    endloop
  endfacet
  facet normal 0 0 -1
    outer loop
      vertex -19.4263 -19.0936 0
      vertex -19.4263 -15.9064 0
      vertex -19.3224 -15.7886 0
    endloop
  endfacet
  facet normal 0 0 -1
    outer loop
      vertex -19.5225 -18.9695 0
      vertex -19.4263 -15.9064 0
      vertex -19.4263 -19.0936 0
    endloop
  endfacet
  facet normal 0 0 -1
    outer loop
      vertex -19.5225 -18.9695 0
      vertex -19.5225 -16.0305 0
      vertex -19.4263 -15.9064 0
    endloop
  endfacet
  facet normal 0 0 -1
    outer loop
      vertex -19.6108 -18.8396 0
      vertex -19.5225 -16.0305 0
      vertex -19.5225 -18.9695 0
    endloop
  endfacet
  facet normal 0 0 -1
    outer loop
      vertex -19.6108 -18.8396 0
      vertex -19.6108 -16.1604 0
      vertex -19.5225 -16.0305 0
    endloop
  endfacet
  facet normal 0 0 -1
    outer loop
      vertex -19.6908 -18.7044 0
      vertex -19.6108 -16.1604 0
      vertex -19.6108 -18.8396 0
    endloop
  endfacet
  facet normal 0 0 -1
    outer loop
      vertex -19.6908 -18.7044 0
      vertex -19.6908 -16.2956 0
      vertex -19.6108 -16.1604 0
    endloop
  endfacet
  facet normal 0 0 -1
    outer loop
      vertex -19.7621 -18.5644 0
      vertex -19.6908 -16.2956 0
      vertex -19.6908 -18.7044 0
    endloop
  endfacet
  facet normal 0 0 -1
    outer loop
      vertex -19.7621 -18.5644 0
      vertex -19.7621 -16.4356 0
      vertex -19.6908 -16.2956 0
    endloop
  endfacet
  facet normal 0 0 -1
    outer loop
      vertex -19.8244 -18.4203 0
      vertex -19.7621 -16.4356 0
      vertex -19.7621 -18.5644 0
    endloop
  endfacet
  facet normal 0 0 -1
    outer loop
      vertex -19.8244 -18.4203 0
      vertex -19.8244 -16.5797 0
      vertex -19.7621 -16.4356 0
    endloop
  endfacet
  facet normal 0 0 -1
    outer loop
      vertex -19.8776 -18.2725 0
      vertex -19.8244 -16.5797 0
      vertex -19.8244 -18.4203 0
    endloop
  endfacet
  facet normal 0 0 -1
    outer loop
      vertex -19.8776 -18.2725 0
      vertex -19.8776 -16.7275 0
      vertex -19.8244 -16.5797 0
    endloop
  endfacet
  facet normal 0 0 -1
    outer loop
      vertex -19.9215 -18.1217 0
      vertex -19.8776 -16.7275 0
      vertex -19.8776 -18.2725 0
    endloop
  endfacet
  facet normal 0 0 -1
    outer loop
      vertex -19.9215 -18.1217 0
      vertex -19.9215 -16.8783 0
      vertex -19.8776 -16.7275 0
    endloop
  endfacet
  facet normal 0 0 -1
    outer loop
      vertex -19.9557 -17.9685 0
      vertex -19.9215 -16.8783 0
      vertex -19.9215 -18.1217 0
    endloop
  endfacet
  facet normal 0 0 -1
    outer loop
      vertex -19.9557 -17.9685 0
      vertex -19.9557 -17.0315 0
      vertex -19.9215 -16.8783 0
    endloop
  endfacet
  facet normal 0 0 -1
    outer loop
      vertex -19.9803 -17.8133 0
      vertex -19.9557 -17.0315 0
      vertex -19.9557 -17.9685 0
    endloop
  endfacet
  facet normal 0 0 -1
    outer loop
      vertex -19.9803 -17.8133 0
      vertex -19.9803 -17.1867 0
      vertex -19.9557 -17.0315 0
    endloop
  endfacet
  facet normal 0 0 -1
    outer loop
      vertex -19.9951 -17.657 0
      vertex -19.9803 -17.1867 0
      vertex -19.9803 -17.8133 0
    endloop
  endfacet
  facet normal 0 0 -1
    outer loop
      vertex -19.9951 -17.657 0
      vertex -19.9951 -17.343 0
      vertex -19.9803 -17.1867 0
    endloop
  endfacet
  facet normal 0 -0 -1
    outer loop
      vertex -19.9951 -17.343 0
      vertex -19.9951 -17.657 0
      vertex -20 -17.5 0
    endloop
  endfacet
  facet normal -0.827021 -0.562171 0
    outer loop
      vertex -19.5225 -18.9695 0
      vertex -19.6108 -18.8396 40
      vertex -19.6108 -18.8396 0
    endloop
  endfacet
  facet normal -0.827021 -0.562171 0
    outer loop
      vertex -19.6108 -18.8396 40
      vertex -19.5225 -18.9695 0
      vertex -19.5225 -18.9695 40
    endloop
  endfacet
  facet normal 0.156551 0.98767 -0
    outer loop
      vertex -17.0315 -15.0443 0
      vertex -17.1867 -15.0197 40
      vertex -17.0315 -15.0443 40
    endloop
  endfacet
  facet normal 0.156551 0.98767 0
    outer loop
      vertex -17.1867 -15.0197 40
      vertex -17.0315 -15.0443 0
      vertex -17.1867 -15.0197 0
    endloop
  endfacet
  facet normal 0.217875 -0.975977 0
    outer loop
      vertex -17.0315 -19.9557 0
      vertex -16.8783 -19.9215 40
      vertex -17.0315 -19.9557 40
    endloop
  endfacet
  facet normal 0.217875 -0.975977 0
    outer loop
      vertex -16.8783 -19.9215 40
      vertex -17.0315 -19.9557 0
      vertex -16.8783 -19.9215 0
    endloop
  endfacet
  facet normal -0.338674 0.940904 0
    outer loop
      vertex -18.2725 -15.1224 0
      vertex -18.4203 -15.1756 40
      vertex -18.2725 -15.1224 40
    endloop
  endfacet
  facet normal -0.338674 0.940904 0
    outer loop
      vertex -18.4203 -15.1756 40
      vertex -18.2725 -15.1224 0
      vertex -18.4203 -15.1756 0
    endloop
  endfacet
  facet normal -0.279511 0.960142 0
    outer loop
      vertex -18.1217 -15.0785 0
      vertex -18.2725 -15.1224 40
      vertex -18.1217 -15.0785 40
    endloop
  endfacet
  facet normal -0.279511 0.960142 0
    outer loop
      vertex -18.2725 -15.1224 40
      vertex -18.1217 -15.0785 0
      vertex -18.2725 -15.1224 0
    endloop
  endfacet
  facet normal -0.891093 -0.453821 0
    outer loop
      vertex -19.6908 -18.7044 0
      vertex -19.7621 -18.5644 40
      vertex -19.7621 -18.5644 0
    endloop
  endfacet
  facet normal -0.891093 -0.453821 0
    outer loop
      vertex -19.7621 -18.5644 40
      vertex -19.6908 -18.7044 0
      vertex -19.6908 -18.7044 40
    endloop
  endfacet
  facet normal -0.217875 0.975977 0
    outer loop
      vertex -17.9685 -15.0443 0
      vertex -18.1217 -15.0785 40
      vertex -17.9685 -15.0443 40
    endloop
  endfacet
  facet normal -0.217875 0.975977 0
    outer loop
      vertex -18.1217 -15.0785 40
      vertex -17.9685 -15.0443 0
      vertex -18.1217 -15.0785 0
    endloop
  endfacet
  facet normal -0.094268 0.995547 0
    outer loop
      vertex -17.657 -15.0049 0
      vertex -17.8133 -15.0197 40
      vertex -17.657 -15.0049 40
    endloop
  endfacet
  facet normal -0.094268 0.995547 0
    outer loop
      vertex -17.8133 -15.0197 40
      vertex -17.657 -15.0049 0
      vertex -17.8133 -15.0197 0
    endloop
  endfacet
  facet normal -0.940904 -0.338674 0
    outer loop
      vertex -19.8244 -18.4203 0
      vertex -19.8776 -18.2725 40
      vertex -19.8776 -18.2725 0
    endloop
  endfacet
  facet normal -0.940904 -0.338674 0
    outer loop
      vertex -19.8776 -18.2725 40
      vertex -19.8244 -18.4203 0
      vertex -19.8244 -18.4203 40
    endloop
  endfacet
  facet normal 0.860622 -0.509244 0
    outer loop
      vertex -15.3892 -18.8396 40
      vertex -15.3092 -18.7044 0
      vertex -15.3092 -18.7044 40
    endloop
  endfacet
  facet normal 0.860622 -0.509244 0
    outer loop
      vertex -15.3092 -18.7044 0
      vertex -15.3892 -18.8396 40
      vertex -15.3892 -18.8396 0
    endloop
  endfacet
  facet normal 0.094268 -0.995547 0
    outer loop
      vertex -17.343 -19.9951 0
      vertex -17.1867 -19.9803 40
      vertex -17.343 -19.9951 40
    endloop
  endfacet
  facet normal 0.094268 -0.995547 0
    outer loop
      vertex -17.1867 -19.9803 40
      vertex -17.343 -19.9951 0
      vertex -17.1867 -19.9803 0
    endloop
  endfacet
  facet normal -0.031195 0.999513 0
    outer loop
      vertex -17.5 -15 0
      vertex -17.657 -15.0049 40
      vertex -17.5 -15 40
    endloop
  endfacet
  facet normal -0.031195 0.999513 0
    outer loop
      vertex -17.657 -15.0049 40
      vertex -17.5 -15 0
      vertex -17.657 -15.0049 0
    endloop
  endfacet
  facet normal -0.094268 -0.995547 0
    outer loop
      vertex -17.8133 -19.9803 0
      vertex -17.657 -19.9951 40
      vertex -17.8133 -19.9803 40
    endloop
  endfacet
  facet normal -0.094268 -0.995547 -0
    outer loop
      vertex -17.657 -19.9951 40
      vertex -17.8133 -19.9803 0
      vertex -17.657 -19.9951 0
    endloop
  endfacet
  facet normal 0.827021 0.562171 0
    outer loop
      vertex -15.3892 -16.1604 40
      vertex -15.4775 -16.0305 0
      vertex -15.4775 -16.0305 40
    endloop
  endfacet
  facet normal 0.827021 0.562171 0
    outer loop
      vertex -15.4775 -16.0305 0
      vertex -15.3892 -16.1604 40
      vertex -15.3892 -16.1604 0
    endloop
  endfacet
  facet normal 0.279511 0.960142 -0
    outer loop
      vertex -16.7275 -15.1224 0
      vertex -16.8783 -15.0785 40
      vertex -16.7275 -15.1224 40
    endloop
  endfacet
  facet normal 0.279511 0.960142 0
    outer loop
      vertex -16.8783 -15.0785 40
      vertex -16.7275 -15.1224 0
      vertex -16.8783 -15.0785 0
    endloop
  endfacet
  facet normal 0.338674 -0.940904 0
    outer loop
      vertex -16.7275 -19.8776 0
      vertex -16.5797 -19.8244 40
      vertex -16.7275 -19.8776 40
    endloop
  endfacet
  facet normal 0.338674 -0.940904 0
    outer loop
      vertex -16.5797 -19.8244 40
      vertex -16.7275 -19.8776 0
      vertex -16.5797 -19.8244 0
    endloop
  endfacet
  facet normal 0.975977 -0.217875 0
    outer loop
      vertex -15.0785 -18.1217 40
      vertex -15.0443 -17.9685 0
      vertex -15.0443 -17.9685 40
    endloop
  endfacet
  facet normal 0.975977 -0.217875 0
    outer loop
      vertex -15.0443 -17.9685 0
      vertex -15.0785 -18.1217 40
      vertex -15.0785 -18.1217 0
    endloop
  endfacet
  facet normal 0.749968 -0.661474 0
    outer loop
      vertex -15.6776 -19.2114 40
      vertex -15.5737 -19.0936 0
      vertex -15.5737 -19.0936 40
    endloop
  endfacet
  facet normal 0.749968 -0.661474 0
    outer loop
      vertex -15.5737 -19.0936 0
      vertex -15.6776 -19.2114 40
      vertex -15.6776 -19.2114 0
    endloop
  endfacet
  facet normal -0.156551 -0.98767 0
    outer loop
      vertex -17.9685 -19.9557 0
      vertex -17.8133 -19.9803 40
      vertex -17.9685 -19.9557 40
    endloop
  endfacet
  facet normal -0.156551 -0.98767 -0
    outer loop
      vertex -17.8133 -19.9803 40
      vertex -17.9685 -19.9557 0
      vertex -17.8133 -19.9803 0
    endloop
  endfacet
  facet normal 0.960142 -0.279511 0
    outer loop
      vertex -15.1224 -18.2725 40
      vertex -15.0785 -18.1217 0
      vertex -15.0785 -18.1217 40
    endloop
  endfacet
  facet normal 0.960142 -0.279511 0
    outer loop
      vertex -15.0785 -18.1217 0
      vertex -15.1224 -18.2725 40
      vertex -15.1224 -18.2725 0
    endloop
  endfacet
  facet normal -0.749968 0.661474 0
    outer loop
      vertex -19.4263 -15.9064 0
      vertex -19.3224 -15.7886 40
      vertex -19.3224 -15.7886 0
    endloop
  endfacet
  facet normal -0.749968 0.661474 0
    outer loop
      vertex -19.3224 -15.7886 40
      vertex -19.4263 -15.9064 0
      vertex -19.4263 -15.9064 40
    endloop
  endfacet
  facet normal 0.707107 0.707107 0
    outer loop
      vertex -15.6776 -15.7886 40
      vertex -15.7886 -15.6776 0
      vertex -15.7886 -15.6776 40
    endloop
  endfacet
  facet normal 0.707107 0.707107 0
    outer loop
      vertex -15.7886 -15.6776 0
      vertex -15.6776 -15.7886 40
      vertex -15.6776 -15.7886 0
    endloop
  endfacet
  facet normal 0.749968 0.661474 0
    outer loop
      vertex -15.5737 -15.9064 40
      vertex -15.6776 -15.7886 0
      vertex -15.6776 -15.7886 40
    endloop
  endfacet
  facet normal 0.749968 0.661474 0
    outer loop
      vertex -15.6776 -15.7886 0
      vertex -15.5737 -15.9064 40
      vertex -15.5737 -15.9064 0
    endloop
  endfacet
  facet normal -0.612661 0.790346 0
    outer loop
      vertex -18.9695 -15.4775 0
      vertex -19.0936 -15.5737 40
      vertex -18.9695 -15.4775 40
    endloop
  endfacet
  facet normal -0.612661 0.790346 0
    outer loop
      vertex -19.0936 -15.5737 40
      vertex -18.9695 -15.4775 0
      vertex -19.0936 -15.5737 0
    endloop
  endfacet
  facet normal -0.975977 -0.217875 0
    outer loop
      vertex -19.9215 -18.1217 0
      vertex -19.9557 -17.9685 40
      vertex -19.9557 -17.9685 0
    endloop
  endfacet
  facet normal -0.975977 -0.217875 0
    outer loop
      vertex -19.9557 -17.9685 40
      vertex -19.9215 -18.1217 0
      vertex -19.9215 -18.1217 40
    endloop
  endfacet
  facet normal -0.999513 0.031195 0
    outer loop
      vertex -20 -17.5 0
      vertex -19.9951 -17.343 40
      vertex -19.9951 -17.343 0
    endloop
  endfacet
  facet normal -0.999513 0.031195 0
    outer loop
      vertex -19.9951 -17.343 40
      vertex -20 -17.5 0
      vertex -20 -17.5 40
    endloop
  endfacet
  facet normal -0.156551 0.98767 0
    outer loop
      vertex -17.8133 -15.0197 0
      vertex -17.9685 -15.0443 40
      vertex -17.8133 -15.0197 40
    endloop
  endfacet
  facet normal -0.156551 0.98767 0
    outer loop
      vertex -17.9685 -15.0443 40
      vertex -17.8133 -15.0197 0
      vertex -17.9685 -15.0443 0
    endloop
  endfacet
  facet normal -0.509244 0.860622 0
    outer loop
      vertex -18.7044 -15.3092 0
      vertex -18.8396 -15.3892 40
      vertex -18.7044 -15.3092 40
    endloop
  endfacet
  facet normal -0.509244 0.860622 0
    outer loop
      vertex -18.8396 -15.3892 40
      vertex -18.7044 -15.3092 0
      vertex -18.8396 -15.3892 0
    endloop
  endfacet
  facet normal -0.975977 0.217875 0
    outer loop
      vertex -19.9557 -17.0315 0
      vertex -19.9215 -16.8783 40
      vertex -19.9215 -16.8783 0
    endloop
  endfacet
  facet normal -0.975977 0.217875 0
    outer loop
      vertex -19.9215 -16.8783 40
      vertex -19.9557 -17.0315 0
      vertex -19.9557 -17.0315 40
    endloop
  endfacet
  facet normal -0.707107 -0.707107 0
    outer loop
      vertex -19.2114 -19.3224 0
      vertex -19.3224 -19.2114 40
      vertex -19.3224 -19.2114 0
    endloop
  endfacet
  facet normal -0.707107 -0.707107 0
    outer loop
      vertex -19.3224 -19.2114 40
      vertex -19.2114 -19.3224 0
      vertex -19.2114 -19.3224 40
    endloop
  endfacet
  facet normal -0.279511 -0.960142 0
    outer loop
      vertex -18.2725 -19.8776 0
      vertex -18.1217 -19.9215 40
      vertex -18.2725 -19.8776 40
    endloop
  endfacet
  facet normal -0.279511 -0.960142 -0
    outer loop
      vertex -18.1217 -19.9215 40
      vertex -18.2725 -19.8776 0
      vertex -18.1217 -19.9215 0
    endloop
  endfacet
  facet normal -0.891093 0.453821 0
    outer loop
      vertex -19.7621 -16.4356 0
      vertex -19.6908 -16.2956 40
      vertex -19.6908 -16.2956 0
    endloop
  endfacet
  facet normal -0.891093 0.453821 0
    outer loop
      vertex -19.6908 -16.2956 40
      vertex -19.7621 -16.4356 0
      vertex -19.7621 -16.4356 40
    endloop
  endfacet
  facet normal 0.707107 -0.707107 0
    outer loop
      vertex -15.7886 -19.3224 40
      vertex -15.6776 -19.2114 0
      vertex -15.6776 -19.2114 40
    endloop
  endfacet
  facet normal 0.707107 -0.707107 0
    outer loop
      vertex -15.6776 -19.2114 0
      vertex -15.7886 -19.3224 40
      vertex -15.7886 -19.3224 0
    endloop
  endfacet
  facet normal -0.612661 -0.790346 0
    outer loop
      vertex -19.0936 -19.4263 0
      vertex -18.9695 -19.5225 40
      vertex -19.0936 -19.4263 40
    endloop
  endfacet
  facet normal -0.612661 -0.790346 -0
    outer loop
      vertex -18.9695 -19.5225 40
      vertex -19.0936 -19.4263 0
      vertex -18.9695 -19.5225 0
    endloop
  endfacet
  facet normal -0.749968 -0.661474 0
    outer loop
      vertex -19.3224 -19.2114 0
      vertex -19.4263 -19.0936 40
      vertex -19.4263 -19.0936 0
    endloop
  endfacet
  facet normal -0.749968 -0.661474 0
    outer loop
      vertex -19.4263 -19.0936 40
      vertex -19.3224 -19.2114 0
      vertex -19.3224 -19.2114 40
    endloop
  endfacet
  facet normal 0.562171 -0.827021 0
    outer loop
      vertex -16.1604 -19.6108 0
      vertex -16.0305 -19.5225 40
      vertex -16.1604 -19.6108 40
    endloop
  endfacet
  facet normal 0.562171 -0.827021 0
    outer loop
      vertex -16.0305 -19.5225 40
      vertex -16.1604 -19.6108 0
      vertex -16.0305 -19.5225 0
    endloop
  endfacet
  facet normal 0.790346 0.612661 0
    outer loop
      vertex -15.4775 -16.0305 40
      vertex -15.5737 -15.9064 0
      vertex -15.5737 -15.9064 40
    endloop
  endfacet
  facet normal 0.790346 0.612661 0
    outer loop
      vertex -15.5737 -15.9064 0
      vertex -15.4775 -16.0305 40
      vertex -15.4775 -16.0305 0
    endloop
  endfacet
  facet normal 0.094268 0.995547 -0
    outer loop
      vertex -17.1867 -15.0197 0
      vertex -17.343 -15.0049 40
      vertex -17.1867 -15.0197 40
    endloop
  endfacet
  facet normal 0.094268 0.995547 0
    outer loop
      vertex -17.343 -15.0049 40
      vertex -17.1867 -15.0197 0
      vertex -17.343 -15.0049 0
    endloop
  endfacet
  facet normal -0.960142 0.279511 0
    outer loop
      vertex -19.9215 -16.8783 0
      vertex -19.8776 -16.7275 40
      vertex -19.8776 -16.7275 0
    endloop
  endfacet
  facet normal -0.960142 0.279511 0
    outer loop
      vertex -19.8776 -16.7275 40
      vertex -19.9215 -16.8783 0
      vertex -19.9215 -16.8783 40
    endloop
  endfacet
  facet normal -0.827021 0.562171 0
    outer loop
      vertex -19.6108 -16.1604 0
      vertex -19.5225 -16.0305 40
      vertex -19.5225 -16.0305 0
    endloop
  endfacet
  facet normal -0.827021 0.562171 0
    outer loop
      vertex -19.5225 -16.0305 40
      vertex -19.6108 -16.1604 0
      vertex -19.6108 -16.1604 40
    endloop
  endfacet
  facet normal 0 0 1
    outer loop
      vertex -15.0049 -17.343 40
      vertex -15.0049 -17.657 40
      vertex -15 -17.5 40
    endloop
  endfacet
  facet normal 0 0 1
    outer loop
      vertex -15.0197 -17.1867 40
      vertex -15.0049 -17.657 40
      vertex -15.0049 -17.343 40
    endloop
  endfacet
  facet normal 0 0 1
    outer loop
      vertex -15.0197 -17.1867 40
      vertex -15.0197 -17.8133 40
      vertex -15.0049 -17.657 40
    endloop
  endfacet
  facet normal 0 0 1
    outer loop
      vertex -15.0443 -17.0315 40
      vertex -15.0197 -17.8133 40
      vertex -15.0197 -17.1867 40
    endloop
  endfacet
  facet normal 0 0 1
    outer loop
      vertex -15.0443 -17.0315 40
      vertex -15.0443 -17.9685 40
      vertex -15.0197 -17.8133 40
    endloop
  endfacet
  facet normal 0 0 1
    outer loop
      vertex -15.0785 -16.8783 40
      vertex -15.0443 -17.9685 40
      vertex -15.0443 -17.0315 40
    endloop
  endfacet
  facet normal 0 0 1
    outer loop
      vertex -15.0785 -16.8783 40
      vertex -15.0785 -18.1217 40
      vertex -15.0443 -17.9685 40
    endloop
  endfacet
  facet normal 0 0 1
    outer loop
      vertex -15.1224 -16.7275 40
      vertex -15.0785 -18.1217 40
      vertex -15.0785 -16.8783 40
    endloop
  endfacet
  facet normal 0 0 1
    outer loop
      vertex -15.1224 -16.7275 40
      vertex -15.1224 -18.2725 40
      vertex -15.0785 -18.1217 40
    endloop
  endfacet
  facet normal 0 0 1
    outer loop
      vertex -15.1756 -16.5797 40
      vertex -15.1224 -18.2725 40
      vertex -15.1224 -16.7275 40
    endloop
  endfacet
  facet normal 0 0 1
    outer loop
      vertex -15.1756 -16.5797 40
      vertex -15.1756 -18.4203 40
      vertex -15.1224 -18.2725 40
    endloop
  endfacet
  facet normal 0 0 1
    outer loop
      vertex -15.2379 -16.4356 40
      vertex -15.1756 -18.4203 40
      vertex -15.1756 -16.5797 40
    endloop
  endfacet
  facet normal 0 0 1
    outer loop
      vertex -15.2379 -16.4356 40
      vertex -15.2379 -18.5644 40
      vertex -15.1756 -18.4203 40
    endloop
  endfacet
  facet normal 0 0 1
    outer loop
      vertex -15.3092 -16.2956 40
      vertex -15.2379 -18.5644 40
      vertex -15.2379 -16.4356 40
    endloop
  endfacet
  facet normal 0 0 1
    outer loop
      vertex -15.3092 -16.2956 40
      vertex -15.3092 -18.7044 40
      vertex -15.2379 -18.5644 40
    endloop
  endfacet
  facet normal 0 0 1
    outer loop
      vertex -15.3892 -16.1604 40
      vertex -15.3092 -18.7044 40
      vertex -15.3092 -16.2956 40
    endloop
  endfacet
  facet normal 0 0 1
    outer loop
      vertex -15.3892 -16.1604 40
      vertex -15.3892 -18.8396 40
      vertex -15.3092 -18.7044 40
    endloop
  endfacet
  facet normal 0 0 1
    outer loop
      vertex -15.4775 -16.0305 40
      vertex -15.3892 -18.8396 40
      vertex -15.3892 -16.1604 40
    endloop
  endfacet
  facet normal 0 0 1
    outer loop
      vertex -15.4775 -16.0305 40
      vertex -15.4775 -18.9695 40
      vertex -15.3892 -18.8396 40
    endloop
  endfacet
  facet normal 0 0 1
    outer loop
      vertex -15.5737 -15.9064 40
      vertex -15.4775 -18.9695 40
      vertex -15.4775 -16.0305 40
    endloop
  endfacet
  facet normal 0 0 1
    outer loop
      vertex -15.5737 -15.9064 40
      vertex -15.5737 -19.0936 40
      vertex -15.4775 -18.9695 40
    endloop
  endfacet
  facet normal 0 0 1
    outer loop
      vertex -15.6776 -15.7886 40
      vertex -15.5737 -19.0936 40
      vertex -15.5737 -15.9064 40
    endloop
  endfacet
  facet normal 0 0 1
    outer loop
      vertex -15.6776 -15.7886 40
      vertex -15.6776 -19.2114 40
      vertex -15.5737 -19.0936 40
    endloop
  endfacet
  facet normal 0 0 1
    outer loop
      vertex -15.7886 -15.6776 40
      vertex -15.6776 -19.2114 40
      vertex -15.6776 -15.7886 40
    endloop
  endfacet
  facet normal 0 0 1
    outer loop
      vertex -15.7886 -15.6776 40
      vertex -15.7886 -19.3224 40
      vertex -15.6776 -19.2114 40
    endloop
  endfacet
  facet normal 0 0 1
    outer loop
      vertex -15.9064 -15.5737 40
      vertex -15.7886 -19.3224 40
      vertex -15.7886 -15.6776 40
    endloop
  endfacet
  facet normal 0 0 1
    outer loop
      vertex -15.9064 -15.5737 40
      vertex -15.9064 -19.4263 40
      vertex -15.7886 -19.3224 40
    endloop
  endfacet
  facet normal 0 0 1
    outer loop
      vertex -16.0305 -15.4775 40
      vertex -15.9064 -19.4263 40
      vertex -15.9064 -15.5737 40
    endloop
  endfacet
  facet normal 0 0 1
    outer loop
      vertex -16.0305 -15.4775 40
      vertex -16.0305 -19.5225 40
      vertex -15.9064 -19.4263 40
    endloop
  endfacet
  facet normal 0 0 1
    outer loop
      vertex -16.1604 -15.3892 40
      vertex -16.0305 -19.5225 40
      vertex -16.0305 -15.4775 40
    endloop
  endfacet
  facet normal 0 0 1
    outer loop
      vertex -16.1604 -15.3892 40
      vertex -16.1604 -19.6108 40
      vertex -16.0305 -19.5225 40
    endloop
  endfacet
  facet normal 0 0 1
    outer loop
      vertex -16.2956 -15.3092 40
      vertex -16.1604 -19.6108 40
      vertex -16.1604 -15.3892 40
    endloop
  endfacet
  facet normal 0 0 1
    outer loop
      vertex -16.2956 -15.3092 40
      vertex -16.2956 -19.6908 40
      vertex -16.1604 -19.6108 40
    endloop
  endfacet
  facet normal 0 0 1
    outer loop
      vertex -16.4356 -15.2379 40
      vertex -16.2956 -19.6908 40
      vertex -16.2956 -15.3092 40
    endloop
  endfacet
  facet normal 0 0 1
    outer loop
      vertex -16.4356 -15.2379 40
      vertex -16.4356 -19.7621 40
      vertex -16.2956 -19.6908 40
    endloop
  endfacet
  facet normal 0 0 1
    outer loop
      vertex -16.5797 -15.1756 40
      vertex -16.4356 -19.7621 40
      vertex -16.4356 -15.2379 40
    endloop
  endfacet
  facet normal 0 0 1
    outer loop
      vertex -16.5797 -15.1756 40
      vertex -16.5797 -19.8244 40
      vertex -16.4356 -19.7621 40
    endloop
  endfacet
  facet normal 0 0 1
    outer loop
      vertex -16.7275 -15.1224 40
      vertex -16.5797 -19.8244 40
      vertex -16.5797 -15.1756 40
    endloop
  endfacet
  facet normal 0 0 1
    outer loop
      vertex -16.7275 -15.1224 40
      vertex -16.7275 -19.8776 40
      vertex -16.5797 -19.8244 40
    endloop
  endfacet
  facet normal 0 0 1
    outer loop
      vertex -16.8783 -15.0785 40
      vertex -16.7275 -19.8776 40
      vertex -16.7275 -15.1224 40
    endloop
  endfacet
  facet normal 0 0 1
    outer loop
      vertex -16.8783 -15.0785 40
      vertex -16.8783 -19.9215 40
      vertex -16.7275 -19.8776 40
    endloop
  endfacet
  facet normal 0 0 1
    outer loop
      vertex -17.0315 -15.0443 40
      vertex -16.8783 -19.9215 40
      vertex -16.8783 -15.0785 40
    endloop
  endfacet
  facet normal 0 0 1
    outer loop
      vertex -17.0315 -15.0443 40
      vertex -17.0315 -19.9557 40
      vertex -16.8783 -19.9215 40
    endloop
  endfacet
  facet normal 0 0 1
    outer loop
      vertex -17.1867 -15.0197 40
      vertex -17.0315 -19.9557 40
      vertex -17.0315 -15.0443 40
    endloop
  endfacet
  facet normal 0 0 1
    outer loop
      vertex -17.1867 -15.0197 40
      vertex -17.1867 -19.9803 40
      vertex -17.0315 -19.9557 40
    endloop
  endfacet
  facet normal 0 0 1
    outer loop
      vertex -17.343 -15.0049 40
      vertex -17.1867 -19.9803 40
      vertex -17.1867 -15.0197 40
    endloop
  endfacet
  facet normal 0 0 1
    outer loop
      vertex -17.343 -15.0049 40
      vertex -17.343 -19.9951 40
      vertex -17.1867 -19.9803 40
    endloop
  endfacet
  facet normal 0 0 1
    outer loop
      vertex -17.5 -15 40
      vertex -17.343 -19.9951 40
      vertex -17.343 -15.0049 40
    endloop
  endfacet
  facet normal 0 0 1
    outer loop
      vertex -17.5 -15 40
      vertex -17.5 -20 40
      vertex -17.343 -19.9951 40
    endloop
  endfacet
  facet normal -0 0 1
    outer loop
      vertex -17.657 -15.0049 40
      vertex -17.5 -20 40
      vertex -17.5 -15 40
    endloop
  endfacet
  facet normal 0 0 1
    outer loop
      vertex -17.657 -15.0049 40
      vertex -17.657 -19.9951 40
      vertex -17.5 -20 40
    endloop
  endfacet
  facet normal -0 0 1
    outer loop
      vertex -17.8133 -15.0197 40
      vertex -17.657 -19.9951 40
      vertex -17.657 -15.0049 40
    endloop
  endfacet
  facet normal 0 0 1
    outer loop
      vertex -17.8133 -15.0197 40
      vertex -17.8133 -19.9803 40
      vertex -17.657 -19.9951 40
    endloop
  endfacet
  facet normal -0 0 1
    outer loop
      vertex -17.9685 -15.0443 40
      vertex -17.8133 -19.9803 40
      vertex -17.8133 -15.0197 40
    endloop
  endfacet
  facet normal 0 0 1
    outer loop
      vertex -17.9685 -15.0443 40
      vertex -17.9685 -19.9557 40
      vertex -17.8133 -19.9803 40
    endloop
  endfacet
  facet normal -0 0 1
    outer loop
      vertex -18.1217 -15.0785 40
      vertex -17.9685 -19.9557 40
      vertex -17.9685 -15.0443 40
    endloop
  endfacet
  facet normal 0 0 1
    outer loop
      vertex -18.1217 -15.0785 40
      vertex -18.1217 -19.9215 40
      vertex -17.9685 -19.9557 40
    endloop
  endfacet
  facet normal -0 0 1
    outer loop
      vertex -18.2725 -15.1224 40
      vertex -18.1217 -19.9215 40
      vertex -18.1217 -15.0785 40
    endloop
  endfacet
  facet normal 0 0 1
    outer loop
      vertex -18.2725 -15.1224 40
      vertex -18.2725 -19.8776 40
      vertex -18.1217 -19.9215 40
    endloop
  endfacet
  facet normal -0 0 1
    outer loop
      vertex -18.4203 -15.1756 40
      vertex -18.2725 -19.8776 40
      vertex -18.2725 -15.1224 40
    endloop
  endfacet
  facet normal 0 0 1
    outer loop
      vertex -18.4203 -15.1756 40
      vertex -18.4203 -19.8244 40
      vertex -18.2725 -19.8776 40
    endloop
  endfacet
  facet normal -0 0 1
    outer loop
      vertex -18.5644 -15.2379 40
      vertex -18.4203 -19.8244 40
      vertex -18.4203 -15.1756 40
    endloop
  endfacet
  facet normal 0 0 1
    outer loop
      vertex -18.5644 -15.2379 40
      vertex -18.5644 -19.7621 40
      vertex -18.4203 -19.8244 40
    endloop
  endfacet
  facet normal -0 0 1
    outer loop
      vertex -18.7044 -15.3092 40
      vertex -18.5644 -19.7621 40
      vertex -18.5644 -15.2379 40
    endloop
  endfacet
  facet normal 0 0 1
    outer loop
      vertex -18.7044 -15.3092 40
      vertex -18.7044 -19.6908 40
      vertex -18.5644 -19.7621 40
    endloop
  endfacet
  facet normal -0 0 1
    outer loop
      vertex -18.8396 -15.3892 40
      vertex -18.7044 -19.6908 40
      vertex -18.7044 -15.3092 40
    endloop
  endfacet
  facet normal 0 0 1
    outer loop
      vertex -18.8396 -15.3892 40
      vertex -18.8396 -19.6108 40
      vertex -18.7044 -19.6908 40
    endloop
  endfacet
  facet normal -0 0 1
    outer loop
      vertex -18.9695 -15.4775 40
      vertex -18.8396 -19.6108 40
      vertex -18.8396 -15.3892 40
    endloop
  endfacet
  facet normal 0 0 1
    outer loop
      vertex -18.9695 -15.4775 40
      vertex -18.9695 -19.5225 40
      vertex -18.8396 -19.6108 40
    endloop
  endfacet
  facet normal -0 0 1
    outer loop
      vertex -19.0936 -15.5737 40
      vertex -18.9695 -19.5225 40
      vertex -18.9695 -15.4775 40
    endloop
  endfacet
  facet normal 0 0 1
    outer loop
      vertex -19.0936 -15.5737 40
      vertex -19.0936 -19.4263 40
      vertex -18.9695 -19.5225 40
    endloop
  endfacet
  facet normal -0 0 1
    outer loop
      vertex -19.2114 -15.6776 40
      vertex -19.0936 -19.4263 40
      vertex -19.0936 -15.5737 40
    endloop
  endfacet
  facet normal 0 0 1
    outer loop
      vertex -19.2114 -15.6776 40
      vertex -19.2114 -19.3224 40
      vertex -19.0936 -19.4263 40
    endloop
  endfacet
  facet normal -0 0 1
    outer loop
      vertex -19.3224 -15.7886 40
      vertex -19.2114 -19.3224 40
      vertex -19.2114 -15.6776 40
    endloop
  endfacet
  facet normal 0 0 1
    outer loop
      vertex -19.3224 -15.7886 40
      vertex -19.3224 -19.2114 40
      vertex -19.2114 -19.3224 40
    endloop
  endfacet
  facet normal -0 0 1
    outer loop
      vertex -19.4263 -15.9064 40
      vertex -19.3224 -19.2114 40
      vertex -19.3224 -15.7886 40
    endloop
  endfacet
  facet normal 0 0 1
    outer loop
      vertex -19.4263 -15.9064 40
      vertex -19.4263 -19.0936 40
      vertex -19.3224 -19.2114 40
    endloop
  endfacet
  facet normal -0 0 1
    outer loop
      vertex -19.5225 -16.0305 40
      vertex -19.4263 -19.0936 40
      vertex -19.4263 -15.9064 40
    endloop
  endfacet
  facet normal 0 0 1
    outer loop
      vertex -19.5225 -16.0305 40
      vertex -19.5225 -18.9695 40
      vertex -19.4263 -19.0936 40
    endloop
  endfacet
  facet normal -0 0 1
    outer loop
      vertex -19.6108 -16.1604 40
      vertex -19.5225 -18.9695 40
      vertex -19.5225 -16.0305 40
    endloop
  endfacet
  facet normal 0 0 1
    outer loop
      vertex -19.6108 -16.1604 40
      vertex -19.6108 -18.8396 40
      vertex -19.5225 -18.9695 40
    endloop
  endfacet
  facet normal -0 0 1
    outer loop
      vertex -19.6908 -16.2956 40
      vertex -19.6108 -18.8396 40
      vertex -19.6108 -16.1604 40
    endloop
  endfacet
  facet normal 0 0 1
    outer loop
      vertex -19.6908 -16.2956 40
      vertex -19.6908 -18.7044 40
      vertex -19.6108 -18.8396 40
    endloop
  endfacet
  facet normal -0 0 1
    outer loop
      vertex -19.7621 -16.4356 40
      vertex -19.6908 -18.7044 40
      vertex -19.6908 -16.2956 40
    endloop
  endfacet
  facet normal 0 0 1
    outer loop
      vertex -19.7621 -16.4356 40
      vertex -19.7621 -18.5644 40
      vertex -19.6908 -18.7044 40
    endloop
  endfacet
  facet normal -0 0 1
    outer loop
      vertex -19.8244 -16.5797 40
      vertex -19.7621 -18.5644 40
      vertex -19.7621 -16.4356 40
    endloop
  endfacet
  facet normal 0 0 1
    outer loop
      vertex -19.8244 -16.5797 40
      vertex -19.8244 -18.4203 40
      vertex -19.7621 -18.5644 40
    endloop
  endfacet
  facet normal -0 0 1
    outer loop
      vertex -19.8776 -16.7275 40
      vertex -19.8244 -18.4203 40
      vertex -19.8244 -16.5797 40
    endloop
  endfacet
  facet normal 0 0 1
    outer loop
      vertex -19.8776 -16.7275 40
      vertex -19.8776 -18.2725 40
      vertex -19.8244 -18.4203 40
    endloop
  endfacet
  facet normal -0 0 1
    outer loop
      vertex -19.9215 -16.8783 40
      vertex -19.8776 -18.2725 40
      vertex -19.8776 -16.7275 40
    endloop
  endfacet
  facet normal 0 0 1
    outer loop
      vertex -19.9215 -16.8783 40
      vertex -19.9215 -18.1217 40
      vertex -19.8776 -18.2725 40
    endloop
  endfacet
  facet normal -0 0 1
    outer loop
      vertex -19.9557 -17.0315 40
      vertex -19.9215 -18.1217 40
      vertex -19.9215 -16.8783 40
    endloop
  endfacet
  facet normal 0 0 1
    outer loop
      vertex -19.9557 -17.0315 40
      vertex -19.9557 -17.9685 40
      vertex -19.9215 -18.1217 40
    endloop
  endfacet
  facet normal -0 0 1
    outer loop
      vertex -19.9803 -17.1867 40
      vertex -19.9557 -17.9685 40
      vertex -19.9557 -17.0315 40
    endloop
  endfacet
  facet normal 0 0 1
    outer loop
      vertex -19.9803 -17.1867 40
      vertex -19.9803 -17.8133 40
      vertex -19.9557 -17.9685 40
    endloop
  endfacet
  facet normal -0 0 1
    outer loop
      vertex -19.9951 -17.343 40
      vertex -19.9803 -17.8133 40
      vertex -19.9803 -17.1867 40
    endloop
  endfacet
  facet normal 0 0 1
    outer loop
      vertex -19.9951 -17.343 40
      vertex -19.9951 -17.657 40
      vertex -19.9803 -17.8133 40
    endloop
  endfacet
  facet normal 0 -0 1
    outer loop
      vertex -19.9951 -17.657 40
      vertex -19.9951 -17.343 40
      vertex -20 -17.5 40
    endloop
  endfacet
  facet normal -0.217875 -0.975977 0
    outer loop
      vertex -18.1217 -19.9215 0
      vertex -17.9685 -19.9557 40
      vertex -18.1217 -19.9215 40
    endloop
  endfacet
  facet normal -0.217875 -0.975977 -0
    outer loop
      vertex -17.9685 -19.9557 40
      vertex -18.1217 -19.9215 0
      vertex -17.9685 -19.9557 0
    endloop
  endfacet
  facet normal 0.891093 -0.453821 0
    outer loop
      vertex -15.3092 -18.7044 40
      vertex -15.2379 -18.5644 0
      vertex -15.2379 -18.5644 40
    endloop
  endfacet
  facet normal 0.891093 -0.453821 0
    outer loop
      vertex -15.2379 -18.5644 0
      vertex -15.3092 -18.7044 40
      vertex -15.3092 -18.7044 0
    endloop
  endfacet
  facet normal 0.661474 -0.749968 0
    outer loop
      vertex -15.9064 -19.4263 0
      vertex -15.7886 -19.3224 40
      vertex -15.9064 -19.4263 40
    endloop
  endfacet
  facet normal 0.661474 -0.749968 0
    outer loop
      vertex -15.7886 -19.3224 40
      vertex -15.9064 -19.4263 0
      vertex -15.7886 -19.3224 0
    endloop
  endfacet
  facet normal -0.453821 -0.891093 0
    outer loop
      vertex -18.7044 -19.6908 0
      vertex -18.5644 -19.7621 40
      vertex -18.7044 -19.6908 40
    endloop
  endfacet
  facet normal -0.453821 -0.891093 -0
    outer loop
      vertex -18.5644 -19.7621 40
      vertex -18.7044 -19.6908 0
      vertex -18.5644 -19.7621 0
    endloop
  endfacet
  facet normal -0.661474 0.749968 0
    outer loop
      vertex -19.0936 -15.5737 0
      vertex -19.2114 -15.6776 40
      vertex -19.0936 -15.5737 40
    endloop
  endfacet
  facet normal -0.661474 0.749968 0
    outer loop
      vertex -19.2114 -15.6776 40
      vertex -19.0936 -15.5737 0
      vertex -19.2114 -15.6776 0
    endloop
  endfacet
  facet normal -0.562171 -0.827021 0
    outer loop
      vertex -18.9695 -19.5225 0
      vertex -18.8396 -19.6108 40
      vertex -18.9695 -19.5225 40
    endloop
  endfacet
  facet normal -0.562171 -0.827021 -0
    outer loop
      vertex -18.8396 -19.6108 40
      vertex -18.9695 -19.5225 0
      vertex -18.8396 -19.6108 0
    endloop
  endfacet
  facet normal -0.509244 -0.860622 0
    outer loop
      vertex -18.8396 -19.6108 0
      vertex -18.7044 -19.6908 40
      vertex -18.8396 -19.6108 40
    endloop
  endfacet
  facet normal -0.509244 -0.860622 -0
    outer loop
      vertex -18.7044 -19.6908 40
      vertex -18.8396 -19.6108 0
      vertex -18.7044 -19.6908 0
    endloop
  endfacet
  facet normal 1 0 0
    outer loop
      vertex 40 80 42
      vertex 40 40 40
      vertex 40 80 40
    endloop
  endfacet
  facet normal 1 -0 0
    outer loop
      vertex 40 20 42
      vertex 40 40 40
      vertex 40 80 42
    endloop
  endfacet
  facet normal 1 0 0
    outer loop
      vertex 40 20 40
      vertex 40 40 40
      vertex 40 20 42
    endloop
  endfacet
  facet normal 1 0 0
    outer loop
      vertex 40 40 40
      vertex 40 20 40
      vertex 40 40 0
    endloop
  endfacet
  facet normal 1 0 0
    outer loop
      vertex 40 0 0
      vertex 40 20 40
      vertex 40 0 40
    endloop
  endfacet
  facet normal 1 0 0
    outer loop
      vertex 40 20 40
      vertex 40 0 0
      vertex 40 40 0
    endloop
  endfacet
  facet normal -1 0 0
    outer loop
      vertex 0 40 0
      vertex 0 20 40
      vertex 0 40 40
    endloop
  endfacet
  facet normal -1 0 0
    outer loop
      vertex 0 0 0
      vertex 0 20 40
      vertex 0 40 0
    endloop
  endfacet
  facet normal -1 -0 0
    outer loop
      vertex 0 20 40
      vertex 0 0 0
      vertex 0 0 40
    endloop
  endfacet
  facet normal -1 0 0
    outer loop
      vertex 0 40 40
      vertex 0 80 42
      vertex 0 80 40
    endloop
  endfacet
  facet normal -1 0 0
    outer loop
      vertex 0 20 42
      vertex 0 40 40
      vertex 0 20 40
    endloop
  endfacet
  facet normal -1 0 0
    outer loop
      vertex 0 40 40
      vertex 0 20 42
      vertex 0 80 42
    endloop
  endfacet
  facet normal 0 1 -0
    outer loop
      vertex 40 40 0
      vertex 0 40 40
      vertex 40 40 40
    endloop
  endfacet
  facet normal 0 1 0
    outer loop
      vertex 0 40 40
      vertex 40 40 0
      vertex 0 40 0
    endloop
  endfacet
  facet normal 0 -1 0
    outer loop
      vertex 0 0 0
      vertex 40 0 40
      vertex 0 0 40
    endloop
  endfacet
  facet normal 0 -1 -0
    outer loop
      vertex 40 0 40
      vertex 0 0 0
      vertex 40 0 0
    endloop
  endfacet
  facet normal -0 0 1
    outer loop
      vertex 0 80 42
      vertex 40 20 42
      vertex 40 80 42
    endloop
  endfacet
  facet normal 0 0 1
    outer loop
      vertex 40 20 42
      vertex 0 80 42
      vertex 0 20 42
    endloop
  endfacet
  facet normal 0 1 -0
    outer loop
      vertex 40 80 40
      vertex 0 80 42
      vertex 40 80 42
    endloop
  endfacet
  facet normal 0 1 0
    outer loop
      vertex 0 80 42
      vertex 40 80 40
      vertex 0 80 40
    endloop
  endfacet
  facet normal 0 -1 0
    outer loop
      vertex 0 20 40
      vertex 40 20 42
      vertex 0 20 42
    endloop
  endfacet
  facet normal 0 -1 -0
    outer loop
      vertex 40 20 42
      vertex 0 20 40
      vertex 40 20 40
    endloop
  endfacet
endsolid OpenSCAD_Model
